0,1,2,3,4,5,6,7,8,9,10,11,12,13,14,15,16,17,18,19,20,21,22,23,24,25,26,27,28,29,30,31,32,33,34,35,36,37,38,39,40,41,42,43,44,45,46,47,48,49,50,51,52,53,54,55,56,57,58,59,60,61,62,63,64,65,66,67,68,69,70,71,72,73,74,75,76,77,78,79,80,81,82,83,84,85,86,87,88,89,90,91,92,93,94,95,96,97,98,99,100,101,102,103,104,105,106,107,108,109,110,111,112,113,114,115,116,117,118,119,120,121,122,123,124,125,126,127,128,129,130,131,132,133,134,135,136,137,138,139,140,141,142,143,144,145,146,147,148,149,150,151,152,153,154,155,156,157,158,159,160,161,162,163,164,165,166,167,168,169,170,171,172,173,174,175,176,177,178,179,180,181,182,183,184,185,186,187,188,189,190,191,192,193,194,195,196,197,198,199,200,201,202,203,204,205,206,207,208,209,210,211,212,213,214,215,216,217,218,219,220,221,222,223,224,225,226,227,228,229,230,231,232,233,234,235,236,237,238,239,240,241,242,243,244,245,246,247,248,249,250,251,252,253,254,255,256,257,258,259,260,261,262,263,264,265,266,267,268,269,270,271,272,273,274,275,276,277,278,279,280,281,282,283,284,285,286,287,288,289,290,291,292,293,294,295,296,297,298,299,300,301,302,303,304,305,306,307,308,309,310,311,312,313,314,315,316,317,318,319,320,321,322,323,324,325,326,327,328,329,330,331,332,333,334,335,336,337,338,339,340,341,342,343,344,345,346,347,348,349,350,351,352,353,354,355,356,357,358,359,360,361,362,363,364,365,366,367,368,369,370,371,372,373,374,375,376,377,378,379,380,381,382,383,384,385,386,387,388,389,390,391,392,393,394,395,396,397,398,399,400,401,402,403,404,405,406,407,408,409,410
0.0,0.0,0.0,0.0,0.0,0.0,0.0,0.0,0.0,0.0,0.0,0.0,0.0,0.0,0.0,0.0,0.0,0.0,0.0,0.0,0.0,0.0,0.0,0.0,0.0,0.0,0.0,0.0,0.0,0.0,0.0,0.0,0.0,0.0,0.0,0.0,0.0,0.0,0.0,0.0,0.0,0.0,0.0,0.0,0.0,0.0,0.0,0.0,0.0,0.0,0.0,0.0,0.0,0.0,0.0,0.0,0.0,0.0,0.0,0.0,0.0,0.0,0.0,0.0,0.0,0.0,0.0,0.0,0.0,0.0,0.0,0.0,0.0,0.0,0.0,0.0,0.0,0.0,0.0,0.0,0.0,0.0,0.0,0.0,0.0,0.0,0.0,0.0,0.0,0.0,0.0,0.0,0.0,0.0,0.0,0.0,0.0,0.0,0.0,0.0,0.0,0.0,0.0,0.0,0.0,0.0,0.0,0.0,0.0,0.0,0.0,0.0,0.0,0.0,0.0,0.0,0.0,0.0,0.0,0.0,0.0,0.0,0.0,0.0,0.0,0.0,0.0,0.0,0.0,0.0,0.0,0.0,0.0,0.0,0.0,0.0,0.0,0.0,0.0,0.0,0.0,0.0,0.0,0.0,0.0,0.0,0.0,0.0,0.0,0.0,0.0,0.0,0.0,0.0,0.0,0.0,0.0,0.0,0.0,0.0,0.0,0.0,0.0,0.0,0.0,0.0,0.0,0.0,0.0,0.0,0.0,0.0,0.0,0.0,0.0,0.0,0.0,0.0,0.0,0.0,0.0,0.0,0.0,0.0,0.0,0.0,0.0,0.0,0.0,0.0,0.0,0.0,0.0,0.0,0.0,0.0,0.0,0.0,0.0,0.0,0.0,0.0,0.0,0.0,0.0,0.0,0.0,0.0,0.0,0.0,924.373,293.33206,0.999884,923.1821,454.98825,0.9999654,770.3194,454.96793,0.9999654,707.83594,684.49994,0.9970073,710.5187,883.0434,0.99693656,1076.0449,455.0086,0.9999685,1133.2233,686.08563,0.9948803,1142.3214,881.4173,0.9851003,918.7346,867.8043,0.998884,825.0029,868.5679,0.99927634,831.0282,1168.4847,0.42238548,812.82776,1446.3701,0.078925885,1012.4664,867.0408,0.998884,1033.6494,1203.9895,0.4585002,991.8938,1451.7175,0.057281975,895.98004,262.85446,0.9998104,952.0479,265.3262,0.9995627,867.8938,283.26727,0.99968255,980.3497,284.37347,0.9997998,959.80054,1552.7151,0.04698664,959.80054,1552.7151,0.04698664,987.1658,1479.6075,0.02727267,828.2386,1544.5894,0.048676573,828.2386,1544.5894,0.048676573,811.4378,1483.2506,0.03155902,1151.1892,887.73035,1.0,1120.1405,902.1365,1.0,1112.7943,929.7578,1.0,1114.2911,955.47015,1.0,1112.5021,975.22064,1.0,1139.4569,954.41473,1.0,1133.823,985.1161,1.0,1126.7296,999.225,1.0,1120.9768,1009.7258,1.0,1155.5342,953.9057,1.0,1148.8743,984.9118,1.0,1138.8541,998.2951,1.0,1130.1815,1007.4902,1.0,1164.1697,950.2242,1.0,1158.3085,979.75696,1.0,1148.6407,992.7166,1.0,1140.002,1001.62256,1.0,1166.5475,945.6103,1.0,1162.0436,971.39056,1.0,1154.085,984.60016,1.0,1145.9236,992.9655,1.0,705.2124,886.45026,1.0,730.3967,902.1086,1.0,739.31635,930.24945,1.0,740.8929,958.65515,1.0,743.18677,979.8378,1.0,707.654,947.3118,1.0,715.3734,981.86896,1.0,723.17914,1001.0507,1.0,728.62054,1014.6348,1.0,694.8509,949.8332,1.0,704.11786,984.77893,1.0,714.9609,1003.03625,1.0,723.9061,1013.3769,1.0,690.0127,950.53735,1.0,697.87585,982.9686,1.0,708.07947,998.4395,1.0,717.18256,1007.3539,1.0,690.0104,950.4208,1.0,695.62415,977.7419,1.0,703.26624,992.28455,1.0,710.8088,1001.3238,1.0
0.0,0.0,0.0,0.0,0.0,0.0,0.0,0.0,0.0,0.0,0.0,0.0,0.0,0.0,0.0,0.0,0.0,0.0,0.0,0.0,0.0,0.0,0.0,0.0,0.0,0.0,0.0,0.0,0.0,0.0,0.0,0.0,0.0,0.0,0.0,0.0,0.0,0.0,0.0,0.0,0.0,0.0,0.0,0.0,0.0,0.0,0.0,0.0,0.0,0.0,0.0,0.0,0.0,0.0,0.0,0.0,0.0,0.0,0.0,0.0,0.0,0.0,0.0,0.0,0.0,0.0,0.0,0.0,0.0,0.0,0.0,0.0,0.0,0.0,0.0,0.0,0.0,0.0,0.0,0.0,0.0,0.0,0.0,0.0,0.0,0.0,0.0,0.0,0.0,0.0,0.0,0.0,0.0,0.0,0.0,0.0,0.0,0.0,0.0,0.0,0.0,0.0,0.0,0.0,0.0,0.0,0.0,0.0,0.0,0.0,0.0,0.0,0.0,0.0,0.0,0.0,0.0,0.0,0.0,0.0,0.0,0.0,0.0,0.0,0.0,0.0,0.0,0.0,0.0,0.0,0.0,0.0,0.0,0.0,0.0,0.0,0.0,0.0,0.0,0.0,0.0,0.0,0.0,0.0,0.0,0.0,0.0,0.0,0.0,0.0,0.0,0.0,0.0,0.0,0.0,0.0,0.0,0.0,0.0,0.0,0.0,0.0,0.0,0.0,0.0,0.0,0.0,0.0,0.0,0.0,0.0,0.0,0.0,0.0,0.0,0.0,0.0,0.0,0.0,0.0,0.0,0.0,0.0,0.0,0.0,0.0,0.0,0.0,0.0,0.0,0.0,0.0,0.0,0.0,0.0,0.0,0.0,0.0,0.0,0.0,0.0,0.0,0.0,0.0,0.0,0.0,0.0,0.0,0.0,0.0,924.3697,292.92416,0.99985105,923.054,456.26096,0.9999617,770.02325,455.462,0.9999617,706.9109,684.499,0.996507,709.74384,885.7023,0.9964023,1076.0847,457.0599,0.9999663,1133.5499,685.6283,0.9946996,1142.5981,881.38257,0.98488605,919.4578,893.36053,0.9987661,824.3468,891.36316,0.9991861,830.02045,1192.7252,0.4143545,809.2373,1486.696,0.07572235,1014.5688,895.35785,0.9987661,1033.8627,1233.4457,0.43429312,991.9757,1489.7832,0.053333424,895.9887,263.1982,0.9997502,952.6137,265.33304,0.9994409,867.91,283.09326,0.99956894,980.3687,284.35025,0.9997394,958.87964,1592.7174,0.04358406,958.87964,1592.7174,0.04358406,987.98883,1519.8728,0.025524708,824.10504,1586.4148,0.04639058,824.10504,1586.4148,0.04639058,807.727,1528.1932,0.030361293,1149.6514,886.8018,1.0,1120.3569,900.19055,1.0,1110.8618,927.96497,1.0,1113.8845,954.58484,1.0,1113.5114,974.4774,1.0,1142.3552,949.6151,1.0,1135.9401,981.1501,1.0,1129.3102,996.6627,1.0,1124.1362,1007.83594,1.0,1157.3585,951.35803,1.0,1149.5671,982.0611,1.0,1140.3616,997.09436,1.0,1132.3036,1007.9394,1.0,1164.6761,950.2408,1.0,1157.5835,979.2975,1.0,1148.1149,994.013,1.0,1139.8463,1004.80457,1.0,1166.6378,948.66064,1.0,1160.0691,973.69763,1.0,1152.2892,987.25635,1.0,1144.8275,996.7673,1.0,704.36414,887.67914,1.0,731.7182,904.1593,1.0,740.4022,931.4964,1.0,741.2443,958.8407,1.0,742.48346,979.9404,1.0,708.7137,948.7079,1.0,715.86584,981.47656,1.0,723.88477,999.666,1.0,730.3608,1014.318,1.0,694.69305,950.3287,1.0,703.66547,984.19696,1.0,715.17596,1002.83624,1.0,724.86084,1015.29724,1.0,688.9413,950.03143,1.0,697.7613,981.83716,1.0,708.6062,998.83966,1.0,718.1559,1009.50726,1.0,689.4365,950.30664,1.0,695.7298,977.20746,1.0,704.3669,992.1676,1.0,712.87036,1001.93445,1.0
0.0,0.0,0.0,0.0,0.0,0.0,0.0,0.0,0.0,0.0,0.0,0.0,0.0,0.0,0.0,0.0,0.0,0.0,0.0,0.0,0.0,0.0,0.0,0.0,0.0,0.0,0.0,0.0,0.0,0.0,0.0,0.0,0.0,0.0,0.0,0.0,0.0,0.0,0.0,0.0,0.0,0.0,0.0,0.0,0.0,0.0,0.0,0.0,0.0,0.0,0.0,0.0,0.0,0.0,0.0,0.0,0.0,0.0,0.0,0.0,0.0,0.0,0.0,0.0,0.0,0.0,0.0,0.0,0.0,0.0,0.0,0.0,0.0,0.0,0.0,0.0,0.0,0.0,0.0,0.0,0.0,0.0,0.0,0.0,0.0,0.0,0.0,0.0,0.0,0.0,0.0,0.0,0.0,0.0,0.0,0.0,0.0,0.0,0.0,0.0,0.0,0.0,0.0,0.0,0.0,0.0,0.0,0.0,0.0,0.0,0.0,0.0,0.0,0.0,0.0,0.0,0.0,0.0,0.0,0.0,0.0,0.0,0.0,0.0,0.0,0.0,0.0,0.0,0.0,0.0,0.0,0.0,0.0,0.0,0.0,0.0,0.0,0.0,0.0,0.0,0.0,0.0,0.0,0.0,0.0,0.0,0.0,0.0,0.0,0.0,0.0,0.0,0.0,0.0,0.0,0.0,0.0,0.0,0.0,0.0,0.0,0.0,0.0,0.0,0.0,0.0,0.0,0.0,0.0,0.0,0.0,0.0,0.0,0.0,0.0,0.0,0.0,0.0,0.0,0.0,0.0,0.0,0.0,0.0,0.0,0.0,0.0,0.0,0.0,0.0,0.0,0.0,0.0,0.0,0.0,0.0,0.0,0.0,0.0,0.0,0.0,0.0,0.0,0.0,0.0,0.0,0.0,0.0,0.0,0.0,924.3693,292.59235,0.99973685,923.0186,457.18457,0.9999439,769.9348,455.82465,0.9999439,706.8658,685.87354,0.99567205,709.68866,885.77905,0.9954745,1076.1024,458.5445,0.999953,1133.5366,685.1536,0.9941571,1144.4398,881.3992,0.983849,919.6262,920.09784,0.99842554,823.432,917.5956,0.9989121,829.16614,1212.3395,0.4059611,808.3237,1532.6708,0.07379205,1015.8204,922.60004,0.99842554,1036.7169,1254.4045,0.411377,998.1396,1548.196,0.051143155,895.9827,263.2167,0.99953455,952.9588,265.10916,0.99897486,867.89105,282.9251,0.99915135,980.5176,284.3611,0.9994703,965.1692,1657.4456,0.041117158,965.1692,1657.4456,0.041117158,993.62494,1585.0737,0.024488235,824.0137,1640.5691,0.044487815,824.0137,1640.5691,0.044487815,806.8031,1576.9972,0.029734911,1148.7219,887.21204,1.0,1119.0483,900.3798,1.0,1109.4719,927.84656,1.0,1113.5613,954.452,1.0,1114.0752,974.422,1.0,1139.8221,948.98444,1.0,1135.1445,981.2338,1.0,1129.167,996.91394,1.0,1124.0082,1007.79663,1.0,1155.7869,950.0503,1.0,1148.7499,981.90765,1.0,1139.8883,997.1873,1.0,1131.6107,1008.0491,1.0,1164.0343,948.61835,1.0,1157.3474,978.302,1.0,1148.2236,993.6097,1.0,1139.8047,1004.7046,1.0,1167.1306,946.7568,1.0,1160.3293,971.91895,1.0,1152.6488,985.45886,1.0,1145.2892,994.98456,1.0,704.1312,888.7646,1.0,731.33563,904.42053,1.0,740.0492,931.06433,1.0,741.0664,958.3954,1.0,742.39557,979.66583,1.0,707.59125,948.8791,1.0,715.5666,981.5403,1.0,723.4748,999.3872,1.0,729.86993,1013.7379,1.0,693.6395,950.5662,1.0,703.33014,984.25037,1.0,714.6062,1002.81525,1.0,724.1315,1015.3684,1.0,688.06604,950.213,1.0,697.52625,981.8731,1.0,708.2442,999.1893,1.0,717.70404,1010.4359,1.0,688.6709,950.5029,1.0,695.70776,977.237,1.0,704.2735,992.30865,1.0,712.7271,1002.52344,1.0
0.0,0.0,0.0,0.0,0.0,0.0,0.0,0.0,0.0,0.0,0.0,0.0,0.0,0.0,0.0,0.0,0.0,0.0,0.0,0.0,0.0,0.0,0.0,0.0,0.0,0.0,0.0,0.0,0.0,0.0,0.0,0.0,0.0,0.0,0.0,0.0,0.0,0.0,0.0,0.0,0.0,0.0,0.0,0.0,0.0,0.0,0.0,0.0,0.0,0.0,0.0,0.0,0.0,0.0,0.0,0.0,0.0,0.0,0.0,0.0,0.0,0.0,0.0,0.0,0.0,0.0,0.0,0.0,0.0,0.0,0.0,0.0,0.0,0.0,0.0,0.0,0.0,0.0,0.0,0.0,0.0,0.0,0.0,0.0,0.0,0.0,0.0,0.0,0.0,0.0,0.0,0.0,0.0,0.0,0.0,0.0,0.0,0.0,0.0,0.0,0.0,0.0,0.0,0.0,0.0,0.0,0.0,0.0,0.0,0.0,0.0,0.0,0.0,0.0,0.0,0.0,0.0,0.0,0.0,0.0,0.0,0.0,0.0,0.0,0.0,0.0,0.0,0.0,0.0,0.0,0.0,0.0,0.0,0.0,0.0,0.0,0.0,0.0,0.0,0.0,0.0,0.0,0.0,0.0,0.0,0.0,0.0,0.0,0.0,0.0,0.0,0.0,0.0,0.0,0.0,0.0,0.0,0.0,0.0,0.0,0.0,0.0,0.0,0.0,0.0,0.0,0.0,0.0,0.0,0.0,0.0,0.0,0.0,0.0,0.0,0.0,0.0,0.0,0.0,0.0,0.0,0.0,0.0,0.0,0.0,0.0,0.0,0.0,0.0,0.0,0.0,0.0,0.0,0.0,0.0,0.0,0.0,0.0,0.0,0.0,0.0,0.0,0.0,0.0,0.0,0.0,0.0,0.0,0.0,0.0,924.19037,291.77966,0.99963045,923.01465,458.48987,0.99992496,769.92236,456.37494,0.99992496,706.8723,686.03595,0.9947051,709.471,885.7599,0.9945597,1076.1069,460.6048,0.99993604,1133.9797,684.7934,0.9934965,1146.5194,881.28827,0.9823241,920.92633,939.2828,0.99805975,823.297,938.3703,0.99864084,826.15875,1238.4303,0.39579087,808.50885,1580.6665,0.071597055,1018.55566,940.1953,0.99805975,1043.1807,1283.101,0.3868028,1012.8432,1593.1504,0.04821447,895.73956,263.21707,0.9993335,953.1634,264.0928,0.99851835,867.8579,282.75565,0.9987075,980.5501,284.36093,0.99916476,979.0772,1709.1869,0.038343962,979.0772,1709.1869,0.038343962,1010.0572,1629.8375,0.023092408,826.935,1696.0707,0.04254556,826.935,1696.0707,0.04254556,807.5168,1626.1475,0.028889712,1148.5892,887.01733,1.0,1118.787,900.32495,1.0,1109.3256,928.1108,1.0,1113.3257,954.8207,1.0,1113.6143,974.7704,1.0,1139.952,949.0705,1.0,1135.0796,981.42584,1.0,1128.9314,997.0463,1.0,1123.5955,1007.7973,1.0,1155.881,949.9473,1.0,1148.7648,982.19476,1.0,1139.6819,997.4217,1.0,1131.118,1008.00555,1.0,1164.0961,948.24414,1.0,1157.4613,978.189,1.0,1148.1599,993.3887,1.0,1139.5631,1004.333,1.0,1167.19,945.971,1.0,1160.6815,971.3603,1.0,1152.9685,984.8594,1.0,1145.4728,994.42413,1.0,704.4206,889.0305,1.0,731.3895,904.6854,1.0,739.97003,931.4408,1.0,741.0307,958.8725,1.0,742.16144,980.1867,1.0,707.826,948.95526,1.0,715.59625,981.6833,1.0,723.5452,999.7371,1.0,730.05786,1014.24066,1.0,693.896,950.6088,1.0,703.36633,984.1761,1.0,714.4517,1002.8571,1.0,723.865,1015.4525,1.0,688.13995,949.9979,1.0,697.1662,981.5298,1.0,707.8094,999.07574,1.0,717.3463,1010.26514,1.0,688.2918,950.038,1.0,694.91766,976.5563,1.0,703.45325,991.5985,1.0,711.8383,1001.6024,1.0
0.0,0.0,0.0,0.0,0.0,0.0,0.0,0.0,0.0,0.0,0.0,0.0,0.0,0.0,0.0,0.0,0.0,0.0,0.0,0.0,0.0,0.0,0.0,0.0,0.0,0.0,0.0,0.0,0.0,0.0,0.0,0.0,0.0,0.0,0.0,0.0,0.0,0.0,0.0,0.0,0.0,0.0,0.0,0.0,0.0,0.0,0.0,0.0,0.0,0.0,0.0,0.0,0.0,0.0,0.0,0.0,0.0,0.0,0.0,0.0,0.0,0.0,0.0,0.0,0.0,0.0,0.0,0.0,0.0,0.0,0.0,0.0,0.0,0.0,0.0,0.0,0.0,0.0,0.0,0.0,0.0,0.0,0.0,0.0,0.0,0.0,0.0,0.0,0.0,0.0,0.0,0.0,0.0,0.0,0.0,0.0,0.0,0.0,0.0,0.0,0.0,0.0,0.0,0.0,0.0,0.0,0.0,0.0,0.0,0.0,0.0,0.0,0.0,0.0,0.0,0.0,0.0,0.0,0.0,0.0,0.0,0.0,0.0,0.0,0.0,0.0,0.0,0.0,0.0,0.0,0.0,0.0,0.0,0.0,0.0,0.0,0.0,0.0,0.0,0.0,0.0,0.0,0.0,0.0,0.0,0.0,0.0,0.0,0.0,0.0,0.0,0.0,0.0,0.0,0.0,0.0,0.0,0.0,0.0,0.0,0.0,0.0,0.0,0.0,0.0,0.0,0.0,0.0,0.0,0.0,0.0,0.0,0.0,0.0,0.0,0.0,0.0,0.0,0.0,0.0,0.0,0.0,0.0,0.0,0.0,0.0,0.0,0.0,0.0,0.0,0.0,0.0,0.0,0.0,0.0,0.0,0.0,0.0,0.0,0.0,0.0,0.0,0.0,0.0,0.0,0.0,0.0,0.0,0.0,0.0,924.22064,291.75488,0.9994828,923.04626,459.4253,0.9999002,769.74274,456.49075,0.9999002,706.8589,687.0756,0.9937983,709.44775,886.1246,0.99359477,1076.3499,462.3598,0.99991524,1134.057,685.15826,0.9928759,1146.7146,881.8707,0.9806808,921.83875,945.67224,0.9976778,823.25604,944.35785,0.99834174,825.7891,1250.8889,0.3817063,812.49603,1601.1182,0.06892327,1020.42145,946.9867,0.9976778,1043.6782,1295.6016,0.3635988,1019.8794,1612.5939,0.045463886,895.6989,263.5009,0.9990394,953.5451,264.1044,0.9978512,867.56305,282.84216,0.9980534,980.55634,284.69534,0.99872065,990.1218,1729.5342,0.035729226,990.1218,1729.5342,0.035729226,1018.2452,1649.7827,0.021782493,829.2247,1718.9064,0.040409245,829.2247,1718.9064,0.040409245,813.8483,1647.5515,0.02793029,1149.0212,886.5467,1.0,1118.9185,899.4238,1.0,1109.4585,927.6159,1.0,1113.3344,954.941,1.0,1113.4156,975.1961,1.0,1139.9965,948.6186,1.0,1135.2032,981.2091,1.0,1128.9814,997.0268,1.0,1123.6401,1007.79596,1.0,1155.9763,949.7016,1.0,1148.7534,982.1425,1.0,1139.5717,997.5075,1.0,1130.9797,1008.15125,1.0,1164.1934,948.2123,1.0,1157.4531,978.23486,1.0,1147.9514,993.43463,1.0,1139.2864,1004.3867,1.0,1167.221,946.20654,1.0,1160.618,971.6498,1.0,1152.7687,985.14075,1.0,1145.2035,994.677,1.0,704.3204,889.2744,1.0,731.2667,904.6525,1.0,739.7989,931.27203,1.0,741.0309,958.9048,1.0,742.1771,980.40967,1.0,707.412,948.48883,1.0,715.90796,981.39886,1.0,724.0922,999.521,1.0,730.61084,1014.1776,1.0,693.6039,950.5055,1.0,703.5072,984.28906,1.0,714.64044,1003.14685,1.0,723.97894,1015.9285,1.0,688.0917,950.0852,1.0,697.4085,981.7265,1.0,708.10333,999.5295,1.0,717.6089,1011.06146,1.0,688.6209,950.39154,1.0,695.4255,976.91064,1.0,704.02484,992.1889,1.0,712.3643,1002.545,1.0
0.0,0.0,0.0,0.0,0.0,0.0,0.0,0.0,0.0,0.0,0.0,0.0,0.0,0.0,0.0,0.0,0.0,0.0,0.0,0.0,0.0,0.0,0.0,0.0,0.0,0.0,0.0,0.0,0.0,0.0,0.0,0.0,0.0,0.0,0.0,0.0,0.0,0.0,0.0,0.0,0.0,0.0,0.0,0.0,0.0,0.0,0.0,0.0,0.0,0.0,0.0,0.0,0.0,0.0,0.0,0.0,0.0,0.0,0.0,0.0,0.0,0.0,0.0,0.0,0.0,0.0,0.0,0.0,0.0,0.0,0.0,0.0,0.0,0.0,0.0,0.0,0.0,0.0,0.0,0.0,0.0,0.0,0.0,0.0,0.0,0.0,0.0,0.0,0.0,0.0,0.0,0.0,0.0,0.0,0.0,0.0,0.0,0.0,0.0,0.0,0.0,0.0,0.0,0.0,0.0,0.0,0.0,0.0,0.0,0.0,0.0,0.0,0.0,0.0,0.0,0.0,0.0,0.0,0.0,0.0,0.0,0.0,0.0,0.0,0.0,0.0,0.0,0.0,0.0,0.0,0.0,0.0,0.0,0.0,0.0,0.0,0.0,0.0,0.0,0.0,0.0,0.0,0.0,0.0,0.0,0.0,0.0,0.0,0.0,0.0,0.0,0.0,0.0,0.0,0.0,0.0,0.0,0.0,0.0,0.0,0.0,0.0,0.0,0.0,0.0,0.0,0.0,0.0,0.0,0.0,0.0,0.0,0.0,0.0,0.0,0.0,0.0,0.0,0.0,0.0,0.0,0.0,0.0,0.0,0.0,0.0,0.0,0.0,0.0,0.0,0.0,0.0,0.0,0.0,0.0,0.0,0.0,0.0,0.0,0.0,0.0,0.0,0.0,0.0,0.0,0.0,0.0,0.0,0.0,0.0,924.21893,295.0128,0.9993085,923.06445,460.04205,0.9998731,769.541,456.69104,0.9998731,707.19904,687.6466,0.99278784,709.4967,887.41724,0.9924613,1076.5879,463.39307,0.9998947,1133.7288,685.022,0.99232656,1146.5289,882.9496,0.9793345,922.4052,948.31134,0.99737227,822.9798,947.8725,0.99807185,825.36786,1258.0979,0.36796594,814.45087,1614.4468,0.06711265,1021.8306,948.7502,0.99737227,1040.7593,1305.2972,0.34592462,1019.50726,1626.7195,0.04342232,895.6804,265.91187,0.99868786,953.7037,267.84674,0.9970928,866.74774,283.7157,0.99725246,980.183,286.56436,0.9982269,991.3279,1744.9122,0.033650633,991.3279,1744.9122,0.033650633,1018.047,1663.607,0.020769782,830.9297,1732.1194,0.03874757,830.9297,1732.1194,0.03874757,816.8159,1660.7323,0.02713565,1147.9725,886.7155,1.0,1118.3574,899.9682,1.0,1109.3833,927.9373,1.0,1113.4215,955.08923,1.0,1113.3328,975.19696,1.0,1140.1261,949.33057,1.0,1135.1107,981.7799,1.0,1128.862,997.2128,1.0,1123.4242,1007.83795,1.0,1156.1368,950.14343,1.0,1148.6991,982.41437,1.0,1139.45,997.5715,1.0,1130.793,1008.05566,1.0,1164.3638,948.32947,1.0,1157.6094,978.2361,1.0,1148.1307,993.4012,1.0,1139.4844,1004.223,1.0,1167.378,946.01996,1.0,1160.8765,971.3202,1.0,1153.0684,984.71014,1.0,1145.4462,994.13885,1.0,704.5744,889.5783,1.0,731.5399,905.0825,1.0,739.8516,931.8222,1.0,741.0902,959.22144,1.0,742.03754,980.3842,1.0,707.3347,949.5228,1.0,716.01495,981.9604,1.0,724.0917,999.9158,1.0,730.54626,1014.2938,1.0,693.56244,951.22894,1.0,703.5782,984.41235,1.0,714.6699,1003.07513,1.0,724.1284,1015.82666,1.0,688.02386,950.7219,1.0,697.57587,981.7689,1.0,708.1727,999.4911,1.0,717.69556,1011.161,1.0,688.63635,950.8953,1.0,695.5998,977.0645,1.0,704.06104,992.31995,1.0,712.37994,1002.8097,1.0
0.0,0.0,0.0,0.0,0.0,0.0,0.0,0.0,0.0,0.0,0.0,0.0,0.0,0.0,0.0,0.0,0.0,0.0,0.0,0.0,0.0,0.0,0.0,0.0,0.0,0.0,0.0,0.0,0.0,0.0,0.0,0.0,0.0,0.0,0.0,0.0,0.0,0.0,0.0,0.0,0.0,0.0,0.0,0.0,0.0,0.0,0.0,0.0,0.0,0.0,0.0,0.0,0.0,0.0,0.0,0.0,0.0,0.0,0.0,0.0,0.0,0.0,0.0,0.0,0.0,0.0,0.0,0.0,0.0,0.0,0.0,0.0,0.0,0.0,0.0,0.0,0.0,0.0,0.0,0.0,0.0,0.0,0.0,0.0,0.0,0.0,0.0,0.0,0.0,0.0,0.0,0.0,0.0,0.0,0.0,0.0,0.0,0.0,0.0,0.0,0.0,0.0,0.0,0.0,0.0,0.0,0.0,0.0,0.0,0.0,0.0,0.0,0.0,0.0,0.0,0.0,0.0,0.0,0.0,0.0,0.0,0.0,0.0,0.0,0.0,0.0,0.0,0.0,0.0,0.0,0.0,0.0,0.0,0.0,0.0,0.0,0.0,0.0,0.0,0.0,0.0,0.0,0.0,0.0,0.0,0.0,0.0,0.0,0.0,0.0,0.0,0.0,0.0,0.0,0.0,0.0,0.0,0.0,0.0,0.0,0.0,0.0,0.0,0.0,0.0,0.0,0.0,0.0,0.0,0.0,0.0,0.0,0.0,0.0,0.0,0.0,0.0,0.0,0.0,0.0,0.0,0.0,0.0,0.0,0.0,0.0,0.0,0.0,0.0,0.0,0.0,0.0,0.0,0.0,0.0,0.0,0.0,0.0,0.0,0.0,0.0,0.0,0.0,0.0,0.0,0.0,0.0,0.0,0.0,0.0,924.19696,297.28476,0.9990574,923.04877,460.13968,0.99983746,769.4517,456.73904,0.99983746,707.3846,688.23505,0.9914137,709.4285,887.6428,0.99055547,1076.6459,463.5403,0.99987465,1133.4878,684.5863,0.99186,1146.454,883.4496,0.9781727,922.7254,948.60394,0.99711645,822.57,948.5379,0.99781024,824.0686,1266.4587,0.3562269,815.8711,1621.1527,0.065171875,1022.88074,948.67004,0.99711645,1039.6772,1307.8375,0.33134538,1021.3116,1633.3142,0.041663963,895.67426,267.53165,0.9981691,953.7984,270.0817,0.99605864,866.34735,284.46237,0.9961149,979.8405,287.4444,0.99756664,993.18585,1753.0403,0.031811655,993.18585,1753.0403,0.031811655,1021.03625,1670.2546,0.01978058,834.03204,1740.6616,0.03710637,834.03204,1740.6616,0.03710637,818.78894,1665.5793,0.026175149,1148.7982,886.6177,1.0,1118.7408,899.88873,1.0,1109.4304,927.97473,1.0,1113.6926,955.2853,1.0,1113.7017,975.4217,1.0,1140.1343,949.3333,1.0,1135.145,981.62823,1.0,1129.0234,997.22205,1.0,1123.8597,1007.95276,1.0,1156.1968,950.17596,1.0,1148.8357,981.93835,1.0,1139.7607,997.0587,1.0,1131.3914,1007.7908,1.0,1164.4043,948.3139,1.0,1157.6034,977.8543,1.0,1148.285,993.11237,1.0,1139.9109,1004.23596,1.0,1167.3939,946.09973,1.0,1160.7684,971.3318,1.0,1153.0563,984.88416,1.0,1145.5216,994.4644,1.0,704.72644,889.86755,1.0,731.6629,905.3,1.0,739.8324,932.04443,1.0,741.0058,959.441,1.0,741.9292,980.5132,1.0,707.20874,949.7321,1.0,716.0099,982.25415,1.0,724.09064,1000.05756,1.0,730.59845,1014.4158,1.0,693.4049,951.4017,1.0,703.5858,984.5696,1.0,714.687,1003.10175,1.0,724.1384,1015.66113,1.0,687.9693,950.7416,1.0,697.59344,981.7607,1.0,708.15137,999.36523,1.0,717.6056,1010.8865,1.0,688.5968,950.8003,1.0,695.5699,976.8926,1.0,704.0387,992.04456,1.0,712.2819,1002.4245,1.0
0.0,0.0,0.0,0.0,0.0,0.0,0.0,0.0,0.0,0.0,0.0,0.0,0.0,0.0,0.0,0.0,0.0,0.0,0.0,0.0,0.0,0.0,0.0,0.0,0.0,0.0,0.0,0.0,0.0,0.0,0.0,0.0,0.0,0.0,0.0,0.0,0.0,0.0,0.0,0.0,0.0,0.0,0.0,0.0,0.0,0.0,0.0,0.0,0.0,0.0,0.0,0.0,0.0,0.0,0.0,0.0,0.0,0.0,0.0,0.0,0.0,0.0,0.0,0.0,0.0,0.0,0.0,0.0,0.0,0.0,0.0,0.0,0.0,0.0,0.0,0.0,0.0,0.0,0.0,0.0,0.0,0.0,0.0,0.0,0.0,0.0,0.0,0.0,0.0,0.0,0.0,0.0,0.0,0.0,0.0,0.0,0.0,0.0,0.0,0.0,0.0,0.0,0.0,0.0,0.0,0.0,0.0,0.0,0.0,0.0,0.0,0.0,0.0,0.0,0.0,0.0,0.0,0.0,0.0,0.0,0.0,0.0,0.0,0.0,0.0,0.0,0.0,0.0,0.0,0.0,0.0,0.0,0.0,0.0,0.0,0.0,0.0,0.0,0.0,0.0,0.0,0.0,0.0,0.0,0.0,0.0,0.0,0.0,0.0,0.0,0.0,0.0,0.0,0.0,0.0,0.0,0.0,0.0,0.0,0.0,0.0,0.0,0.0,0.0,0.0,0.0,0.0,0.0,0.0,0.0,0.0,0.0,0.0,0.0,0.0,0.0,0.0,0.0,0.0,0.0,0.0,0.0,0.0,0.0,0.0,0.0,0.0,0.0,0.0,0.0,0.0,0.0,0.0,0.0,0.0,0.0,0.0,0.0,0.0,0.0,0.0,0.0,0.0,0.0,0.0,0.0,0.0,0.0,0.0,0.0,924.2953,297.75266,0.99893856,922.94684,460.16327,0.9998144,769.359,456.82196,0.9998144,707.4197,688.45776,0.990293,709.35736,887.58734,0.9892812,1076.5347,463.50455,0.9998606,1133.4313,683.98236,0.99140567,1146.398,883.76086,0.97712445,922.8027,947.9941,0.99687666,822.1867,948.0828,0.9975647,822.5674,1266.7906,0.3399389,816.1478,1621.9205,0.062254936,1023.41864,947.9054,0.99687666,1038.9341,1309.1505,0.31541038,1021.4017,1635.0594,0.039603267,895.6832,268.04047,0.99792933,953.88025,270.85486,0.99555105,865.9723,284.76456,0.9955403,979.15424,287.75967,0.9972098,993.068,1754.3142,0.029945046,993.068,1754.3142,0.029945046,1021.2813,1672.0903,0.018781932,834.7708,1741.7225,0.035169143,834.7708,1741.7225,0.035169143,819.14453,1666.7273,0.025013128,1147.9922,886.72144,1.0,1118.3309,900.4128,1.0,1109.4507,928.4663,1.0,1113.4882,955.82245,1.0,1113.4729,976.00696,1.0,1140.6426,950.0384,1.0,1135.2749,982.14996,1.0,1128.8171,997.3913,1.0,1123.2267,1007.8777,1.0,1156.7225,950.5572,1.0,1149.0277,982.727,1.0,1139.549,997.718,1.0,1130.8788,1008.0557,1.0,1164.788,948.17847,1.0,1158.1439,978.13074,1.0,1148.5847,993.3457,1.0,1139.8702,1004.27325,1.0,1167.5754,945.40753,1.0,1161.5068,970.942,1.0,1153.7622,984.442,1.0,1146.0071,993.9633,1.0,704.7955,889.979,1.0,731.73016,905.3237,1.0,739.90735,932.1632,1.0,740.9961,959.5417,1.0,741.84344,980.54175,1.0,707.11444,949.40295,1.0,715.91284,982.0129,1.0,724.027,999.895,1.0,730.5579,1014.3195,1.0,693.29095,951.1837,1.0,703.6441,984.41125,1.0,714.7409,1002.9529,1.0,724.19965,1015.5228,1.0,687.8613,950.6754,1.0,697.6865,981.7168,1.0,708.2014,999.2818,1.0,717.5673,1010.8674,1.0,688.48413,950.75806,1.0,695.6638,976.8874,1.0,704.04004,991.9432,1.0,712.13556,1002.2799,1.0
0.0,0.0,0.0,0.0,0.0,0.0,0.0,0.0,0.0,0.0,0.0,0.0,0.0,0.0,0.0,0.0,0.0,0.0,0.0,0.0,0.0,0.0,0.0,0.0,0.0,0.0,0.0,0.0,0.0,0.0,0.0,0.0,0.0,0.0,0.0,0.0,0.0,0.0,0.0,0.0,0.0,0.0,0.0,0.0,0.0,0.0,0.0,0.0,0.0,0.0,0.0,0.0,0.0,0.0,0.0,0.0,0.0,0.0,0.0,0.0,0.0,0.0,0.0,0.0,0.0,0.0,0.0,0.0,0.0,0.0,0.0,0.0,0.0,0.0,0.0,0.0,0.0,0.0,0.0,0.0,0.0,0.0,0.0,0.0,0.0,0.0,0.0,0.0,0.0,0.0,0.0,0.0,0.0,0.0,0.0,0.0,0.0,0.0,0.0,0.0,0.0,0.0,0.0,0.0,0.0,0.0,0.0,0.0,0.0,0.0,0.0,0.0,0.0,0.0,0.0,0.0,0.0,0.0,0.0,0.0,0.0,0.0,0.0,0.0,0.0,0.0,0.0,0.0,0.0,0.0,0.0,0.0,0.0,0.0,0.0,0.0,0.0,0.0,0.0,0.0,0.0,0.0,0.0,0.0,0.0,0.0,0.0,0.0,0.0,0.0,0.0,0.0,0.0,0.0,0.0,0.0,0.0,0.0,0.0,0.0,0.0,0.0,0.0,0.0,0.0,0.0,0.0,0.0,0.0,0.0,0.0,0.0,0.0,0.0,0.0,0.0,0.0,0.0,0.0,0.0,0.0,0.0,0.0,0.0,0.0,0.0,0.0,0.0,0.0,0.0,0.0,0.0,0.0,0.0,0.0,0.0,0.0,0.0,0.0,0.0,0.0,0.0,0.0,0.0,0.0,0.0,0.0,0.0,0.0,0.0,924.31903,297.90463,0.9988363,922.9093,460.23395,0.9997971,769.31824,456.91873,0.9997971,707.4257,688.5655,0.9894384,709.1558,887.56305,0.9883208,1076.5004,463.54913,0.99985003,1133.4808,683.7335,0.9911346,1146.3768,883.959,0.97651744,922.7595,947.81586,0.9966773,821.97076,948.1657,0.997377,819.8178,1268.4105,0.32829174,814.8048,1624.5619,0.06011177,1023.5483,947.466,0.9966773,1037.7323,1311.1711,0.30085734,1020.82623,1636.145,0.03758188,895.67896,268.4167,0.9977199,953.91003,271.25943,0.9950986,865.68646,284.99518,0.99503744,978.8439,287.83145,0.996902,990.51825,1754.8507,0.028162582,990.51825,1754.8507,0.028162582,1020.9589,1672.6611,0.017802568,834.1735,1742.639,0.033640813,834.1735,1742.639,0.033640813,817.54425,1669.8148,0.024088617,1148.2911,886.57947,1.0,1118.4354,900.6443,1.0,1109.5323,928.8236,1.0,1113.7168,956.0334,1.0,1113.4698,976.07324,1.0,1140.608,949.99445,1.0,1134.9813,982.0495,1.0,1128.5745,997.52466,1.0,1123.3186,1008.386,1.0,1156.7347,950.50476,1.0,1148.7222,982.34076,1.0,1139.4298,997.5289,1.0,1131.193,1008.32965,1.0,1164.8772,948.1309,1.0,1157.9038,977.7539,1.0,1148.5483,993.2306,1.0,1140.2545,1004.5192,1.0,1167.7517,945.3744,1.0,1161.3837,970.9281,1.0,1153.7113,984.5861,1.0,1146.1654,994.22797,1.0,704.679,889.9429,1.0,731.6145,905.31256,1.0,739.87756,932.30817,1.0,741.00433,959.7815,1.0,741.9043,980.8835,1.0,706.4534,949.5935,1.0,715.3712,981.9045,1.0,723.7362,999.8142,1.0,730.4489,1014.24677,1.0,692.64734,951.20197,1.0,703.37335,984.282,1.0,714.5668,1002.9338,1.0,724.1635,1015.5364,1.0,687.2591,950.53815,1.0,697.6105,981.6066,1.0,708.2088,999.328,1.0,717.74243,1010.8912,1.0,687.9733,950.53,1.0,695.72473,976.82623,1.0,704.19495,991.92737,1.0,712.3652,1002.2363,1.0
0.0,0.0,0.0,0.0,0.0,0.0,0.0,0.0,0.0,0.0,0.0,0.0,0.0,0.0,0.0,0.0,0.0,0.0,0.0,0.0,0.0,0.0,0.0,0.0,0.0,0.0,0.0,0.0,0.0,0.0,0.0,0.0,0.0,0.0,0.0,0.0,0.0,0.0,0.0,0.0,0.0,0.0,0.0,0.0,0.0,0.0,0.0,0.0,0.0,0.0,0.0,0.0,0.0,0.0,0.0,0.0,0.0,0.0,0.0,0.0,0.0,0.0,0.0,0.0,0.0,0.0,0.0,0.0,0.0,0.0,0.0,0.0,0.0,0.0,0.0,0.0,0.0,0.0,0.0,0.0,0.0,0.0,0.0,0.0,0.0,0.0,0.0,0.0,0.0,0.0,0.0,0.0,0.0,0.0,0.0,0.0,0.0,0.0,0.0,0.0,0.0,0.0,0.0,0.0,0.0,0.0,0.0,0.0,0.0,0.0,0.0,0.0,0.0,0.0,0.0,0.0,0.0,0.0,0.0,0.0,0.0,0.0,0.0,0.0,0.0,0.0,0.0,0.0,0.0,0.0,0.0,0.0,0.0,0.0,0.0,0.0,0.0,0.0,0.0,0.0,0.0,0.0,0.0,0.0,0.0,0.0,0.0,0.0,0.0,0.0,0.0,0.0,0.0,0.0,0.0,0.0,0.0,0.0,0.0,0.0,0.0,0.0,0.0,0.0,0.0,0.0,0.0,0.0,0.0,0.0,0.0,0.0,0.0,0.0,0.0,0.0,0.0,0.0,0.0,0.0,0.0,0.0,0.0,0.0,0.0,0.0,0.0,0.0,0.0,0.0,0.0,0.0,0.0,0.0,0.0,0.0,0.0,0.0,0.0,0.0,0.0,0.0,0.0,0.0,0.0,0.0,0.0,0.0,0.0,0.0,924.318,298.1783,0.99874204,922.89856,460.26266,0.99977887,769.3014,456.95447,0.99977887,707.44415,688.606,0.98843384,709.04706,887.4467,0.987236,1076.4957,463.5709,0.99983543,1133.4839,683.6226,0.9906273,1146.3461,884.0619,0.9750957,922.634,947.85913,0.9964187,821.66583,948.10175,0.9971431,818.9031,1267.0604,0.31277832,814.3752,1623.2709,0.05726781,1023.6022,947.6165,0.9964187,1037.0981,1310.886,0.2846871,1020.4555,1634.6775,0.035434537,895.6833,268.62558,0.9975241,953.9574,271.49716,0.9946416,865.5247,285.07968,0.9945486,978.7616,287.8515,0.996562,990.1641,1752.2719,0.026358632,990.1641,1752.2719,0.026358632,1020.7316,1671.6355,0.016855845,834.356,1740.615,0.031799622,834.356,1740.615,0.031799622,817.00604,1668.979,0.022991104,1148.4088,886.57367,1.0,1118.315,900.7369,1.0,1109.525,929.1592,1.0,1113.7166,956.3323,1.0,1113.5006,976.272,1.0,1140.7267,950.0027,1.0,1135.0392,982.1624,1.0,1128.6715,997.6975,1.0,1123.4736,1008.5468,1.0,1156.8876,950.546,1.0,1148.852,982.3817,1.0,1139.4983,997.40753,1.0,1131.1799,1007.99774,1.0,1165.0094,948.2462,1.0,1157.9757,977.8552,1.0,1148.5897,993.2363,1.0,1140.2256,1004.432,1.0,1167.7899,945.5693,1.0,1161.4286,971.0672,1.0,1153.761,984.7301,1.0,1146.2122,994.41565,1.0,704.84735,890.3864,1.0,731.70496,905.80457,1.0,739.8526,932.7309,1.0,740.8682,960.2659,1.0,741.83167,981.3853,1.0,706.42914,949.9341,1.0,715.2972,982.8795,1.0,723.7501,1000.64465,1.0,730.32837,1014.92255,1.0,692.418,951.30164,1.0,703.0997,984.9566,1.0,714.42017,1003.4001,1.0,723.81866,1015.5464,1.0,687.0132,950.3347,1.0,697.08405,981.7617,1.0,707.8059,999.3466,1.0,717.2344,1010.4808,1.0,687.63446,950.1255,1.0,695.0567,976.48926,1.0,703.5484,991.5212,1.0,711.60803,1001.57404,1.0
0.0,0.0,0.0,0.0,0.0,0.0,0.0,0.0,0.0,0.0,0.0,0.0,0.0,0.0,0.0,0.0,0.0,0.0,0.0,0.0,0.0,0.0,0.0,0.0,0.0,0.0,0.0,0.0,0.0,0.0,0.0,0.0,0.0,0.0,0.0,0.0,0.0,0.0,0.0,0.0,0.0,0.0,0.0,0.0,0.0,0.0,0.0,0.0,0.0,0.0,0.0,0.0,0.0,0.0,0.0,0.0,0.0,0.0,0.0,0.0,0.0,0.0,0.0,0.0,0.0,0.0,0.0,0.0,0.0,0.0,0.0,0.0,0.0,0.0,0.0,0.0,0.0,0.0,0.0,0.0,0.0,0.0,0.0,0.0,0.0,0.0,0.0,0.0,0.0,0.0,0.0,0.0,0.0,0.0,0.0,0.0,0.0,0.0,0.0,0.0,0.0,0.0,0.0,0.0,0.0,0.0,0.0,0.0,0.0,0.0,0.0,0.0,0.0,0.0,0.0,0.0,0.0,0.0,0.0,0.0,0.0,0.0,0.0,0.0,0.0,0.0,0.0,0.0,0.0,0.0,0.0,0.0,0.0,0.0,0.0,0.0,0.0,0.0,0.0,0.0,0.0,0.0,0.0,0.0,0.0,0.0,0.0,0.0,0.0,0.0,0.0,0.0,0.0,0.0,0.0,0.0,0.0,0.0,0.0,0.0,0.0,0.0,0.0,0.0,0.0,0.0,0.0,0.0,0.0,0.0,0.0,0.0,0.0,0.0,0.0,0.0,0.0,0.0,0.0,0.0,0.0,0.0,0.0,0.0,0.0,0.0,0.0,0.0,0.0,0.0,0.0,0.0,0.0,0.0,0.0,0.0,0.0,0.0,0.0,0.0,0.0,0.0,0.0,0.0,0.0,0.0,0.0,0.0,0.0,0.0,924.35315,298.33746,0.9986823,922.8881,460.30664,0.99976295,769.2888,457.03293,0.99976295,707.4579,688.70245,0.9875353,708.98816,887.36255,0.9863531,1076.4874,463.58038,0.9998233,1133.4487,683.58093,0.9901556,1146.3207,884.1501,0.97396606,922.44617,947.9483,0.99618375,821.2573,948.04175,0.9969102,818.8769,1265.091,0.29612777,814.43976,1620.7717,0.05432655,1023.635,947.8549,0.99618375,1036.6808,1310.0355,0.27024192,1020.0726,1633.9912,0.033526435,895.701,268.73376,0.9973978,954.06494,271.687,0.99435115,865.4287,285.11862,0.9941889,978.7238,287.89178,0.9963285,990.32324,1752.031,0.024761532,990.32324,1752.031,0.024761532,1020.0364,1671.5104,0.016033297,834.4405,1738.3348,0.029986056,834.4405,1738.3348,0.029986056,817.0414,1666.7784,0.021912409,1147.8346,887.13806,1.0,1118.0425,900.96783,1.0,1109.4435,929.1813,1.0,1113.5658,956.33813,1.0,1113.0299,976.37994,1.0,1141.0598,949.9713,1.0,1135.085,982.74066,1.0,1128.2784,998.303,1.0,1122.5388,1008.9641,1.0,1157.0135,950.55615,1.0,1148.7062,983.3609,1.0,1139.0306,998.35175,1.0,1130.3542,1008.62524,1.0,1164.7811,948.5244,1.0,1157.3025,978.8472,1.0,1147.5659,994.1266,1.0,1138.928,1005.10156,1.0,1167.0465,946.07166,1.0,1160.2255,971.84015,1.0,1152.1646,985.3957,1.0,1144.3606,994.9484,1.0,705.48517,890.63184,1.0,731.6766,906.53625,1.0,739.86115,933.32947,1.0,740.98553,960.8835,1.0,742.132,981.874,1.0,706.1131,949.5063,1.0,714.51,983.89575,1.0,723.259,1001.8144,1.0,730.3157,1015.61206,1.0,691.9724,951.00775,1.0,701.20483,986.5292,1.0,712.6029,1005.53186,1.0,722.2862,1018.1917,1.0,686.56793,950.22144,1.0,695.4803,983.0276,1.0,706.1297,1001.2164,1.0,715.65283,1012.9068,1.0,687.3909,950.21063,1.0,694.607,977.0893,1.0,703.2205,992.8796,1.0,711.32513,1003.88153,1.0
0.0,0.0,0.0,0.0,0.0,0.0,0.0,0.0,0.0,0.0,0.0,0.0,0.0,0.0,0.0,0.0,0.0,0.0,0.0,0.0,0.0,0.0,0.0,0.0,0.0,0.0,0.0,0.0,0.0,0.0,0.0,0.0,0.0,0.0,0.0,0.0,0.0,0.0,0.0,0.0,0.0,0.0,0.0,0.0,0.0,0.0,0.0,0.0,0.0,0.0,0.0,0.0,0.0,0.0,0.0,0.0,0.0,0.0,0.0,0.0,0.0,0.0,0.0,0.0,0.0,0.0,0.0,0.0,0.0,0.0,0.0,0.0,0.0,0.0,0.0,0.0,0.0,0.0,0.0,0.0,0.0,0.0,0.0,0.0,0.0,0.0,0.0,0.0,0.0,0.0,0.0,0.0,0.0,0.0,0.0,0.0,0.0,0.0,0.0,0.0,0.0,0.0,0.0,0.0,0.0,0.0,0.0,0.0,0.0,0.0,0.0,0.0,0.0,0.0,0.0,0.0,0.0,0.0,0.0,0.0,0.0,0.0,0.0,0.0,0.0,0.0,0.0,0.0,0.0,0.0,0.0,0.0,0.0,0.0,0.0,0.0,0.0,0.0,0.0,0.0,0.0,0.0,0.0,0.0,0.0,0.0,0.0,0.0,0.0,0.0,0.0,0.0,0.0,0.0,0.0,0.0,0.0,0.0,0.0,0.0,0.0,0.0,0.0,0.0,0.0,0.0,0.0,0.0,0.0,0.0,0.0,0.0,0.0,0.0,0.0,0.0,0.0,0.0,0.0,0.0,0.0,0.0,0.0,0.0,0.0,0.0,0.0,0.0,0.0,0.0,0.0,0.0,0.0,0.0,0.0,0.0,0.0,0.0,0.0,0.0,0.0,0.0,0.0,0.0,0.0,0.0,0.0,0.0,0.0,0.0,924.3784,298.36273,0.99860483,922.89014,460.34583,0.9997458,769.27765,457.1059,0.9997458,707.46826,688.90454,0.9866634,709.0905,887.3026,0.98535156,1076.5026,463.5858,0.9998121,1133.3795,683.5563,0.98973507,1146.3079,884.1919,0.97303206,922.2309,948.12164,0.9959975,820.76245,948.16547,0.9967082,818.9999,1263.9192,0.2814471,814.8044,1618.7089,0.05186553,1023.69934,948.0778,0.9959975,1036.6016,1310.3933,0.2587949,1019.963,1633.8196,0.032037828,895.7074,268.75537,0.9972422,954.1498,271.75586,0.9940287,865.37854,285.1204,0.9937927,978.7152,287.9138,0.99610174,991.1982,1752.514,0.023467775,991.1982,1752.514,0.023467775,1019.5604,1671.2716,0.015382077,835.3007,1736.9794,0.028449658,835.3007,1736.9794,0.028449658,817.2781,1664.8079,0.020978145,1147.5208,887.5047,1.0,1118.3693,900.6646,1.0,1109.5731,928.3251,1.0,1112.8389,955.1761,1.0,1112.1953,975.4191,1.0,1140.5751,950.2427,1.0,1134.3317,983.0392,1.0,1126.9094,998.6003,1.0,1120.6047,1009.32104,1.0,1156.028,951.07104,1.0,1147.8755,984.13416,1.0,1138.1243,999.55743,1.0,1129.3689,1010.1741,1.0,1163.5642,949.26666,1.0,1156.2507,979.77936,1.0,1146.6135,995.2889,1.0,1137.9248,1006.4995,1.0,1165.7452,946.86945,1.0,1158.9698,972.7878,1.0,1150.9369,986.6367,1.0,1143.0427,996.3254,1.0,706.9352,888.64984,1.0,732.5098,905.98254,1.0,740.38477,933.38885,1.0,741.2195,961.158,1.0,741.99634,982.10236,1.0,705.27875,948.0967,1.0,712.9161,983.0818,1.0,721.35443,1001.42554,1.0,728.1485,1015.52026,1.0,690.93054,949.4508,1.0,697.9519,986.1781,1.0,708.5692,1006.11523,1.0,717.97375,1019.88837,1.0,685.6244,948.6127,1.0,692.20703,982.34216,1.0,701.7275,1001.43146,1.0,710.76587,1014.1058,1.0,686.76373,948.489,1.0,692.3555,976.0287,1.0,699.9891,992.5517,1.0,707.7876,1004.28546,1.0
0.0,0.0,0.0,0.0,0.0,0.0,0.0,0.0,0.0,0.0,0.0,0.0,0.0,0.0,0.0,0.0,0.0,0.0,0.0,0.0,0.0,0.0,0.0,0.0,0.0,0.0,0.0,0.0,0.0,0.0,0.0,0.0,0.0,0.0,0.0,0.0,0.0,0.0,0.0,0.0,0.0,0.0,0.0,0.0,0.0,0.0,0.0,0.0,0.0,0.0,0.0,0.0,0.0,0.0,0.0,0.0,0.0,0.0,0.0,0.0,0.0,0.0,0.0,0.0,0.0,0.0,0.0,0.0,0.0,0.0,0.0,0.0,0.0,0.0,0.0,0.0,0.0,0.0,0.0,0.0,0.0,0.0,0.0,0.0,0.0,0.0,0.0,0.0,0.0,0.0,0.0,0.0,0.0,0.0,0.0,0.0,0.0,0.0,0.0,0.0,0.0,0.0,0.0,0.0,0.0,0.0,0.0,0.0,0.0,0.0,0.0,0.0,0.0,0.0,0.0,0.0,0.0,0.0,0.0,0.0,0.0,0.0,0.0,0.0,0.0,0.0,0.0,0.0,0.0,0.0,0.0,0.0,0.0,0.0,0.0,0.0,0.0,0.0,0.0,0.0,0.0,0.0,0.0,0.0,0.0,0.0,0.0,0.0,0.0,0.0,0.0,0.0,0.0,0.0,0.0,0.0,0.0,0.0,0.0,0.0,0.0,0.0,0.0,0.0,0.0,0.0,0.0,0.0,0.0,0.0,0.0,0.0,0.0,0.0,0.0,0.0,0.0,0.0,0.0,0.0,0.0,0.0,0.0,0.0,0.0,0.0,0.0,0.0,0.0,0.0,0.0,0.0,0.0,0.0,0.0,0.0,0.0,0.0,0.0,0.0,0.0,0.0,0.0,0.0,0.0,0.0,0.0,0.0,0.0,0.0,924.38617,298.3622,0.99854946,922.8437,460.6368,0.9997302,769.1893,457.6416,0.9997302,707.45917,689.0852,0.98593175,709.4579,887.2091,0.9845433,1076.498,463.63202,0.99980307,1133.3267,683.42816,0.9893872,1146.2976,884.0968,0.9725396,922.24164,948.4402,0.9958472,820.52814,948.6124,0.9965327,819.3049,1263.7527,0.26812097,815.12195,1619.1917,0.049690038,1023.95514,948.26794,0.9958472,1036.1631,1310.8176,0.24790098,1019.8301,1635.0779,0.030746412,895.7024,268.76035,0.99712276,954.23706,271.80475,0.99378735,865.29315,285.12747,0.9934522,978.6688,287.92795,0.99592596,992.05273,1754.7173,0.022320393,992.05273,1754.7173,0.022320393,1018.87976,1672.7483,0.01483515,835.7161,1738.3228,0.027074559,835.7161,1738.3228,0.027074559,817.5768,1665.5312,0.020195505,1146.7524,887.002,1.0,1118.5537,899.7187,1.0,1109.5967,926.7471,1.0,1111.8309,953.1473,1.0,1111.0283,973.7485,1.0,1140.1693,950.1877,1.0,1133.8838,982.7304,1.0,1125.9331,998.4846,1.0,1119.159,1009.29083,1.0,1155.0814,951.0732,1.0,1147.5519,984.02655,1.0,1137.6301,1000.0967,1.0,1128.6011,1011.00745,1.0,1162.2572,949.1531,1.0,1155.5198,979.62946,1.0,1146.0425,995.6142,1.0,1137.2244,1007.26355,1.0,1164.0929,946.66486,1.0,1157.9736,972.6005,1.0,1150.3427,986.9482,1.0,1142.4419,997.1209,1.0,709.28094,884.5422,1.0,734.3427,903.6435,1.0,742.2957,931.3049,1.0,742.2987,959.3042,1.0,742.3633,980.40735,1.0,704.6627,943.6343,1.0,711.05334,979.0181,1.0,718.5996,998.03253,1.0,724.8162,1012.44836,1.0,689.9021,944.8037,1.0,693.483,982.5899,1.0,702.52844,1003.64105,1.0,711.0966,1018.6127,1.0,684.442,944.06226,1.0,687.5852,977.83636,1.0,695.54956,997.3371,1.0,703.85645,1010.41895,1.0,685.7195,943.817,1.0,688.5702,971.1429,1.0,694.9388,987.6972,1.0,702.6426,999.355,1.0
0.0,0.0,0.0,0.0,0.0,0.0,0.0,0.0,0.0,0.0,0.0,0.0,0.0,0.0,0.0,0.0,0.0,0.0,0.0,0.0,0.0,0.0,0.0,0.0,0.0,0.0,0.0,0.0,0.0,0.0,0.0,0.0,0.0,0.0,0.0,0.0,0.0,0.0,0.0,0.0,0.0,0.0,0.0,0.0,0.0,0.0,0.0,0.0,0.0,0.0,0.0,0.0,0.0,0.0,0.0,0.0,0.0,0.0,0.0,0.0,0.0,0.0,0.0,0.0,0.0,0.0,0.0,0.0,0.0,0.0,0.0,0.0,0.0,0.0,0.0,0.0,0.0,0.0,0.0,0.0,0.0,0.0,0.0,0.0,0.0,0.0,0.0,0.0,0.0,0.0,0.0,0.0,0.0,0.0,0.0,0.0,0.0,0.0,0.0,0.0,0.0,0.0,0.0,0.0,0.0,0.0,0.0,0.0,0.0,0.0,0.0,0.0,0.0,0.0,0.0,0.0,0.0,0.0,0.0,0.0,0.0,0.0,0.0,0.0,0.0,0.0,0.0,0.0,0.0,0.0,0.0,0.0,0.0,0.0,0.0,0.0,0.0,0.0,0.0,0.0,0.0,0.0,0.0,0.0,0.0,0.0,0.0,0.0,0.0,0.0,0.0,0.0,0.0,0.0,0.0,0.0,0.0,0.0,0.0,0.0,0.0,0.0,0.0,0.0,0.0,0.0,0.0,0.0,0.0,0.0,0.0,0.0,0.0,0.0,0.0,0.0,0.0,0.0,0.0,0.0,0.0,0.0,0.0,0.0,0.0,0.0,0.0,0.0,0.0,0.0,0.0,0.0,0.0,0.0,0.0,0.0,0.0,0.0,0.0,0.0,0.0,0.0,0.0,0.0,0.0,0.0,0.0,0.0,0.0,0.0,924.32416,298.51483,0.99855024,922.81104,460.8287,0.9997244,769.1337,457.9647,0.9997244,707.4836,688.0569,0.98550165,710.0439,884.0817,0.9844549,1076.4884,463.6927,0.99979836,1133.2758,683.2064,0.9892834,1146.2866,884.0251,0.9727644,922.2907,948.45953,0.99569374,820.4861,948.69604,0.99638665,819.07416,1264.0708,0.25838113,814.1745,1621.0848,0.047766116,1024.0953,948.223,0.99569374,1035.1896,1310.8577,0.23685135,1018.773,1637.0902,0.029308734,895.66046,268.91672,0.9971242,954.2886,271.9509,0.99377066,865.2128,285.204,0.9934003,978.7974,288.0469,0.9958847,987.06665,1757.877,0.021162549,987.06665,1757.877,0.021162549,1018.1859,1674.1699,0.014199829,835.2015,1740.4104,0.025938822,835.2015,1740.4104,0.025938822,816.0846,1667.3403,0.019499132,1145.043,886.6419,1.0,1117.5867,899.3743,1.0,1109.3519,925.6898,1.0,1110.69,951.2417,1.0,1109.2626,971.9113,1.0,1139.6079,949.58325,1.0,1133.3501,982.3411,1.0,1124.5406,998.5513,1.0,1116.7397,1009.70294,1.0,1153.8931,950.4542,1.0,1147.1531,984.4474,1.0,1136.8346,1001.80725,1.0,1127.1411,1013.53625,1.0,1160.492,948.59827,1.0,1154.6332,980.05365,1.0,1145.0742,996.80225,1.0,1135.7003,1008.9238,1.0,1161.6685,946.1618,1.0,1156.4867,972.72864,1.0,1148.9344,987.5696,1.0,1140.7571,998.0325,1.0,713.1904,877.92554,1.0,737.4418,897.44086,1.0,745.63257,925.24805,1.0,745.42017,953.35486,1.0,745.0875,974.82764,1.0,705.9525,935.2821,1.0,711.0822,971.86884,1.0,718.7926,991.286,1.0,725.91345,1005.17694,1.0,690.8736,936.4909,1.0,690.95776,975.8989,1.0,699.4488,998.04205,1.0,708.0895,1013.49475,1.0,685.5005,936.2698,1.0,686.0115,970.4457,1.0,693.8402,989.8696,1.0,702.08325,1002.78125,1.0,687.0421,936.4517,1.0,688.5202,963.999,1.0,694.89795,980.41327,1.0,702.75073,991.7867,1.0
0.0,0.0,0.0,0.0,0.0,0.0,0.0,0.0,0.0,0.0,0.0,0.0,0.0,0.0,0.0,0.0,0.0,0.0,0.0,0.0,0.0,0.0,0.0,0.0,0.0,0.0,0.0,0.0,0.0,0.0,0.0,0.0,0.0,0.0,0.0,0.0,0.0,0.0,0.0,0.0,0.0,0.0,0.0,0.0,0.0,0.0,0.0,0.0,0.0,0.0,0.0,0.0,0.0,0.0,0.0,0.0,0.0,0.0,0.0,0.0,0.0,0.0,0.0,0.0,0.0,0.0,0.0,0.0,0.0,0.0,0.0,0.0,0.0,0.0,0.0,0.0,0.0,0.0,0.0,0.0,0.0,0.0,0.0,0.0,0.0,0.0,0.0,0.0,0.0,0.0,0.0,0.0,0.0,0.0,0.0,0.0,0.0,0.0,0.0,0.0,0.0,0.0,0.0,0.0,0.0,0.0,0.0,0.0,0.0,0.0,0.0,0.0,0.0,0.0,0.0,0.0,0.0,0.0,0.0,0.0,0.0,0.0,0.0,0.0,0.0,0.0,0.0,0.0,0.0,0.0,0.0,0.0,0.0,0.0,0.0,0.0,0.0,0.0,0.0,0.0,0.0,0.0,0.0,0.0,0.0,0.0,0.0,0.0,0.0,0.0,0.0,0.0,0.0,0.0,0.0,0.0,0.0,0.0,0.0,0.0,0.0,0.0,0.0,0.0,0.0,0.0,0.0,0.0,0.0,0.0,0.0,0.0,0.0,0.0,0.0,0.0,0.0,0.0,0.0,0.0,0.0,0.0,0.0,0.0,0.0,0.0,0.0,0.0,0.0,0.0,0.0,0.0,0.0,0.0,0.0,0.0,0.0,0.0,0.0,0.0,0.0,0.0,0.0,0.0,0.0,0.0,0.0,0.0,0.0,0.0,924.16895,298.69202,0.99849623,922.8232,460.96484,0.9997165,769.1221,458.08508,0.9997165,707.50134,684.6477,0.9852522,711.7482,876.0245,0.9845437,1076.5243,463.8446,0.99979043,1133.3868,682.8317,0.9893257,1146.2627,883.9879,0.9730883,922.3986,948.2603,0.99560636,820.6468,948.47046,0.99631023,818.8278,1264.061,0.25569215,813.491,1621.2192,0.047175344,1024.1504,948.0501,0.99560636,1034.7026,1310.6246,0.23008302,1018.05426,1637.1388,0.028286101,895.6019,269.09302,0.99702287,954.2991,272.2194,0.9935117,865.17426,285.30902,0.9931585,978.9003,288.18985,0.995695,983.8532,1757.9751,0.020252584,983.8532,1757.9751,0.020252584,1017.83105,1673.8885,0.013703252,835.1648,1740.3264,0.025369821,835.1648,1740.3264,0.025369821,815.006,1667.279,0.019146934,1143.5186,886.1797,1.0,1116.2156,898.9827,1.0,1108.5194,924.89,1.0,1109.4,949.6418,1.0,1107.1539,970.20435,1.0,1138.2333,949.324,1.0,1132.1266,982.19006,1.0,1122.9677,998.5921,1.0,1114.768,1009.9158,1.0,1152.0161,950.4475,1.0,1145.8928,984.7543,1.0,1135.6483,1002.80945,1.0,1125.96,1015.0995,1.0,1158.1722,948.9913,1.0,1153.1458,980.6929,1.0,1143.9103,997.8359,1.0,1134.6332,1010.31415,1.0,1158.899,946.8329,1.0,1154.5936,973.5556,1.0,1147.5298,988.6355,1.0,1139.6456,999.28125,1.0,719.1922,867.2917,1.0,742.49677,884.9904,1.0,751.25244,912.7736,1.0,752.0617,941.29443,1.0,752.9459,962.39307,1.0,709.7044,923.6195,1.0,715.6302,960.8914,1.0,725.3989,979.7978,1.0,734.24554,992.80365,1.0,695.72723,926.20197,1.0,696.4737,966.2879,1.0,706.1756,988.04913,1.0,716.0223,1002.0157,1.0,691.48615,926.9946,1.0,694.11475,961.406,1.0,703.9914,980.0054,1.0,713.79407,991.979,1.0,693.87396,927.4949,1.0,696.8613,954.7544,1.0,704.8198,970.2245,1.0,713.6081,980.9104,1.0
0.0,0.0,0.0,0.0,0.0,0.0,0.0,0.0,0.0,0.0,0.0,0.0,0.0,0.0,0.0,0.0,0.0,0.0,0.0,0.0,0.0,0.0,0.0,0.0,0.0,0.0,0.0,0.0,0.0,0.0,0.0,0.0,0.0,0.0,0.0,0.0,0.0,0.0,0.0,0.0,0.0,0.0,0.0,0.0,0.0,0.0,0.0,0.0,0.0,0.0,0.0,0.0,0.0,0.0,0.0,0.0,0.0,0.0,0.0,0.0,0.0,0.0,0.0,0.0,0.0,0.0,0.0,0.0,0.0,0.0,0.0,0.0,0.0,0.0,0.0,0.0,0.0,0.0,0.0,0.0,0.0,0.0,0.0,0.0,0.0,0.0,0.0,0.0,0.0,0.0,0.0,0.0,0.0,0.0,0.0,0.0,0.0,0.0,0.0,0.0,0.0,0.0,0.0,0.0,0.0,0.0,0.0,0.0,0.0,0.0,0.0,0.0,0.0,0.0,0.0,0.0,0.0,0.0,0.0,0.0,0.0,0.0,0.0,0.0,0.0,0.0,0.0,0.0,0.0,0.0,0.0,0.0,0.0,0.0,0.0,0.0,0.0,0.0,0.0,0.0,0.0,0.0,0.0,0.0,0.0,0.0,0.0,0.0,0.0,0.0,0.0,0.0,0.0,0.0,0.0,0.0,0.0,0.0,0.0,0.0,0.0,0.0,0.0,0.0,0.0,0.0,0.0,0.0,0.0,0.0,0.0,0.0,0.0,0.0,0.0,0.0,0.0,0.0,0.0,0.0,0.0,0.0,0.0,0.0,0.0,0.0,0.0,0.0,0.0,0.0,0.0,0.0,0.0,0.0,0.0,0.0,0.0,0.0,0.0,0.0,0.0,0.0,0.0,0.0,0.0,0.0,0.0,0.0,0.0,0.0,924.08356,298.6071,0.998429,922.8344,461.02277,0.99970645,769.1109,458.09937,0.99970645,706.9575,677.2493,0.9847983,715.46814,861.2664,0.984434,1076.558,463.9462,0.99978065,1133.5135,682.45,0.9891657,1145.9137,883.9379,0.9729517,922.5401,948.3571,0.99551606,820.7881,948.5168,0.996226,818.84534,1263.904,0.2512478,813.98444,1620.5304,0.046187073,1024.2921,948.19745,0.99551606,1034.8663,1310.3512,0.22314133,1018.1631,1635.9238,0.027212746,895.57367,269.1065,0.9968906,954.3127,272.1531,0.99320924,865.15283,285.35196,0.9928512,979.04236,288.1534,0.99547714,984.5732,1756.3253,0.019331917,984.5732,1756.3253,0.019331917,1017.9671,1672.774,0.013228941,835.3975,1739.7362,0.024613269,835.3975,1739.7362,0.024613269,815.83527,1666.4681,0.018717704,1142.4619,885.6285,1.0,1114.9287,898.3787,1.0,1107.1818,924.1593,1.0,1108.2489,948.9329,1.0,1105.8523,969.5934,1.0,1136.1976,949.35364,1.0,1130.6372,982.2851,1.0,1122.0835,998.6976,1.0,1114.4271,1010.0844,1.0,1150.1633,950.6203,1.0,1144.5581,985.0929,1.0,1134.5532,1003.2239,1.0,1125.0948,1015.55914,1.0,1156.5491,949.2293,1.0,1152.2344,980.9396,1.0,1143.2202,998.0616,1.0,1134.1947,1010.59375,1.0,1157.5315,947.0234,1.0,1153.9935,973.7672,1.0,1147.3314,988.83777,1.0,1139.7382,999.5241,1.0,728.1425,853.2957,1.0,750.5396,865.84656,1.0,761.11523,892.256,1.0,764.7087,920.5443,1.0,768.1599,941.2067,1.0,718.0423,906.4898,1.0,727.0132,943.9678,1.0,740.56995,961.48846,1.0,752.4355,972.3113,1.0,707.05365,912.7544,1.0,712.1854,952.53723,1.0,725.95,972.585,1.0,738.6426,983.6684,1.0,704.815,916.015,1.0,711.4201,950.7176,1.0,725.0787,967.95667,1.0,737.70135,978.56696,1.0,707.9767,917.4778,1.0,714.51624,944.0323,1.0,725.16644,958.2186,1.0,735.5565,968.1974,1.0
0.0,0.0,0.0,0.0,0.0,0.0,0.0,0.0,0.0,0.0,0.0,0.0,0.0,0.0,0.0,0.0,0.0,0.0,0.0,0.0,0.0,0.0,0.0,0.0,0.0,0.0,0.0,0.0,0.0,0.0,0.0,0.0,0.0,0.0,0.0,0.0,0.0,0.0,0.0,0.0,0.0,0.0,0.0,0.0,0.0,0.0,0.0,0.0,0.0,0.0,0.0,0.0,0.0,0.0,0.0,0.0,0.0,0.0,0.0,0.0,0.0,0.0,0.0,0.0,0.0,0.0,0.0,0.0,0.0,0.0,0.0,0.0,0.0,0.0,0.0,0.0,0.0,0.0,0.0,0.0,0.0,0.0,0.0,0.0,0.0,0.0,0.0,0.0,0.0,0.0,0.0,0.0,0.0,0.0,0.0,0.0,0.0,0.0,0.0,0.0,0.0,0.0,0.0,0.0,0.0,0.0,0.0,0.0,0.0,0.0,0.0,0.0,0.0,0.0,0.0,0.0,0.0,0.0,0.0,0.0,0.0,0.0,0.0,0.0,0.0,0.0,0.0,0.0,0.0,0.0,0.0,0.0,0.0,0.0,0.0,0.0,0.0,0.0,0.0,0.0,0.0,0.0,0.0,0.0,0.0,0.0,0.0,0.0,0.0,0.0,0.0,0.0,0.0,0.0,0.0,0.0,0.0,0.0,0.0,0.0,0.0,0.0,0.0,0.0,0.0,0.0,0.0,0.0,0.0,0.0,0.0,0.0,0.0,0.0,0.0,0.0,0.0,0.0,0.0,0.0,0.0,0.0,0.0,0.0,0.0,0.0,0.0,0.0,0.0,0.0,0.0,0.0,0.0,0.0,0.0,0.0,0.0,0.0,0.0,0.0,0.0,0.0,0.0,0.0,0.0,0.0,0.0,0.0,0.0,0.0,924.03784,298.4537,0.99837905,922.93066,460.93945,0.9996935,769.28217,457.85754,0.9996935,704.7674,666.6075,0.9836979,724.73676,837.6588,0.9834111,1076.5792,464.02133,0.9997656,1133.6357,682.3156,0.9885825,1145.4281,883.8231,0.9711189,922.5595,947.9846,0.9954314,820.7246,947.8735,0.99614733,819.77167,1263.6764,0.24630229,816.7703,1620.1067,0.04489413,1024.3944,948.0958,0.9954314,1033.528,1310.1007,0.21640004,1017.99896,1635.3196,0.026203612,895.5458,269.06702,0.9967897,954.32935,271.9421,0.9929873,865.1515,285.34937,0.99258786,979.2706,288.07233,0.99527216,984.99805,1754.8804,0.018466907,984.99805,1754.8804,0.018466907,1017.9715,1671.9263,0.012841279,836.61957,1739.4302,0.023726722,836.61957,1739.4302,0.023726722,819.1305,1665.9727,0.018295957,1142.0928,885.52814,1.0,1114.4025,898.32275,1.0,1106.3752,923.8386,1.0,1107.5348,948.91425,1.0,1105.311,969.7673,1.0,1135.1818,949.4125,1.0,1129.7389,982.61896,1.0,1121.6366,999.0146,1.0,1114.3362,1010.4599,1.0,1149.4152,950.67944,1.0,1143.9689,985.66534,1.0,1134.0441,1003.7123,1.0,1124.6403,1015.8471,1.0,1156.1094,949.0992,1.0,1152.1536,981.19916,1.0,1143.0778,998.1968,1.0,1134.0809,1010.53174,1.0,1157.4437,946.64294,1.0,1154.2461,973.61475,1.0,1147.5763,988.6442,1.0,1139.9447,999.1881,1.0,739.92505,840.0179,1.0,761.5861,842.28644,1.0,774.1803,862.75903,1.0,781.7388,887.5668,1.0,788.6649,908.19525,1.0,733.306,882.3856,1.0,746.70807,917.78076,1.0,764.73175,930.8971,1.0,780.31934,937.42804,1.0,725.4781,893.4211,1.0,736.3133,931.2419,1.0,755.976,947.2579,1.0,772.43536,954.61395,1.0,725.434,900.56976,1.0,735.361,933.2552,1.0,754.2677,946.9149,1.0,770.33453,955.0151,1.0,729.2663,904.2025,1.0,739.3327,928.81866,1.0,753.04156,939.3231,1.0,765.85535,946.1365,1.0
0.0,0.0,0.0,0.0,0.0,0.0,0.0,0.0,0.0,0.0,0.0,0.0,0.0,0.0,0.0,0.0,0.0,0.0,0.0,0.0,0.0,0.0,0.0,0.0,0.0,0.0,0.0,0.0,0.0,0.0,0.0,0.0,0.0,0.0,0.0,0.0,0.0,0.0,0.0,0.0,0.0,0.0,0.0,0.0,0.0,0.0,0.0,0.0,0.0,0.0,0.0,0.0,0.0,0.0,0.0,0.0,0.0,0.0,0.0,0.0,0.0,0.0,0.0,0.0,0.0,0.0,0.0,0.0,0.0,0.0,0.0,0.0,0.0,0.0,0.0,0.0,0.0,0.0,0.0,0.0,0.0,0.0,0.0,0.0,0.0,0.0,0.0,0.0,0.0,0.0,0.0,0.0,0.0,0.0,0.0,0.0,0.0,0.0,0.0,0.0,0.0,0.0,0.0,0.0,0.0,0.0,0.0,0.0,0.0,0.0,0.0,0.0,0.0,0.0,0.0,0.0,0.0,0.0,0.0,0.0,0.0,0.0,0.0,0.0,0.0,0.0,0.0,0.0,0.0,0.0,0.0,0.0,0.0,0.0,0.0,0.0,0.0,0.0,0.0,0.0,0.0,0.0,0.0,0.0,0.0,0.0,0.0,0.0,0.0,0.0,0.0,0.0,0.0,0.0,0.0,0.0,0.0,0.0,0.0,0.0,0.0,0.0,0.0,0.0,0.0,0.0,0.0,0.0,0.0,0.0,0.0,0.0,0.0,0.0,0.0,0.0,0.0,0.0,0.0,0.0,0.0,0.0,0.0,0.0,0.0,0.0,0.0,0.0,0.0,0.0,0.0,0.0,0.0,0.0,0.0,0.0,0.0,0.0,0.0,0.0,0.0,0.0,0.0,0.0,0.0,0.0,0.0,0.0,0.0,0.0,923.9682,297.7556,0.998311,923.30304,460.71042,0.9996769,769.9485,457.25134,0.9996769,701.29016,655.29694,0.9821688,738.7379,805.9268,0.9818899,1076.6576,464.16953,0.99974084,1133.8887,682.3246,0.9874028,1145.219,883.4048,0.96679103,922.4633,944.8444,0.9953692,820.5148,943.9426,0.9961067,821.7793,1257.9662,0.24281928,819.4893,1614.8383,0.044231355,1024.4119,945.7463,0.9953692,1031.0006,1304.2708,0.20941469,1016.46606,1627.68,0.025471492,895.5189,268.6857,0.9966505,954.3449,271.53452,0.9926439,865.191,285.2319,0.99219483,979.3595,287.7965,0.9949419,986.3214,1744.9629,0.01776269,986.3214,1744.9629,0.01776269,1015.1239,1664.6982,0.012656855,839.441,1733.984,0.023074508,839.441,1733.984,0.023074508,821.83417,1660.6342,0.01810969,1142.256,885.4765,1.0,1114.726,898.58716,1.0,1106.4594,923.9625,1.0,1107.4163,949.1746,1.0,1105.0623,970.26825,1.0,1135.7106,949.46106,1.0,1129.6465,982.8008,1.0,1121.3816,999.1555,1.0,1113.9636,1010.64905,1.0,1149.796,950.8163,1.0,1144.1923,985.8524,1.0,1134.2142,1003.8302,1.0,1124.845,1015.798,1.0,1156.3529,949.17267,1.0,1152.5103,981.31793,1.0,1143.4446,998.2426,1.0,1134.5164,1010.481,1.0,1157.5758,946.6627,1.0,1154.5253,973.6453,1.0,1147.9264,988.66956,1.0,1140.2816,999.18976,1.0,754.31256,830.7958,1.0,773.86053,822.6615,1.0,788.1755,832.00714,1.0,800.3192,848.3676,1.0,811.592,865.243,1.0,754.40247,854.04205,1.0,773.1668,879.5713,1.0,793.46515,886.3895,1.0,810.1516,889.17365,1.0,749.6415,868.3864,1.0,767.3118,899.1551,1.0,791.5418,908.07916,1.0,810.02765,910.9316,1.0,751.39575,878.99774,1.0,765.68823,906.25024,1.0,789.2081,912.82385,1.0,807.3064,915.69666,1.0,755.454,884.83997,1.0,769.1562,905.4194,1.0,785.5479,909.9778,1.0,799.91406,911.3851,1.0
0.0,0.0,0.0,0.0,0.0,0.0,0.0,0.0,0.0,0.0,0.0,0.0,0.0,0.0,0.0,0.0,0.0,0.0,0.0,0.0,0.0,0.0,0.0,0.0,0.0,0.0,0.0,0.0,0.0,0.0,0.0,0.0,0.0,0.0,0.0,0.0,0.0,0.0,0.0,0.0,0.0,0.0,0.0,0.0,0.0,0.0,0.0,0.0,0.0,0.0,0.0,0.0,0.0,0.0,0.0,0.0,0.0,0.0,0.0,0.0,0.0,0.0,0.0,0.0,0.0,0.0,0.0,0.0,0.0,0.0,0.0,0.0,0.0,0.0,0.0,0.0,0.0,0.0,0.0,0.0,0.0,0.0,0.0,0.0,0.0,0.0,0.0,0.0,0.0,0.0,0.0,0.0,0.0,0.0,0.0,0.0,0.0,0.0,0.0,0.0,0.0,0.0,0.0,0.0,0.0,0.0,0.0,0.0,0.0,0.0,0.0,0.0,0.0,0.0,0.0,0.0,0.0,0.0,0.0,0.0,0.0,0.0,0.0,0.0,0.0,0.0,0.0,0.0,0.0,0.0,0.0,0.0,0.0,0.0,0.0,0.0,0.0,0.0,0.0,0.0,0.0,0.0,0.0,0.0,0.0,0.0,0.0,0.0,0.0,0.0,0.0,0.0,0.0,0.0,0.0,0.0,0.0,0.0,0.0,0.0,0.0,0.0,0.0,0.0,0.0,0.0,0.0,0.0,0.0,0.0,0.0,0.0,0.0,0.0,0.0,0.0,0.0,0.0,0.0,0.0,0.0,0.0,0.0,0.0,0.0,0.0,0.0,0.0,0.0,0.0,0.0,0.0,0.0,0.0,0.0,0.0,0.0,0.0,0.0,0.0,0.0,0.0,0.0,0.0,0.0,0.0,0.0,0.0,0.0,0.0,923.7039,296.5422,0.99814266,923.8459,460.49774,0.99965394,770.90955,456.67163,0.99965394,698.4901,646.43335,0.9785552,754.37604,770.02264,0.9786408,1076.7822,464.32382,0.9997127,1134.258,683.12274,0.9853617,1145.1793,882.58844,0.95935374,922.3523,941.6608,0.9951368,820.2844,939.99054,0.9959289,823.06,1246.997,0.23379067,819.1845,1604.4417,0.04255723,1024.4202,943.3312,0.9951368,1029.828,1292.5839,0.19677171,1014.95337,1612.4188,0.024183692,895.4435,267.7968,0.9962764,954.3374,270.7245,0.99176925,865.2612,284.86365,0.99113476,979.25726,287.326,0.994166,988.21277,1724.5865,0.016769681,988.21277,1724.5865,0.016769681,1011.9801,1651.1718,0.012244034,842.0502,1721.4722,0.02201096,842.0502,1721.4722,0.02201096,820.11035,1650.193,0.017547965,1142.3058,885.162,1.0,1114.9685,898.75604,1.0,1106.7455,924.37024,1.0,1107.5596,949.54114,1.0,1105.1399,970.6737,1.0,1136.2708,949.3907,1.0,1129.9209,982.69073,1.0,1121.4344,999.0756,1.0,1113.9126,1010.6014,1.0,1150.2201,950.72894,1.0,1144.7312,985.61847,1.0,1134.6904,1003.63525,1.0,1125.2297,1015.64825,1.0,1156.6417,949.0957,1.0,1152.8966,981.1592,1.0,1143.8572,998.0755,1.0,1134.9166,1010.33905,1.0,1157.7,946.7147,1.0,1154.7736,973.65765,1.0,1148.1637,988.68835,1.0,1140.4575,999.3072,1.0,768.6709,788.4781,1.0,784.72186,775.851,1.0,800.65546,779.2734,1.0,815.7568,791.1641,1.0,828.49744,804.05457,1.0,774.47455,802.1006,1.0,795.46906,818.66705,1.0,815.0798,821.01373,1.0,830.8088,820.8695,1.0,773.3572,816.81244,1.0,794.7641,837.9742,1.0,817.74316,841.35565,1.0,834.5471,840.7463,1.0,776.76215,827.0886,1.0,794.882,845.34985,1.0,816.88086,847.07263,1.0,833.1673,846.54016,1.0,781.22656,832.23737,1.0,797.1263,845.5097,1.0,812.69666,846.30035,1.0,825.70966,845.0004,1.0
0.0,0.0,0.0,0.0,0.0,0.0,0.0,0.0,0.0,0.0,0.0,0.0,0.0,0.0,0.0,0.0,0.0,0.0,0.0,0.0,0.0,0.0,0.0,0.0,0.0,0.0,0.0,0.0,0.0,0.0,0.0,0.0,0.0,0.0,0.0,0.0,0.0,0.0,0.0,0.0,0.0,0.0,0.0,0.0,0.0,0.0,0.0,0.0,0.0,0.0,0.0,0.0,0.0,0.0,0.0,0.0,0.0,0.0,0.0,0.0,0.0,0.0,0.0,0.0,0.0,0.0,0.0,0.0,0.0,0.0,0.0,0.0,0.0,0.0,0.0,0.0,0.0,0.0,0.0,0.0,0.0,0.0,0.0,0.0,0.0,0.0,0.0,0.0,0.0,0.0,0.0,0.0,0.0,0.0,0.0,0.0,0.0,0.0,0.0,0.0,0.0,0.0,0.0,0.0,0.0,0.0,0.0,0.0,0.0,0.0,0.0,0.0,0.0,0.0,0.0,0.0,0.0,0.0,0.0,0.0,0.0,0.0,0.0,0.0,0.0,0.0,0.0,0.0,0.0,0.0,0.0,0.0,0.0,0.0,0.0,0.0,0.0,0.0,0.0,0.0,0.0,0.0,0.0,0.0,0.0,0.0,0.0,0.0,0.0,0.0,0.0,0.0,0.0,0.0,0.0,0.0,0.0,0.0,0.0,0.0,0.0,0.0,0.0,0.0,0.0,0.0,0.0,0.0,0.0,0.0,0.0,0.0,0.0,0.0,0.0,0.0,0.0,0.0,0.0,0.0,0.0,0.0,0.0,0.0,0.0,0.0,0.0,0.0,0.0,0.0,0.0,0.0,0.0,0.0,0.0,0.0,0.0,0.0,0.0,0.0,0.0,0.0,0.0,0.0,0.0,0.0,0.0,0.0,0.0,0.0,923.3842,294.24713,0.99777085,924.26776,460.4445,0.99960864,771.5886,456.33774,0.99960864,694.91504,643.0671,0.9689073,772.7354,732.4192,0.9675542,1076.9469,464.55127,0.9996845,1134.7416,684.72577,0.98133653,1145.1979,881.50616,0.9458887,922.1799,941.2348,0.9947542,819.9437,939.4895,0.99555737,822.92773,1240.6487,0.22006226,818.1708,1597.016,0.03968263,1024.416,942.98004,0.9947542,1029.8075,1284.9213,0.18118206,1014.0112,1603.5967,0.022371627,895.36255,266.09326,0.9954304,954.3568,268.28516,0.9900913,865.5173,284.0034,0.9889566,979.3346,286.7387,0.99288183,987.57654,1711.5812,0.015497883,987.57654,1711.5812,0.015497883,1010.9625,1643.8654,0.011510608,843.2903,1709.9552,0.020474453,843.2903,1709.9552,0.020474453,817.3253,1642.9425,0.016544014,1142.1344,885.08374,1.0,1114.8507,898.97076,1.0,1106.8503,924.6814,1.0,1107.597,949.62463,1.0,1105.182,970.5587,1.0,1136.2457,949.3429,1.0,1130.0308,982.68976,1.0,1121.498,999.0799,1.0,1114.0222,1010.5232,1.0,1150.2025,950.5501,1.0,1144.8528,985.48175,1.0,1134.8257,1003.4615,1.0,1125.2997,1015.4607,1.0,1156.6699,948.91425,1.0,1152.8728,981.07086,1.0,1143.8167,998.0116,1.0,1134.8345,1010.3101,1.0,1157.7377,946.61084,1.0,1154.7203,973.6153,1.0,1148.0051,988.65137,1.0,1140.2416,999.3068,1.0,783.0292,746.16034,1.0,795.5831,729.0406,1.0,813.1355,726.5397,1.0,831.19434,733.96063,1.0,845.4029,742.86615,1.0,794.54663,750.1592,1.0,817.77136,757.7628,1.0,836.69446,755.638,1.0,851.4659,752.56537,1.0,797.0729,765.23846,1.0,822.2164,776.7933,1.0,843.94446,774.6322,1.0,859.06665,770.561,1.0,802.1286,775.17957,1.0,824.0758,784.4494,1.0,844.5535,781.32135,1.0,859.02826,777.3836,1.0,806.9992,779.6347,1.0,825.0963,785.60004,1.0,839.8454,782.62286,1.0,851.50525,778.6158,1.0
0.0,0.0,0.0,0.0,0.0,0.0,0.0,0.0,0.0,0.0,0.0,0.0,0.0,0.0,0.0,0.0,0.0,0.0,0.0,0.0,0.0,0.0,0.0,0.0,0.0,0.0,0.0,0.0,0.0,0.0,0.0,0.0,0.0,0.0,0.0,0.0,0.0,0.0,0.0,0.0,0.0,0.0,0.0,0.0,0.0,0.0,0.0,0.0,0.0,0.0,0.0,0.0,0.0,0.0,0.0,0.0,0.0,0.0,0.0,0.0,0.0,0.0,0.0,0.0,0.0,0.0,0.0,0.0,0.0,0.0,0.0,0.0,0.0,0.0,0.0,0.0,0.0,0.0,0.0,0.0,0.0,0.0,0.0,0.0,0.0,0.0,0.0,0.0,0.0,0.0,0.0,0.0,0.0,0.0,0.0,0.0,0.0,0.0,0.0,0.0,0.0,0.0,0.0,0.0,0.0,0.0,0.0,0.0,0.0,0.0,0.0,0.0,0.0,0.0,0.0,0.0,0.0,0.0,0.0,0.0,0.0,0.0,0.0,0.0,0.0,0.0,0.0,0.0,0.0,0.0,0.0,0.0,0.0,0.0,0.0,0.0,0.0,0.0,0.0,0.0,0.0,0.0,0.0,0.0,0.0,0.0,0.0,0.0,0.0,0.0,0.0,0.0,0.0,0.0,0.0,0.0,0.0,0.0,0.0,0.0,0.0,0.0,0.0,0.0,0.0,0.0,0.0,0.0,0.0,0.0,0.0,0.0,0.0,0.0,0.0,0.0,0.0,0.0,0.0,0.0,0.0,0.0,0.0,0.0,0.0,0.0,0.0,0.0,0.0,0.0,0.0,0.0,0.0,0.0,0.0,0.0,0.0,0.0,0.0,0.0,0.0,0.0,0.0,0.0,0.0,0.0,0.0,0.0,0.0,0.0,922.9221,289.94098,0.99723387,924.5209,460.2205,0.99954635,771.955,455.99326,0.99954635,690.3796,643.6561,0.9554404,789.40344,693.5509,0.95384604,1077.0868,464.44775,0.9996614,1135.3091,685.6971,0.9758922,1145.2428,880.6474,0.9298199,921.7847,940.80975,0.99445075,819.1584,939.27026,0.9951802,822.1663,1240.1987,0.20671293,817.243,1595.0618,0.037277404,1024.411,942.3493,0.99445075,1029.7341,1282.5374,0.16706532,1012.7199,1603.1722,0.020854374,895.34064,263.21353,0.9942997,954.39136,263.30353,0.98785084,865.8847,282.2885,0.9860336,979.5881,285.47867,0.99143463,986.0006,1711.5317,0.0144373,986.0006,1711.5317,0.0144373,1009.51196,1643.8931,0.010976824,844.06854,1705.2306,0.01916596,844.06854,1705.2306,0.01916596,815.2537,1641.404,0.015791126,1142.1212,885.23956,1.0,1114.7511,898.98914,1.0,1106.7861,924.6205,1.0,1107.5531,949.5507,1.0,1105.0891,970.3505,1.0,1136.1486,949.2973,1.0,1130.0468,982.50604,1.0,1121.5785,998.8849,1.0,1114.0547,1010.3857,1.0,1150.1183,950.519,1.0,1144.698,985.50287,1.0,1134.6288,1003.5726,1.0,1125.0758,1015.72784,1.0,1156.6073,948.9168,1.0,1152.8073,981.0922,1.0,1143.6675,998.16394,1.0,1134.5868,1010.5641,1.0,1157.7292,946.54913,1.0,1154.6854,973.5621,1.0,1147.9817,988.6422,1.0,1140.1636,999.3352,1.0,797.38745,703.8426,1.0,806.44446,682.2301,1.0,825.6155,673.8059,1.0,846.6319,676.75714,1.0,862.3084,681.67773,1.0,814.6188,698.2178,1.0,840.0736,696.8586,1.0,858.3091,690.2622,1.0,872.12305,684.2612,1.0,820.7886,713.66455,1.0,849.6686,715.61237,1.0,870.1458,707.9087,1.0,883.5861,700.37573,1.0,827.49506,723.2705,1.0,853.2696,723.549,1.0,872.22626,715.57007,1.0,884.8892,708.2271,1.0,832.77185,727.03204,1.0,853.0664,725.69037,1.0,866.9941,718.94543,1.0,877.30084,712.23114,1.0
0.0,0.0,0.0,0.0,0.0,0.0,0.0,0.0,0.0,0.0,0.0,0.0,0.0,0.0,0.0,0.0,0.0,0.0,0.0,0.0,0.0,0.0,0.0,0.0,0.0,0.0,0.0,0.0,0.0,0.0,0.0,0.0,0.0,0.0,0.0,0.0,0.0,0.0,0.0,0.0,0.0,0.0,0.0,0.0,0.0,0.0,0.0,0.0,0.0,0.0,0.0,0.0,0.0,0.0,0.0,0.0,0.0,0.0,0.0,0.0,0.0,0.0,0.0,0.0,0.0,0.0,0.0,0.0,0.0,0.0,0.0,0.0,0.0,0.0,0.0,0.0,0.0,0.0,0.0,0.0,0.0,0.0,0.0,0.0,0.0,0.0,0.0,0.0,0.0,0.0,0.0,0.0,0.0,0.0,0.0,0.0,0.0,0.0,0.0,0.0,0.0,0.0,0.0,0.0,0.0,0.0,0.0,0.0,0.0,0.0,0.0,0.0,0.0,0.0,0.0,0.0,0.0,0.0,0.0,0.0,0.0,0.0,0.0,0.0,0.0,0.0,0.0,0.0,0.0,0.0,0.0,0.0,0.0,0.0,0.0,0.0,0.0,0.0,0.0,0.0,0.0,0.0,0.0,0.0,0.0,0.0,0.0,0.0,0.0,0.0,0.0,0.0,0.0,0.0,0.0,0.0,0.0,0.0,0.0,0.0,0.0,0.0,0.0,0.0,0.0,0.0,0.0,0.0,0.0,0.0,0.0,0.0,0.0,0.0,0.0,0.0,0.0,0.0,0.0,0.0,0.0,0.0,0.0,0.0,0.0,0.0,0.0,0.0,0.0,0.0,0.0,0.0,0.0,0.0,0.0,0.0,0.0,0.0,0.0,0.0,0.0,0.0,0.0,0.0,0.0,0.0,0.0,0.0,0.0,0.0,921.51544,286.9526,0.996812,924.7464,459.7917,0.9995007,772.31067,455.7616,0.9995007,688.553,644.38196,0.94346035,799.99744,654.1952,0.95001274,1077.1821,463.8218,0.9996556,1135.979,686.6785,0.97245336,1145.0215,880.51294,0.92270774,921.3968,939.2807,0.994288,818.34296,937.9242,0.99490094,821.1722,1240.165,0.19460906,814.591,1595.0088,0.035789363,1024.4507,940.6372,0.994288,1029.1471,1280.6345,0.15504417,1011.4922,1602.389,0.019858839,895.0724,261.15198,0.993543,954.2741,259.82535,0.9860897,865.99994,280.68735,0.9837692,979.3181,284.31543,0.9904228,986.11334,1711.3922,0.013788806,986.11334,1711.3922,0.013788806,1007.9471,1643.7289,0.010863253,844.7277,1703.383,0.018287625,844.7277,1703.383,0.018287625,810.6479,1641.7991,0.015477598,1142.4266,885.0491,1.0,1114.8079,898.60284,1.0,1106.6877,924.43744,1.0,1107.4637,949.45734,1.0,1105.0515,970.08777,1.0,1136.3358,949.21326,1.0,1130.2671,981.9491,1.0,1121.8137,998.4554,1.0,1114.2134,1010.13995,1.0,1150.288,950.40326,1.0,1144.85,985.0064,1.0,1134.7825,1003.2078,1.0,1125.2567,1015.6734,1.0,1156.6744,948.74023,1.0,1152.9467,980.6398,1.0,1143.814,997.8272,1.0,1134.7179,1010.29913,1.0,1157.7465,946.256,1.0,1154.752,973.0765,1.0,1148.1261,988.31555,1.0,1140.3687,999.11664,1.0,811.7457,661.5249,1.0,817.3058,635.4196,1.0,838.0955,621.0722,1.0,862.06946,619.5536,1.0,879.21387,620.4893,1.0,834.69086,646.27637,1.0,862.3759,635.95435,1.0,879.9237,624.8865,1.0,892.7802,615.95715,1.0,844.5043,662.0906,1.0,877.12085,654.43146,1.0,896.34717,641.18524,1.0,908.10565,630.1904,1.0,852.8615,671.36145,1.0,882.4634,662.6486,1.0,899.899,649.81885,1.0,910.7501,639.07056,1.0,858.5445,674.4294,1.0,881.03644,665.7807,1.0,894.1428,655.268,1.0,903.0965,645.8465,1.0
0.0,0.0,0.0,0.0,0.0,0.0,0.0,0.0,0.0,0.0,0.0,0.0,0.0,0.0,0.0,0.0,0.0,0.0,0.0,0.0,0.0,0.0,0.0,0.0,0.0,0.0,0.0,0.0,0.0,0.0,0.0,0.0,0.0,0.0,0.0,0.0,0.0,0.0,0.0,0.0,0.0,0.0,0.0,0.0,0.0,0.0,0.0,0.0,0.0,0.0,0.0,0.0,0.0,0.0,0.0,0.0,0.0,0.0,0.0,0.0,0.0,0.0,0.0,0.0,0.0,0.0,0.0,0.0,0.0,0.0,0.0,0.0,0.0,0.0,0.0,0.0,0.0,0.0,0.0,0.0,0.0,0.0,0.0,0.0,0.0,0.0,0.0,0.0,0.0,0.0,0.0,0.0,0.0,0.0,0.0,0.0,0.0,0.0,0.0,0.0,0.0,0.0,0.0,0.0,0.0,0.0,0.0,0.0,0.0,0.0,0.0,0.0,0.0,0.0,0.0,0.0,0.0,0.0,0.0,0.0,0.0,0.0,0.0,0.0,0.0,0.0,0.0,0.0,0.0,0.0,0.0,0.0,0.0,0.0,0.0,0.0,0.0,0.0,0.0,0.0,0.0,0.0,0.0,0.0,0.0,0.0,0.0,0.0,0.0,0.0,0.0,0.0,0.0,0.0,0.0,0.0,0.0,0.0,0.0,0.0,0.0,0.0,0.0,0.0,0.0,0.0,0.0,0.0,0.0,0.0,0.0,0.0,0.0,0.0,0.0,0.0,0.0,0.0,0.0,0.0,0.0,0.0,0.0,0.0,0.0,0.0,0.0,0.0,0.0,0.0,0.0,0.0,0.0,0.0,0.0,0.0,0.0,0.0,0.0,0.0,0.0,0.0,0.0,0.0,0.0,0.0,0.0,0.0,0.0,0.0,919.8857,286.2913,0.996804,924.98956,459.19675,0.9994859,772.63245,455.25824,0.9994859,687.5262,645.03564,0.93237764,811.7863,614.2298,0.95104575,1077.3468,463.13522,0.99966884,1136.6859,688.09216,0.971223,1144.6235,880.6026,0.9248312,921.36957,936.8547,0.9942336,818.0868,935.73175,0.9946716,820.6238,1239.837,0.18108773,811.4374,1592.7343,0.034316704,1024.6523,937.9776,0.9942336,1028.3478,1278.7963,0.14370269,1009.73584,1599.2946,0.019012248,894.6308,260.8709,0.9936289,954.1499,259.586,0.9861881,866.06244,280.16565,0.9837441,978.8197,284.24686,0.99067503,986.09894,1708.6588,0.013336218,986.09894,1708.6588,0.013336218,1005.9546,1641.7076,0.010898753,844.5647,1698.2593,0.017446125,844.5647,1698.2593,0.017446125,805.8074,1640.4744,0.015217321,1142.3018,884.8687,1.0,1114.6367,898.49225,1.0,1106.775,924.4509,1.0,1107.5874,949.4406,1.0,1105.0181,970.04877,1.0,1136.6655,949.0936,1.0,1130.2328,981.77155,1.0,1121.6188,998.471,1.0,1114.0256,1010.27856,1.0,1150.5833,950.0456,1.0,1144.9646,984.65845,1.0,1134.7009,1003.027,1.0,1125.1495,1015.58325,1.0,1156.8673,948.0488,1.0,1153.1826,979.9883,1.0,1143.9806,997.32794,1.0,1134.8048,1009.90704,1.0,1157.8228,945.25665,1.0,1154.992,972.127,1.0,1148.3136,987.5407,1.0,1140.5953,998.3743,1.0,826.10406,619.20715,1.0,828.1671,588.6092,1.0,850.5755,568.3385,1.0,877.507,562.3501,1.0,896.1193,559.3009,1.0,854.76294,594.33496,1.0,884.67816,575.0501,1.0,901.5383,559.5107,1.0,913.4374,547.653,1.0,868.22,610.51666,1.0,904.5731,593.25055,1.0,922.54846,574.4618,1.0,932.6251,560.0052,1.0,878.22797,619.4524,1.0,911.65717,601.7482,1.0,927.57166,584.06757,1.0,936.6111,569.914,1.0,884.31714,621.8268,1.0,909.00653,605.87103,1.0,921.2915,591.5906,1.0,928.8921,579.46185,1.0
0.0,0.0,0.0,0.0,0.0,0.0,0.0,0.0,0.0,0.0,0.0,0.0,0.0,0.0,0.0,0.0,0.0,0.0,0.0,0.0,0.0,0.0,0.0,0.0,0.0,0.0,0.0,0.0,0.0,0.0,0.0,0.0,0.0,0.0,0.0,0.0,0.0,0.0,0.0,0.0,0.0,0.0,0.0,0.0,0.0,0.0,0.0,0.0,0.0,0.0,0.0,0.0,0.0,0.0,0.0,0.0,0.0,0.0,0.0,0.0,0.0,0.0,0.0,0.0,0.0,0.0,0.0,0.0,0.0,0.0,0.0,0.0,0.0,0.0,0.0,0.0,0.0,0.0,0.0,0.0,0.0,0.0,0.0,0.0,0.0,0.0,0.0,0.0,0.0,0.0,0.0,0.0,0.0,0.0,0.0,0.0,0.0,0.0,0.0,0.0,0.0,0.0,0.0,0.0,0.0,0.0,0.0,0.0,0.0,0.0,0.0,0.0,0.0,0.0,0.0,0.0,0.0,0.0,0.0,0.0,0.0,0.0,0.0,0.0,0.0,0.0,0.0,0.0,0.0,0.0,0.0,0.0,0.0,0.0,0.0,0.0,0.0,0.0,0.0,0.0,0.0,0.0,0.0,0.0,0.0,0.0,0.0,0.0,0.0,0.0,0.0,0.0,0.0,0.0,0.0,0.0,0.0,0.0,0.0,0.0,0.0,0.0,0.0,0.0,0.0,0.0,0.0,0.0,0.0,0.0,0.0,0.0,0.0,0.0,0.0,0.0,0.0,0.0,0.0,0.0,0.0,0.0,0.0,0.0,0.0,0.0,0.0,0.0,0.0,0.0,0.0,0.0,0.0,0.0,0.0,0.0,0.0,0.0,0.0,0.0,0.0,0.0,0.0,0.0,0.0,0.0,0.0,0.0,0.0,0.0,918.6158,284.75256,0.99693894,925.07196,458.27374,0.9994811,772.80414,454.62146,0.9994811,687.05756,645.94794,0.9241335,826.20905,577.391,0.95322174,1077.3398,461.92603,0.9996837,1137.1758,688.0617,0.9697465,1144.3153,880.6286,0.9269776,921.33246,935.59894,0.9941794,817.6898,934.5245,0.9944472,819.76074,1238.1733,0.16808043,809.75836,1586.988,0.03248503,1024.9751,936.67346,0.9941794,1028.7631,1274.6523,0.13296893,1009.7215,1594.6996,0.018100591,894.29877,260.15656,0.99396855,954.17255,258.9442,0.9868313,866.119,279.45728,0.9844768,978.6977,284.1521,0.9912055,985.5968,1704.26,0.012832767,985.5968,1704.26,0.012832767,1006.08185,1638.3168,0.0108662695,844.09937,1689.7235,0.016479364,844.09937,1689.7235,0.016479364,803.6442,1637.0564,0.01486301,1142.0549,885.06647,1.0,1114.4413,898.62665,1.0,1106.8429,924.40686,1.0,1107.7164,949.3896,1.0,1105.0254,969.93884,1.0,1136.7258,948.6688,1.0,1130.235,981.85236,1.0,1121.6523,998.5609,1.0,1114.0569,1010.32654,1.0,1150.6393,949.67065,1.0,1144.8287,984.8928,1.0,1134.4003,1003.3433,1.0,1124.7035,1015.87897,1.0,1156.9803,947.73566,1.0,1153.0636,980.091,1.0,1143.6207,997.5348,1.0,1134.2462,1010.10223,1.0,1157.9792,945.0126,1.0,1154.9988,972.0751,1.0,1148.1062,987.48016,1.0,1140.2633,998.1935,1.0,834.13586,590.5905,1.0,844.76404,571.5909,1.0,867.353,554.66455,1.0,887.9685,542.2712,1.0,901.1391,531.2037,1.0,876.1721,566.9358,1.0,904.73126,543.02026,1.0,920.59766,523.8233,1.0,931.70496,508.5023,1.0,885.70233,573.8857,1.0,915.0543,547.91046,1.0,929.9562,526.537,1.0,939.2204,511.38544,1.0,891.32245,576.0448,1.0,917.91547,551.71313,1.0,931.3458,532.09875,1.0,939.9153,518.39526,1.0,893.4121,574.70044,1.0,913.80426,555.0741,1.0,923.5595,539.69604,1.0,929.893,528.801,1.0
0.0,0.0,0.0,0.0,0.0,0.0,0.0,0.0,0.0,0.0,0.0,0.0,0.0,0.0,0.0,0.0,0.0,0.0,0.0,0.0,0.0,0.0,0.0,0.0,0.0,0.0,0.0,0.0,0.0,0.0,0.0,0.0,0.0,0.0,0.0,0.0,0.0,0.0,0.0,0.0,0.0,0.0,0.0,0.0,0.0,0.0,0.0,0.0,0.0,0.0,0.0,0.0,0.0,0.0,0.0,0.0,0.0,0.0,0.0,0.0,0.0,0.0,0.0,0.0,0.0,0.0,0.0,0.0,0.0,0.0,0.0,0.0,0.0,0.0,0.0,0.0,0.0,0.0,0.0,0.0,0.0,0.0,0.0,0.0,0.0,0.0,0.0,0.0,0.0,0.0,0.0,0.0,0.0,0.0,0.0,0.0,0.0,0.0,0.0,0.0,0.0,0.0,0.0,0.0,0.0,0.0,0.0,0.0,0.0,0.0,0.0,0.0,0.0,0.0,0.0,0.0,0.0,0.0,0.0,0.0,0.0,0.0,0.0,0.0,0.0,0.0,0.0,0.0,0.0,0.0,0.0,0.0,0.0,0.0,0.0,0.0,0.0,0.0,0.0,0.0,0.0,0.0,0.0,0.0,0.0,0.0,0.0,0.0,0.0,0.0,0.0,0.0,0.0,0.0,0.0,0.0,0.0,0.0,0.0,0.0,0.0,0.0,0.0,0.0,0.0,0.0,0.0,0.0,0.0,0.0,0.0,0.0,0.0,0.0,0.0,0.0,0.0,0.0,0.0,0.0,0.0,0.0,0.0,0.0,0.0,0.0,0.0,0.0,0.0,0.0,0.0,0.0,0.0,0.0,0.0,0.0,0.0,0.0,0.0,0.0,0.0,0.0,0.0,0.0,0.0,0.0,0.0,0.0,0.0,0.0,916.7523,284.96765,0.9970622,925.084,457.57776,0.9994761,772.8914,454.01227,0.9994761,687.4116,647.63165,0.9176965,837.04944,548.5762,0.95583755,1077.2766,461.14325,0.99969476,1137.6517,687.63513,0.9677519,1143.7413,880.6835,0.9281723,920.6804,934.60315,0.99410015,816.77045,933.3794,0.99423593,818.4299,1236.3955,0.1560308,808.7184,1584.8625,0.030718958,1024.5903,935.82697,0.9941121,1028.384,1272.4337,0.12323981,1009.46655,1592.9968,0.017178489,893.5777,260.17514,0.9942855,954.09906,259.5162,0.9874245,866.05115,279.41138,0.98519313,978.6326,284.55334,0.9916891,983.45856,1703.1525,0.012298745,983.45856,1703.1525,0.012298745,1006.2112,1636.9769,0.010777498,842.8705,1685.5366,0.0155554265,842.8705,1685.5366,0.0155554265,802.77637,1636.5597,0.014531803,1141.7611,885.0976,1.0,1114.3824,898.7077,1.0,1106.9084,924.37683,1.0,1107.72,949.3051,1.0,1104.973,969.8419,1.0,1136.7728,948.2598,1.0,1130.2942,982.0041,1.0,1121.9167,998.63934,1.0,1114.4161,1010.295,1.0,1150.8413,949.2502,1.0,1144.8442,984.9402,1.0,1134.5962,1003.2993,1.0,1125.0728,1015.7604,1.0,1157.4314,947.36206,1.0,1153.1798,979.9812,1.0,1143.8842,997.42346,1.0,1134.7288,1010.0546,1.0,1158.6556,944.6371,1.0,1155.4017,971.83234,1.0,1148.6573,987.2281,1.0,1140.9594,997.89923,1.0,843.45404,558.90576,1.0,845.89307,534.5288,1.0,864.3346,514.19684,1.0,884.6482,501.70914,1.0,898.2016,494.07385,1.0,876.31647,522.3044,1.0,900.7355,497.25653,1.0,913.71857,480.59467,1.0,922.5157,468.56006,1.0,889.8366,530.6567,1.0,917.5156,502.34222,1.0,929.7963,482.5163,1.0,936.3527,469.37375,1.0,898.4262,535.56256,1.0,924.43286,509.6325,1.0,935.3644,490.88123,1.0,940.88574,478.37875,1.0,901.89795,537.41864,1.0,919.2195,516.5719,1.0,925.88544,502.22043,1.0,929.05566,492.39737,1.0
0.0,0.0,0.0,0.0,0.0,0.0,0.0,0.0,0.0,0.0,0.0,0.0,0.0,0.0,0.0,0.0,0.0,0.0,0.0,0.0,0.0,0.0,0.0,0.0,0.0,0.0,0.0,0.0,0.0,0.0,0.0,0.0,0.0,0.0,0.0,0.0,0.0,0.0,0.0,0.0,0.0,0.0,0.0,0.0,0.0,0.0,0.0,0.0,0.0,0.0,0.0,0.0,0.0,0.0,0.0,0.0,0.0,0.0,0.0,0.0,0.0,0.0,0.0,0.0,0.0,0.0,0.0,0.0,0.0,0.0,0.0,0.0,0.0,0.0,0.0,0.0,0.0,0.0,0.0,0.0,0.0,0.0,0.0,0.0,0.0,0.0,0.0,0.0,0.0,0.0,0.0,0.0,0.0,0.0,0.0,0.0,0.0,0.0,0.0,0.0,0.0,0.0,0.0,0.0,0.0,0.0,0.0,0.0,0.0,0.0,0.0,0.0,0.0,0.0,0.0,0.0,0.0,0.0,0.0,0.0,0.0,0.0,0.0,0.0,0.0,0.0,0.0,0.0,0.0,0.0,0.0,0.0,0.0,0.0,0.0,0.0,0.0,0.0,0.0,0.0,0.0,0.0,0.0,0.0,0.0,0.0,0.0,0.0,0.0,0.0,0.0,0.0,0.0,0.0,0.0,0.0,0.0,0.0,0.0,0.0,0.0,0.0,0.0,0.0,0.0,0.0,0.0,0.0,0.0,0.0,0.0,0.0,0.0,0.0,0.0,0.0,0.0,0.0,0.0,0.0,0.0,0.0,0.0,0.0,0.0,0.0,0.0,0.0,0.0,0.0,0.0,0.0,0.0,0.0,0.0,0.0,0.0,0.0,0.0,0.0,0.0,0.0,0.0,0.0,0.0,0.0,0.0,0.0,0.0,0.0,915.25574,285.25848,0.9971948,925.05383,456.81747,0.99946386,773.07983,453.17545,0.99946386,688.9777,647.7498,0.91249156,845.097,522.9702,0.9585978,1077.0278,460.45953,0.99970704,1138.3722,686.01013,0.9663637,1143.7161,880.10046,0.93074715,919.6299,934.282,0.99384916,815.9312,932.8767,0.99384916,817.86786,1235.883,0.14542839,807.81165,1584.4418,0.029466463,1023.3285,935.6872,0.9939308,1026.6693,1270.7427,0.115092956,1009.2264,1591.0061,0.016699579,892.9606,260.211,0.9946018,953.866,259.9776,0.9880808,866.03845,279.36615,0.9859064,978.4595,284.99518,0.99221355,983.01624,1699.0317,0.012106348,983.01624,1699.0317,0.012106348,1006.48615,1635.6918,0.011006933,842.02655,1684.3326,0.014857338,842.02655,1684.3326,0.014857338,801.7294,1636.8672,0.014414973,1142.2068,884.6201,1.0,1114.8789,898.29236,1.0,1107.549,924.28876,1.0,1108.2639,949.0218,1.0,1105.4877,969.3932,1.0,1137.1176,948.32227,1.0,1131.1371,981.5898,1.0,1122.5145,998.2492,1.0,1114.757,1009.8989,1.0,1151.0,949.2771,1.0,1145.4271,984.21277,1.0,1135.3334,1002.686,1.0,1125.7467,1015.40424,1.0,1157.4493,947.5365,1.0,1153.2233,979.73413,1.0,1144.112,997.2876,1.0,1135.0348,1010.1155,1.0,1158.601,945.05066,1.0,1155.1461,971.9602,1.0,1148.4977,987.45966,1.0,1140.8446,998.4449,1.0,852.77216,527.22095,1.0,847.0221,497.46677,1.0,861.3162,473.72913,1.0,881.3279,461.1471,1.0,895.26416,456.94403,1.0,876.46075,477.67303,1.0,896.7396,451.49286,1.0,906.8394,437.36597,1.0,913.32635,428.6178,1.0,893.9709,487.42773,1.0,919.9769,456.77396,1.0,929.6364,438.49557,1.0,933.485,427.36203,1.0,905.53,495.08038,1.0,930.9503,467.55188,1.0,939.3829,449.6637,1.0,941.8562,438.36224,1.0,910.3838,500.13684,1.0,924.6347,478.06967,1.0,928.2113,464.74484,1.0,928.2183,455.9937,1.0
0.0,0.0,0.0,0.0,0.0,0.0,0.0,0.0,0.0,0.0,0.0,0.0,0.0,0.0,0.0,0.0,0.0,0.0,0.0,0.0,0.0,0.0,0.0,0.0,0.0,0.0,0.0,0.0,0.0,0.0,0.0,0.0,0.0,0.0,0.0,0.0,0.0,0.0,0.0,0.0,0.0,0.0,0.0,0.0,0.0,0.0,0.0,0.0,0.0,0.0,0.0,0.0,0.0,0.0,0.0,0.0,0.0,0.0,0.0,0.0,0.0,0.0,0.0,0.0,0.0,0.0,0.0,0.0,0.0,0.0,0.0,0.0,0.0,0.0,0.0,0.0,0.0,0.0,0.0,0.0,0.0,0.0,0.0,0.0,0.0,0.0,0.0,0.0,0.0,0.0,0.0,0.0,0.0,0.0,0.0,0.0,0.0,0.0,0.0,0.0,0.0,0.0,0.0,0.0,0.0,0.0,0.0,0.0,0.0,0.0,0.0,0.0,0.0,0.0,0.0,0.0,0.0,0.0,0.0,0.0,0.0,0.0,0.0,0.0,0.0,0.0,0.0,0.0,0.0,0.0,0.0,0.0,0.0,0.0,0.0,0.0,0.0,0.0,0.0,0.0,0.0,0.0,0.0,0.0,0.0,0.0,0.0,0.0,0.0,0.0,0.0,0.0,0.0,0.0,0.0,0.0,0.0,0.0,0.0,0.0,0.0,0.0,0.0,0.0,0.0,0.0,0.0,0.0,0.0,0.0,0.0,0.0,0.0,0.0,0.0,0.0,0.0,0.0,0.0,0.0,0.0,0.0,0.0,0.0,0.0,0.0,0.0,0.0,0.0,0.0,0.0,0.0,0.0,0.0,0.0,0.0,0.0,0.0,0.0,0.0,0.0,0.0,0.0,0.0,0.0,0.0,0.0,0.0,0.0,0.0,915.0907,285.87912,0.99731183,925.0583,455.65866,0.99944144,773.2623,451.45032,0.99944144,693.32776,644.1847,0.9075205,852.5622,493.60556,0.9613662,1076.8542,459.867,0.99971354,1138.5837,684.6659,0.96387374,1143.5889,879.5679,0.93192077,919.2575,933.7775,0.993441,815.6024,932.4428,0.993441,817.01306,1236.1104,0.13591164,807.82227,1585.5963,0.028439315,1022.9126,935.1122,0.99368006,1024.2157,1271.4916,0.107570484,1008.2252,1591.3678,0.01616243,892.69037,260.2352,0.9948891,953.72614,261.0236,0.9886705,865.9493,279.2584,0.98659146,978.5574,285.704,0.99268043,981.52625,1700.3876,0.011863915,981.52625,1700.3876,0.011863915,1006.219,1635.762,0.011078144,840.7593,1686.2208,0.014321401,840.7593,1686.2208,0.014321401,801.9928,1638.3999,0.014350038,1142.9193,884.3259,1.0,1115.756,897.9877,1.0,1108.35,923.8696,1.0,1109.0084,948.6016,1.0,1106.3271,969.0914,1.0,1137.652,948.0251,1.0,1131.6194,981.12897,1.0,1122.7797,997.92865,1.0,1114.977,1009.7107,1.0,1151.3379,949.3255,1.0,1145.5161,983.8784,1.0,1135.1774,1002.38007,1.0,1125.3695,1015.21136,1.0,1157.5327,947.99524,1.0,1152.953,980.1617,1.0,1143.3623,997.86926,1.0,1133.8522,1010.7714,1.0,1158.4119,946.0929,1.0,1154.5754,973.00256,1.0,1147.4556,988.59125,1.0,1139.4156,999.72266,1.0,862.0903,495.53616,1.0,848.1512,460.40472,1.0,858.2978,433.2614,1.0,878.00757,420.58505,1.0,892.32666,419.8142,1.0,876.6051,433.04166,1.0,892.74384,405.72916,1.0,899.96027,394.1373,1.0,904.137,388.67557,1.0,898.1052,444.1988,1.0,922.43823,411.20572,1.0,929.47656,394.47485,1.0,930.61725,385.3503,1.0,912.63385,454.59818,1.0,937.4678,425.47125,1.0,943.4014,408.44614,1.0,942.82666,398.34573,1.0,918.8696,462.85504,1.0,930.0499,439.56744,1.0,930.5372,427.26926,1.0,927.381,419.5901,1.0
0.0,0.0,0.0,0.0,0.0,0.0,0.0,0.0,0.0,0.0,0.0,0.0,0.0,0.0,0.0,0.0,0.0,0.0,0.0,0.0,0.0,0.0,0.0,0.0,0.0,0.0,0.0,0.0,0.0,0.0,0.0,0.0,0.0,0.0,0.0,0.0,0.0,0.0,0.0,0.0,0.0,0.0,0.0,0.0,0.0,0.0,0.0,0.0,0.0,0.0,0.0,0.0,0.0,0.0,0.0,0.0,0.0,0.0,0.0,0.0,0.0,0.0,0.0,0.0,0.0,0.0,0.0,0.0,0.0,0.0,0.0,0.0,0.0,0.0,0.0,0.0,0.0,0.0,0.0,0.0,0.0,0.0,0.0,0.0,0.0,0.0,0.0,0.0,0.0,0.0,0.0,0.0,0.0,0.0,0.0,0.0,0.0,0.0,0.0,0.0,0.0,0.0,0.0,0.0,0.0,0.0,0.0,0.0,0.0,0.0,0.0,0.0,0.0,0.0,0.0,0.0,0.0,0.0,0.0,0.0,0.0,0.0,0.0,0.0,0.0,0.0,0.0,0.0,0.0,0.0,0.0,0.0,0.0,0.0,0.0,0.0,0.0,0.0,0.0,0.0,0.0,0.0,0.0,0.0,0.0,0.0,0.0,0.0,0.0,0.0,0.0,0.0,0.0,0.0,0.0,0.0,0.0,0.0,0.0,0.0,0.0,0.0,0.0,0.0,0.0,0.0,0.0,0.0,0.0,0.0,0.0,0.0,0.0,0.0,0.0,0.0,0.0,0.0,0.0,0.0,0.0,0.0,0.0,0.0,0.0,0.0,0.0,0.0,0.0,0.0,0.0,0.0,0.0,0.0,0.0,0.0,0.0,0.0,0.0,0.0,0.0,0.0,0.0,0.0,0.0,0.0,0.0,0.0,0.0,0.0,914.95905,286.9232,0.9974417,925.3951,453.73587,0.99942845,773.976,448.62805,0.99942845,698.3637,638.63104,0.9045604,861.43384,471.7953,0.96417373,1076.8141,458.8437,0.9997226,1138.5717,684.4649,0.9620424,1143.1959,879.6611,0.9342276,919.2331,932.5173,0.99301076,815.5912,931.4964,0.99301076,817.7421,1236.2223,0.1278899,808.5122,1588.7844,0.02785878,1022.875,933.53815,0.9934206,1024.1171,1272.0306,0.10094703,1007.98773,1591.5326,0.01576504,892.3319,260.24667,0.99518,953.69214,262.05298,0.98931575,865.7769,279.10913,0.9872984,978.85504,286.6786,0.9931632,981.57275,1702.1001,0.0117636975,981.57275,1702.1001,0.0117636975,1006.1625,1636.426,0.011279356,841.09705,1688.7278,0.014055306,841.09705,1688.7278,0.014055306,802.3926,1644.402,0.014528687,1143.3718,884.2553,1.0,1116.4893,897.7346,1.0,1109.1344,923.4184,1.0,1109.5812,948.47906,1.0,1106.7468,969.1832,1.0,1138.7998,947.6832,1.0,1131.8267,980.8088,1.0,1123.0298,997.6514,1.0,1115.4366,1009.71606,1.0,1152.1575,949.1116,1.0,1145.6451,983.76776,1.0,1135.2942,1002.31006,1.0,1125.7015,1015.3542,1.0,1157.9689,947.7127,1.0,1153.1854,979.8447,1.0,1143.8203,997.498,1.0,1134.5435,1010.3608,1.0,1158.4431,945.7797,1.0,1154.6034,972.6822,1.0,1147.5728,988.0931,1.0,1139.7045,999.09607,1.0,864.2082,479.52142,1.0,847.647,447.78473,1.0,857.7062,419.10748,1.0,878.0457,406.6553,1.0,892.5207,406.69516,1.0,877.0776,417.56958,1.0,894.28723,384.98264,1.0,899.62103,374.2943,1.0,900.85596,372.5071,1.0,898.6004,426.6783,1.0,922.76935,390.1663,1.0,927.2531,374.5809,1.0,925.01166,368.9965,1.0,912.7381,436.8304,1.0,936.69,404.85886,1.0,940.1256,388.78867,1.0,936.9146,382.31793,1.0,918.71716,445.92148,1.0,925.7958,422.42874,1.0,921.20215,411.44873,1.0,914.10315,406.85834,1.0
0.0,0.0,0.0,0.0,0.0,0.0,0.0,0.0,0.0,0.0,0.0,0.0,0.0,0.0,0.0,0.0,0.0,0.0,0.0,0.0,0.0,0.0,0.0,0.0,0.0,0.0,0.0,0.0,0.0,0.0,0.0,0.0,0.0,0.0,0.0,0.0,0.0,0.0,0.0,0.0,0.0,0.0,0.0,0.0,0.0,0.0,0.0,0.0,0.0,0.0,0.0,0.0,0.0,0.0,0.0,0.0,0.0,0.0,0.0,0.0,0.0,0.0,0.0,0.0,0.0,0.0,0.0,0.0,0.0,0.0,0.0,0.0,0.0,0.0,0.0,0.0,0.0,0.0,0.0,0.0,0.0,0.0,0.0,0.0,0.0,0.0,0.0,0.0,0.0,0.0,0.0,0.0,0.0,0.0,0.0,0.0,0.0,0.0,0.0,0.0,0.0,0.0,0.0,0.0,0.0,0.0,0.0,0.0,0.0,0.0,0.0,0.0,0.0,0.0,0.0,0.0,0.0,0.0,0.0,0.0,0.0,0.0,0.0,0.0,0.0,0.0,0.0,0.0,0.0,0.0,0.0,0.0,0.0,0.0,0.0,0.0,0.0,0.0,0.0,0.0,0.0,0.0,0.0,0.0,0.0,0.0,0.0,0.0,0.0,0.0,0.0,0.0,0.0,0.0,0.0,0.0,0.0,0.0,0.0,0.0,0.0,0.0,0.0,0.0,0.0,0.0,0.0,0.0,0.0,0.0,0.0,0.0,0.0,0.0,0.0,0.0,0.0,0.0,0.0,0.0,0.0,0.0,0.0,0.0,0.0,0.0,0.0,0.0,0.0,0.0,0.0,0.0,0.0,0.0,0.0,0.0,0.0,0.0,0.0,0.0,0.0,0.0,0.0,0.0,0.0,0.0,0.0,0.0,0.0,0.0,914.94324,287.0379,0.99749774,925.81805,452.02084,0.99941444,774.8504,446.83353,0.99941444,702.52893,633.27594,0.900909,867.2424,462.83148,0.96658313,1076.7856,457.20813,0.9997245,1138.48,683.6977,0.95758224,1142.4696,880.08325,0.9332387,919.14417,931.07574,0.99254155,815.5672,930.5727,0.99254155,818.6777,1236.3663,0.11887593,809.56506,1590.3849,0.026434384,1022.7212,931.5788,0.9930534,1024.3016,1272.3577,0.09349709,1009.701,1592.0723,0.014877406,892.25195,260.17816,0.9953475,953.6906,262.17365,0.98964834,865.7609,278.80368,0.98772675,979.0268,286.70316,0.9934582,982.69336,1702.6609,0.01121222,982.69336,1702.6609,0.01121222,1008.6291,1636.657,0.010967838,842.21875,1689.4515,0.013372685,842.21875,1689.4515,0.013372685,803.1129,1646.8926,0.014106103,1143.0941,884.37775,1.0,1116.5736,898.1841,1.0,1109.6534,923.7382,1.0,1110.2761,948.37976,1.0,1107.329,968.93634,1.0,1139.3955,947.4231,1.0,1132.1958,980.87,1.0,1123.2828,997.83563,1.0,1115.6196,1009.9772,1.0,1152.4968,948.8457,1.0,1145.8885,983.8633,1.0,1135.4362,1002.4303,1.0,1125.8851,1015.38617,1.0,1157.9689,947.64197,1.0,1153.2035,980.069,1.0,1143.8114,997.691,1.0,1134.5844,1010.55286,1.0,1158.1439,945.8369,1.0,1154.4348,972.9882,1.0,1147.3716,988.3783,1.0,1139.4554,999.3121,1.0,865.10846,469.14914,1.0,850.5791,435.65167,1.0,860.10736,409.74133,1.0,880.60925,402.42722,1.0,894.4209,403.87253,1.0,877.64886,406.05304,1.0,894.6277,373.61743,1.0,900.2712,363.95285,1.0,901.67554,364.10913,1.0,898.808,414.71735,1.0,921.4189,377.22604,1.0,924.9687,362.46155,1.0,922.5886,358.38943,1.0,912.99963,425.30118,1.0,936.57513,392.9745,1.0,938.29517,377.96735,1.0,934.4647,372.91608,1.0,919.804,435.8466,1.0,922.6586,414.86823,1.0,914.606,407.3234,1.0,905.5377,406.47168,1.0
0.0,0.0,0.0,0.0,0.0,0.0,0.0,0.0,0.0,0.0,0.0,0.0,0.0,0.0,0.0,0.0,0.0,0.0,0.0,0.0,0.0,0.0,0.0,0.0,0.0,0.0,0.0,0.0,0.0,0.0,0.0,0.0,0.0,0.0,0.0,0.0,0.0,0.0,0.0,0.0,0.0,0.0,0.0,0.0,0.0,0.0,0.0,0.0,0.0,0.0,0.0,0.0,0.0,0.0,0.0,0.0,0.0,0.0,0.0,0.0,0.0,0.0,0.0,0.0,0.0,0.0,0.0,0.0,0.0,0.0,0.0,0.0,0.0,0.0,0.0,0.0,0.0,0.0,0.0,0.0,0.0,0.0,0.0,0.0,0.0,0.0,0.0,0.0,0.0,0.0,0.0,0.0,0.0,0.0,0.0,0.0,0.0,0.0,0.0,0.0,0.0,0.0,0.0,0.0,0.0,0.0,0.0,0.0,0.0,0.0,0.0,0.0,0.0,0.0,0.0,0.0,0.0,0.0,0.0,0.0,0.0,0.0,0.0,0.0,0.0,0.0,0.0,0.0,0.0,0.0,0.0,0.0,0.0,0.0,0.0,0.0,0.0,0.0,0.0,0.0,0.0,0.0,0.0,0.0,0.0,0.0,0.0,0.0,0.0,0.0,0.0,0.0,0.0,0.0,0.0,0.0,0.0,0.0,0.0,0.0,0.0,0.0,0.0,0.0,0.0,0.0,0.0,0.0,0.0,0.0,0.0,0.0,0.0,0.0,0.0,0.0,0.0,0.0,0.0,0.0,0.0,0.0,0.0,0.0,0.0,0.0,0.0,0.0,0.0,0.0,0.0,0.0,0.0,0.0,0.0,0.0,0.0,0.0,0.0,0.0,0.0,0.0,0.0,0.0,0.0,0.0,0.0,0.0,0.0,0.0,914.9553,287.46042,0.99757457,925.9328,451.54947,0.9993943,775.1078,446.26447,0.9993943,706.9868,629.89154,0.8979076,867.9611,458.9812,0.9687423,1076.7578,456.83447,0.9997262,1138.4708,683.52954,0.9540538,1142.2191,880.0778,0.9326295,919.10626,930.7542,0.99225056,815.5478,930.17065,0.99225056,819.59186,1236.395,0.11212396,810.1125,1592.1084,0.025834328,1022.6647,931.33777,0.9928432,1023.07007,1272.5812,0.08759485,1008.5044,1592.4305,0.014465354,892.2362,260.2843,0.99554354,953.69727,262.472,0.9900654,865.7813,278.85336,0.98819965,979.27954,286.92365,0.9937984,982.99426,1702.9746,0.011028763,982.99426,1702.9746,0.011028763,1006.3609,1636.8018,0.01108305,843.8364,1692.6844,0.013058433,843.8364,1692.6844,0.013058433,803.3077,1649.0228,0.014137676,1143.4789,884.5695,1.0,1117.0475,898.2828,1.0,1110.1852,923.83484,1.0,1110.9705,948.4323,1.0,1108.0276,968.8945,1.0,1139.7021,947.13385,1.0,1132.9265,980.6257,1.0,1123.8899,997.5866,1.0,1115.9675,1009.6229,1.0,1152.7501,948.7145,1.0,1146.418,983.56323,1.0,1135.9467,1002.0632,1.0,1126.3141,1014.90234,1.0,1158.1381,947.7808,1.0,1153.329,980.0498,1.0,1143.8666,997.607,1.0,1134.5535,1010.3196,1.0,1158.209,946.3023,1.0,1154.4575,973.3501,1.0,1147.3792,988.77515,1.0,1139.474,999.67615,1.0,865.9359,462.6086,1.0,851.9394,429.58112,1.0,862.3618,405.2358,1.0,883.52277,399.84598,1.0,897.7163,402.78516,1.0,878.60706,398.2541,1.0,893.84705,367.21677,1.0,898.689,358.3484,1.0,899.5967,358.20172,1.0,899.9932,406.34348,1.0,921.063,369.9368,1.0,924.1733,355.95758,1.0,922.0787,352.25098,1.0,913.909,417.72937,1.0,936.6985,386.74646,1.0,938.68555,372.01617,1.0,935.3952,367.36462,1.0,920.2705,429.58014,1.0,919.4949,412.75095,1.0,909.685,407.96335,1.0,900.4703,409.74316,1.0
0.0,0.0,0.0,0.0,0.0,0.0,0.0,0.0,0.0,0.0,0.0,0.0,0.0,0.0,0.0,0.0,0.0,0.0,0.0,0.0,0.0,0.0,0.0,0.0,0.0,0.0,0.0,0.0,0.0,0.0,0.0,0.0,0.0,0.0,0.0,0.0,0.0,0.0,0.0,0.0,0.0,0.0,0.0,0.0,0.0,0.0,0.0,0.0,0.0,0.0,0.0,0.0,0.0,0.0,0.0,0.0,0.0,0.0,0.0,0.0,0.0,0.0,0.0,0.0,0.0,0.0,0.0,0.0,0.0,0.0,0.0,0.0,0.0,0.0,0.0,0.0,0.0,0.0,0.0,0.0,0.0,0.0,0.0,0.0,0.0,0.0,0.0,0.0,0.0,0.0,0.0,0.0,0.0,0.0,0.0,0.0,0.0,0.0,0.0,0.0,0.0,0.0,0.0,0.0,0.0,0.0,0.0,0.0,0.0,0.0,0.0,0.0,0.0,0.0,0.0,0.0,0.0,0.0,0.0,0.0,0.0,0.0,0.0,0.0,0.0,0.0,0.0,0.0,0.0,0.0,0.0,0.0,0.0,0.0,0.0,0.0,0.0,0.0,0.0,0.0,0.0,0.0,0.0,0.0,0.0,0.0,0.0,0.0,0.0,0.0,0.0,0.0,0.0,0.0,0.0,0.0,0.0,0.0,0.0,0.0,0.0,0.0,0.0,0.0,0.0,0.0,0.0,0.0,0.0,0.0,0.0,0.0,0.0,0.0,0.0,0.0,0.0,0.0,0.0,0.0,0.0,0.0,0.0,0.0,0.0,0.0,0.0,0.0,0.0,0.0,0.0,0.0,0.0,0.0,0.0,0.0,0.0,0.0,0.0,0.0,0.0,0.0,0.0,0.0,0.0,0.0,0.0,0.0,0.0,0.0,915.0036,289.0223,0.99771,926.0901,451.07565,0.9993874,775.4267,445.5297,0.9993874,710.76086,626.6681,0.8950377,868.67145,457.17664,0.9707695,1076.7534,456.6216,0.99973184,1138.4116,683.01654,0.9518993,1141.9517,880.0508,0.9336893,918.98926,929.6181,0.991843,815.49286,929.1005,0.991843,819.75586,1235.5098,0.10601839,810.7791,1592.0775,0.02527491,1022.4856,930.1357,0.9925487,1019.9398,1272.1006,0.08243822,1008.262,1592.2867,0.014092911,892.1972,260.9948,0.9958245,953.7799,264.01318,0.9906806,865.76544,279.22992,0.9888957,979.709,287.67462,0.9942082,982.7317,1702.651,0.010942263,982.7317,1702.651,0.010942263,1006.3501,1636.8113,0.011150554,845.5435,1692.6799,0.012861512,845.5435,1692.6799,0.012861512,803.7322,1648.9774,0.014171192,1144.0591,884.3968,1.0,1117.5507,898.19415,1.0,1110.6292,923.7124,1.0,1111.4366,948.28186,1.0,1108.467,968.6939,1.0,1140.274,946.7296,1.0,1133.2781,980.04407,1.0,1124.2567,997.0865,1.0,1116.5398,1009.1753,1.0,1153.6772,948.2181,1.0,1147.1825,983.0232,1.0,1136.7484,1001.6556,1.0,1127.1404,1014.486,1.0,1159.3481,947.0487,1.0,1154.7483,979.19183,1.0,1145.3502,996.7473,1.0,1136.0566,1009.4195,1.0,1159.586,945.3358,1.0,1156.0288,972.0474,1.0,1149.135,987.35095,1.0,1141.2887,998.18896,1.0,867.2917,458.70825,1.0,851.7763,427.79352,1.0,860.19696,403.8582,1.0,880.3927,397.4154,1.0,894.634,399.9837,1.0,881.31305,392.94315,1.0,895.408,360.5945,1.0,898.2764,353.9382,1.0,898.0993,356.49738,1.0,902.0792,401.34177,1.0,920.44293,363.88657,1.0,921.3272,352.40598,1.0,918.5084,351.65475,1.0,915.0465,413.80417,1.0,936.0155,382.30508,1.0,936.6589,369.1703,1.0,932.99854,366.75378,1.0,920.21875,427.12973,1.0,918.3812,410.1402,1.0,907.9246,405.54877,1.0,898.4007,408.22202,1.0
0.0,0.0,0.0,0.0,0.0,0.0,0.0,0.0,0.0,0.0,0.0,0.0,0.0,0.0,0.0,0.0,0.0,0.0,0.0,0.0,0.0,0.0,0.0,0.0,0.0,0.0,0.0,0.0,0.0,0.0,0.0,0.0,0.0,0.0,0.0,0.0,0.0,0.0,0.0,0.0,0.0,0.0,0.0,0.0,0.0,0.0,0.0,0.0,0.0,0.0,0.0,0.0,0.0,0.0,0.0,0.0,0.0,0.0,0.0,0.0,0.0,0.0,0.0,0.0,0.0,0.0,0.0,0.0,0.0,0.0,0.0,0.0,0.0,0.0,0.0,0.0,0.0,0.0,0.0,0.0,0.0,0.0,0.0,0.0,0.0,0.0,0.0,0.0,0.0,0.0,0.0,0.0,0.0,0.0,0.0,0.0,0.0,0.0,0.0,0.0,0.0,0.0,0.0,0.0,0.0,0.0,0.0,0.0,0.0,0.0,0.0,0.0,0.0,0.0,0.0,0.0,0.0,0.0,0.0,0.0,0.0,0.0,0.0,0.0,0.0,0.0,0.0,0.0,0.0,0.0,0.0,0.0,0.0,0.0,0.0,0.0,0.0,0.0,0.0,0.0,0.0,0.0,0.0,0.0,0.0,0.0,0.0,0.0,0.0,0.0,0.0,0.0,0.0,0.0,0.0,0.0,0.0,0.0,0.0,0.0,0.0,0.0,0.0,0.0,0.0,0.0,0.0,0.0,0.0,0.0,0.0,0.0,0.0,0.0,0.0,0.0,0.0,0.0,0.0,0.0,0.0,0.0,0.0,0.0,0.0,0.0,0.0,0.0,0.0,0.0,0.0,0.0,0.0,0.0,0.0,0.0,0.0,0.0,0.0,0.0,0.0,0.0,0.0,0.0,0.0,0.0,0.0,0.0,0.0,0.0,915.0364,290.28116,0.9978236,926.1908,450.96417,0.99936813,775.6219,445.36813,0.99936813,713.4994,624.8265,0.8932174,868.6656,456.82468,0.9725726,1076.7598,456.5602,0.9997391,1138.4958,682.95807,0.9516913,1142.1793,879.51556,0.9361801,918.9848,928.62695,0.9914423,815.4901,927.78564,0.9914423,821.7354,1234.5863,0.10168264,810.9093,1591.6255,0.025388498,1022.4795,929.4682,0.99231565,1018.812,1271.8883,0.078912176,1007.9495,1591.524,0.014402751,892.1891,261.38733,0.9960591,953.84564,265.23492,0.99120903,865.7721,279.54337,0.9894473,979.82874,288.3162,0.9945758,982.0868,1701.8127,0.011273867,982.0868,1701.8127,0.011273867,1006.1737,1636.2816,0.011728563,845.824,1693.0255,0.012857682,845.824,1693.0255,0.012857682,803.83905,1648.4642,0.01446634,1144.5137,884.81396,1.0,1118.1823,898.4056,1.0,1111.3552,923.76276,1.0,1111.7954,948.1922,1.0,1108.872,968.5579,1.0,1140.9017,947.2893,1.0,1133.6948,980.8162,1.0,1124.5892,997.5639,1.0,1116.6395,1009.2843,1.0,1154.0039,948.5715,1.0,1147.2393,983.5443,1.0,1136.8984,1002.0455,1.0,1127.3433,1014.80963,1.0,1159.4408,947.1975,1.0,1154.3289,979.475,1.0,1144.983,997.07056,1.0,1135.7688,1009.89667,1.0,1159.5531,945.1989,1.0,1155.5542,972.1948,1.0,1148.5938,987.61755,1.0,1140.7566,998.56036,1.0,868.40314,458.03146,1.0,853.80634,426.5437,1.0,862.66376,402.27594,1.0,882.06195,394.97708,1.0,896.22577,396.47925,1.0,883.9723,391.95526,1.0,896.42175,358.683,1.0,899.27277,353.22186,1.0,899.5823,356.283,1.0,904.4778,400.58603,1.0,921.31036,363.13925,1.0,922.2306,353.02512,1.0,919.6868,352.11414,1.0,917.1961,412.89575,1.0,937.87463,382.95456,1.0,938.48267,370.8708,1.0,935.4565,367.64822,1.0,921.98193,426.4815,1.0,922.62036,408.08847,1.0,912.21246,403.7854,1.0,902.1942,406.16785,1.0
0.0,0.0,0.0,0.0,0.0,0.0,0.0,0.0,0.0,0.0,0.0,0.0,0.0,0.0,0.0,0.0,0.0,0.0,0.0,0.0,0.0,0.0,0.0,0.0,0.0,0.0,0.0,0.0,0.0,0.0,0.0,0.0,0.0,0.0,0.0,0.0,0.0,0.0,0.0,0.0,0.0,0.0,0.0,0.0,0.0,0.0,0.0,0.0,0.0,0.0,0.0,0.0,0.0,0.0,0.0,0.0,0.0,0.0,0.0,0.0,0.0,0.0,0.0,0.0,0.0,0.0,0.0,0.0,0.0,0.0,0.0,0.0,0.0,0.0,0.0,0.0,0.0,0.0,0.0,0.0,0.0,0.0,0.0,0.0,0.0,0.0,0.0,0.0,0.0,0.0,0.0,0.0,0.0,0.0,0.0,0.0,0.0,0.0,0.0,0.0,0.0,0.0,0.0,0.0,0.0,0.0,0.0,0.0,0.0,0.0,0.0,0.0,0.0,0.0,0.0,0.0,0.0,0.0,0.0,0.0,0.0,0.0,0.0,0.0,0.0,0.0,0.0,0.0,0.0,0.0,0.0,0.0,0.0,0.0,0.0,0.0,0.0,0.0,0.0,0.0,0.0,0.0,0.0,0.0,0.0,0.0,0.0,0.0,0.0,0.0,0.0,0.0,0.0,0.0,0.0,0.0,0.0,0.0,0.0,0.0,0.0,0.0,0.0,0.0,0.0,0.0,0.0,0.0,0.0,0.0,0.0,0.0,0.0,0.0,0.0,0.0,0.0,0.0,0.0,0.0,0.0,0.0,0.0,0.0,0.0,0.0,0.0,0.0,0.0,0.0,0.0,0.0,0.0,0.0,0.0,0.0,0.0,0.0,0.0,0.0,0.0,0.0,0.0,0.0,0.0,0.0,0.0,0.0,0.0,0.0,915.2348,291.12347,0.997959,926.3647,450.61737,0.9993665,775.96893,444.7297,0.9993665,715.27057,624.288,0.89289504,868.6966,458.90335,0.97445315,1076.7605,456.50504,0.99975014,1138.7565,682.87524,0.952667,1142.7206,878.84955,0.939806,918.9691,927.8384,0.991223,815.48267,926.30597,0.991223,821.6723,1234.6508,0.09827289,810.9393,1591.6874,0.025583403,1022.4556,929.3708,0.9922291,1018.23883,1271.985,0.07538742,1006.59045,1591.1837,0.014445972,892.22797,261.49234,0.9963239,954.1364,266.24255,0.9918064,865.7728,279.56165,0.99010104,980.0691,289.13373,0.99497104,980.52313,1701.8472,0.011478592,980.52313,1701.8472,0.011478592,1005.42694,1635.785,0.01205401,845.8238,1693.2256,0.0129783265,845.8238,1693.2256,0.0129783265,803.9492,1648.5139,0.014810151,1145.6393,884.64,1.0,1118.4781,898.2993,1.0,1110.9686,923.6374,1.0,1111.6222,948.27155,1.0,1109.0253,968.87146,1.0,1140.4453,947.1201,1.0,1134.1962,980.48486,1.0,1125.5056,997.28503,1.0,1117.9849,1009.135,1.0,1154.0486,948.4696,1.0,1147.9962,983.52264,1.0,1137.7523,1002.1387,1.0,1128.0717,1014.8864,1.0,1160.1477,947.18445,1.0,1155.5154,979.3588,1.0,1146.2307,996.7842,1.0,1136.9204,1009.4039,1.0,1160.9137,945.2128,1.0,1157.0603,971.9329,1.0,1150.0999,987.0889,1.0,1142.2648,997.7345,1.0,869.0445,460.1233,1.0,854.4826,428.7896,1.0,863.0886,405.6533,1.0,881.7713,396.54544,1.0,895.77704,396.22733,1.0,884.667,392.43445,1.0,898.3955,362.8241,1.0,902.1825,357.03873,1.0,902.92883,358.62512,1.0,904.7788,401.1182,1.0,921.20264,366.69482,1.0,923.22455,355.73438,1.0,921.6863,353.70953,1.0,917.8012,413.8002,1.0,938.7679,385.6663,1.0,940.79004,372.93732,1.0,938.2882,369.34134,1.0,923.65656,428.0261,1.0,924.06226,412.3427,1.0,913.7289,407.87378,1.0,903.649,410.1428,1.0
0.0,0.0,0.0,0.0,0.0,0.0,0.0,0.0,0.0,0.0,0.0,0.0,0.0,0.0,0.0,0.0,0.0,0.0,0.0,0.0,0.0,0.0,0.0,0.0,0.0,0.0,0.0,0.0,0.0,0.0,0.0,0.0,0.0,0.0,0.0,0.0,0.0,0.0,0.0,0.0,0.0,0.0,0.0,0.0,0.0,0.0,0.0,0.0,0.0,0.0,0.0,0.0,0.0,0.0,0.0,0.0,0.0,0.0,0.0,0.0,0.0,0.0,0.0,0.0,0.0,0.0,0.0,0.0,0.0,0.0,0.0,0.0,0.0,0.0,0.0,0.0,0.0,0.0,0.0,0.0,0.0,0.0,0.0,0.0,0.0,0.0,0.0,0.0,0.0,0.0,0.0,0.0,0.0,0.0,0.0,0.0,0.0,0.0,0.0,0.0,0.0,0.0,0.0,0.0,0.0,0.0,0.0,0.0,0.0,0.0,0.0,0.0,0.0,0.0,0.0,0.0,0.0,0.0,0.0,0.0,0.0,0.0,0.0,0.0,0.0,0.0,0.0,0.0,0.0,0.0,0.0,0.0,0.0,0.0,0.0,0.0,0.0,0.0,0.0,0.0,0.0,0.0,0.0,0.0,0.0,0.0,0.0,0.0,0.0,0.0,0.0,0.0,0.0,0.0,0.0,0.0,0.0,0.0,0.0,0.0,0.0,0.0,0.0,0.0,0.0,0.0,0.0,0.0,0.0,0.0,0.0,0.0,0.0,0.0,0.0,0.0,0.0,0.0,0.0,0.0,0.0,0.0,0.0,0.0,0.0,0.0,0.0,0.0,0.0,0.0,0.0,0.0,0.0,0.0,0.0,0.0,0.0,0.0,0.0,0.0,0.0,0.0,0.0,0.0,0.0,0.0,0.0,0.0,0.0,0.0,915.31915,291.53937,0.9980689,926.59753,450.539,0.99936455,776.4612,444.63232,0.99936455,715.9779,624.57965,0.8958575,869.7317,457.317,0.97641975,1076.7339,456.44568,0.99975747,1139.0319,682.75934,0.9531831,1143.055,878.59796,0.9429365,918.92786,927.06366,0.99109554,815.47614,925.0779,0.99109554,822.1546,1234.5502,0.09356234,812.6382,1591.1351,0.025131734,1022.37964,929.0494,0.9921948,1018.29114,1271.9468,0.07228319,1006.4991,1590.9291,0.014575737,892.35535,261.625,0.99655026,954.25165,266.6943,0.9923014,865.8614,279.61636,0.9906536,980.0772,289.4611,0.99530184,981.4991,1700.4211,0.011729188,981.4991,1700.4211,0.011729188,1005.03143,1635.6151,0.012427466,847.0149,1692.812,0.012744906,847.0149,1692.812,0.012744906,806.4544,1647.8158,0.014813279,1147.1213,885.30115,1.0,1117.832,897.34564,1.0,1108.628,922.85925,1.0,1109.9171,948.2592,1.0,1107.8306,968.8308,1.0,1138.3414,948.05597,1.0,1133.1895,980.8509,1.0,1125.5518,997.11426,1.0,1118.7405,1008.4522,1.0,1153.5806,950.3204,1.0,1147.3514,984.6721,1.0,1137.4521,1002.42505,1.0,1128.176,1014.9787,1.0,1161.2552,949.5083,1.0,1156.2002,981.2428,1.0,1146.8065,998.4032,1.0,1137.6835,1010.77704,1.0,1163.646,947.3796,1.0,1159.3826,973.93567,1.0,1152.3723,989.01843,1.0,1144.7128,999.49615,1.0,868.75415,462.01785,1.0,855.29144,430.49698,1.0,864.76874,407.4171,1.0,883.5221,398.5377,1.0,897.4859,398.2043,1.0,882.9406,395.75507,1.0,898.7905,365.64853,1.0,903.384,360.5832,1.0,904.66376,362.84485,1.0,903.24805,404.19617,1.0,921.2468,369.7237,1.0,923.2982,359.12024,1.0,921.5864,357.54965,1.0,917.22504,416.2178,1.0,937.6609,387.04004,1.0,938.6795,374.47192,1.0,935.6638,371.70737,1.0,924.35474,429.2983,1.0,922.97424,414.4646,1.0,912.0967,410.8318,1.0,902.4622,413.89322,1.0
0.0,0.0,0.0,0.0,0.0,0.0,0.0,0.0,0.0,0.0,0.0,0.0,0.0,0.0,0.0,0.0,0.0,0.0,0.0,0.0,0.0,0.0,0.0,0.0,0.0,0.0,0.0,0.0,0.0,0.0,0.0,0.0,0.0,0.0,0.0,0.0,0.0,0.0,0.0,0.0,0.0,0.0,0.0,0.0,0.0,0.0,0.0,0.0,0.0,0.0,0.0,0.0,0.0,0.0,0.0,0.0,0.0,0.0,0.0,0.0,0.0,0.0,0.0,0.0,0.0,0.0,0.0,0.0,0.0,0.0,0.0,0.0,0.0,0.0,0.0,0.0,0.0,0.0,0.0,0.0,0.0,0.0,0.0,0.0,0.0,0.0,0.0,0.0,0.0,0.0,0.0,0.0,0.0,0.0,0.0,0.0,0.0,0.0,0.0,0.0,0.0,0.0,0.0,0.0,0.0,0.0,0.0,0.0,0.0,0.0,0.0,0.0,0.0,0.0,0.0,0.0,0.0,0.0,0.0,0.0,0.0,0.0,0.0,0.0,0.0,0.0,0.0,0.0,0.0,0.0,0.0,0.0,0.0,0.0,0.0,0.0,0.0,0.0,0.0,0.0,0.0,0.0,0.0,0.0,0.0,0.0,0.0,0.0,0.0,0.0,0.0,0.0,0.0,0.0,0.0,0.0,0.0,0.0,0.0,0.0,0.0,0.0,0.0,0.0,0.0,0.0,0.0,0.0,0.0,0.0,0.0,0.0,0.0,0.0,0.0,0.0,0.0,0.0,0.0,0.0,0.0,0.0,0.0,0.0,0.0,0.0,0.0,0.0,0.0,0.0,0.0,0.0,0.0,0.0,0.0,0.0,0.0,0.0,0.0,0.0,0.0,0.0,0.0,0.0,0.0,0.0,0.0,0.0,0.0,0.0,915.64514,291.74405,0.9981447,926.898,450.51337,0.99935097,776.9196,444.5556,0.99935097,716.1714,625.1974,0.8929002,870.29083,457.50577,0.977732,1076.8763,456.47113,0.99976176,1139.9309,682.74414,0.95187104,1143.4174,878.4672,0.9441166,918.9071,927.0217,0.9907277,815.47235,924.9113,0.9907277,822.67957,1234.9232,0.088205285,812.71893,1591.8206,0.024333742,1022.3418,929.1321,0.9919673,1018.3191,1272.0029,0.06798312,1006.4467,1591.1058,0.014319331,892.4246,261.83646,0.99671036,954.5197,266.86914,0.9926372,865.88416,279.71527,0.9910306,980.28436,289.48416,0.99554133,981.6,1700.5602,0.011622147,981.6,1700.5602,0.011622147,1004.9182,1636.1997,0.012492432,848.1719,1694.1095,0.012327683,848.1719,1694.1095,0.012327683,806.55817,1648.3794,0.0145531325,1147.1036,883.81647,1.0,1117.4545,896.50854,1.0,1106.7952,922.0029,1.0,1108.7216,948.32355,1.0,1107.2534,968.9961,1.0,1135.5316,947.276,1.0,1131.783,980.35187,1.0,1126.4927,997.0231,1.0,1121.9434,1009.15424,1.0,1153.6052,948.8132,1.0,1148.5461,983.58203,1.0,1140.7225,1001.86646,1.0,1133.524,1014.8451,1.0,1164.5304,946.88025,1.0,1160.7714,978.9553,1.0,1152.8187,996.4595,1.0,1145.2277,1008.933,1.0,1169.9669,943.2482,1.0,1165.8198,970.35156,1.0,1159.5525,985.22266,1.0,1152.925,995.2249,1.0,866.2636,465.4597,1.0,855.33905,431.33884,1.0,866.95514,408.2935,1.0,887.37744,401.87515,1.0,902.29114,403.886,1.0,881.9435,399.8907,1.0,900.90845,372.28625,1.0,905.94556,366.30573,1.0,907.6712,367.26135,1.0,901.896,409.49155,1.0,923.14374,376.11343,1.0,926.4425,363.86404,1.0,925.63885,360.75424,1.0,915.9209,421.56207,1.0,938.3076,392.99976,1.0,940.423,379.34384,1.0,937.828,375.7875,1.0,923.78296,433.96884,1.0,922.79407,417.50275,1.0,912.22394,412.9663,1.0,903.20435,415.40787,1.0
0.0,0.0,0.0,0.0,0.0,0.0,0.0,0.0,0.0,0.0,0.0,0.0,0.0,0.0,0.0,0.0,0.0,0.0,0.0,0.0,0.0,0.0,0.0,0.0,0.0,0.0,0.0,0.0,0.0,0.0,0.0,0.0,0.0,0.0,0.0,0.0,0.0,0.0,0.0,0.0,0.0,0.0,0.0,0.0,0.0,0.0,0.0,0.0,0.0,0.0,0.0,0.0,0.0,0.0,0.0,0.0,0.0,0.0,0.0,0.0,0.0,0.0,0.0,0.0,0.0,0.0,0.0,0.0,0.0,0.0,0.0,0.0,0.0,0.0,0.0,0.0,0.0,0.0,0.0,0.0,0.0,0.0,0.0,0.0,0.0,0.0,0.0,0.0,0.0,0.0,0.0,0.0,0.0,0.0,0.0,0.0,0.0,0.0,0.0,0.0,0.0,0.0,0.0,0.0,0.0,0.0,0.0,0.0,0.0,0.0,0.0,0.0,0.0,0.0,0.0,0.0,0.0,0.0,0.0,0.0,0.0,0.0,0.0,0.0,0.0,0.0,0.0,0.0,0.0,0.0,0.0,0.0,0.0,0.0,0.0,0.0,0.0,0.0,0.0,0.0,0.0,0.0,0.0,0.0,0.0,0.0,0.0,0.0,0.0,0.0,0.0,0.0,0.0,0.0,0.0,0.0,0.0,0.0,0.0,0.0,0.0,0.0,0.0,0.0,0.0,0.0,0.0,0.0,0.0,0.0,0.0,0.0,0.0,0.0,0.0,0.0,0.0,0.0,0.0,0.0,0.0,0.0,0.0,0.0,0.0,0.0,0.0,0.0,0.0,0.0,0.0,0.0,0.0,0.0,0.0,0.0,0.0,0.0,0.0,0.0,0.0,0.0,0.0,0.0,0.0,0.0,0.0,0.0,0.0,0.0,915.7455,293.10788,0.99825686,927.1232,450.47092,0.9993538,777.4007,444.49826,0.9993538,715.9507,625.55536,0.89537996,871.31494,460.724,0.9793521,1076.8458,456.44357,0.9997703,1141.3276,682.069,0.95229125,1143.9167,878.2525,0.94693273,918.9432,927.16986,0.9904196,815.4673,924.9395,0.9904196,822.8692,1235.3063,0.08426403,813.018,1591.8611,0.023859458,1022.41907,929.4002,0.9917706,1018.3898,1272.0426,0.06481785,1006.9185,1591.1598,0.01424762,892.4631,262.4968,0.9969279,954.63477,267.54575,0.99311537,865.9558,279.9031,0.9915835,980.34106,289.74692,0.9958497,981.6136,1700.531,0.011646808,981.6136,1700.531,0.011646808,1005.8117,1636.2434,0.012694214,849.7457,1694.2365,0.012049298,849.7457,1694.2365,0.012049298,806.71423,1648.439,0.014554841,1147.9757,879.35004,1.0,1117.418,893.10583,1.0,1105.8147,920.43726,1.0,1107.8215,947.63745,1.0,1105.7112,968.05927,1.0,1133.4397,943.8429,1.0,1132.2609,978.59454,1.0,1129.2924,995.6036,1.0,1126.8733,1007.75616,1.0,1153.1566,944.8253,1.0,1149.874,981.0426,1.0,1144.1954,999.6486,1.0,1139.2535,1012.55096,1.0,1166.3541,942.1216,1.0,1164.4928,975.81885,1.0,1158.4418,994.3306,1.0,1152.7826,1007.6181,1.0,1174.2625,937.5361,1.0,1171.9788,964.9274,1.0,1166.7745,978.933,1.0,1161.2905,988.43427,1.0,863.78864,473.53018,1.0,855.66113,438.2997,1.0,867.77216,415.11282,1.0,887.31464,405.578,1.0,902.0544,405.07947,1.0,879.0788,410.31665,1.0,903.6342,382.9524,1.0,913.2195,376.67154,1.0,917.2641,376.81296,1.0,897.8985,421.48474,1.0,925.28186,388.9554,1.0,933.0625,377.3212,1.0,933.8441,373.3169,1.0,912.6719,433.84982,1.0,938.741,403.91284,1.0,943.3243,390.90778,1.0,941.7072,385.67184,1.0,921.6389,446.14764,1.0,930.0143,424.88992,1.0,924.68427,415.4206,1.0,917.4335,411.6311,1.0
0.0,0.0,0.0,0.0,0.0,0.0,0.0,0.0,0.0,0.0,0.0,0.0,0.0,0.0,0.0,0.0,0.0,0.0,0.0,0.0,0.0,0.0,0.0,0.0,0.0,0.0,0.0,0.0,0.0,0.0,0.0,0.0,0.0,0.0,0.0,0.0,0.0,0.0,0.0,0.0,0.0,0.0,0.0,0.0,0.0,0.0,0.0,0.0,0.0,0.0,0.0,0.0,0.0,0.0,0.0,0.0,0.0,0.0,0.0,0.0,0.0,0.0,0.0,0.0,0.0,0.0,0.0,0.0,0.0,0.0,0.0,0.0,0.0,0.0,0.0,0.0,0.0,0.0,0.0,0.0,0.0,0.0,0.0,0.0,0.0,0.0,0.0,0.0,0.0,0.0,0.0,0.0,0.0,0.0,0.0,0.0,0.0,0.0,0.0,0.0,0.0,0.0,0.0,0.0,0.0,0.0,0.0,0.0,0.0,0.0,0.0,0.0,0.0,0.0,0.0,0.0,0.0,0.0,0.0,0.0,0.0,0.0,0.0,0.0,0.0,0.0,0.0,0.0,0.0,0.0,0.0,0.0,0.0,0.0,0.0,0.0,0.0,0.0,0.0,0.0,0.0,0.0,0.0,0.0,0.0,0.0,0.0,0.0,0.0,0.0,0.0,0.0,0.0,0.0,0.0,0.0,0.0,0.0,0.0,0.0,0.0,0.0,0.0,0.0,0.0,0.0,0.0,0.0,0.0,0.0,0.0,0.0,0.0,0.0,0.0,0.0,0.0,0.0,0.0,0.0,0.0,0.0,0.0,0.0,0.0,0.0,0.0,0.0,0.0,0.0,0.0,0.0,0.0,0.0,0.0,0.0,0.0,0.0,0.0,0.0,0.0,0.0,0.0,0.0,0.0,0.0,0.0,0.0,0.0,0.0,915.7948,293.3413,0.9983261,927.22064,450.5687,0.99934244,777.5973,444.4958,0.99934244,714.3687,626.7158,0.8941938,870.66833,466.09152,0.98018616,1076.844,456.6416,0.9997782,1143.1918,681.0346,0.9540707,1144.8303,874.5092,0.9500686,919.0676,927.21246,0.9902128,815.50824,924.9999,0.9902128,823.38025,1235.8269,0.080923,813.11566,1592.6086,0.023524946,1022.627,929.4251,0.99174124,1018.601,1272.0951,0.06260822,1008.37463,1591.854,0.014125788,892.4702,263.34348,0.99705744,954.6519,267.88266,0.9934292,865.9589,280.51428,0.9918728,980.65607,289.76773,0.99607015,981.5581,1701.1597,0.0116103375,981.5581,1701.1597,0.0116103375,1008.7617,1636.8248,0.012767269,849.7848,1694.3173,0.0118545005,849.7848,1694.3173,0.0118545005,806.80615,1649.4277,0.014517889,1146.5721,868.7408,1.0,1115.7577,885.572,1.0,1104.2134,912.8496,1.0,1105.2875,939.3149,1.0,1101.6206,958.7193,1.0,1129.3994,931.64496,1.0,1128.6354,967.82074,1.0,1126.9193,986.16614,1.0,1125.7048,999.9205,1.0,1149.8696,932.84796,1.0,1147.564,972.4219,1.0,1143.584,993.1407,1.0,1140.2124,1007.8594,1.0,1165.109,930.78906,1.0,1164.9723,968.0536,1.0,1161.1482,988.8086,1.0,1157.643,1003.6863,1.0,1175.3833,926.12836,1.0,1175.9426,955.91943,1.0,1173.0453,971.0842,1.0,1169.6526,981.7311,1.0,858.7807,487.58554,1.0,856.6292,452.15625,1.0,871.2989,429.2616,1.0,893.19116,420.92337,1.0,910.4768,420.6332,1.0,876.2475,424.00372,1.0,906.5913,399.2726,1.0,921.3195,394.60364,1.0,929.913,395.29517,1.0,892.7355,437.66745,1.0,922.40344,408.50903,1.0,937.05084,399.5863,1.0,945.1771,397.4248,1.0,907.25464,452.197,1.0,934.6567,426.18704,1.0,942.18256,417.4173,1.0,944.28937,414.34674,1.0,918.39453,466.44864,1.0,932.41675,446.5796,1.0,929.9009,440.07043,1.0,925.2291,438.49155,1.0
0.0,0.0,0.0,0.0,0.0,0.0,0.0,0.0,0.0,0.0,0.0,0.0,0.0,0.0,0.0,0.0,0.0,0.0,0.0,0.0,0.0,0.0,0.0,0.0,0.0,0.0,0.0,0.0,0.0,0.0,0.0,0.0,0.0,0.0,0.0,0.0,0.0,0.0,0.0,0.0,0.0,0.0,0.0,0.0,0.0,0.0,0.0,0.0,0.0,0.0,0.0,0.0,0.0,0.0,0.0,0.0,0.0,0.0,0.0,0.0,0.0,0.0,0.0,0.0,0.0,0.0,0.0,0.0,0.0,0.0,0.0,0.0,0.0,0.0,0.0,0.0,0.0,0.0,0.0,0.0,0.0,0.0,0.0,0.0,0.0,0.0,0.0,0.0,0.0,0.0,0.0,0.0,0.0,0.0,0.0,0.0,0.0,0.0,0.0,0.0,0.0,0.0,0.0,0.0,0.0,0.0,0.0,0.0,0.0,0.0,0.0,0.0,0.0,0.0,0.0,0.0,0.0,0.0,0.0,0.0,0.0,0.0,0.0,0.0,0.0,0.0,0.0,0.0,0.0,0.0,0.0,0.0,0.0,0.0,0.0,0.0,0.0,0.0,0.0,0.0,0.0,0.0,0.0,0.0,0.0,0.0,0.0,0.0,0.0,0.0,0.0,0.0,0.0,0.0,0.0,0.0,0.0,0.0,0.0,0.0,0.0,0.0,0.0,0.0,0.0,0.0,0.0,0.0,0.0,0.0,0.0,0.0,0.0,0.0,0.0,0.0,0.0,0.0,0.0,0.0,0.0,0.0,0.0,0.0,0.0,0.0,0.0,0.0,0.0,0.0,0.0,0.0,0.0,0.0,0.0,0.0,0.0,0.0,0.0,0.0,0.0,0.0,0.0,0.0,0.0,0.0,0.0,0.0,0.0,0.0,916.3306,293.60098,0.9983899,927.27783,450.59146,0.9993454,777.7125,444.59418,0.9993454,708.5078,630.83215,0.8923058,862.7556,488.8931,0.9809653,1076.8431,456.5887,0.99978614,1146.8257,679.13654,0.95590526,1145.3568,862.85046,0.9527439,919.0991,927.198,0.9901614,815.4307,925.02295,0.9901614,823.9484,1235.9244,0.07791369,813.1479,1591.3446,0.023233958,1022.7675,929.373,0.99180514,1019.65186,1271.7858,0.060824916,1008.9567,1591.2311,0.013927433,892.9342,264.4931,0.99717593,955.0144,269.21802,0.99371076,866.1081,280.95697,0.9921245,980.8097,289.91452,0.99626607,982.1719,1701.3452,0.011510168,982.1719,1701.3452,0.011510168,1009.5478,1635.3641,0.0129120285,849.68823,1693.0817,0.011657468,849.68823,1693.0817,0.011657468,806.8415,1647.5839,0.01459015,1146.6147,850.9514,1.0,1115.4497,865.23773,1.0,1101.3873,893.3421,1.0,1101.7063,920.8585,1.0,1096.8616,940.24,1.0,1126.0273,910.0724,1.0,1124.7659,947.9018,1.0,1122.2623,968.05066,1.0,1120.3965,983.0388,1.0,1147.3298,912.8956,1.0,1143.8339,954.9309,1.0,1139.1869,977.57404,1.0,1134.8665,993.8075,1.0,1163.3223,913.0011,1.0,1161.2849,952.3941,1.0,1157.1719,975.2762,1.0,1153.1505,991.9127,1.0,1174.0637,910.0691,1.0,1173.7604,940.6815,1.0,1171.4397,958.3206,1.0,1168.6439,971.7421,1.0,856.1269,505.26303,1.0,859.16205,474.2113,1.0,877.10095,451.6366,1.0,901.6769,444.7873,1.0,921.30566,445.06763,1.0,875.02234,441.78928,1.0,911.4976,421.83707,1.0,932.3137,420.84583,1.0,944.9791,424.39944,1.0,884.9697,457.23325,1.0,921.82275,433.77246,1.0,943.1727,429.45093,1.0,955.5485,430.79865,1.0,896.69775,474.81863,1.0,932.00226,455.48016,1.0,944.06604,452.15744,1.0,948.53015,452.5425,1.0,908.7064,492.6292,1.0,931.103,478.4429,1.0,929.614,476.51907,1.0,924.7618,478.1085,1.0
0.0,0.0,0.0,0.0,0.0,0.0,0.0,0.0,0.0,0.0,0.0,0.0,0.0,0.0,0.0,0.0,0.0,0.0,0.0,0.0,0.0,0.0,0.0,0.0,0.0,0.0,0.0,0.0,0.0,0.0,0.0,0.0,0.0,0.0,0.0,0.0,0.0,0.0,0.0,0.0,0.0,0.0,0.0,0.0,0.0,0.0,0.0,0.0,0.0,0.0,0.0,0.0,0.0,0.0,0.0,0.0,0.0,0.0,0.0,0.0,0.0,0.0,0.0,0.0,0.0,0.0,0.0,0.0,0.0,0.0,0.0,0.0,0.0,0.0,0.0,0.0,0.0,0.0,0.0,0.0,0.0,0.0,0.0,0.0,0.0,0.0,0.0,0.0,0.0,0.0,0.0,0.0,0.0,0.0,0.0,0.0,0.0,0.0,0.0,0.0,0.0,0.0,0.0,0.0,0.0,0.0,0.0,0.0,0.0,0.0,0.0,0.0,0.0,0.0,0.0,0.0,0.0,0.0,0.0,0.0,0.0,0.0,0.0,0.0,0.0,0.0,0.0,0.0,0.0,0.0,0.0,0.0,0.0,0.0,0.0,0.0,0.0,0.0,0.0,0.0,0.0,0.0,0.0,0.0,0.0,0.0,0.0,0.0,0.0,0.0,0.0,0.0,0.0,0.0,0.0,0.0,0.0,0.0,0.0,0.0,0.0,0.0,0.0,0.0,0.0,0.0,0.0,0.0,0.0,0.0,0.0,0.0,0.0,0.0,0.0,0.0,0.0,0.0,0.0,0.0,0.0,0.0,0.0,0.0,0.0,0.0,0.0,0.0,0.0,0.0,0.0,0.0,0.0,0.0,0.0,0.0,0.0,0.0,0.0,0.0,0.0,0.0,0.0,0.0,0.0,0.0,0.0,0.0,0.0,0.0,916.44,294.06616,0.99847424,927.40485,450.74203,0.99936575,778.08624,445.7272,0.99936575,701.35583,633.41156,0.89424527,861.28986,513.2519,0.9820148,1076.7235,455.7569,0.99979585,1151.0747,669.72144,0.9581637,1145.5332,834.6572,0.95583695,919.1602,927.23883,0.9901584,815.3549,925.0772,0.9901584,823.96185,1235.6646,0.074722715,812.6833,1587.7736,0.022492232,1022.9656,929.4004,0.9918615,1021.8733,1271.0011,0.05792623,1009.3902,1590.1151,0.013549332,893.10223,266.06516,0.9973297,955.0864,270.15115,0.99404913,866.3037,281.61703,0.9925049,980.8786,289.99374,0.99647737,982.2904,1700.2178,0.011268416,982.2904,1700.2178,0.011268416,1009.9528,1634.6351,0.01288331,849.4219,1689.5001,0.011257876,849.4219,1689.5001,0.011257876,806.28784,1643.1865,0.014426024,1144.5709,828.01215,1.0,1112.9305,837.5762,1.0,1097.2175,862.82153,1.0,1095.6523,889.40137,1.0,1090.2985,908.2446,1.0,1121.0573,877.8316,1.0,1118.2698,916.7807,1.0,1115.0358,936.8388,1.0,1112.7518,951.86774,1.0,1142.9812,882.69434,1.0,1137.0828,926.3231,1.0,1131.8517,949.2783,1.0,1126.9968,965.90735,1.0,1159.5966,885.00946,1.0,1153.8763,926.10266,1.0,1149.3665,949.308,1.0,1145.2891,966.079,1.0,1170.6787,884.40344,1.0,1167.6135,916.49115,1.0,1164.4241,934.92706,1.0,1161.1649,948.9483,1.0,851.56244,524.886,1.0,862.6971,498.1771,1.0,883.52765,478.52335,1.0,907.92957,474.29935,1.0,927.1525,478.0452,1.0,878.7038,463.5083,1.0,917.8698,452.30472,1.0,940.0966,455.9876,1.0,954.12964,461.67633,1.0,879.6769,479.47714,1.0,920.92395,466.18378,1.0,945.43286,468.25504,1.0,960.1261,473.78088,1.0,884.3071,498.84085,1.0,925.33215,492.0001,1.0,941.70593,496.37784,1.0,948.18854,500.85358,1.0,891.60535,519.1413,1.0,922.3343,516.8306,1.0,926.1226,517.8825,1.0,924.29926,519.0866,1.0
0.0,0.0,0.0,0.0,0.0,0.0,0.0,0.0,0.0,0.0,0.0,0.0,0.0,0.0,0.0,0.0,0.0,0.0,0.0,0.0,0.0,0.0,0.0,0.0,0.0,0.0,0.0,0.0,0.0,0.0,0.0,0.0,0.0,0.0,0.0,0.0,0.0,0.0,0.0,0.0,0.0,0.0,0.0,0.0,0.0,0.0,0.0,0.0,0.0,0.0,0.0,0.0,0.0,0.0,0.0,0.0,0.0,0.0,0.0,0.0,0.0,0.0,0.0,0.0,0.0,0.0,0.0,0.0,0.0,0.0,0.0,0.0,0.0,0.0,0.0,0.0,0.0,0.0,0.0,0.0,0.0,0.0,0.0,0.0,0.0,0.0,0.0,0.0,0.0,0.0,0.0,0.0,0.0,0.0,0.0,0.0,0.0,0.0,0.0,0.0,0.0,0.0,0.0,0.0,0.0,0.0,0.0,0.0,0.0,0.0,0.0,0.0,0.0,0.0,0.0,0.0,0.0,0.0,0.0,0.0,0.0,0.0,0.0,0.0,0.0,0.0,0.0,0.0,0.0,0.0,0.0,0.0,0.0,0.0,0.0,0.0,0.0,0.0,0.0,0.0,0.0,0.0,0.0,0.0,0.0,0.0,0.0,0.0,0.0,0.0,0.0,0.0,0.0,0.0,0.0,0.0,0.0,0.0,0.0,0.0,0.0,0.0,0.0,0.0,0.0,0.0,0.0,0.0,0.0,0.0,0.0,0.0,0.0,0.0,0.0,0.0,0.0,0.0,0.0,0.0,0.0,0.0,0.0,0.0,0.0,0.0,0.0,0.0,0.0,0.0,0.0,0.0,0.0,0.0,0.0,0.0,0.0,0.0,0.0,0.0,0.0,0.0,0.0,0.0,0.0,0.0,0.0,0.0,0.0,0.0,916.9534,296.56543,0.99857396,927.50073,451.50293,0.9993986,778.50055,447.5318,0.9993986,694.1962,635.2198,0.899282,853.7989,541.5546,0.9833376,1076.5009,455.47406,0.99980605,1154.7557,657.4334,0.96040106,1143.8223,800.8662,0.95900846,919.088,927.1802,0.9901693,815.31885,925.1814,0.9901693,823.3728,1235.6375,0.07027119,812.1102,1583.236,0.021322703,1022.8572,929.17896,0.991884,1023.62213,1270.2443,0.05488748,1010.12384,1589.1718,0.013111153,893.2935,269.23517,0.9975113,955.12933,271.8088,0.9944349,866.6403,283.32825,0.99297756,980.9001,290.3517,0.9967063,982.638,1697.3898,0.011015828,982.638,1697.3898,0.011015828,1010.6336,1634.0641,0.012785426,849.342,1682.533,0.010653408,849.342,1682.533,0.010653408,805.63544,1637.8085,0.01399203,1144.9874,831.1432,1.0,1115.3499,826.80646,1.0,1096.4813,831.2172,1.0,1088.3862,842.92737,1.0,1082.0016,856.3505,1.0,1115.7732,844.7635,1.0,1112.3898,870.31757,1.0,1109.5176,886.947,1.0,1107.5157,901.66034,1.0,1136.2816,850.5722,1.0,1129.4071,882.66486,1.0,1124.1576,902.4204,1.0,1119.6808,918.7813,1.0,1153.3754,854.06866,1.0,1145.8804,884.3485,1.0,1141.5912,904.3785,1.0,1137.3519,921.2729,1.0,1165.9058,854.07947,1.0,1162.1824,877.0713,1.0,1158.8577,892.97797,1.0,1155.1964,906.541,1.0,850.4852,547.6776,1.0,871.91364,525.5827,1.0,894.64545,510.81146,1.0,916.17084,510.19022,1.0,932.2029,515.6249,1.0,886.4763,487.68134,1.0,924.39545,486.2591,1.0,944.8029,495.67642,1.0,958.8503,505.18457,1.0,878.8309,501.99738,1.0,918.49744,501.31628,1.0,942.2898,510.04565,1.0,958.0049,519.3718,1.0,874.86615,520.69617,1.0,914.18335,527.7099,1.0,931.19366,538.7292,1.0,938.26794,546.72064,1.0,875.0141,541.00037,1.0,905.8256,549.7716,1.0,915.2799,553.83887,1.0,918.17194,555.61975,1.0
0.0,0.0,0.0,0.0,0.0,0.0,0.0,0.0,0.0,0.0,0.0,0.0,0.0,0.0,0.0,0.0,0.0,0.0,0.0,0.0,0.0,0.0,0.0,0.0,0.0,0.0,0.0,0.0,0.0,0.0,0.0,0.0,0.0,0.0,0.0,0.0,0.0,0.0,0.0,0.0,0.0,0.0,0.0,0.0,0.0,0.0,0.0,0.0,0.0,0.0,0.0,0.0,0.0,0.0,0.0,0.0,0.0,0.0,0.0,0.0,0.0,0.0,0.0,0.0,0.0,0.0,0.0,0.0,0.0,0.0,0.0,0.0,0.0,0.0,0.0,0.0,0.0,0.0,0.0,0.0,0.0,0.0,0.0,0.0,0.0,0.0,0.0,0.0,0.0,0.0,0.0,0.0,0.0,0.0,0.0,0.0,0.0,0.0,0.0,0.0,0.0,0.0,0.0,0.0,0.0,0.0,0.0,0.0,0.0,0.0,0.0,0.0,0.0,0.0,0.0,0.0,0.0,0.0,0.0,0.0,0.0,0.0,0.0,0.0,0.0,0.0,0.0,0.0,0.0,0.0,0.0,0.0,0.0,0.0,0.0,0.0,0.0,0.0,0.0,0.0,0.0,0.0,0.0,0.0,0.0,0.0,0.0,0.0,0.0,0.0,0.0,0.0,0.0,0.0,0.0,0.0,0.0,0.0,0.0,0.0,0.0,0.0,0.0,0.0,0.0,0.0,0.0,0.0,0.0,0.0,0.0,0.0,0.0,0.0,0.0,0.0,0.0,0.0,0.0,0.0,0.0,0.0,0.0,0.0,0.0,0.0,0.0,0.0,0.0,0.0,0.0,0.0,0.0,0.0,0.0,0.0,0.0,0.0,0.0,0.0,0.0,0.0,0.0,0.0,0.0,0.0,0.0,0.0,0.0,0.0,917.89514,298.74094,0.9986611,927.8083,452.12393,0.9994298,779.23737,449.0055,0.9994298,688.4372,636.86487,0.9037,850.2713,564.78625,0.9843684,1076.3792,455.24237,0.99981636,1159.8416,643.7409,0.9621723,1139.8989,744.4212,0.9619882,918.9282,927.0934,0.9900483,815.0534,925.2183,0.9900483,822.6319,1235.2666,0.06542091,811.9351,1576.7123,0.019826245,1022.80304,928.96844,0.9917835,1025.3206,1263.0931,0.051326226,1007.76825,1583.0669,0.012364577,893.6802,270.8524,0.9976708,955.30524,272.54944,0.9947945,867.16864,284.84543,0.99338317,980.9199,290.45346,0.9969191,976.95746,1686.5161,0.010488888,976.95746,1686.5161,0.010488888,1007.6963,1628.6859,0.012308988,849.35077,1672.645,0.009907147,849.35077,1672.645,0.009907147,805.4671,1630.4341,0.013268659,1143.4679,774.1475,1.0,1117.9202,775.9497,1.0,1099.0154,783.6102,1.0,1090.127,795.19055,1.0,1083.0792,805.4019,1.0,1109.4359,787.5176,1.0,1101.4901,806.2186,1.0,1097.6796,819.4584,1.0,1094.5154,831.40796,1.0,1125.65,790.0393,1.0,1115.6406,813.5397,1.0,1109.3854,829.6394,1.0,1104.0156,843.1832,1.0,1140.3075,791.5207,1.0,1131.0669,814.5528,1.0,1126.0715,830.9605,1.0,1121.1328,844.75507,1.0,1152.0581,791.15985,1.0,1148.2179,809.60364,1.0,1145.2433,823.19904,1.0,1141.6721,835.1182,1.0,851.4726,572.1019,1.0,881.0973,558.79376,1.0,905.3396,550.0997,1.0,925.27026,551.1952,1.0,941.2736,555.8758,1.0,895.83276,517.24536,1.0,927.63385,521.43146,1.0,945.0609,531.0929,1.0,957.81116,541.169,1.0,883.16437,526.37274,1.0,918.2956,535.62726,1.0,938.8867,550.1819,1.0,952.44,563.4292,1.0,872.8009,542.12537,1.0,906.38574,559.4083,1.0,921.18396,573.80444,1.0,928.2722,583.8257,1.0,866.24585,560.8288,1.0,893.39685,577.7434,1.0,905.2088,586.48706,1.0,911.18567,591.89777,1.0
0.0,0.0,0.0,0.0,0.0,0.0,0.0,0.0,0.0,0.0,0.0,0.0,0.0,0.0,0.0,0.0,0.0,0.0,0.0,0.0,0.0,0.0,0.0,0.0,0.0,0.0,0.0,0.0,0.0,0.0,0.0,0.0,0.0,0.0,0.0,0.0,0.0,0.0,0.0,0.0,0.0,0.0,0.0,0.0,0.0,0.0,0.0,0.0,0.0,0.0,0.0,0.0,0.0,0.0,0.0,0.0,0.0,0.0,0.0,0.0,0.0,0.0,0.0,0.0,0.0,0.0,0.0,0.0,0.0,0.0,0.0,0.0,0.0,0.0,0.0,0.0,0.0,0.0,0.0,0.0,0.0,0.0,0.0,0.0,0.0,0.0,0.0,0.0,0.0,0.0,0.0,0.0,0.0,0.0,0.0,0.0,0.0,0.0,0.0,0.0,0.0,0.0,0.0,0.0,0.0,0.0,0.0,0.0,0.0,0.0,0.0,0.0,0.0,0.0,0.0,0.0,0.0,0.0,0.0,0.0,0.0,0.0,0.0,0.0,0.0,0.0,0.0,0.0,0.0,0.0,0.0,0.0,0.0,0.0,0.0,0.0,0.0,0.0,0.0,0.0,0.0,0.0,0.0,0.0,0.0,0.0,0.0,0.0,0.0,0.0,0.0,0.0,0.0,0.0,0.0,0.0,0.0,0.0,0.0,0.0,0.0,0.0,0.0,0.0,0.0,0.0,0.0,0.0,0.0,0.0,0.0,0.0,0.0,0.0,0.0,0.0,0.0,0.0,0.0,0.0,0.0,0.0,0.0,0.0,0.0,0.0,0.0,0.0,0.0,0.0,0.0,0.0,0.0,0.0,0.0,0.0,0.0,0.0,0.0,0.0,0.0,0.0,0.0,0.0,0.0,0.0,0.0,0.0,0.0,0.0,918.3637,300.3372,0.99836665,927.9467,452.23203,0.9994073,779.5409,449.5716,0.9994073,684.58295,637.73975,0.90156114,849.22546,586.3564,0.9836455,1076.3525,454.89246,0.99980485,1163.4637,639.61993,0.9609255,1137.248,686.384,0.96202576,918.8425,926.8218,0.98964405,814.77856,925.23,0.98964405,822.47455,1231.8208,0.060499884,811.9411,1570.4945,0.018294048,1022.9065,928.4136,0.9913085,1025.8451,1253.0819,0.047266364,1005.82733,1575.1394,0.011449098,894.28735,272.09317,0.9971791,955.3627,273.04596,0.9938796,868.13416,285.71817,0.99197394,980.74994,290.46518,0.9963593,974.94965,1676.5292,0.009758873,974.94965,1676.5292,0.009758873,1004.94275,1621.3285,0.01154351,848.77747,1665.2769,0.009146464,848.77747,1665.2769,0.009146464,805.7757,1622.9094,0.012438626,1141.9482,717.15186,1.0,1120.4904,725.093,1.0,1101.5496,736.0033,1.0,1091.8677,747.4538,1.0,1084.1567,754.45337,1.0,1103.0988,730.2717,1.0,1090.5905,742.11975,1.0,1085.8416,751.96967,1.0,1081.515,761.1555,1.0,1115.0184,729.5064,1.0,1101.8743,744.4145,1.0,1094.6132,756.85846,1.0,1088.3505,767.5852,1.0,1127.2396,728.9728,1.0,1116.2534,744.7571,1.0,1110.552,757.54254,1.0,1104.9136,768.23724,1.0,1138.2106,728.2402,1.0,1134.2534,742.136,1.0,1131.6289,753.4201,1.0,1128.1478,763.6954,1.0,851.7247,594.8267,1.0,883.60223,587.3372,1.0,908.5109,581.7358,1.0,928.74316,586.0673,1.0,944.93286,592.7176,1.0,900.7218,545.08,1.0,929.2581,552.3165,1.0,945.60846,561.27313,1.0,958.42206,570.8037,1.0,886.835,550.4678,1.0,918.7344,564.1979,1.0,938.2057,579.19775,1.0,951.63226,592.2044,1.0,873.7529,563.47253,1.0,902.6665,587.5374,1.0,914.48645,604.0309,1.0,920.14886,614.7723,1.0,863.46936,580.04675,1.0,886.6835,601.30414,1.0,895.9722,612.50476,1.0,900.18494,619.2786,1.0
0.0,0.0,0.0,0.0,0.0,0.0,0.0,0.0,0.0,0.0,0.0,0.0,0.0,0.0,0.0,0.0,0.0,0.0,0.0,0.0,0.0,0.0,0.0,0.0,0.0,0.0,0.0,0.0,0.0,0.0,0.0,0.0,0.0,0.0,0.0,0.0,0.0,0.0,0.0,0.0,0.0,0.0,0.0,0.0,0.0,0.0,0.0,0.0,0.0,0.0,0.0,0.0,0.0,0.0,0.0,0.0,0.0,0.0,0.0,0.0,0.0,0.0,0.0,0.0,0.0,0.0,0.0,0.0,0.0,0.0,0.0,0.0,0.0,0.0,0.0,0.0,0.0,0.0,0.0,0.0,0.0,0.0,0.0,0.0,0.0,0.0,0.0,0.0,0.0,0.0,0.0,0.0,0.0,0.0,0.0,0.0,0.0,0.0,0.0,0.0,0.0,0.0,0.0,0.0,0.0,0.0,0.0,0.0,0.0,0.0,0.0,0.0,0.0,0.0,0.0,0.0,0.0,0.0,0.0,0.0,0.0,0.0,0.0,0.0,0.0,0.0,0.0,0.0,0.0,0.0,0.0,0.0,0.0,0.0,0.0,0.0,0.0,0.0,0.0,0.0,0.0,0.0,0.0,0.0,0.0,0.0,0.0,0.0,0.0,0.0,0.0,0.0,0.0,0.0,0.0,0.0,0.0,0.0,0.0,0.0,0.0,0.0,0.0,0.0,0.0,0.0,0.0,0.0,0.0,0.0,0.0,0.0,0.0,0.0,0.0,0.0,0.0,0.0,0.0,0.0,0.0,0.0,0.0,0.0,0.0,0.0,0.0,0.0,0.0,0.0,0.0,0.0,0.0,0.0,0.0,0.0,0.0,0.0,0.0,0.0,0.0,0.0,0.0,0.0,0.0,0.0,0.0,0.0,0.0,0.0,918.4672,302.5926,0.9981461,928.0103,452.27484,0.9993912,779.6724,449.75998,0.9993912,682.5868,637.83234,0.8946245,847.2164,598.297,0.9811201,1076.3481,454.78973,0.9997986,1167.6158,641.38007,0.9603777,1120.4596,644.1994,0.9626176,919.08984,926.6086,0.98901904,814.6136,925.2852,0.98901904,822.4844,1229.6075,0.05616805,812.0267,1567.9825,0.01687521,1023.5661,927.932,0.9906349,1026.1792,1249.4979,0.0434429,1005.33563,1572.1517,0.010567208,894.4882,275.2787,0.99679655,955.3432,274.77222,0.9932667,868.7112,286.86172,0.9908083,980.6903,290.60992,0.995994,974.94495,1670.8624,0.009047375,974.94495,1670.8624,0.009047375,1003.8641,1619.0271,0.0107591245,848.0412,1662.5222,0.008451177,848.0412,1662.5222,0.008451177,806.36255,1620.0846,0.011652136,1140.4287,660.1562,1.0,1123.0607,674.23627,1.0,1104.0836,688.3963,1.0,1093.6084,699.71704,1.0,1085.2344,703.50476,1.0,1096.7615,673.0259,1.0,1079.6907,678.0208,1.0,1074.0034,684.481,1.0,1068.5146,690.90314,1.0,1104.3868,668.9736,1.0,1088.1078,675.2893,1.0,1079.841,684.0775,1.0,1072.6852,691.9872,1.0,1114.1719,666.42487,1.0,1101.44,674.96136,1.0,1095.0325,684.1245,1.0,1088.6945,691.7194,1.0,1124.363,665.3205,1.0,1120.2888,674.66833,1.0,1118.0146,683.6411,1.0,1114.6235,692.2726,1.0,848.9844,609.9484,1.0,883.4236,607.0997,1.0,911.2242,604.32666,1.0,933.8194,613.1478,1.0,952.27454,622.7906,1.0,904.3948,565.2386,1.0,930.51746,572.299,1.0,947.79803,579.1817,1.0,962.05566,586.6525,1.0,890.7423,567.5083,1.0,920.4551,581.13477,1.0,940.3157,593.4373,1.0,954.2815,603.61554,1.0,876.7448,578.204,1.0,903.4066,604.8968,1.0,910.4826,622.23505,1.0,911.96515,632.8156,1.0,865.0102,593.64526,1.0,886.4424,616.06305,1.0,893.731,627.90936,1.0,896.0723,634.6584,1.0
0.0,0.0,0.0,0.0,0.0,0.0,0.0,0.0,0.0,0.0,0.0,0.0,0.0,0.0,0.0,0.0,0.0,0.0,0.0,0.0,0.0,0.0,0.0,0.0,0.0,0.0,0.0,0.0,0.0,0.0,0.0,0.0,0.0,0.0,0.0,0.0,0.0,0.0,0.0,0.0,0.0,0.0,0.0,0.0,0.0,0.0,0.0,0.0,0.0,0.0,0.0,0.0,0.0,0.0,0.0,0.0,0.0,0.0,0.0,0.0,0.0,0.0,0.0,0.0,0.0,0.0,0.0,0.0,0.0,0.0,0.0,0.0,0.0,0.0,0.0,0.0,0.0,0.0,0.0,0.0,0.0,0.0,0.0,0.0,0.0,0.0,0.0,0.0,0.0,0.0,0.0,0.0,0.0,0.0,0.0,0.0,0.0,0.0,0.0,0.0,0.0,0.0,0.0,0.0,0.0,0.0,0.0,0.0,0.0,0.0,0.0,0.0,0.0,0.0,0.0,0.0,0.0,0.0,0.0,0.0,0.0,0.0,0.0,0.0,0.0,0.0,0.0,0.0,0.0,0.0,0.0,0.0,0.0,0.0,0.0,0.0,0.0,0.0,0.0,0.0,0.0,0.0,0.0,0.0,0.0,0.0,0.0,0.0,0.0,0.0,0.0,0.0,0.0,0.0,0.0,0.0,0.0,0.0,0.0,0.0,0.0,0.0,0.0,0.0,0.0,0.0,0.0,0.0,0.0,0.0,0.0,0.0,0.0,0.0,0.0,0.0,0.0,0.0,0.0,0.0,0.0,0.0,0.0,0.0,0.0,0.0,0.0,0.0,0.0,0.0,0.0,0.0,0.0,0.0,0.0,0.0,0.0,0.0,0.0,0.0,0.0,0.0,0.0,0.0,0.0,0.0,0.0,0.0,0.0,0.0,918.6169,304.9942,0.99809617,928.107,452.07584,0.99940205,779.8136,450.13107,0.99940205,680.57605,637.51227,0.8911631,847.46826,603.00024,0.9796326,1076.4004,454.0206,0.99979985,1175.4678,641.82,0.9619082,1097.1168,611.6059,0.96471447,919.8423,926.1795,0.988772,814.57263,925.31555,0.988772,823.01605,1229.2671,0.05326756,814.1997,1568.114,0.015792103,1025.1119,927.0435,0.9902727,1030.81,1248.2207,0.040495556,1005.79285,1571.2736,0.009847532,894.6093,277.41177,0.9967334,955.3178,276.07855,0.993213,869.0343,287.51495,0.9905654,980.6278,290.68097,0.9959746,977.8737,1669.567,0.008474927,977.8737,1669.567,0.008474927,1003.7484,1618.7107,0.010163058,850.76544,1662.9977,0.007907469,850.76544,1662.9977,0.007907469,809.2245,1620.3816,0.011108629,1119.738,629.5798,1.0,1097.7479,640.8424,1.0,1077.009,648.91547,1.0,1065.0262,655.6171,1.0,1055.3318,657.5527,1.0,1072.1915,630.1355,1.0,1053.9122,634.1996,1.0,1045.8822,639.9431,1.0,1038.4386,645.62555,1.0,1080.3655,626.31134,1.0,1061.973,631.7207,1.0,1051.4789,639.493,1.0,1042.3584,646.4187,1.0,1090.6921,624.8708,1.0,1075.1875,631.91614,1.0,1066.248,639.50714,1.0,1057.8834,645.8614,1.0,1101.5599,625.7304,1.0,1094.4016,632.79114,1.0,1089.6526,639.5933,1.0,1084.3754,646.2037,1.0,853.0439,615.5401,1.0,888.59845,620.16376,1.0,916.2874,620.70593,1.0,937.96216,630.17554,1.0,957.8372,640.1203,1.0,912.293,578.4589,1.0,936.43085,581.7197,1.0,954.10895,584.25397,1.0,969.16254,587.0508,1.0,899.4318,575.0753,1.0,927.7811,583.4339,1.0,947.55,591.3613,1.0,962.7043,596.8378,1.0,884.6507,580.95294,1.0,908.76105,607.2514,1.0,909.66614,627.0189,1.0,906.95306,638.25665,1.0,871.0769,593.5614,1.0,888.76794,617.02216,1.0,893.41797,631.08026,1.0,893.87897,638.4737,1.0
0.0,0.0,0.0,0.0,0.0,0.0,0.0,0.0,0.0,0.0,0.0,0.0,0.0,0.0,0.0,0.0,0.0,0.0,0.0,0.0,0.0,0.0,0.0,0.0,0.0,0.0,0.0,0.0,0.0,0.0,0.0,0.0,0.0,0.0,0.0,0.0,0.0,0.0,0.0,0.0,0.0,0.0,0.0,0.0,0.0,0.0,0.0,0.0,0.0,0.0,0.0,0.0,0.0,0.0,0.0,0.0,0.0,0.0,0.0,0.0,0.0,0.0,0.0,0.0,0.0,0.0,0.0,0.0,0.0,0.0,0.0,0.0,0.0,0.0,0.0,0.0,0.0,0.0,0.0,0.0,0.0,0.0,0.0,0.0,0.0,0.0,0.0,0.0,0.0,0.0,0.0,0.0,0.0,0.0,0.0,0.0,0.0,0.0,0.0,0.0,0.0,0.0,0.0,0.0,0.0,0.0,0.0,0.0,0.0,0.0,0.0,0.0,0.0,0.0,0.0,0.0,0.0,0.0,0.0,0.0,0.0,0.0,0.0,0.0,0.0,0.0,0.0,0.0,0.0,0.0,0.0,0.0,0.0,0.0,0.0,0.0,0.0,0.0,0.0,0.0,0.0,0.0,0.0,0.0,0.0,0.0,0.0,0.0,0.0,0.0,0.0,0.0,0.0,0.0,0.0,0.0,0.0,0.0,0.0,0.0,0.0,0.0,0.0,0.0,0.0,0.0,0.0,0.0,0.0,0.0,0.0,0.0,0.0,0.0,0.0,0.0,0.0,0.0,0.0,0.0,0.0,0.0,0.0,0.0,0.0,0.0,0.0,0.0,0.0,0.0,0.0,0.0,0.0,0.0,0.0,0.0,0.0,0.0,0.0,0.0,0.0,0.0,0.0,0.0,0.0,0.0,0.0,0.0,0.0,0.0,918.69543,307.142,0.9979402,928.3476,451.74026,0.9994085,780.27344,450.70456,0.9994085,679.81506,636.1151,0.8859743,850.0312,602.7993,0.97707117,1076.4218,452.776,0.9997939,1183.3389,640.888,0.96369195,1079.6644,581.54004,0.966443,920.88696,925.6992,0.9886463,814.8085,925.30994,0.9886463,823.455,1229.292,0.050942805,815.8672,1568.285,0.014883099,1026.9655,926.08856,0.98996925,1033.5544,1248.2952,0.037778396,1004.8586,1570.8502,0.00915996,894.6685,278.4183,0.99652654,955.29236,277.07266,0.99276596,869.15466,287.74677,0.99006844,980.5983,290.70465,0.9957576,978.2903,1670.4259,0.007916364,978.2903,1670.4259,0.007916364,1001.4698,1617.7446,0.009580281,852.19244,1663.1296,0.007442627,852.19244,1663.1296,0.007442627,811.6258,1620.4268,0.010647981,1099.0474,599.00336,1.0,1072.435,607.4486,1.0,1049.9346,609.4346,1.0,1036.4441,611.51715,1.0,1025.4292,611.6006,1.0,1047.6215,587.2452,1.0,1028.1338,590.37836,1.0,1017.76086,595.4052,1.0,1008.36255,600.34796,1.0,1056.3441,583.6492,1.0,1035.8381,588.1521,1.0,1023.11676,594.9084,1.0,1012.03156,600.8502,1.0,1067.2123,583.3168,1.0,1048.935,588.871,1.0,1037.4636,594.8897,1.0,1027.0725,600.00336,1.0,1078.7567,586.1403,1.0,1068.5143,590.9139,1.0,1061.2906,595.54553,1.0,1054.1272,600.13477,1.0,863.2997,615.00775,1.0,895.54614,623.9196,1.0,923.0647,626.49744,1.0,943.4057,635.3479,1.0,962.1188,645.52234,1.0,922.6431,582.8668,1.0,946.84576,580.5962,1.0,965.2286,578.947,1.0,980.453,577.85187,1.0,909.94165,575.1676,1.0,938.3958,576.3069,1.0,958.9803,579.35205,1.0,975.53375,580.10333,1.0,894.6094,576.6908,1.0,917.2152,601.04144,1.0,914.924,621.48975,1.0,910.4588,632.2849,1.0,879.51044,586.3462,1.0,895.84674,610.09784,1.0,898.2587,624.8519,1.0,897.2011,631.8253,1.0
0.0,0.0,0.0,0.0,0.0,0.0,0.0,0.0,0.0,0.0,0.0,0.0,0.0,0.0,0.0,0.0,0.0,0.0,0.0,0.0,0.0,0.0,0.0,0.0,0.0,0.0,0.0,0.0,0.0,0.0,0.0,0.0,0.0,0.0,0.0,0.0,0.0,0.0,0.0,0.0,0.0,0.0,0.0,0.0,0.0,0.0,0.0,0.0,0.0,0.0,0.0,0.0,0.0,0.0,0.0,0.0,0.0,0.0,0.0,0.0,0.0,0.0,0.0,0.0,0.0,0.0,0.0,0.0,0.0,0.0,0.0,0.0,0.0,0.0,0.0,0.0,0.0,0.0,0.0,0.0,0.0,0.0,0.0,0.0,0.0,0.0,0.0,0.0,0.0,0.0,0.0,0.0,0.0,0.0,0.0,0.0,0.0,0.0,0.0,0.0,0.0,0.0,0.0,0.0,0.0,0.0,0.0,0.0,0.0,0.0,0.0,0.0,0.0,0.0,0.0,0.0,0.0,0.0,0.0,0.0,0.0,0.0,0.0,0.0,0.0,0.0,0.0,0.0,0.0,0.0,0.0,0.0,0.0,0.0,0.0,0.0,0.0,0.0,0.0,0.0,0.0,0.0,0.0,0.0,0.0,0.0,0.0,0.0,0.0,0.0,0.0,0.0,0.0,0.0,0.0,0.0,0.0,0.0,0.0,0.0,0.0,0.0,0.0,0.0,0.0,0.0,0.0,0.0,0.0,0.0,0.0,0.0,0.0,0.0,0.0,0.0,0.0,0.0,0.0,0.0,0.0,0.0,0.0,0.0,0.0,0.0,0.0,0.0,0.0,0.0,0.0,0.0,0.0,0.0,0.0,0.0,0.0,0.0,0.0,0.0,0.0,0.0,0.0,0.0,0.0,0.0,0.0,0.0,0.0,0.0,918.70715,308.50433,0.9977555,928.43994,451.0855,0.9994152,780.6329,451.06622,0.9994152,679.6446,632.4432,0.8790285,854.004,599.8463,0.974399,1076.247,451.1048,0.9997799,1187.6265,636.71423,0.9645943,1069.5372,555.68616,0.9666884,921.6182,924.9629,0.9883906,815.0573,925.2318,0.9883906,823.5547,1229.3134,0.048801377,816.7018,1568.3984,0.014013143,1028.1791,924.694,0.9894243,1033.757,1249.1622,0.035063718,1003.10583,1571.0383,0.00847209,894.64075,278.85706,0.99627835,955.2795,278.29196,0.9921418,869.0588,287.8372,0.98959035,980.6094,290.9274,0.995431,976.88513,1671.9852,0.0073509505,976.88513,1671.9852,0.0073509505,998.8439,1617.2378,0.008959054,852.27875,1663.4274,0.007008256,852.27875,1663.4274,0.007008256,813.1258,1620.6036,0.010163698,1078.3568,568.42694,1.0,1047.1223,574.05475,1.0,1022.86,569.95374,1.0,1007.86194,567.41724,1.0,995.5267,565.64844,1.0,1023.05145,544.35486,1.0,1002.3553,546.5571,1.0,989.6396,550.8674,1.0,978.2865,555.0704,1.0,1032.3228,540.98694,1.0,1009.70337,544.5835,1.0,994.75464,550.32385,1.0,981.7048,555.28174,1.0,1043.7325,541.7627,1.0,1022.68256,545.8258,1.0,1008.6792,550.27234,1.0,996.2615,554.1453,1.0,1055.9536,546.55023,1.0,1042.6271,549.0366,1.0,1032.9286,551.49774,1.0,1023.8791,554.06586,1.0,871.6763,609.0392,1.0,900.2261,619.0495,1.0,928.01953,621.9649,1.0,948.29865,630.698,1.0,965.93616,641.89343,1.0,931.6484,577.9281,1.0,956.67096,571.7041,1.0,975.32825,566.3047,1.0,990.5246,561.40735,1.0,919.39484,568.64484,1.0,949.036,564.4437,1.0,970.2084,562.57227,1.0,987.1559,558.67,1.0,903.82605,568.08417,1.0,927.39856,588.8062,1.0,922.6513,608.9692,1.0,916.31647,618.9208,1.0,887.93317,576.41266,1.0,905.3903,599.01404,1.0,905.4369,613.955,1.0,902.05756,620.25397,1.0
0.0,0.0,0.0,0.0,0.0,0.0,0.0,0.0,0.0,0.0,0.0,0.0,0.0,0.0,0.0,0.0,0.0,0.0,0.0,0.0,0.0,0.0,0.0,0.0,0.0,0.0,0.0,0.0,0.0,0.0,0.0,0.0,0.0,0.0,0.0,0.0,0.0,0.0,0.0,0.0,0.0,0.0,0.0,0.0,0.0,0.0,0.0,0.0,0.0,0.0,0.0,0.0,0.0,0.0,0.0,0.0,0.0,0.0,0.0,0.0,0.0,0.0,0.0,0.0,0.0,0.0,0.0,0.0,0.0,0.0,0.0,0.0,0.0,0.0,0.0,0.0,0.0,0.0,0.0,0.0,0.0,0.0,0.0,0.0,0.0,0.0,0.0,0.0,0.0,0.0,0.0,0.0,0.0,0.0,0.0,0.0,0.0,0.0,0.0,0.0,0.0,0.0,0.0,0.0,0.0,0.0,0.0,0.0,0.0,0.0,0.0,0.0,0.0,0.0,0.0,0.0,0.0,0.0,0.0,0.0,0.0,0.0,0.0,0.0,0.0,0.0,0.0,0.0,0.0,0.0,0.0,0.0,0.0,0.0,0.0,0.0,0.0,0.0,0.0,0.0,0.0,0.0,0.0,0.0,0.0,0.0,0.0,0.0,0.0,0.0,0.0,0.0,0.0,0.0,0.0,0.0,0.0,0.0,0.0,0.0,0.0,0.0,0.0,0.0,0.0,0.0,0.0,0.0,0.0,0.0,0.0,0.0,0.0,0.0,0.0,0.0,0.0,0.0,0.0,0.0,0.0,0.0,0.0,0.0,0.0,0.0,0.0,0.0,0.0,0.0,0.0,0.0,0.0,0.0,0.0,0.0,0.0,0.0,0.0,0.0,0.0,0.0,0.0,0.0,0.0,0.0,0.0,0.0,0.0,0.0,918.69507,308.90662,0.9977218,928.529,449.797,0.9994362,781.0731,451.0621,0.9994362,678.82275,626.6877,0.8744249,856.5165,595.6502,0.97361684,1075.985,448.5319,0.9997661,1187.7827,628.9363,0.9652107,1055.6321,531.9329,0.96610975,921.9581,922.89905,0.98804945,815.0686,923.7711,0.98804945,823.4145,1227.8718,0.04661018,817.0266,1568.0487,0.013120451,1028.8477,922.0269,0.988594,1032.6024,1249.7894,0.032450818,1001.0314,1570.778,0.0078122607,894.49005,278.9365,0.996267,955.262,279.01855,0.9919804,868.6019,287.8552,0.9897347,980.6295,291.1122,0.995334,974.37006,1673.0707,0.0068173455,974.37006,1673.0707,0.0068173455,997.0346,1616.2632,0.008351777,851.88196,1663.9019,0.006582533,851.88196,1663.9019,0.006582533,813.7304,1620.2144,0.009661014,1057.6661,537.85046,1.0,1021.80945,540.66095,1.0,995.7854,530.47284,1.0,979.2798,523.3173,1.0,965.62415,519.69635,1.0,998.48145,501.46448,1.0,976.57684,502.73587,1.0,961.5183,506.32947,1.0,948.21045,509.79282,1.0,1008.30133,498.32477,1.0,983.56854,501.01492,1.0,966.3926,505.7393,1.0,951.3779,509.71326,1.0,1020.25275,500.20868,1.0,996.43005,502.7806,1.0,979.8948,505.6549,1.0,965.45056,508.2873,1.0,1033.1505,506.96014,1.0,1016.7398,507.1594,1.0,1004.5666,507.4499,1.0,993.631,507.99695,1.0,877.2341,594.8921,1.0,906.0304,603.319,1.0,934.4088,605.555,1.0,955.2222,613.8053,1.0,972.92566,624.80804,1.0,941.0831,561.0415,1.0,965.6841,555.39417,1.0,983.8247,549.1111,1.0,999.2017,542.7005,1.0,929.54877,550.6763,1.0,959.4463,547.0799,1.0,981.03546,543.96295,1.0,998.81067,538.5235,1.0,913.93335,548.33246,1.0,938.0686,567.6907,1.0,930.9613,588.2397,1.0,922.7456,598.4535,1.0,897.19147,554.882,1.0,915.12384,577.0363,1.0,914.0397,594.16315,1.0,909.56494,602.76434,1.0
0.0,0.0,0.0,0.0,0.0,0.0,0.0,0.0,0.0,0.0,0.0,0.0,0.0,0.0,0.0,0.0,0.0,0.0,0.0,0.0,0.0,0.0,0.0,0.0,0.0,0.0,0.0,0.0,0.0,0.0,0.0,0.0,0.0,0.0,0.0,0.0,0.0,0.0,0.0,0.0,0.0,0.0,0.0,0.0,0.0,0.0,0.0,0.0,0.0,0.0,0.0,0.0,0.0,0.0,0.0,0.0,0.0,0.0,0.0,0.0,0.0,0.0,0.0,0.0,0.0,0.0,0.0,0.0,0.0,0.0,0.0,0.0,0.0,0.0,0.0,0.0,0.0,0.0,0.0,0.0,0.0,0.0,0.0,0.0,0.0,0.0,0.0,0.0,0.0,0.0,0.0,0.0,0.0,0.0,0.0,0.0,0.0,0.0,0.0,0.0,0.0,0.0,0.0,0.0,0.0,0.0,0.0,0.0,0.0,0.0,0.0,0.0,0.0,0.0,0.0,0.0,0.0,0.0,0.0,0.0,0.0,0.0,0.0,0.0,0.0,0.0,0.0,0.0,0.0,0.0,0.0,0.0,0.0,0.0,0.0,0.0,0.0,0.0,0.0,0.0,0.0,0.0,0.0,0.0,0.0,0.0,0.0,0.0,0.0,0.0,0.0,0.0,0.0,0.0,0.0,0.0,0.0,0.0,0.0,0.0,0.0,0.0,0.0,0.0,0.0,0.0,0.0,0.0,0.0,0.0,0.0,0.0,0.0,0.0,0.0,0.0,0.0,0.0,0.0,0.0,0.0,0.0,0.0,0.0,0.0,0.0,0.0,0.0,0.0,0.0,0.0,0.0,0.0,0.0,0.0,0.0,0.0,0.0,0.0,0.0,0.0,0.0,0.0,0.0,0.0,0.0,0.0,0.0,0.0,0.0,918.7362,309.50577,0.9975459,928.5701,447.76855,0.99945265,781.7992,450.74863,0.99945265,678.15826,619.9151,0.8716223,860.49664,592.9631,0.9730384,1075.3411,444.78845,0.99974483,1186.4943,619.0426,0.9658595,1037.0131,512.2469,0.96494037,922.2449,921.1453,0.98783153,815.02264,922.4174,0.9879088,823.4365,1226.8141,0.04541821,817.0739,1567.7363,0.0123822205,1029.467,919.8732,0.9879626,1031.9935,1250.2596,0.03015318,999.87415,1570.463,0.007227866,894.3908,279.57162,0.9960416,955.38654,279.61597,0.9912366,868.1441,288.02283,0.9894609,980.6727,291.30103,0.99490124,972.8554,1673.9927,0.006342811,972.8554,1673.9927,0.006342811,996.0557,1615.2026,0.0078095957,851.5397,1664.1687,0.0062328386,851.5397,1664.1687,0.0062328386,813.8241,1619.2833,0.00924366,1036.9755,507.27405,1.0,996.49664,507.26712,1.0,968.7108,490.99197,1.0,950.6976,479.21738,1.0,935.72156,473.74426,1.0,973.91144,458.57416,1.0,950.79834,458.91464,1.0,933.397,461.7916,1.0,918.13434,464.51523,1.0,984.27997,455.66257,1.0,957.4338,457.44632,1.0,938.0305,461.15472,1.0,921.0511,464.14478,1.0,996.773,458.65463,1.0,970.17755,459.73544,1.0,951.11035,461.0375,1.0,934.6396,462.42926,1.0,1010.34735,467.37006,1.0,990.85254,465.28217,1.0,976.2046,463.4021,1.0,963.3828,461.92804,1.0,880.89825,585.5106,1.0,909.7129,593.1689,1.0,937.8517,595.63934,1.0,958.4121,603.4446,1.0,976.2253,614.0275,1.0,946.8686,550.9086,1.0,971.6911,545.90436,1.0,989.0826,540.08185,1.0,1003.8462,533.8614,1.0,935.26276,539.7883,1.0,964.973,537.3142,1.0,986.3935,535.60065,1.0,1003.81464,531.3574,1.0,919.30774,536.33716,1.0,942.31805,557.2109,1.0,934.5569,577.62103,1.0,925.84216,587.278,1.0,901.9963,541.57697,1.0,919.3325,564.75275,1.0,918.1366,582.824,1.0,914.1416,592.4946,1.0
0.0,0.0,0.0,0.0,0.0,0.0,0.0,0.0,0.0,0.0,0.0,0.0,0.0,0.0,0.0,0.0,0.0,0.0,0.0,0.0,0.0,0.0,0.0,0.0,0.0,0.0,0.0,0.0,0.0,0.0,0.0,0.0,0.0,0.0,0.0,0.0,0.0,0.0,0.0,0.0,0.0,0.0,0.0,0.0,0.0,0.0,0.0,0.0,0.0,0.0,0.0,0.0,0.0,0.0,0.0,0.0,0.0,0.0,0.0,0.0,0.0,0.0,0.0,0.0,0.0,0.0,0.0,0.0,0.0,0.0,0.0,0.0,0.0,0.0,0.0,0.0,0.0,0.0,0.0,0.0,0.0,0.0,0.0,0.0,0.0,0.0,0.0,0.0,0.0,0.0,0.0,0.0,0.0,0.0,0.0,0.0,0.0,0.0,0.0,0.0,0.0,0.0,0.0,0.0,0.0,0.0,0.0,0.0,0.0,0.0,0.0,0.0,0.0,0.0,0.0,0.0,0.0,0.0,0.0,0.0,0.0,0.0,0.0,0.0,0.0,0.0,0.0,0.0,0.0,0.0,0.0,0.0,0.0,0.0,0.0,0.0,0.0,0.0,0.0,0.0,0.0,0.0,0.0,0.0,0.0,0.0,0.0,0.0,0.0,0.0,0.0,0.0,0.0,0.0,0.0,0.0,0.0,0.0,0.0,0.0,0.0,0.0,0.0,0.0,0.0,0.0,0.0,0.0,0.0,0.0,0.0,0.0,0.0,0.0,0.0,0.0,0.0,0.0,0.0,0.0,0.0,0.0,0.0,0.0,0.0,0.0,0.0,0.0,0.0,0.0,0.0,0.0,0.0,0.0,0.0,0.0,0.0,0.0,0.0,0.0,0.0,0.0,0.0,0.0,0.0,0.0,0.0,0.0,0.0,0.0,918.8559,310.19376,0.99731374,928.2478,445.77377,0.9994598,782.3523,450.37668,0.9994598,677.68726,614.14777,0.86667293,864.38385,591.2743,0.97135377,1074.1433,441.1709,0.999718,1185.0111,610.4652,0.9655854,1022.9189,503.58694,0.962136,922.457,920.5056,0.9874776,815.0213,921.9096,0.9878225,823.54834,1227.4757,0.044055518,817.11456,1567.8356,0.011644165,1029.8926,919.10156,0.9874776,1032.08,1251.5046,0.028036105,998.97614,1571.264,0.0066865203,894.37335,280.27637,0.9957288,955.58435,280.3254,0.9903089,867.6845,288.21347,0.98899144,980.79517,291.58246,0.9943608,970.9212,1676.419,0.00589597,970.9212,1676.419,0.00589597,995.3154,1615.1775,0.007293286,851.1433,1664.9681,0.005880022,851.1433,1664.9681,0.005880022,813.94037,1619.0146,0.008794555,1030.5883,504.04602,1.0,988.56665,504.2024,1.0,960.7964,488.40314,1.0,943.4788,476.9868,1.0,929.6895,471.0775,1.0,964.3026,458.23828,1.0,943.08075,459.7732,1.0,925.57385,462.26257,1.0,909.5435,464.61978,1.0,973.9251,454.5868,1.0,949.64624,457.52084,1.0,930.2493,460.52173,1.0,911.6026,462.67706,1.0,986.1617,456.45413,1.0,960.9929,458.50186,1.0,943.07184,459.74377,1.0,926.2235,460.20538,1.0,999.7885,464.0346,1.0,980.9631,462.57907,1.0,966.8557,461.42197,1.0,953.6866,459.3155,1.0,880.1321,580.4223,1.0,909.72217,586.37616,1.0,937.91125,586.71387,1.0,958.32806,592.12915,1.0,976.977,599.62537,1.0,943.65155,539.9196,1.0,966.7701,539.30865,1.0,983.89404,538.1622,1.0,998.42487,536.76654,1.0,931.92255,529.9363,1.0,960.6531,532.5726,1.0,980.3506,536.97595,1.0,996.4299,537.3676,1.0,916.1444,527.65094,1.0,938.97925,549.8942,1.0,931.4314,569.9173,1.0,923.04224,578.1348,1.0,899.3464,533.36804,1.0,917.1783,556.1055,1.0,915.483,573.13696,1.0,911.19824,580.86835,1.0
0.0,0.0,0.0,0.0,0.0,0.0,0.0,0.0,0.0,0.0,0.0,0.0,0.0,0.0,0.0,0.0,0.0,0.0,0.0,0.0,0.0,0.0,0.0,0.0,0.0,0.0,0.0,0.0,0.0,0.0,0.0,0.0,0.0,0.0,0.0,0.0,0.0,0.0,0.0,0.0,0.0,0.0,0.0,0.0,0.0,0.0,0.0,0.0,0.0,0.0,0.0,0.0,0.0,0.0,0.0,0.0,0.0,0.0,0.0,0.0,0.0,0.0,0.0,0.0,0.0,0.0,0.0,0.0,0.0,0.0,0.0,0.0,0.0,0.0,0.0,0.0,0.0,0.0,0.0,0.0,0.0,0.0,0.0,0.0,0.0,0.0,0.0,0.0,0.0,0.0,0.0,0.0,0.0,0.0,0.0,0.0,0.0,0.0,0.0,0.0,0.0,0.0,0.0,0.0,0.0,0.0,0.0,0.0,0.0,0.0,0.0,0.0,0.0,0.0,0.0,0.0,0.0,0.0,0.0,0.0,0.0,0.0,0.0,0.0,0.0,0.0,0.0,0.0,0.0,0.0,0.0,0.0,0.0,0.0,0.0,0.0,0.0,0.0,0.0,0.0,0.0,0.0,0.0,0.0,0.0,0.0,0.0,0.0,0.0,0.0,0.0,0.0,0.0,0.0,0.0,0.0,0.0,0.0,0.0,0.0,0.0,0.0,0.0,0.0,0.0,0.0,0.0,0.0,0.0,0.0,0.0,0.0,0.0,0.0,0.0,0.0,0.0,0.0,0.0,0.0,0.0,0.0,0.0,0.0,0.0,0.0,0.0,0.0,0.0,0.0,0.0,0.0,0.0,0.0,0.0,0.0,0.0,0.0,0.0,0.0,0.0,0.0,0.0,0.0,0.0,0.0,0.0,0.0,0.0,0.0,918.9365,310.41656,0.9972244,927.69165,444.3464,0.99946666,782.54004,450.07776,0.99946666,676.7397,610.2056,0.86008364,865.1875,585.6573,0.9691015,1072.8433,438.61505,0.99969995,1183.0894,605.8144,0.96497667,1014.9843,500.30203,0.95918214,922.59283,920.2066,0.9871575,815.09094,921.50775,0.9877854,823.59033,1228.7546,0.041986257,817.4052,1567.9937,0.010823146,1030.0947,918.9054,0.9871575,1031.9517,1254.8698,0.026101854,998.13336,1572.6404,0.006171848,894.2989,280.50955,0.9956224,955.6841,280.78665,0.98997396,867.04,288.328,0.9889237,980.96124,291.8108,0.99416786,968.644,1679.5018,0.005469429,968.644,1679.5018,0.005469429,994.7383,1615.687,0.0067944145,850.7129,1665.81,0.0054864422,850.7129,1665.81,0.0054864422,814.5842,1619.1299,0.008281687,1019.3115,497.52487,1.0,978.3276,499.2315,1.0,950.49225,483.80627,1.0,933.0729,472.1297,1.0,919.2698,465.9654,1.0,953.4642,453.2294,1.0,931.79443,454.92773,1.0,913.66693,456.88745,1.0,897.24316,458.19647,1.0,962.222,448.95935,1.0,936.52136,452.3782,1.0,916.49884,455.37518,1.0,897.60004,456.97345,1.0,973.64294,450.17188,1.0,946.39026,452.7979,1.0,927.4323,454.17502,1.0,910.1196,453.99908,1.0,986.30634,457.1829,1.0,965.81635,455.5816,1.0,950.97845,454.33536,1.0,937.29474,451.62198,1.0,870.5594,573.7146,1.0,900.5686,573.55707,1.0,927.1822,568.66254,1.0,946.404,567.73694,1.0,964.0483,567.2612,1.0,926.093,523.6959,1.0,943.8284,523.05725,1.0,959.5714,525.8458,1.0,973.58484,529.6434,1.0,914.93164,516.5742,1.0,938.94006,519.29724,1.0,953.01227,527.2624,1.0,964.1633,531.09216,1.0,900.711,516.7343,1.0,921.4469,531.06555,1.0,915.8259,549.03265,1.0,908.96423,557.57416,1.0,885.22455,523.4374,1.0,901.5615,536.54254,1.0,900.4971,551.7887,1.0,896.2722,559.89087,1.0
0.0,0.0,0.0,0.0,0.0,0.0,0.0,0.0,0.0,0.0,0.0,0.0,0.0,0.0,0.0,0.0,0.0,0.0,0.0,0.0,0.0,0.0,0.0,0.0,0.0,0.0,0.0,0.0,0.0,0.0,0.0,0.0,0.0,0.0,0.0,0.0,0.0,0.0,0.0,0.0,0.0,0.0,0.0,0.0,0.0,0.0,0.0,0.0,0.0,0.0,0.0,0.0,0.0,0.0,0.0,0.0,0.0,0.0,0.0,0.0,0.0,0.0,0.0,0.0,0.0,0.0,0.0,0.0,0.0,0.0,0.0,0.0,0.0,0.0,0.0,0.0,0.0,0.0,0.0,0.0,0.0,0.0,0.0,0.0,0.0,0.0,0.0,0.0,0.0,0.0,0.0,0.0,0.0,0.0,0.0,0.0,0.0,0.0,0.0,0.0,0.0,0.0,0.0,0.0,0.0,0.0,0.0,0.0,0.0,0.0,0.0,0.0,0.0,0.0,0.0,0.0,0.0,0.0,0.0,0.0,0.0,0.0,0.0,0.0,0.0,0.0,0.0,0.0,0.0,0.0,0.0,0.0,0.0,0.0,0.0,0.0,0.0,0.0,0.0,0.0,0.0,0.0,0.0,0.0,0.0,0.0,0.0,0.0,0.0,0.0,0.0,0.0,0.0,0.0,0.0,0.0,0.0,0.0,0.0,0.0,0.0,0.0,0.0,0.0,0.0,0.0,0.0,0.0,0.0,0.0,0.0,0.0,0.0,0.0,0.0,0.0,0.0,0.0,0.0,0.0,0.0,0.0,0.0,0.0,0.0,0.0,0.0,0.0,0.0,0.0,0.0,0.0,0.0,0.0,0.0,0.0,0.0,0.0,0.0,0.0,0.0,0.0,0.0,0.0,0.0,0.0,0.0,0.0,0.0,0.0,918.9535,310.37613,0.9971703,927.1852,442.9739,0.99947083,782.5701,449.28946,0.99947083,674.39825,607.5508,0.8525187,858.50836,575.89124,0.9660183,1071.8002,436.65836,0.99968666,1180.8318,604.5065,0.96430993,1014.11145,500.44034,0.9569415,922.6841,918.7677,0.9863008,815.1666,919.967,0.9872441,823.62415,1229.5098,0.039946485,817.5431,1568.1202,0.010071079,1030.2015,917.5685,0.9863008,1030.824,1257.4958,0.024352025,996.979,1573.3444,0.0056982357,894.1853,280.5867,0.9955689,955.6846,280.9929,0.9897943,866.5294,288.4,0.9889287,981.0593,291.91107,0.9940804,966.1705,1680.8593,0.0050776806,966.1705,1680.8593,0.0050776806,994.00525,1615.8699,0.0063356576,850.14325,1666.1519,0.0051247412,850.14325,1666.1519,0.0051247412,814.94867,1619.1776,0.0077948254,1012.0926,494.66534,1.0,973.46423,497.94385,1.0,946.59375,482.7097,1.0,929.69037,470.25806,1.0,915.6924,463.62766,1.0,949.47345,450.22806,1.0,927.44025,450.6905,1.0,908.7224,451.70947,1.0,891.95264,452.04962,1.0,957.813,445.9217,1.0,930.99414,448.86655,1.0,910.404,451.2381,1.0,891.4303,452.40668,1.0,968.6543,447.06183,1.0,940.1838,449.4264,1.0,920.33887,450.2221,1.0,902.5844,449.42978,1.0,980.6074,454.05347,1.0,960.0785,452.41043,1.0,945.0136,450.9302,1.0,931.2923,448.17334,1.0,859.94,566.3882,1.0,887.73517,563.21533,1.0,912.65936,555.3317,1.0,930.3335,550.6807,1.0,946.67694,545.8417,1.0,907.60297,511.11478,1.0,923.31055,509.5463,1.0,938.1141,512.02295,1.0,951.4946,516.19696,1.0,895.64325,504.6429,1.0,918.06647,505.35013,1.0,931.3165,512.5338,1.0,941.178,516.43365,1.0,881.32495,505.90884,1.0,902.3814,517.43475,1.0,898.96344,534.8709,1.0,893.65607,543.7371,1.0,866.51447,513.67883,1.0,882.94507,524.17566,1.0,883.2069,538.8351,1.0,880.1015,546.90594,1.0
0.0,0.0,0.0,0.0,0.0,0.0,0.0,0.0,0.0,0.0,0.0,0.0,0.0,0.0,0.0,0.0,0.0,0.0,0.0,0.0,0.0,0.0,0.0,0.0,0.0,0.0,0.0,0.0,0.0,0.0,0.0,0.0,0.0,0.0,0.0,0.0,0.0,0.0,0.0,0.0,0.0,0.0,0.0,0.0,0.0,0.0,0.0,0.0,0.0,0.0,0.0,0.0,0.0,0.0,0.0,0.0,0.0,0.0,0.0,0.0,0.0,0.0,0.0,0.0,0.0,0.0,0.0,0.0,0.0,0.0,0.0,0.0,0.0,0.0,0.0,0.0,0.0,0.0,0.0,0.0,0.0,0.0,0.0,0.0,0.0,0.0,0.0,0.0,0.0,0.0,0.0,0.0,0.0,0.0,0.0,0.0,0.0,0.0,0.0,0.0,0.0,0.0,0.0,0.0,0.0,0.0,0.0,0.0,0.0,0.0,0.0,0.0,0.0,0.0,0.0,0.0,0.0,0.0,0.0,0.0,0.0,0.0,0.0,0.0,0.0,0.0,0.0,0.0,0.0,0.0,0.0,0.0,0.0,0.0,0.0,0.0,0.0,0.0,0.0,0.0,0.0,0.0,0.0,0.0,0.0,0.0,0.0,0.0,0.0,0.0,0.0,0.0,0.0,0.0,0.0,0.0,0.0,0.0,0.0,0.0,0.0,0.0,0.0,0.0,0.0,0.0,0.0,0.0,0.0,0.0,0.0,0.0,0.0,0.0,0.0,0.0,0.0,0.0,0.0,0.0,0.0,0.0,0.0,0.0,0.0,0.0,0.0,0.0,0.0,0.0,0.0,0.0,0.0,0.0,0.0,0.0,0.0,0.0,0.0,0.0,0.0,0.0,0.0,0.0,0.0,0.0,0.0,0.0,0.0,0.0,919.0213,310.0461,0.99714607,926.66425,441.2678,0.9994765,782.32245,447.70593,0.9994765,671.2335,606.10693,0.8444551,843.46063,565.5884,0.96302617,1071.006,434.82965,0.999675,1177.962,605.1011,0.963339,1017.1414,504.3087,0.9547909,922.6977,915.2581,0.98507214,815.1631,916.60754,0.98638725,823.61005,1228.6445,0.038028866,817.12067,1567.0343,0.009381299,1030.2323,913.9087,0.98507214,1029.387,1256.4899,0.022717264,995.6697,1572.9272,0.005257889,894.0714,280.47092,0.9955673,955.65784,280.93585,0.9897001,866.1515,288.22754,0.98901296,981.2178,291.80237,0.99403054,963.7129,1680.4054,0.0047137835,963.7129,1680.4054,0.0047137835,993.20215,1615.286,0.005906454,848.8143,1664.7759,0.0047937543,848.8143,1664.7759,0.0047937543,814.35815,1617.6892,0.0073321704,1012.66736,494.8134,1.0,974.61835,498.33987,1.0,947.1789,482.65833,1.0,929.9564,469.77176,1.0,915.08624,462.27982,1.0,951.7729,450.32843,1.0,929.895,450.04266,1.0,911.08234,450.52628,1.0,894.3136,450.77057,1.0,960.09534,446.1716,1.0,934.03186,448.0093,1.0,913.562,449.8693,1.0,894.5834,450.90915,1.0,970.7144,447.26154,1.0,943.412,448.45844,1.0,923.4263,448.80203,1.0,905.31805,447.91223,1.0,982.3871,454.00494,1.0,961.88666,452.338,1.0,946.3565,451.13937,1.0,932.3895,448.79517,1.0,850.3632,559.8731,1.0,875.8729,558.0122,1.0,900.79315,549.62225,1.0,917.5781,545.47565,1.0,933.7515,542.9191,1.0,896.8134,503.84088,1.0,912.10583,504.36612,1.0,925.4718,503.75983,1.0,937.7708,503.93872,1.0,882.55896,495.60315,1.0,904.0654,497.50742,1.0,920.50366,501.25586,1.0,934.0294,502.04938,1.0,865.61475,495.89087,1.0,886.9465,512.7558,1.0,885.0912,532.79156,1.0,881.3104,542.6846,1.0,849.63434,503.92896,1.0,866.8278,521.5508,1.0,868.5846,537.3174,1.0,867.4706,544.74414,1.0
0.0,0.0,0.0,0.0,0.0,0.0,0.0,0.0,0.0,0.0,0.0,0.0,0.0,0.0,0.0,0.0,0.0,0.0,0.0,0.0,0.0,0.0,0.0,0.0,0.0,0.0,0.0,0.0,0.0,0.0,0.0,0.0,0.0,0.0,0.0,0.0,0.0,0.0,0.0,0.0,0.0,0.0,0.0,0.0,0.0,0.0,0.0,0.0,0.0,0.0,0.0,0.0,0.0,0.0,0.0,0.0,0.0,0.0,0.0,0.0,0.0,0.0,0.0,0.0,0.0,0.0,0.0,0.0,0.0,0.0,0.0,0.0,0.0,0.0,0.0,0.0,0.0,0.0,0.0,0.0,0.0,0.0,0.0,0.0,0.0,0.0,0.0,0.0,0.0,0.0,0.0,0.0,0.0,0.0,0.0,0.0,0.0,0.0,0.0,0.0,0.0,0.0,0.0,0.0,0.0,0.0,0.0,0.0,0.0,0.0,0.0,0.0,0.0,0.0,0.0,0.0,0.0,0.0,0.0,0.0,0.0,0.0,0.0,0.0,0.0,0.0,0.0,0.0,0.0,0.0,0.0,0.0,0.0,0.0,0.0,0.0,0.0,0.0,0.0,0.0,0.0,0.0,0.0,0.0,0.0,0.0,0.0,0.0,0.0,0.0,0.0,0.0,0.0,0.0,0.0,0.0,0.0,0.0,0.0,0.0,0.0,0.0,0.0,0.0,0.0,0.0,0.0,0.0,0.0,0.0,0.0,0.0,0.0,0.0,0.0,0.0,0.0,0.0,0.0,0.0,0.0,0.0,0.0,0.0,0.0,0.0,0.0,0.0,0.0,0.0,0.0,0.0,0.0,0.0,0.0,0.0,0.0,0.0,0.0,0.0,0.0,0.0,0.0,0.0,0.0,0.0,0.0,0.0,0.0,0.0,919.1172,309.68475,0.99712384,926.0819,439.7289,0.9994925,781.6594,445.9885,0.9994925,668.01746,605.4289,0.8400175,825.31866,558.1325,0.9625502,1070.5044,433.46933,0.9996712,1175.5339,606.3926,0.963012,1018.4665,505.54636,0.95394313,922.6914,911.4019,0.9847825,815.14246,912.8131,0.9863299,823.6166,1225.9764,0.03696387,816.73706,1563.6469,0.0088083,1030.2404,909.9907,0.9847825,1028.0903,1253.9266,0.021402055,995.58215,1570.3838,0.0048844507,893.95776,280.28186,0.995569,955.5661,280.7137,0.989558,865.79297,287.9655,0.9891108,981.41895,291.63968,0.99394435,963.9062,1677.604,0.004406373,963.9062,1677.604,0.004406373,993.2025,1612.6735,0.005548123,847.24756,1660.6234,0.0045169145,847.24756,1660.6234,0.0045169145,813.92725,1613.3143,0.0069787693,1015.1202,498.14642,1.0,977.01514,499.48035,1.0,950.0726,482.01172,1.0,932.9338,468.9535,1.0,918.23157,460.67142,1.0,957.57196,449.8512,1.0,935.69586,449.90253,1.0,916.35156,450.47177,1.0,899.578,450.99933,1.0,965.9836,446.66467,1.0,939.99036,447.87897,1.0,918.6488,449.36603,1.0,898.9553,450.22165,1.0,976.329,448.9277,1.0,949.3054,449.27658,1.0,929.04095,449.15332,1.0,910.7287,447.85593,1.0,987.22156,456.9617,1.0,966.3472,454.40118,1.0,950.3457,452.56583,1.0,936.0765,449.4068,1.0,832.18097,557.978,1.0,856.3232,555.2894,1.0,879.00397,545.8984,1.0,893.0322,540.2205,1.0,906.6109,537.8145,1.0,879.26776,504.91302,1.0,890.52216,501.16785,1.0,899.8787,495.5917,1.0,909.3829,490.16922,1.0,863.6906,495.88553,1.0,877.6181,493.6215,1.0,890.1756,490.63327,1.0,901.47375,486.1853,1.0,845.0795,495.20294,1.0,859.23444,509.00558,1.0,860.26526,529.4541,1.0,859.5052,542.3086,1.0,827.22565,502.57016,1.0,839.4322,518.60565,1.0,843.6625,534.6368,1.0,845.47,544.6131,1.0
0.0,0.0,0.0,0.0,0.0,0.0,0.0,0.0,0.0,0.0,0.0,0.0,0.0,0.0,0.0,0.0,0.0,0.0,0.0,0.0,0.0,0.0,0.0,0.0,0.0,0.0,0.0,0.0,0.0,0.0,0.0,0.0,0.0,0.0,0.0,0.0,0.0,0.0,0.0,0.0,0.0,0.0,0.0,0.0,0.0,0.0,0.0,0.0,0.0,0.0,0.0,0.0,0.0,0.0,0.0,0.0,0.0,0.0,0.0,0.0,0.0,0.0,0.0,0.0,0.0,0.0,0.0,0.0,0.0,0.0,0.0,0.0,0.0,0.0,0.0,0.0,0.0,0.0,0.0,0.0,0.0,0.0,0.0,0.0,0.0,0.0,0.0,0.0,0.0,0.0,0.0,0.0,0.0,0.0,0.0,0.0,0.0,0.0,0.0,0.0,0.0,0.0,0.0,0.0,0.0,0.0,0.0,0.0,0.0,0.0,0.0,0.0,0.0,0.0,0.0,0.0,0.0,0.0,0.0,0.0,0.0,0.0,0.0,0.0,0.0,0.0,0.0,0.0,0.0,0.0,0.0,0.0,0.0,0.0,0.0,0.0,0.0,0.0,0.0,0.0,0.0,0.0,0.0,0.0,0.0,0.0,0.0,0.0,0.0,0.0,0.0,0.0,0.0,0.0,0.0,0.0,0.0,0.0,0.0,0.0,0.0,0.0,0.0,0.0,0.0,0.0,0.0,0.0,0.0,0.0,0.0,0.0,0.0,0.0,0.0,0.0,0.0,0.0,0.0,0.0,0.0,0.0,0.0,0.0,0.0,0.0,0.0,0.0,0.0,0.0,0.0,0.0,0.0,0.0,0.0,0.0,0.0,0.0,0.0,0.0,0.0,0.0,0.0,0.0,0.0,0.0,0.0,0.0,0.0,0.0,919.3239,309.5987,0.99710256,925.21936,438.80746,0.99951637,780.2449,444.4706,0.99951637,662.8451,605.07446,0.8376306,804.422,554.37067,0.9641585,1070.1938,433.1443,0.9996745,1174.559,609.10846,0.96299946,1021.77295,509.05563,0.9546112,922.6114,909.3816,0.9845889,815.0436,910.4406,0.98636943,823.6064,1223.2158,0.036239438,816.46936,1560.7969,0.008336915,1030.1792,908.3226,0.9845889,1025.856,1251.8813,0.020261426,995.4066,1567.3605,0.004575776,893.88776,280.21762,0.995573,955.4113,280.5823,0.9894049,865.61,287.86908,0.9892418,981.4247,291.65204,0.99385405,964.36426,1673.5939,0.004166101,964.36426,1673.5939,0.004166101,993.19037,1609.6189,0.005274385,846.3102,1657.4117,0.0042898953,846.3102,1657.4117,0.0042898953,813.55664,1609.97,0.0067238198,1019.11896,506.58655,1.0,981.6599,504.59967,1.0,957.3996,484.8695,1.0,942.1085,471.53485,1.0,929.6077,462.9019,1.0,966.0061,452.54355,1.0,943.8065,453.7668,1.0,923.9361,455.0911,1.0,907.42224,456.77155,1.0,974.58496,451.03253,1.0,947.4155,453.07346,1.0,924.7237,454.81427,1.0,904.0772,456.36304,1.0,984.7127,455.33713,1.0,956.81836,456.21762,1.0,936.0528,455.82397,1.0,917.56775,454.3275,1.0,994.9477,465.74637,1.0,974.0701,462.66385,1.0,957.9501,459.98077,1.0,943.6812,456.0186,1.0,812.71454,557.0458,1.0,836.5349,553.51276,1.0,857.94556,542.9299,1.0,869.6416,535.6195,1.0,879.953,530.1844,1.0,856.1932,501.26038,1.0,864.9546,499.61945,1.0,873.568,495.71982,1.0,882.92285,492.09625,1.0,839.991,492.8286,1.0,851.45935,494.027,1.0,862.4461,492.78165,1.0,872.82446,490.14722,1.0,821.18884,493.31274,1.0,833.6855,509.81842,1.0,836.56445,529.5779,1.0,837.7425,542.51056,1.0,803.2154,501.97086,1.0,814.1384,519.1869,1.0,819.8196,534.9212,1.0,823.0167,544.96545,1.0
0.0,0.0,0.0,0.0,0.0,0.0,0.0,0.0,0.0,0.0,0.0,0.0,0.0,0.0,0.0,0.0,0.0,0.0,0.0,0.0,0.0,0.0,0.0,0.0,0.0,0.0,0.0,0.0,0.0,0.0,0.0,0.0,0.0,0.0,0.0,0.0,0.0,0.0,0.0,0.0,0.0,0.0,0.0,0.0,0.0,0.0,0.0,0.0,0.0,0.0,0.0,0.0,0.0,0.0,0.0,0.0,0.0,0.0,0.0,0.0,0.0,0.0,0.0,0.0,0.0,0.0,0.0,0.0,0.0,0.0,0.0,0.0,0.0,0.0,0.0,0.0,0.0,0.0,0.0,0.0,0.0,0.0,0.0,0.0,0.0,0.0,0.0,0.0,0.0,0.0,0.0,0.0,0.0,0.0,0.0,0.0,0.0,0.0,0.0,0.0,0.0,0.0,0.0,0.0,0.0,0.0,0.0,0.0,0.0,0.0,0.0,0.0,0.0,0.0,0.0,0.0,0.0,0.0,0.0,0.0,0.0,0.0,0.0,0.0,0.0,0.0,0.0,0.0,0.0,0.0,0.0,0.0,0.0,0.0,0.0,0.0,0.0,0.0,0.0,0.0,0.0,0.0,0.0,0.0,0.0,0.0,0.0,0.0,0.0,0.0,0.0,0.0,0.0,0.0,0.0,0.0,0.0,0.0,0.0,0.0,0.0,0.0,0.0,0.0,0.0,0.0,0.0,0.0,0.0,0.0,0.0,0.0,0.0,0.0,0.0,0.0,0.0,0.0,0.0,0.0,0.0,0.0,0.0,0.0,0.0,0.0,0.0,0.0,0.0,0.0,0.0,0.0,0.0,0.0,0.0,0.0,0.0,0.0,0.0,0.0,0.0,0.0,0.0,0.0,0.0,0.0,0.0,0.0,0.0,0.0,919.6739,309.6658,0.9971615,924.06885,438.14877,0.9995422,778.25684,443.06497,0.9995422,656.95557,604.9539,0.8343158,787.1691,550.3948,0.96611667,1069.8809,433.23257,0.99968547,1174.1195,616.6567,0.96312964,1024.5707,515.5032,0.95632017,922.5136,909.4969,0.98418444,814.85364,910.4846,0.98616916,823.54346,1222.1106,0.035373908,816.2812,1560.8191,0.00792494,1030.1736,908.50916,0.98418444,1024.9509,1250.4852,0.019255817,995.4171,1565.9437,0.0043309005,893.82806,280.24844,0.9956846,955.2329,280.63495,0.98958236,865.3443,287.66284,0.9895877,981.422,291.66562,0.9939614,964.9009,1670.8737,0.003998074,964.9009,1670.8737,0.003998074,993.2306,1608.6519,0.0050931764,846.2868,1657.4017,0.004090101,846.2868,1657.4017,0.004090101,813.1794,1610.28,0.0065342034,1025.1816,519.4763,1.0,986.62317,513.77747,1.0,962.86694,491.3248,1.0,947.6007,475.2351,1.0,936.0352,463.0221,1.0,974.73334,461.63382,1.0,950.97546,463.85696,1.0,931.08295,466.99088,1.0,915.58307,470.86386,1.0,984.1512,462.02133,1.0,955.3453,465.1536,1.0,933.0213,467.74707,1.0,913.7942,470.57117,1.0,994.53467,468.29785,1.0,964.7263,470.27423,1.0,943.876,470.66074,1.0,926.0676,470.1114,1.0,1004.5449,480.82715,1.0,983.3013,477.77737,1.0,967.2668,474.7809,1.0,953.14087,470.96243,1.0,799.5946,553.536,1.0,822.7545,548.5647,1.0,844.0693,537.1686,1.0,855.22253,529.35077,1.0,861.5813,521.4529,1.0,834.08234,490.14508,1.0,842.7106,490.9739,1.0,852.83356,490.8219,1.0,864.06976,492.24,1.0,817.51544,484.66385,1.0,831.51953,490.5099,1.0,844.689,493.37585,1.0,856.9651,495.21707,1.0,799.68427,488.18637,1.0,816.69574,509.85205,1.0,820.218,528.95776,1.0,821.6496,540.86597,1.0,783.7307,499.75226,1.0,797.61633,519.6656,1.0,803.92206,534.1551,1.0,807.2668,542.4647,1.0
0.0,0.0,0.0,0.0,0.0,0.0,0.0,0.0,0.0,0.0,0.0,0.0,0.0,0.0,0.0,0.0,0.0,0.0,0.0,0.0,0.0,0.0,0.0,0.0,0.0,0.0,0.0,0.0,0.0,0.0,0.0,0.0,0.0,0.0,0.0,0.0,0.0,0.0,0.0,0.0,0.0,0.0,0.0,0.0,0.0,0.0,0.0,0.0,0.0,0.0,0.0,0.0,0.0,0.0,0.0,0.0,0.0,0.0,0.0,0.0,0.0,0.0,0.0,0.0,0.0,0.0,0.0,0.0,0.0,0.0,0.0,0.0,0.0,0.0,0.0,0.0,0.0,0.0,0.0,0.0,0.0,0.0,0.0,0.0,0.0,0.0,0.0,0.0,0.0,0.0,0.0,0.0,0.0,0.0,0.0,0.0,0.0,0.0,0.0,0.0,0.0,0.0,0.0,0.0,0.0,0.0,0.0,0.0,0.0,0.0,0.0,0.0,0.0,0.0,0.0,0.0,0.0,0.0,0.0,0.0,0.0,0.0,0.0,0.0,0.0,0.0,0.0,0.0,0.0,0.0,0.0,0.0,0.0,0.0,0.0,0.0,0.0,0.0,0.0,0.0,0.0,0.0,0.0,0.0,0.0,0.0,0.0,0.0,0.0,0.0,0.0,0.0,0.0,0.0,0.0,0.0,0.0,0.0,0.0,0.0,0.0,0.0,0.0,0.0,0.0,0.0,0.0,0.0,0.0,0.0,0.0,0.0,0.0,0.0,0.0,0.0,0.0,0.0,0.0,0.0,0.0,0.0,0.0,0.0,0.0,0.0,0.0,0.0,0.0,0.0,0.0,0.0,0.0,0.0,0.0,0.0,0.0,0.0,0.0,0.0,0.0,0.0,0.0,0.0,0.0,0.0,0.0,0.0,0.0,0.0,919.6805,309.9279,0.99721956,923.62634,438.0091,0.99956644,777.4171,442.3153,0.99956644,653.2712,604.6821,0.8332374,778.2844,545.5158,0.9683545,1069.8356,433.70288,0.99969614,1174.3403,628.724,0.963457,1025.8031,524.1032,0.9584763,922.46295,910.0455,0.9838458,814.6931,910.87415,0.98597395,823.681,1221.6,0.03443707,816.34735,1560.4589,0.007592605,1030.2328,909.2168,0.9838458,1024.1879,1248.5775,0.018420482,995.38275,1562.8994,0.0041484684,893.5497,280.4569,0.9957957,954.7077,280.9096,0.9897677,864.953,287.45612,0.9899143,981.41656,291.75256,0.9940703,965.00385,1666.9203,0.0038880205,965.00385,1666.9203,0.0038880205,993.29517,1606.3282,0.005000918,846.2981,1656.2611,0.003921655,846.2981,1656.2611,0.003921655,813.1514,1610.4219,0.00643381,1034.2755,535.8212,1.0,992.4277,528.9269,1.0,968.12726,505.45285,1.0,953.27435,486.65308,1.0,942.9287,470.11343,1.0,982.3868,480.8214,1.0,956.2407,484.4105,1.0,936.9173,489.87238,1.0,922.09296,495.76514,1.0,993.1729,482.77615,1.0,961.31573,487.45544,1.0,939.5381,492.65588,1.0,922.1862,497.90372,1.0,1003.7838,490.7855,1.0,970.97235,493.42514,1.0,949.6645,496.14056,1.0,932.3758,497.62213,1.0,1013.15125,504.64526,1.0,990.4888,502.29202,1.0,974.5925,500.1662,1.0,960.55725,497.72025,1.0,793.82043,546.97974,1.0,819.03107,538.2683,1.0,838.72455,525.7926,1.0,849.94604,517.2123,1.0,855.00256,508.5553,1.0,819.971,475.93057,1.0,832.3655,477.27103,1.0,844.3839,478.79532,1.0,857.2431,481.5631,1.0,803.1334,473.935,1.0,822.25006,483.16205,1.0,837.5141,491.07635,1.0,850.38947,496.98843,1.0,787.1661,481.1322,1.0,811.0796,505.1426,1.0,815.34607,523.79456,1.0,816.0066,534.12866,1.0,774.246,495.27405,1.0,793.33966,517.0315,1.0,799.9225,529.47925,1.0,802.29926,534.84973,1.0
0.0,0.0,0.0,0.0,0.0,0.0,0.0,0.0,0.0,0.0,0.0,0.0,0.0,0.0,0.0,0.0,0.0,0.0,0.0,0.0,0.0,0.0,0.0,0.0,0.0,0.0,0.0,0.0,0.0,0.0,0.0,0.0,0.0,0.0,0.0,0.0,0.0,0.0,0.0,0.0,0.0,0.0,0.0,0.0,0.0,0.0,0.0,0.0,0.0,0.0,0.0,0.0,0.0,0.0,0.0,0.0,0.0,0.0,0.0,0.0,0.0,0.0,0.0,0.0,0.0,0.0,0.0,0.0,0.0,0.0,0.0,0.0,0.0,0.0,0.0,0.0,0.0,0.0,0.0,0.0,0.0,0.0,0.0,0.0,0.0,0.0,0.0,0.0,0.0,0.0,0.0,0.0,0.0,0.0,0.0,0.0,0.0,0.0,0.0,0.0,0.0,0.0,0.0,0.0,0.0,0.0,0.0,0.0,0.0,0.0,0.0,0.0,0.0,0.0,0.0,0.0,0.0,0.0,0.0,0.0,0.0,0.0,0.0,0.0,0.0,0.0,0.0,0.0,0.0,0.0,0.0,0.0,0.0,0.0,0.0,0.0,0.0,0.0,0.0,0.0,0.0,0.0,0.0,0.0,0.0,0.0,0.0,0.0,0.0,0.0,0.0,0.0,0.0,0.0,0.0,0.0,0.0,0.0,0.0,0.0,0.0,0.0,0.0,0.0,0.0,0.0,0.0,0.0,0.0,0.0,0.0,0.0,0.0,0.0,0.0,0.0,0.0,0.0,0.0,0.0,0.0,0.0,0.0,0.0,0.0,0.0,0.0,0.0,0.0,0.0,0.0,0.0,0.0,0.0,0.0,0.0,0.0,0.0,0.0,0.0,0.0,0.0,0.0,0.0,0.0,0.0,0.0,0.0,0.0,0.0,919.6706,310.04938,0.9973285,923.1385,438.66962,0.9995874,776.72205,442.31628,0.9995874,651.3624,604.99005,0.8357485,776.2746,536.01086,0.9707764,1069.5549,435.02295,0.99970543,1174.7137,639.8906,0.9639226,1028.6814,542.7551,0.96083176,922.49304,911.58746,0.9834439,814.61926,912.0206,0.9856673,824.1483,1221.4055,0.03285065,816.6631,1559.6459,0.0071979896,1030.3668,911.15436,0.9834439,1024.4082,1248.5641,0.017598743,995.40753,1562.6923,0.0039567333,893.10016,280.64493,0.9959834,954.17896,281.33307,0.9901604,864.43945,287.5072,0.99037457,981.2911,291.98822,0.994282,965.13293,1666.2465,0.0037661642,965.13293,1666.2465,0.0037661642,993.4347,1606.4746,0.00490424,847.2541,1652.7511,0.0037195864,847.2541,1652.7511,0.0037195864,813.22815,1610.3516,0.0062571303,1045.2458,553.40594,1.0,1002.94995,545.4317,1.0,977.26666,524.13245,1.0,961.19507,506.5364,1.0,949.7961,490.81866,1.0,993.50714,508.2396,1.0,966.0181,514.58234,1.0,948.45074,522.5431,1.0,933.0484,529.5242,1.0,1005.4641,514.70636,1.0,972.42444,522.4443,1.0,952.52924,530.13416,1.0,936.5658,536.8233,1.0,1016.42773,525.87146,1.0,985.3516,530.2739,1.0,966.1765,535.07806,1.0,949.6707,538.7026,1.0,1025.948,540.8533,1.0,1007.04395,542.2405,1.0,994.4196,543.39795,1.0,982.38965,544.83185,1.0,793.1829,538.329,1.0,820.6169,523.0349,1.0,839.3343,507.34195,1.0,850.9881,497.1846,1.0,859.8668,490.2039,1.0,812.8351,459.0635,1.0,829.07733,461.53018,1.0,843.3254,463.26767,1.0,857.84424,465.05743,1.0,795.77026,462.0476,1.0,822.7283,472.9437,1.0,839.8619,489.00378,1.0,851.32324,500.4253,1.0,782.22754,474.05255,1.0,813.3523,495.12958,1.0,819.9082,512.83014,1.0,819.59094,521.1977,1.0,772.80334,491.3459,1.0,798.6922,510.4488,1.0,805.76904,521.44916,1.0,805.5046,524.41705,1.0
0.0,0.0,0.0,0.0,0.0,0.0,0.0,0.0,0.0,0.0,0.0,0.0,0.0,0.0,0.0,0.0,0.0,0.0,0.0,0.0,0.0,0.0,0.0,0.0,0.0,0.0,0.0,0.0,0.0,0.0,0.0,0.0,0.0,0.0,0.0,0.0,0.0,0.0,0.0,0.0,0.0,0.0,0.0,0.0,0.0,0.0,0.0,0.0,0.0,0.0,0.0,0.0,0.0,0.0,0.0,0.0,0.0,0.0,0.0,0.0,0.0,0.0,0.0,0.0,0.0,0.0,0.0,0.0,0.0,0.0,0.0,0.0,0.0,0.0,0.0,0.0,0.0,0.0,0.0,0.0,0.0,0.0,0.0,0.0,0.0,0.0,0.0,0.0,0.0,0.0,0.0,0.0,0.0,0.0,0.0,0.0,0.0,0.0,0.0,0.0,0.0,0.0,0.0,0.0,0.0,0.0,0.0,0.0,0.0,0.0,0.0,0.0,0.0,0.0,0.0,0.0,0.0,0.0,0.0,0.0,0.0,0.0,0.0,0.0,0.0,0.0,0.0,0.0,0.0,0.0,0.0,0.0,0.0,0.0,0.0,0.0,0.0,0.0,0.0,0.0,0.0,0.0,0.0,0.0,0.0,0.0,0.0,0.0,0.0,0.0,0.0,0.0,0.0,0.0,0.0,0.0,0.0,0.0,0.0,0.0,0.0,0.0,0.0,0.0,0.0,0.0,0.0,0.0,0.0,0.0,0.0,0.0,0.0,0.0,0.0,0.0,0.0,0.0,0.0,0.0,0.0,0.0,0.0,0.0,0.0,0.0,0.0,0.0,0.0,0.0,0.0,0.0,0.0,0.0,0.0,0.0,0.0,0.0,0.0,0.0,0.0,0.0,0.0,0.0,0.0,0.0,0.0,0.0,0.0,0.0,919.5727,309.2005,0.9975231,922.00116,439.78732,0.9996111,775.511,442.70837,0.9996111,651.1327,605.4263,0.8415527,775.82666,521.5768,0.9732663,1068.4912,436.8663,0.9997214,1174.747,649.2875,0.9650738,1038.0751,572.4242,0.96367157,922.399,913.3542,0.98339146,814.44604,913.7391,0.9855759,824.7313,1220.7435,0.031653725,817.9292,1558.5432,0.0068864566,1030.3519,912.9693,0.98339146,1025.7848,1248.2236,0.017092872,996.21014,1561.467,0.0038294538,892.72156,280.04736,0.996285,953.6042,281.47403,0.9908956,863.40283,287.72495,0.9910836,980.8437,292.11124,0.994703,965.6353,1663.56,0.0037181226,965.6353,1663.56,0.0037181226,994.59064,1606.038,0.004890214,847.9947,1650.8131,0.003563091,847.9947,1650.8131,0.003563091,814.5031,1610.0049,0.006172724,1050.4114,569.9627,1.0,1016.43884,563.01764,1.0,989.4382,551.7503,1.0,971.7899,540.3239,1.0,961.1795,526.7191,1.0,999.24634,543.71295,1.0,975.5232,555.2945,1.0,960.70917,566.70776,1.0,947.1212,576.3459,1.0,1012.2084,550.14966,1.0,983.48145,564.4192,1.0,967.4345,576.4997,1.0,954.70135,586.5905,1.0,1024.3141,559.55066,1.0,999.5276,570.88727,1.0,983.4052,581.29016,1.0,968.9416,589.2661,1.0,1035.6316,570.71564,1.0,1021.74744,579.92236,1.0,1012.37024,587.4269,1.0,1002.41864,594.3173,1.0,790.0967,525.6368,1.0,820.4741,502.31372,1.0,838.6096,482.88763,1.0,851.78326,471.06915,1.0,867.59576,464.31967,1.0,806.18695,442.19507,1.0,827.3582,441.30408,1.0,844.3423,444.3832,1.0,858.5698,448.23135,1.0,791.7569,450.453,1.0,828.35693,458.8053,1.0,846.91864,476.65134,1.0,856.5669,488.5489,1.0,782.56274,466.4144,1.0,821.61237,481.64984,1.0,829.2148,496.74902,1.0,827.91425,503.80383,1.0,777.9879,485.8172,1.0,810.9767,498.40714,1.0,818.07336,507.2748,1.0,815.933,509.71786,1.0
0.0,0.0,0.0,0.0,0.0,0.0,0.0,0.0,0.0,0.0,0.0,0.0,0.0,0.0,0.0,0.0,0.0,0.0,0.0,0.0,0.0,0.0,0.0,0.0,0.0,0.0,0.0,0.0,0.0,0.0,0.0,0.0,0.0,0.0,0.0,0.0,0.0,0.0,0.0,0.0,0.0,0.0,0.0,0.0,0.0,0.0,0.0,0.0,0.0,0.0,0.0,0.0,0.0,0.0,0.0,0.0,0.0,0.0,0.0,0.0,0.0,0.0,0.0,0.0,0.0,0.0,0.0,0.0,0.0,0.0,0.0,0.0,0.0,0.0,0.0,0.0,0.0,0.0,0.0,0.0,0.0,0.0,0.0,0.0,0.0,0.0,0.0,0.0,0.0,0.0,0.0,0.0,0.0,0.0,0.0,0.0,0.0,0.0,0.0,0.0,0.0,0.0,0.0,0.0,0.0,0.0,0.0,0.0,0.0,0.0,0.0,0.0,0.0,0.0,0.0,0.0,0.0,0.0,0.0,0.0,0.0,0.0,0.0,0.0,0.0,0.0,0.0,0.0,0.0,0.0,0.0,0.0,0.0,0.0,0.0,0.0,0.0,0.0,0.0,0.0,0.0,0.0,0.0,0.0,0.0,0.0,0.0,0.0,0.0,0.0,0.0,0.0,0.0,0.0,0.0,0.0,0.0,0.0,0.0,0.0,0.0,0.0,0.0,0.0,0.0,0.0,0.0,0.0,0.0,0.0,0.0,0.0,0.0,0.0,0.0,0.0,0.0,0.0,0.0,0.0,0.0,0.0,0.0,0.0,0.0,0.0,0.0,0.0,0.0,0.0,0.0,0.0,0.0,0.0,0.0,0.0,0.0,0.0,0.0,0.0,0.0,0.0,0.0,0.0,0.0,0.0,0.0,0.0,0.0,0.0,919.10144,306.9025,0.9976953,920.84375,442.44595,0.9996293,774.20935,444.0234,0.9996293,651.1062,606.05707,0.8470485,779.34656,503.39853,0.97552365,1067.4781,440.86847,0.99973583,1172.791,650.9373,0.965175,1048.7391,604.5432,0.96582943,922.3457,915.0936,0.9834975,814.38184,915.227,0.985606,826.5036,1220.1808,0.029962793,821.9192,1557.3995,0.0065219286,1030.3096,914.9602,0.9834975,1029.2568,1248.3701,0.016135449,999.2446,1561.1761,0.0036468953,891.6619,278.64523,0.9965505,952.69617,281.0926,0.9915504,862.6497,287.97827,0.9916986,980.09863,292.10645,0.995075,967.1981,1663.0825,0.0035901736,967.1981,1663.0825,0.0035901736,998.5464,1605.9333,0.004770665,850.84125,1649.5328,0.0033815096,850.84125,1649.5328,0.0033815096,818.79364,1609.2324,0.006014425,1067.8901,628.2272,1.0,1034.8402,625.27344,1.0,1009.1744,622.7061,1.0,992.119,618.75183,1.0,981.23395,608.43945,1.0,1020.0235,622.88434,1.0,1001.2204,641.5413,1.0,989.6035,655.81177,1.0,979.3822,667.7546,1.0,1034.9854,630.18054,1.0,1011.8791,652.10815,1.0,998.57355,667.5986,1.0,988.0136,679.886,1.0,1048.665,638.6528,1.0,1028.6888,657.8859,1.0,1015.48834,671.9202,1.0,1003.9295,682.3835,1.0,1060.9481,647.18634,1.0,1049.197,662.8678,1.0,1041.1802,673.5978,1.0,1033.0981,682.7045,1.0,789.4377,506.36798,1.0,814.14374,476.623,1.0,831.8195,453.57275,1.0,848.23065,439.77927,1.0,866.1118,429.1133,1.0,802.0185,425.7772,1.0,823.9359,414.31183,1.0,841.4642,416.85574,1.0,851.3418,423.37576,1.0,794.59784,436.28778,1.0,838.5953,436.8409,1.0,850.7619,452.19302,1.0,850.7569,461.0443,1.0,792.54047,453.4641,1.0,837.2639,458.6129,1.0,837.76355,470.46735,1.0,829.3482,474.64966,1.0,794.7213,472.92783,1.0,830.86316,475.7436,1.0,831.1883,482.40045,1.0,822.7659,484.01575,1.0
0.0,0.0,0.0,0.0,0.0,0.0,0.0,0.0,0.0,0.0,0.0,0.0,0.0,0.0,0.0,0.0,0.0,0.0,0.0,0.0,0.0,0.0,0.0,0.0,0.0,0.0,0.0,0.0,0.0,0.0,0.0,0.0,0.0,0.0,0.0,0.0,0.0,0.0,0.0,0.0,0.0,0.0,0.0,0.0,0.0,0.0,0.0,0.0,0.0,0.0,0.0,0.0,0.0,0.0,0.0,0.0,0.0,0.0,0.0,0.0,0.0,0.0,0.0,0.0,0.0,0.0,0.0,0.0,0.0,0.0,0.0,0.0,0.0,0.0,0.0,0.0,0.0,0.0,0.0,0.0,0.0,0.0,0.0,0.0,0.0,0.0,0.0,0.0,0.0,0.0,0.0,0.0,0.0,0.0,0.0,0.0,0.0,0.0,0.0,0.0,0.0,0.0,0.0,0.0,0.0,0.0,0.0,0.0,0.0,0.0,0.0,0.0,0.0,0.0,0.0,0.0,0.0,0.0,0.0,0.0,0.0,0.0,0.0,0.0,0.0,0.0,0.0,0.0,0.0,0.0,0.0,0.0,0.0,0.0,0.0,0.0,0.0,0.0,0.0,0.0,0.0,0.0,0.0,0.0,0.0,0.0,0.0,0.0,0.0,0.0,0.0,0.0,0.0,0.0,0.0,0.0,0.0,0.0,0.0,0.0,0.0,0.0,0.0,0.0,0.0,0.0,0.0,0.0,0.0,0.0,0.0,0.0,0.0,0.0,0.0,0.0,0.0,0.0,0.0,0.0,0.0,0.0,0.0,0.0,0.0,0.0,0.0,0.0,0.0,0.0,0.0,0.0,0.0,0.0,0.0,0.0,0.0,0.0,0.0,0.0,0.0,0.0,0.0,0.0,0.0,0.0,0.0,0.0,0.0,0.0,918.61444,303.90033,0.9978614,920.54443,443.58176,0.9996423,773.6438,444.33212,0.9996423,651.75275,606.0813,0.8560448,782.6717,483.6066,0.97771865,1067.4451,442.8314,0.9997493,1169.3439,650.115,0.9645745,1064.6921,643.4573,0.967664,922.3541,917.3809,0.9837858,814.48663,917.839,0.98574114,826.83057,1221.913,0.02801515,822.0996,1557.7389,0.0061600194,1030.2217,916.9229,0.9837858,1032.147,1250.436,0.015180333,1000.9581,1563.3317,0.0034848084,890.37384,276.68594,0.9968031,952.01984,279.63928,0.99217516,861.8952,288.01675,0.9922898,979.8096,291.94012,0.99543744,967.51074,1666.4174,0.00347864,967.51074,1666.4174,0.00347864,1000.7553,1608.089,0.004665708,852.19366,1649.9346,0.0032013333,852.19366,1649.9346,0.0032013333,818.82404,1609.6193,0.00581553,1085.3689,686.4916,1.0,1053.2415,687.52924,1.0,1028.9106,693.6619,1.0,1012.4481,697.17975,1.0,1001.2884,690.1598,1.0,1040.8007,702.0557,1.0,1026.9176,727.7881,1.0,1018.4979,744.9158,1.0,1011.6431,759.16327,1.0,1057.7622,710.21136,1.0,1040.2767,739.7972,1.0,1029.7126,758.6974,1.0,1021.3258,773.1814,1.0,1073.016,717.7548,1.0,1057.8502,744.8846,1.0,1047.5715,762.5503,1.0,1038.9175,775.50085,1.0,1086.2646,723.65704,1.0,1076.6466,745.8133,1.0,1069.9901,759.7686,1.0,1063.7777,771.09174,1.0,794.04224,477.78696,1.0,803.5562,442.00085,1.0,821.6119,412.9025,1.0,842.5785,394.69244,1.0,858.6907,380.69287,1.0,804.10095,398.36163,1.0,834.60675,382.25128,1.0,846.02936,387.12747,1.0,847.91925,390.68848,1.0,806.4352,410.195,1.0,849.28217,397.48035,1.0,849.5713,407.84262,1.0,839.66064,412.12848,1.0,813.1755,425.25635,1.0,854.1699,414.57257,1.0,848.7575,423.88837,1.0,837.1615,426.40894,1.0,822.12805,441.69897,1.0,853.4782,432.77286,1.0,846.8477,439.08273,1.0,835.16534,441.34402,1.0
0.0,0.0,0.0,0.0,0.0,0.0,0.0,0.0,0.0,0.0,0.0,0.0,0.0,0.0,0.0,0.0,0.0,0.0,0.0,0.0,0.0,0.0,0.0,0.0,0.0,0.0,0.0,0.0,0.0,0.0,0.0,0.0,0.0,0.0,0.0,0.0,0.0,0.0,0.0,0.0,0.0,0.0,0.0,0.0,0.0,0.0,0.0,0.0,0.0,0.0,0.0,0.0,0.0,0.0,0.0,0.0,0.0,0.0,0.0,0.0,0.0,0.0,0.0,0.0,0.0,0.0,0.0,0.0,0.0,0.0,0.0,0.0,0.0,0.0,0.0,0.0,0.0,0.0,0.0,0.0,0.0,0.0,0.0,0.0,0.0,0.0,0.0,0.0,0.0,0.0,0.0,0.0,0.0,0.0,0.0,0.0,0.0,0.0,0.0,0.0,0.0,0.0,0.0,0.0,0.0,0.0,0.0,0.0,0.0,0.0,0.0,0.0,0.0,0.0,0.0,0.0,0.0,0.0,0.0,0.0,0.0,0.0,0.0,0.0,0.0,0.0,0.0,0.0,0.0,0.0,0.0,0.0,0.0,0.0,0.0,0.0,0.0,0.0,0.0,0.0,0.0,0.0,0.0,0.0,0.0,0.0,0.0,0.0,0.0,0.0,0.0,0.0,0.0,0.0,0.0,0.0,0.0,0.0,0.0,0.0,0.0,0.0,0.0,0.0,0.0,0.0,0.0,0.0,0.0,0.0,0.0,0.0,0.0,0.0,0.0,0.0,0.0,0.0,0.0,0.0,0.0,0.0,0.0,0.0,0.0,0.0,0.0,0.0,0.0,0.0,0.0,0.0,0.0,0.0,0.0,0.0,0.0,0.0,0.0,0.0,0.0,0.0,0.0,0.0,0.0,0.0,0.0,0.0,0.0,0.0,918.61835,300.18484,0.99800086,920.4762,444.09573,0.999647,773.64404,444.52133,0.999647,654.031,604.9051,0.8654807,783.95013,461.96054,0.9797323,1067.3083,443.67017,0.99976116,1165.9423,646.9467,0.9644122,1080.1145,690.197,0.96942127,922.2599,921.41516,0.9841714,814.98926,922.18005,0.98586977,826.8084,1225.0521,0.026530452,822.3311,1558.9039,0.0060298825,1029.5305,920.6503,0.9841714,1032.0776,1256.0879,0.014673369,1001.0755,1569.3674,0.0035349068,890.2205,273.84607,0.99701107,951.85724,277.40564,0.99270946,861.44977,287.8203,0.9927813,978.8688,291.2367,0.9957591,966.99603,1674.6757,0.0035993308,966.99603,1674.6757,0.0035993308,1001.0969,1614.5337,0.0048395516,852.37396,1651.2965,0.0031404474,852.37396,1651.2965,0.0031404474,819.06433,1611.0634,0.0058200588,1102.8477,744.75604,1.0,1071.6428,749.78503,1.0,1048.6469,764.6177,1.0,1032.7772,775.60767,1.0,1021.34283,771.8801,1.0,1061.5779,781.2271,1.0,1052.6149,814.03485,1.0,1047.3923,834.0197,1.0,1043.904,850.57196,1.0,1080.5391,790.24225,1.0,1068.6743,827.48615,1.0,1060.8517,849.79626,1.0,1054.6381,866.47687,1.0,1097.367,796.85693,1.0,1087.0115,831.88324,1.0,1079.6547,853.1803,1.0,1073.9054,868.6182,1.0,1111.5812,800.12775,1.0,1104.0962,828.7587,1.0,1098.8,845.9395,1.0,1094.4573,859.4789,1.0,798.05634,453.18198,1.0,802.0312,415.04675,1.0,819.54004,386.05023,1.0,843.5307,368.12286,1.0,862.8556,356.98706,1.0,807.18964,373.52863,1.0,837.18317,353.83044,1.0,853.29504,355.96143,1.0,861.0583,359.8376,1.0,815.6134,386.03305,1.0,856.13696,370.85556,1.0,856.182,381.78308,1.0,846.20044,388.7891,1.0,826.85895,401.55453,1.0,864.02545,388.1857,1.0,858.8959,397.93015,1.0,847.71277,403.31946,1.0,838.381,417.97736,1.0,864.96075,406.59024,1.0,858.84174,413.74384,1.0,848.6759,418.17462,1.0
0.0,0.0,0.0,0.0,0.0,0.0,0.0,0.0,0.0,0.0,0.0,0.0,0.0,0.0,0.0,0.0,0.0,0.0,0.0,0.0,0.0,0.0,0.0,0.0,0.0,0.0,0.0,0.0,0.0,0.0,0.0,0.0,0.0,0.0,0.0,0.0,0.0,0.0,0.0,0.0,0.0,0.0,0.0,0.0,0.0,0.0,0.0,0.0,0.0,0.0,0.0,0.0,0.0,0.0,0.0,0.0,0.0,0.0,0.0,0.0,0.0,0.0,0.0,0.0,0.0,0.0,0.0,0.0,0.0,0.0,0.0,0.0,0.0,0.0,0.0,0.0,0.0,0.0,0.0,0.0,0.0,0.0,0.0,0.0,0.0,0.0,0.0,0.0,0.0,0.0,0.0,0.0,0.0,0.0,0.0,0.0,0.0,0.0,0.0,0.0,0.0,0.0,0.0,0.0,0.0,0.0,0.0,0.0,0.0,0.0,0.0,0.0,0.0,0.0,0.0,0.0,0.0,0.0,0.0,0.0,0.0,0.0,0.0,0.0,0.0,0.0,0.0,0.0,0.0,0.0,0.0,0.0,0.0,0.0,0.0,0.0,0.0,0.0,0.0,0.0,0.0,0.0,0.0,0.0,0.0,0.0,0.0,0.0,0.0,0.0,0.0,0.0,0.0,0.0,0.0,0.0,0.0,0.0,0.0,0.0,0.0,0.0,0.0,0.0,0.0,0.0,0.0,0.0,0.0,0.0,0.0,0.0,0.0,0.0,0.0,0.0,0.0,0.0,0.0,0.0,0.0,0.0,0.0,0.0,0.0,0.0,0.0,0.0,0.0,0.0,0.0,0.0,0.0,0.0,0.0,0.0,0.0,0.0,0.0,0.0,0.0,0.0,0.0,0.0,0.0,0.0,0.0,0.0,0.0,0.0,918.59424,298.0168,0.9981432,920.3399,445.737,0.999651,773.5153,444.72205,0.999651,657.9013,601.3501,0.8730032,791.0938,441.73917,0.9814954,1067.1644,446.75192,0.9997763,1161.4253,646.43225,0.9649446,1089.8339,741.96124,0.971424,920.8136,922.78766,0.98471236,815.16187,924.3359,0.9859995,826.77954,1224.9932,0.025447581,824.1613,1559.5428,0.006095979,1026.4652,921.2395,0.98471236,1031.8381,1258.7865,0.0145602105,1001.8628,1570.953,0.0037417111,890.1824,272.01862,0.99721724,951.66797,274.83743,0.99325895,861.4485,287.80908,0.99326414,977.13226,289.991,0.9960913,966.9386,1678.455,0.003907877,966.9386,1678.455,0.003907877,1003.0858,1615.8048,0.0051849554,852.9974,1653.2018,0.0031987615,852.9974,1653.2018,0.0031987615,820.7996,1611.8033,0.006013806,1115.175,770.63416,1.0,1083.2596,783.3521,1.0,1062.3529,802.91943,1.0,1049.7181,820.96814,1.0,1035.317,823.91895,1.0,1076.1605,823.14484,1.0,1070.8864,854.0213,1.0,1068.2153,873.8809,1.0,1066.9734,890.40906,1.0,1095.5592,829.0755,1.0,1088.4359,861.84814,1.0,1083.5658,881.50903,1.0,1079.6803,894.289,1.0,1111.5779,832.6701,1.0,1105.974,863.2325,1.0,1100.2661,880.97565,1.0,1095.4486,891.56805,1.0,1124.6987,832.96564,1.0,1118.4937,859.28253,1.0,1113.9548,872.3799,1.0,1109.7758,881.2996,1.0,804.3475,431.11725,1.0,804.776,392.68512,1.0,820.4752,364.8312,1.0,844.24493,347.7777,1.0,864.1251,338.6377,1.0,812.0878,354.61087,1.0,844.5573,332.1301,1.0,857.2473,336.70496,1.0,860.4188,343.04907,1.0,824.532,367.21826,1.0,862.07263,350.27124,1.0,861.08136,361.1368,1.0,851.06866,368.4839,1.0,838.5113,382.0941,1.0,870.72614,366.50067,1.0,865.12537,376.10944,1.0,854.7053,382.4401,1.0,851.56146,397.62964,1.0,871.91693,385.9232,1.0,865.968,393.505,1.0,858.24713,398.84354,1.0
0.0,0.0,0.0,0.0,0.0,0.0,0.0,0.0,0.0,0.0,0.0,0.0,0.0,0.0,0.0,0.0,0.0,0.0,0.0,0.0,0.0,0.0,0.0,0.0,0.0,0.0,0.0,0.0,0.0,0.0,0.0,0.0,0.0,0.0,0.0,0.0,0.0,0.0,0.0,0.0,0.0,0.0,0.0,0.0,0.0,0.0,0.0,0.0,0.0,0.0,0.0,0.0,0.0,0.0,0.0,0.0,0.0,0.0,0.0,0.0,0.0,0.0,0.0,0.0,0.0,0.0,0.0,0.0,0.0,0.0,0.0,0.0,0.0,0.0,0.0,0.0,0.0,0.0,0.0,0.0,0.0,0.0,0.0,0.0,0.0,0.0,0.0,0.0,0.0,0.0,0.0,0.0,0.0,0.0,0.0,0.0,0.0,0.0,0.0,0.0,0.0,0.0,0.0,0.0,0.0,0.0,0.0,0.0,0.0,0.0,0.0,0.0,0.0,0.0,0.0,0.0,0.0,0.0,0.0,0.0,0.0,0.0,0.0,0.0,0.0,0.0,0.0,0.0,0.0,0.0,0.0,0.0,0.0,0.0,0.0,0.0,0.0,0.0,0.0,0.0,0.0,0.0,0.0,0.0,0.0,0.0,0.0,0.0,0.0,0.0,0.0,0.0,0.0,0.0,0.0,0.0,0.0,0.0,0.0,0.0,0.0,0.0,0.0,0.0,0.0,0.0,0.0,0.0,0.0,0.0,0.0,0.0,0.0,0.0,0.0,0.0,0.0,0.0,0.0,0.0,0.0,0.0,0.0,0.0,0.0,0.0,0.0,0.0,0.0,0.0,0.0,0.0,0.0,0.0,0.0,0.0,0.0,0.0,0.0,0.0,0.0,0.0,0.0,0.0,0.0,0.0,0.0,0.0,0.0,0.0,918.6096,296.11734,0.99829155,920.31213,446.8782,0.9996476,773.538,444.81436,0.9996476,663.9127,597.2113,0.8800447,798.53973,427.07037,0.982988,1067.0863,448.94205,0.9997906,1155.516,648.1613,0.9663732,1095.9795,775.4922,0.9734238,919.0695,924.47284,0.9853978,815.05023,925.72284,0.9863067,826.1376,1228.6603,0.025691539,823.2844,1565.4296,0.0064075226,1023.08887,923.2228,0.9853978,1029.197,1266.029,0.014661588,1001.68335,1578.0137,0.003979861,890.18823,269.6249,0.99743253,951.56067,272.50916,0.99381274,861.4886,287.6318,0.99375564,976.1051,288.80255,0.99642116,969.59406,1684.1256,0.004180041,969.59406,1684.1256,0.004180041,1002.8145,1623.3607,0.00553456,852.58795,1659.2761,0.0033753535,852.58795,1659.2761,0.0033753535,819.18677,1618.5853,0.006356206,1124.1608,796.58057,1.0,1091.4385,812.2692,1.0,1071.8734,833.20746,1.0,1062.9758,853.8384,1.0,1049.3761,860.9661,1.0,1088.3894,854.96967,1.0,1085.1921,886.1574,1.0,1083.7834,905.93616,1.0,1083.3748,923.00433,1.0,1108.7831,861.12854,1.0,1104.3054,893.7955,1.0,1100.2432,913.8877,1.0,1096.5757,928.25653,1.0,1125.504,864.2599,1.0,1121.7609,895.44916,1.0,1117.0978,914.32306,1.0,1112.996,927.0118,1.0,1137.7944,864.397,1.0,1134.2056,893.1366,1.0,1130.7461,908.48676,1.0,1127.5166,920.2881,1.0,811.9333,412.30762,1.0,807.39813,378.81894,1.0,817.79346,352.53934,1.0,836.9974,338.30304,1.0,854.5982,333.3276,1.0,816.67395,341.65872,1.0,846.7923,315.99466,1.0,860.4515,318.89926,1.0,864.34796,325.33997,1.0,830.7011,352.85083,1.0,864.49084,333.4455,1.0,864.5083,342.853,1.0,855.8192,350.42624,1.0,845.561,366.82227,1.0,874.0662,350.52405,1.0,869.1077,358.90286,1.0,859.4857,365.42154,1.0,858.7477,381.67706,1.0,875.46594,369.96954,1.0,869.6725,376.9023,1.0,862.43805,382.82095,1.0
0.0,0.0,0.0,0.0,0.0,0.0,0.0,0.0,0.0,0.0,0.0,0.0,0.0,0.0,0.0,0.0,0.0,0.0,0.0,0.0,0.0,0.0,0.0,0.0,0.0,0.0,0.0,0.0,0.0,0.0,0.0,0.0,0.0,0.0,0.0,0.0,0.0,0.0,0.0,0.0,0.0,0.0,0.0,0.0,0.0,0.0,0.0,0.0,0.0,0.0,0.0,0.0,0.0,0.0,0.0,0.0,0.0,0.0,0.0,0.0,0.0,0.0,0.0,0.0,0.0,0.0,0.0,0.0,0.0,0.0,0.0,0.0,0.0,0.0,0.0,0.0,0.0,0.0,0.0,0.0,0.0,0.0,0.0,0.0,0.0,0.0,0.0,0.0,0.0,0.0,0.0,0.0,0.0,0.0,0.0,0.0,0.0,0.0,0.0,0.0,0.0,0.0,0.0,0.0,0.0,0.0,0.0,0.0,0.0,0.0,0.0,0.0,0.0,0.0,0.0,0.0,0.0,0.0,0.0,0.0,0.0,0.0,0.0,0.0,0.0,0.0,0.0,0.0,0.0,0.0,0.0,0.0,0.0,0.0,0.0,0.0,0.0,0.0,0.0,0.0,0.0,0.0,0.0,0.0,0.0,0.0,0.0,0.0,0.0,0.0,0.0,0.0,0.0,0.0,0.0,0.0,0.0,0.0,0.0,0.0,0.0,0.0,0.0,0.0,0.0,0.0,0.0,0.0,0.0,0.0,0.0,0.0,0.0,0.0,0.0,0.0,0.0,0.0,0.0,0.0,0.0,0.0,0.0,0.0,0.0,0.0,0.0,0.0,0.0,0.0,0.0,0.0,0.0,0.0,0.0,0.0,0.0,0.0,0.0,0.0,0.0,0.0,0.0,0.0,0.0,0.0,0.0,0.0,0.0,0.0,918.3567,294.7345,0.9984196,920.4516,448.13028,0.9996231,773.76575,444.9241,0.9996231,671.6004,589.2543,0.88435817,810.6033,411.33078,0.98398423,1067.1375,451.3365,0.9998032,1150.8918,650.8123,0.9677719,1107.9093,807.1214,0.97515744,918.09326,926.2054,0.98614645,814.7017,927.5709,0.98664725,823.5587,1232.6527,0.027160019,817.3855,1577.527,0.007328643,1021.48474,924.8398,0.9861468,1020.7255,1266.5605,0.015959982,997.7681,1584.86,0.004632397,890.1573,267.9201,0.9976117,950.92914,270.6843,0.99430066,861.5079,287.54327,0.9941405,974.71875,288.00845,0.996715,968.9056,1692.9417,0.0048563555,968.9056,1692.9417,0.0048563555,997.59015,1630.6263,0.006189793,847.8164,1676.7941,0.0038765308,847.8164,1676.7941,0.0038765308,811.8627,1631.4988,0.0069552157,1120.7067,809.7115,1.0,1089.5854,818.22174,1.0,1071.19,838.4481,1.0,1062.0569,858.5485,1.0,1049.6847,865.70544,1.0,1089.6594,865.26807,1.0,1086.2859,901.4485,1.0,1084.2274,922.5591,1.0,1082.4628,939.3908,1.0,1109.6086,871.0463,1.0,1105.0365,911.9049,1.0,1100.3843,936.64355,1.0,1096.1296,956.1544,1.0,1125.4304,873.66144,1.0,1121.6989,911.5945,1.0,1117.4702,935.7995,1.0,1114.2075,954.1196,1.0,1136.3177,872.80817,1.0,1133.7397,902.70416,1.0,1132.1415,921.2669,1.0,1130.7544,936.31445,1.0,812.4667,408.17496,1.0,807.81805,375.71613,1.0,819.1029,349.48328,1.0,839.666,334.63797,1.0,857.77216,330.04123,1.0,817.4809,340.3797,1.0,847.9689,315.2089,1.0,860.035,318.666,1.0,862.9495,325.6947,1.0,831.6081,352.03348,1.0,864.3737,331.93173,1.0,863.57855,341.2397,1.0,854.6078,349.19214,1.0,846.3191,366.343,1.0,873.90594,348.8597,1.0,869.26953,357.39178,1.0,859.9226,364.4785,1.0,859.3533,381.34253,1.0,875.9458,368.81543,1.0,870.10046,375.23624,1.0,862.5934,380.81876,1.0
0.0,0.0,0.0,0.0,0.0,0.0,0.0,0.0,0.0,0.0,0.0,0.0,0.0,0.0,0.0,0.0,0.0,0.0,0.0,0.0,0.0,0.0,0.0,0.0,0.0,0.0,0.0,0.0,0.0,0.0,0.0,0.0,0.0,0.0,0.0,0.0,0.0,0.0,0.0,0.0,0.0,0.0,0.0,0.0,0.0,0.0,0.0,0.0,0.0,0.0,0.0,0.0,0.0,0.0,0.0,0.0,0.0,0.0,0.0,0.0,0.0,0.0,0.0,0.0,0.0,0.0,0.0,0.0,0.0,0.0,0.0,0.0,0.0,0.0,0.0,0.0,0.0,0.0,0.0,0.0,0.0,0.0,0.0,0.0,0.0,0.0,0.0,0.0,0.0,0.0,0.0,0.0,0.0,0.0,0.0,0.0,0.0,0.0,0.0,0.0,0.0,0.0,0.0,0.0,0.0,0.0,0.0,0.0,0.0,0.0,0.0,0.0,0.0,0.0,0.0,0.0,0.0,0.0,0.0,0.0,0.0,0.0,0.0,0.0,0.0,0.0,0.0,0.0,0.0,0.0,0.0,0.0,0.0,0.0,0.0,0.0,0.0,0.0,0.0,0.0,0.0,0.0,0.0,0.0,0.0,0.0,0.0,0.0,0.0,0.0,0.0,0.0,0.0,0.0,0.0,0.0,0.0,0.0,0.0,0.0,0.0,0.0,0.0,0.0,0.0,0.0,0.0,0.0,0.0,0.0,0.0,0.0,0.0,0.0,0.0,0.0,0.0,0.0,0.0,0.0,0.0,0.0,0.0,0.0,0.0,0.0,0.0,0.0,0.0,0.0,0.0,0.0,0.0,0.0,0.0,0.0,0.0,0.0,0.0,0.0,0.0,0.0,0.0,0.0,0.0,0.0,0.0,0.0,0.0,0.0,917.7443,293.7028,0.9985363,920.4941,448.92932,0.99958724,773.84937,445.21548,0.99958724,680.0197,581.09515,0.886234,818.16943,401.93378,0.984792,1067.1388,452.64316,0.9998142,1148.0779,657.435,0.9688769,1119.1316,830.3747,0.97666705,918.15247,928.4722,0.986659,814.7305,929.9135,0.986659,826.5112,1235.3938,0.028247388,819.1844,1585.3595,0.0083823,1021.5744,927.031,0.9866718,1020.7882,1266.4818,0.01753312,1001.83264,1586.2762,0.005581318,889.97253,266.93262,0.9977724,948.9418,269.34454,0.99473786,861.50366,287.6305,0.9944754,971.8368,287.6161,0.9969801,977.25415,1694.5222,0.0057986183,977.25415,1694.5222,0.0057986183,1001.3276,1632.6034,0.0070641944,851.0894,1687.4703,0.004447725,851.0894,1687.4703,0.004447725,813.2221,1640.2938,0.0076891957,1135.2478,836.06226,1.0,1102.2943,853.2557,1.0,1087.4197,875.44556,1.0,1084.4634,897.7246,1.0,1077.1309,912.7043,1.0,1110.6284,905.9539,1.0,1108.4784,939.2737,1.0,1106.6996,958.82227,1.0,1105.6896,975.7334,1.0,1129.1766,909.6517,1.0,1125.9803,943.22205,1.0,1122.2034,963.9419,1.0,1118.8171,980.45636,1.0,1142.4521,910.2141,1.0,1139.3157,941.065,1.0,1134.9119,960.25586,1.0,1131.2568,975.3596,1.0,1150.1067,907.86127,1.0,1146.4154,935.6534,1.0,1142.7878,951.3125,1.0,1139.611,963.6089,1.0,823.3859,390.9776,1.0,816.3459,359.13852,1.0,822.3631,330.4944,1.0,833.569,308.94617,1.0,841.81934,294.10226,1.0,825.80334,320.59122,1.0,855.64087,296.1144,1.0,861.153,303.18045,1.0,856.388,312.3999,1.0,840.3676,331.56854,1.0,871.48975,310.66504,1.0,869.9867,319.81256,1.0,860.02374,327.6366,1.0,855.3394,345.21805,1.0,881.0159,327.1204,1.0,877.05884,335.37183,1.0,868.2916,342.28494,1.0,868.2055,360.00787,1.0,883.6048,347.2417,1.0,879.0908,354.07098,1.0,872.8137,359.9195,1.0
0.0,0.0,0.0,0.0,0.0,0.0,0.0,0.0,0.0,0.0,0.0,0.0,0.0,0.0,0.0,0.0,0.0,0.0,0.0,0.0,0.0,0.0,0.0,0.0,0.0,0.0,0.0,0.0,0.0,0.0,0.0,0.0,0.0,0.0,0.0,0.0,0.0,0.0,0.0,0.0,0.0,0.0,0.0,0.0,0.0,0.0,0.0,0.0,0.0,0.0,0.0,0.0,0.0,0.0,0.0,0.0,0.0,0.0,0.0,0.0,0.0,0.0,0.0,0.0,0.0,0.0,0.0,0.0,0.0,0.0,0.0,0.0,0.0,0.0,0.0,0.0,0.0,0.0,0.0,0.0,0.0,0.0,0.0,0.0,0.0,0.0,0.0,0.0,0.0,0.0,0.0,0.0,0.0,0.0,0.0,0.0,0.0,0.0,0.0,0.0,0.0,0.0,0.0,0.0,0.0,0.0,0.0,0.0,0.0,0.0,0.0,0.0,0.0,0.0,0.0,0.0,0.0,0.0,0.0,0.0,0.0,0.0,0.0,0.0,0.0,0.0,0.0,0.0,0.0,0.0,0.0,0.0,0.0,0.0,0.0,0.0,0.0,0.0,0.0,0.0,0.0,0.0,0.0,0.0,0.0,0.0,0.0,0.0,0.0,0.0,0.0,0.0,0.0,0.0,0.0,0.0,0.0,0.0,0.0,0.0,0.0,0.0,0.0,0.0,0.0,0.0,0.0,0.0,0.0,0.0,0.0,0.0,0.0,0.0,0.0,0.0,0.0,0.0,0.0,0.0,0.0,0.0,0.0,0.0,0.0,0.0,0.0,0.0,0.0,0.0,0.0,0.0,0.0,0.0,0.0,0.0,0.0,0.0,0.0,0.0,0.0,0.0,0.0,0.0,0.0,0.0,0.0,0.0,0.0,0.0,917.0546,293.03488,0.99862975,920.5524,448.75674,0.99955815,773.9633,444.71738,0.99955815,691.1497,570.49036,0.8896681,820.9643,395.51694,0.9854383,1067.1415,452.79614,0.99982256,1144.8976,658.6675,0.9701036,1125.3196,842.7729,0.97797006,918.1057,927.6141,0.9870471,814.69794,928.9538,0.9870471,826.4545,1235.7246,0.03140006,819.001,1585.2815,0.009424159,1021.51355,926.27435,0.9873867,1020.96686,1268.1941,0.020993114,1003.8364,1587.4181,0.00646853,889.4864,265.782,0.9978933,948.05164,269.19028,0.9950932,861.1903,287.53427,0.9947118,970.52423,287.61972,0.9971971,979.0873,1698.125,0.0065742363,979.0873,1698.125,0.0065742363,1003.9266,1632.6816,0.007829739,851.03687,1688.6367,0.0050297626,851.03687,1688.6367,0.0050297626,813.0719,1639.1328,0.008382999,1138.0043,856.40594,1.0,1106.6962,868.51605,1.0,1094.0505,890.2223,1.0,1094.7119,911.31793,1.0,1090.1758,927.89874,1.0,1121.6255,922.81323,1.0,1118.9683,957.67926,1.0,1117.7041,977.57294,1.0,1116.7439,993.4466,1.0,1138.651,926.5431,1.0,1134.8229,963.98425,1.0,1131.5046,987.4029,1.0,1128.3751,1006.0849,1.0,1149.0774,927.2395,1.0,1145.3505,961.9169,1.0,1141.3951,983.31995,1.0,1137.9391,1000.4933,1.0,1154.3932,925.29626,1.0,1150.0209,953.40656,1.0,1146.207,970.62866,1.0,1142.438,983.9742,1.0,828.8716,383.48523,1.0,819.1302,353.13654,1.0,823.693,323.97485,1.0,831.46606,299.9662,1.0,834.4562,282.72864,1.0,829.5166,315.35718,1.0,857.66504,290.15198,1.0,861.8053,298.59247,1.0,856.143,308.5042,1.0,844.63293,326.16364,1.0,874.5156,305.3471,1.0,872.6146,314.50885,1.0,863.6081,322.1966,1.0,859.38525,339.48135,1.0,884.0339,322.41815,1.0,879.527,329.96326,1.0,871.47,336.02087,1.0,872.04584,353.59442,1.0,886.46295,341.3055,1.0,881.45166,348.1647,1.0,875.8248,353.4677,1.0
0.0,0.0,0.0,0.0,0.0,0.0,0.0,0.0,0.0,0.0,0.0,0.0,0.0,0.0,0.0,0.0,0.0,0.0,0.0,0.0,0.0,0.0,0.0,0.0,0.0,0.0,0.0,0.0,0.0,0.0,0.0,0.0,0.0,0.0,0.0,0.0,0.0,0.0,0.0,0.0,0.0,0.0,0.0,0.0,0.0,0.0,0.0,0.0,0.0,0.0,0.0,0.0,0.0,0.0,0.0,0.0,0.0,0.0,0.0,0.0,0.0,0.0,0.0,0.0,0.0,0.0,0.0,0.0,0.0,0.0,0.0,0.0,0.0,0.0,0.0,0.0,0.0,0.0,0.0,0.0,0.0,0.0,0.0,0.0,0.0,0.0,0.0,0.0,0.0,0.0,0.0,0.0,0.0,0.0,0.0,0.0,0.0,0.0,0.0,0.0,0.0,0.0,0.0,0.0,0.0,0.0,0.0,0.0,0.0,0.0,0.0,0.0,0.0,0.0,0.0,0.0,0.0,0.0,0.0,0.0,0.0,0.0,0.0,0.0,0.0,0.0,0.0,0.0,0.0,0.0,0.0,0.0,0.0,0.0,0.0,0.0,0.0,0.0,0.0,0.0,0.0,0.0,0.0,0.0,0.0,0.0,0.0,0.0,0.0,0.0,0.0,0.0,0.0,0.0,0.0,0.0,0.0,0.0,0.0,0.0,0.0,0.0,0.0,0.0,0.0,0.0,0.0,0.0,0.0,0.0,0.0,0.0,0.0,0.0,0.0,0.0,0.0,0.0,0.0,0.0,0.0,0.0,0.0,0.0,0.0,0.0,0.0,0.0,0.0,0.0,0.0,0.0,0.0,0.0,0.0,0.0,0.0,0.0,0.0,0.0,0.0,0.0,0.0,0.0,0.0,0.0,0.0,0.0,0.0,0.0,916.8383,291.88367,0.99871826,921.05524,450.08624,0.9995227,774.381,444.67383,0.9995227,699.8445,559.5356,0.8882868,824.24384,390.75305,0.9856391,1067.7296,455.49866,0.9998281,1141.6085,664.91516,0.97037613,1128.1919,854.87805,0.97857594,918.0371,926.43317,0.9870764,814.67926,927.69226,0.9870764,825.28546,1232.3336,0.034404766,817.6847,1585.0977,0.011102534,1021.3949,925.1741,0.98777056,1019.5188,1265.2065,0.02292802,1005.22253,1583.5016,0.007369042,889.2339,265.14197,0.9980126,947.5178,268.01523,0.99542576,861.06683,287.61002,0.9949395,969.5991,286.83398,0.9973932,983.4624,1693.8107,0.0074510993,983.4624,1693.8107,0.0074510993,1005.5635,1629.2277,0.008693733,850.7729,1687.4698,0.0059932834,850.7729,1687.4698,0.0059932834,811.3236,1638.3174,0.009407949,1137.1428,862.8204,1.0,1107.872,875.05536,1.0,1098.4009,898.2786,1.0,1100.3494,919.66736,1.0,1098.8796,937.5399,1.0,1129.2279,931.1453,1.0,1127.4839,965.735,1.0,1126.8422,985.5799,1.0,1126.9469,1001.3802,1.0,1143.9928,932.1956,1.0,1142.6702,969.3475,1.0,1139.6708,991.7982,1.0,1137.531,1009.7568,1.0,1151.4364,930.9514,1.0,1150.0953,965.31177,1.0,1147.2504,986.3216,1.0,1144.9858,1003.7165,1.0,1153.9661,927.9751,1.0,1151.1274,956.1075,1.0,1148.7303,973.48865,1.0,1146.4971,986.82654,1.0,832.65454,379.02362,1.0,822.98773,349.3211,1.0,826.1732,320.82513,1.0,832.4564,298.65308,1.0,835.10754,282.4864,1.0,832.893,312.08145,1.0,860.87463,286.09406,1.0,866.0051,293.16647,1.0,861.8472,302.63043,1.0,847.9798,323.4996,1.0,877.29004,302.17987,1.0,875.6173,310.683,1.0,867.04407,318.91263,1.0,862.8731,337.03506,1.0,886.8795,319.39563,1.0,882.6485,326.50247,1.0,874.4592,333.23953,1.0,875.91766,351.09503,1.0,890.2077,337.48654,1.0,884.65326,343.82556,1.0,878.1723,349.83594,1.0
0.0,0.0,0.0,0.0,0.0,0.0,0.0,0.0,0.0,0.0,0.0,0.0,0.0,0.0,0.0,0.0,0.0,0.0,0.0,0.0,0.0,0.0,0.0,0.0,0.0,0.0,0.0,0.0,0.0,0.0,0.0,0.0,0.0,0.0,0.0,0.0,0.0,0.0,0.0,0.0,0.0,0.0,0.0,0.0,0.0,0.0,0.0,0.0,0.0,0.0,0.0,0.0,0.0,0.0,0.0,0.0,0.0,0.0,0.0,0.0,0.0,0.0,0.0,0.0,0.0,0.0,0.0,0.0,0.0,0.0,0.0,0.0,0.0,0.0,0.0,0.0,0.0,0.0,0.0,0.0,0.0,0.0,0.0,0.0,0.0,0.0,0.0,0.0,0.0,0.0,0.0,0.0,0.0,0.0,0.0,0.0,0.0,0.0,0.0,0.0,0.0,0.0,0.0,0.0,0.0,0.0,0.0,0.0,0.0,0.0,0.0,0.0,0.0,0.0,0.0,0.0,0.0,0.0,0.0,0.0,0.0,0.0,0.0,0.0,0.0,0.0,0.0,0.0,0.0,0.0,0.0,0.0,0.0,0.0,0.0,0.0,0.0,0.0,0.0,0.0,0.0,0.0,0.0,0.0,0.0,0.0,0.0,0.0,0.0,0.0,0.0,0.0,0.0,0.0,0.0,0.0,0.0,0.0,0.0,0.0,0.0,0.0,0.0,0.0,0.0,0.0,0.0,0.0,0.0,0.0,0.0,0.0,0.0,0.0,0.0,0.0,0.0,0.0,0.0,0.0,0.0,0.0,0.0,0.0,0.0,0.0,0.0,0.0,0.0,0.0,0.0,0.0,0.0,0.0,0.0,0.0,0.0,0.0,0.0,0.0,0.0,0.0,0.0,0.0,0.0,0.0,0.0,0.0,0.0,0.0,917.1655,290.64133,0.99875253,921.28296,450.8361,0.9994389,774.4329,444.23917,0.9994389,706.71893,551.6475,0.8826444,825.94836,387.53662,0.98380244,1068.133,457.43304,0.99982214,1137.9873,671.48785,0.966831,1130.0226,863.12054,0.9748844,917.8095,925.3621,0.98715717,814.29266,925.8155,0.98715717,824.91235,1230.5518,0.036668,816.4241,1584.3329,0.011964599,1021.32635,924.9087,0.9881022,1018.5172,1264.2573,0.024492053,1004.9808,1583.1356,0.008067103,889.27515,264.2941,0.998034,947.5608,267.08804,0.99556583,860.9822,287.62115,0.99488914,969.22736,286.3915,0.99747896,984.247,1693.3896,0.007950563,984.247,1693.3896,0.007950563,1004.1855,1629.0914,0.009258421,849.8724,1686.1263,0.006456523,849.8724,1686.1263,0.006456523,810.3789,1637.3976,0.009822048,1136.2428,866.6718,1.0,1108.4202,879.51105,1.0,1100.58,902.45996,1.0,1104.7871,923.8412,1.0,1105.2186,942.1424,1.0,1130.9362,933.18195,1.0,1129.0026,967.2172,1.0,1127.9886,987.4619,1.0,1128.1722,1003.6439,1.0,1145.229,935.36053,1.0,1143.79,970.5032,1.0,1140.7183,992.36273,1.0,1138.5974,1009.6373,1.0,1151.7289,935.06433,1.0,1150.7338,967.25916,1.0,1147.4386,987.324,1.0,1144.7692,1003.9551,1.0,1153.1553,933.0209,1.0,1151.1333,960.1741,1.0,1148.9482,977.53156,1.0,1146.7245,991.0547,1.0,834.87964,375.47406,1.0,826.60944,347.01593,1.0,829.3323,319.45947,1.0,834.18036,297.9532,1.0,835.4084,281.4827,1.0,836.49396,309.63785,1.0,863.25104,283.36197,1.0,876.0082,286.33633,1.0,878.9125,293.82,1.0,850.21716,320.8073,1.0,881.71533,301.44006,1.0,880.9148,310.46484,1.0,871.5924,318.39734,1.0,864.48334,334.7804,1.0,891.07916,319.5305,1.0,887.0275,327.13205,1.0,878.16016,333.40988,1.0,877.3129,349.52155,1.0,894.01117,338.57162,1.0,888.29333,344.6464,1.0,880.6892,349.78467,1.0
0.0,0.0,0.0,0.0,0.0,0.0,0.0,0.0,0.0,0.0,0.0,0.0,0.0,0.0,0.0,0.0,0.0,0.0,0.0,0.0,0.0,0.0,0.0,0.0,0.0,0.0,0.0,0.0,0.0,0.0,0.0,0.0,0.0,0.0,0.0,0.0,0.0,0.0,0.0,0.0,0.0,0.0,0.0,0.0,0.0,0.0,0.0,0.0,0.0,0.0,0.0,0.0,0.0,0.0,0.0,0.0,0.0,0.0,0.0,0.0,0.0,0.0,0.0,0.0,0.0,0.0,0.0,0.0,0.0,0.0,0.0,0.0,0.0,0.0,0.0,0.0,0.0,0.0,0.0,0.0,0.0,0.0,0.0,0.0,0.0,0.0,0.0,0.0,0.0,0.0,0.0,0.0,0.0,0.0,0.0,0.0,0.0,0.0,0.0,0.0,0.0,0.0,0.0,0.0,0.0,0.0,0.0,0.0,0.0,0.0,0.0,0.0,0.0,0.0,0.0,0.0,0.0,0.0,0.0,0.0,0.0,0.0,0.0,0.0,0.0,0.0,0.0,0.0,0.0,0.0,0.0,0.0,0.0,0.0,0.0,0.0,0.0,0.0,0.0,0.0,0.0,0.0,0.0,0.0,0.0,0.0,0.0,0.0,0.0,0.0,0.0,0.0,0.0,0.0,0.0,0.0,0.0,0.0,0.0,0.0,0.0,0.0,0.0,0.0,0.0,0.0,0.0,0.0,0.0,0.0,0.0,0.0,0.0,0.0,0.0,0.0,0.0,0.0,0.0,0.0,0.0,0.0,0.0,0.0,0.0,0.0,0.0,0.0,0.0,0.0,0.0,0.0,0.0,0.0,0.0,0.0,0.0,0.0,0.0,0.0,0.0,0.0,0.0,0.0,0.0,0.0,0.0,0.0,0.0,0.0,917.2393,290.24594,0.9987744,921.7299,451.23676,0.999353,774.8973,443.77786,0.999353,710.776,548.30005,0.87603,827.3049,386.68835,0.9807323,1068.5625,458.69565,0.99981296,1135.5261,675.88776,0.961206,1129.988,867.48,0.96829504,917.5449,925.2686,0.987217,814.1088,925.4157,0.987217,823.64014,1230.0912,0.03729362,815.68945,1583.7954,0.012157847,1020.98096,925.1216,0.9883828,1017.85126,1263.0455,0.025544664,1004.9333,1584.2308,0.008537492,889.3043,264.11435,0.9980367,947.5543,266.72946,0.9956454,860.9709,287.82196,0.99476856,969.1589,285.88492,0.9975211,987.2907,1693.141,0.008194965,987.2907,1693.141,0.008194965,1003.6608,1631.6248,0.009621183,847.31195,1685.0961,0.006551769,847.31195,1685.0961,0.006551769,810.2671,1636.7341,0.00988941,1136.7245,868.12897,1.0,1108.4675,880.71844,1.0,1100.6633,903.266,1.0,1104.9093,924.5101,1.0,1105.8114,942.3076,1.0,1130.9537,933.5383,1.0,1129.5497,967.7356,1.0,1128.9064,988.041,1.0,1129.5038,1004.12756,1.0,1145.2142,935.1481,1.0,1143.9713,969.9617,1.0,1140.9801,991.90424,1.0,1139.0807,1009.4379,1.0,1151.7428,934.7704,1.0,1150.4679,966.46814,1.0,1146.9946,986.3658,1.0,1144.3439,1002.7227,1.0,1153.163,932.865,1.0,1150.705,959.7255,1.0,1148.0946,976.9495,1.0,1145.5055,990.09644,1.0,834.94806,374.19028,1.0,826.8877,345.62305,1.0,830.3065,319.60568,1.0,837.434,299.93106,1.0,840.1911,284.9346,1.0,836.57666,309.68768,1.0,863.4999,282.89108,1.0,877.54047,285.00177,1.0,881.7911,292.44028,1.0,850.3994,320.82822,1.0,882.93695,301.0965,1.0,882.19995,310.2659,1.0,872.8494,318.9422,1.0,864.693,334.69003,1.0,891.5089,319.44574,1.0,887.4529,327.30954,1.0,878.79944,333.89987,1.0,877.6617,349.24835,1.0,894.22943,338.8116,1.0,888.6884,344.7845,1.0,881.7209,349.65396,1.0
0.0,0.0,0.0,0.0,0.0,0.0,0.0,0.0,0.0,0.0,0.0,0.0,0.0,0.0,0.0,0.0,0.0,0.0,0.0,0.0,0.0,0.0,0.0,0.0,0.0,0.0,0.0,0.0,0.0,0.0,0.0,0.0,0.0,0.0,0.0,0.0,0.0,0.0,0.0,0.0,0.0,0.0,0.0,0.0,0.0,0.0,0.0,0.0,0.0,0.0,0.0,0.0,0.0,0.0,0.0,0.0,0.0,0.0,0.0,0.0,0.0,0.0,0.0,0.0,0.0,0.0,0.0,0.0,0.0,0.0,0.0,0.0,0.0,0.0,0.0,0.0,0.0,0.0,0.0,0.0,0.0,0.0,0.0,0.0,0.0,0.0,0.0,0.0,0.0,0.0,0.0,0.0,0.0,0.0,0.0,0.0,0.0,0.0,0.0,0.0,0.0,0.0,0.0,0.0,0.0,0.0,0.0,0.0,0.0,0.0,0.0,0.0,0.0,0.0,0.0,0.0,0.0,0.0,0.0,0.0,0.0,0.0,0.0,0.0,0.0,0.0,0.0,0.0,0.0,0.0,0.0,0.0,0.0,0.0,0.0,0.0,0.0,0.0,0.0,0.0,0.0,0.0,0.0,0.0,0.0,0.0,0.0,0.0,0.0,0.0,0.0,0.0,0.0,0.0,0.0,0.0,0.0,0.0,0.0,0.0,0.0,0.0,0.0,0.0,0.0,0.0,0.0,0.0,0.0,0.0,0.0,0.0,0.0,0.0,0.0,0.0,0.0,0.0,0.0,0.0,0.0,0.0,0.0,0.0,0.0,0.0,0.0,0.0,0.0,0.0,0.0,0.0,0.0,0.0,0.0,0.0,0.0,0.0,0.0,0.0,0.0,0.0,0.0,0.0,0.0,0.0,0.0,0.0,0.0,0.0,917.6076,290.20206,0.99879146,921.9721,451.27014,0.9992656,775.11444,443.24405,0.9992656,714.23816,547.0893,0.8714618,828.7069,385.1348,0.97817516,1068.8298,459.29626,0.999802,1132.7211,677.8125,0.9561139,1129.1715,870.63464,0.9617809,917.5106,925.4223,0.98725325,814.0848,925.3789,0.98725325,821.2578,1229.7965,0.03938861,815.31213,1583.4603,0.0126974275,1020.93646,925.46576,0.98861337,1017.37036,1262.19,0.027538745,1004.6509,1584.5444,0.009115216,889.6011,264.08936,0.9980387,947.5738,266.66742,0.99572563,861.0687,287.9488,0.99467075,969.1186,285.5963,0.99756986,988.06775,1693.029,0.008548807,988.06775,1693.029,0.008548807,1002.67053,1632.9581,0.01006152,846.3234,1684.4832,0.0068349214,846.3234,1684.4832,0.0068349214,810.2423,1636.2622,0.010169817,1133.5546,871.18854,1.0,1108.8206,882.7344,1.0,1103.3787,904.8689,1.0,1109.4902,925.2757,1.0,1112.6466,942.7814,1.0,1129.8624,934.0422,1.0,1125.9373,967.77844,1.0,1124.0082,988.842,1.0,1123.5007,1005.0084,1.0,1141.0281,936.44995,1.0,1135.8323,971.07794,1.0,1131.039,993.09045,1.0,1127.8274,1010.0207,1.0,1145.1079,936.96484,1.0,1140.5428,968.244,1.0,1135.7332,988.0466,1.0,1131.9165,1003.74634,1.0,1145.5938,935.53955,1.0,1141.3481,961.1896,1.0,1137.725,978.0344,1.0,1134.2313,990.5612,1.0,835.17487,375.50485,1.0,828.14136,347.36124,1.0,833.37036,319.52454,1.0,836.67053,298.15033,1.0,835.63654,282.8238,1.0,841.4801,312.18958,1.0,861.75604,283.90042,1.0,874.6633,269.87048,1.0,883.9856,259.44214,1.0,853.507,323.4819,1.0,885.3054,305.52408,1.0,880.7923,315.298,1.0,869.98627,323.42188,1.0,866.72095,337.63882,1.0,894.01,324.67285,1.0,887.89246,331.31113,1.0,878.56866,336.72723,1.0,878.5313,352.2962,1.0,896.4439,342.4064,1.0,888.9202,347.9825,1.0,880.88605,352.20978,1.0
0.0,0.0,0.0,0.0,0.0,0.0,0.0,0.0,0.0,0.0,0.0,0.0,0.0,0.0,0.0,0.0,0.0,0.0,0.0,0.0,0.0,0.0,0.0,0.0,0.0,0.0,0.0,0.0,0.0,0.0,0.0,0.0,0.0,0.0,0.0,0.0,0.0,0.0,0.0,0.0,0.0,0.0,0.0,0.0,0.0,0.0,0.0,0.0,0.0,0.0,0.0,0.0,0.0,0.0,0.0,0.0,0.0,0.0,0.0,0.0,0.0,0.0,0.0,0.0,0.0,0.0,0.0,0.0,0.0,0.0,0.0,0.0,0.0,0.0,0.0,0.0,0.0,0.0,0.0,0.0,0.0,0.0,0.0,0.0,0.0,0.0,0.0,0.0,0.0,0.0,0.0,0.0,0.0,0.0,0.0,0.0,0.0,0.0,0.0,0.0,0.0,0.0,0.0,0.0,0.0,0.0,0.0,0.0,0.0,0.0,0.0,0.0,0.0,0.0,0.0,0.0,0.0,0.0,0.0,0.0,0.0,0.0,0.0,0.0,0.0,0.0,0.0,0.0,0.0,0.0,0.0,0.0,0.0,0.0,0.0,0.0,0.0,0.0,0.0,0.0,0.0,0.0,0.0,0.0,0.0,0.0,0.0,0.0,0.0,0.0,0.0,0.0,0.0,0.0,0.0,0.0,0.0,0.0,0.0,0.0,0.0,0.0,0.0,0.0,0.0,0.0,0.0,0.0,0.0,0.0,0.0,0.0,0.0,0.0,0.0,0.0,0.0,0.0,0.0,0.0,0.0,0.0,0.0,0.0,0.0,0.0,0.0,0.0,0.0,0.0,0.0,0.0,0.0,0.0,0.0,0.0,0.0,0.0,0.0,0.0,0.0,0.0,0.0,0.0,0.0,0.0,0.0,0.0,0.0,0.0,917.6814,290.2364,0.99855137,922.72784,450.9653,0.99910796,776.36487,442.6239,0.99910796,716.0958,547.26764,0.8671285,830.70184,385.76315,0.97352874,1069.0908,459.30673,0.9997714,1130.3428,678.17224,0.9483639,1127.6376,874.95825,0.9494622,917.2427,925.4723,0.9872917,814.0145,925.35785,0.9872917,819.8186,1229.7415,0.039378397,814.5414,1583.0161,0.012445054,1020.4708,925.58673,0.9887917,1017.32513,1262.7281,0.027502567,1004.5905,1585.718,0.008997369,889.7221,264.10025,0.99751014,947.52045,266.68066,0.9949258,861.3458,288.15073,0.9931228,969.1232,285.40717,0.9971076,988.0742,1693.5011,0.008304413,988.0742,1693.5011,0.008304413,967.9663,1635.0809,0.009923954,846.21783,1684.0573,0.0066886568,846.21783,1684.0573,0.0066886568,809.2352,1636.0013,0.009973132,1132.5571,872.51,1.0,1108.9744,883.7017,1.0,1104.6055,905.6787,1.0,1110.2427,926.3733,1.0,1113.9424,943.85535,1.0,1129.9487,932.8308,1.0,1125.8824,966.41376,1.0,1123.4084,987.84076,1.0,1122.3541,1004.34216,1.0,1140.163,935.358,1.0,1134.5549,969.72217,1.0,1129.3893,992.1477,1.0,1125.779,1009.6971,1.0,1143.6925,935.9606,1.0,1138.6603,966.8936,1.0,1133.8973,987.0811,1.0,1130.2238,1003.2646,1.0,1143.9364,934.6989,1.0,1139.2644,959.6427,1.0,1135.554,976.73035,1.0,1131.9386,989.6067,1.0,835.4014,375.85626,1.0,828.42725,346.81903,1.0,833.8327,318.6904,1.0,836.6588,297.46207,1.0,835.18744,282.36197,1.0,842.4071,312.01123,1.0,862.303,283.6839,1.0,875.26447,266.80713,1.0,885.03876,253.2171,1.0,854.27344,323.83762,1.0,885.75574,305.5167,1.0,881.4438,315.22043,1.0,870.4455,322.8538,1.0,867.3072,338.1576,1.0,894.16406,324.4594,1.0,888.77606,330.95255,1.0,879.9635,336.00467,1.0,878.96594,352.6987,1.0,896.2718,342.95862,1.0,889.3384,348.52374,1.0,882.1303,352.41226,1.0
0.0,0.0,0.0,0.0,0.0,0.0,0.0,0.0,0.0,0.0,0.0,0.0,0.0,0.0,0.0,0.0,0.0,0.0,0.0,0.0,0.0,0.0,0.0,0.0,0.0,0.0,0.0,0.0,0.0,0.0,0.0,0.0,0.0,0.0,0.0,0.0,0.0,0.0,0.0,0.0,0.0,0.0,0.0,0.0,0.0,0.0,0.0,0.0,0.0,0.0,0.0,0.0,0.0,0.0,0.0,0.0,0.0,0.0,0.0,0.0,0.0,0.0,0.0,0.0,0.0,0.0,0.0,0.0,0.0,0.0,0.0,0.0,0.0,0.0,0.0,0.0,0.0,0.0,0.0,0.0,0.0,0.0,0.0,0.0,0.0,0.0,0.0,0.0,0.0,0.0,0.0,0.0,0.0,0.0,0.0,0.0,0.0,0.0,0.0,0.0,0.0,0.0,0.0,0.0,0.0,0.0,0.0,0.0,0.0,0.0,0.0,0.0,0.0,0.0,0.0,0.0,0.0,0.0,0.0,0.0,0.0,0.0,0.0,0.0,0.0,0.0,0.0,0.0,0.0,0.0,0.0,0.0,0.0,0.0,0.0,0.0,0.0,0.0,0.0,0.0,0.0,0.0,0.0,0.0,0.0,0.0,0.0,0.0,0.0,0.0,0.0,0.0,0.0,0.0,0.0,0.0,0.0,0.0,0.0,0.0,0.0,0.0,0.0,0.0,0.0,0.0,0.0,0.0,0.0,0.0,0.0,0.0,0.0,0.0,0.0,0.0,0.0,0.0,0.0,0.0,0.0,0.0,0.0,0.0,0.0,0.0,0.0,0.0,0.0,0.0,0.0,0.0,0.0,0.0,0.0,0.0,0.0,0.0,0.0,0.0,0.0,0.0,0.0,0.0,0.0,0.0,0.0,0.0,0.0,0.0,917.9239,290.33942,0.99851745,923.0217,451.10098,0.9990016,776.6905,442.67383,0.9990016,718.5243,547.1589,0.8622293,831.14075,386.44507,0.9703108,1069.3529,459.52814,0.99974823,1128.6246,678.151,0.9399257,1126.2396,876.3332,0.93697894,917.05005,926.0363,0.987458,813.8728,925.9336,0.987458,819.7279,1232.3448,0.039473463,814.5579,1585.0219,0.012419514,1020.2273,926.13904,0.9890546,1017.3787,1264.2664,0.028690329,1003.98395,1592.4473,0.009366879,890.0952,264.1521,0.9974185,947.5908,266.6983,0.9947999,861.7887,288.34293,0.9927769,969.134,285.3813,0.9970267,988.82654,1698.7383,0.008451301,988.82654,1698.7383,0.008451301,961.9429,1642.9043,0.010220307,846.0068,1686.0616,0.006663477,846.0068,1686.0616,0.006663477,809.7115,1638.7196,0.0099345585,1132.0151,872.4387,1.0,1108.8632,882.87103,1.0,1104.66,904.80707,1.0,1110.0266,925.3374,1.0,1113.5317,942.07153,1.0,1129.7667,933.58716,1.0,1125.9335,966.558,1.0,1123.8923,987.63983,1.0,1123.1711,1003.71436,1.0,1139.9703,935.4658,1.0,1134.5502,968.7999,1.0,1129.6075,991.0108,1.0,1126.2118,1008.5479,1.0,1143.7401,935.59216,1.0,1138.9524,965.6331,1.0,1134.3918,985.4447,1.0,1130.8654,1001.24866,1.0,1143.9907,933.8999,1.0,1139.2472,958.06177,1.0,1135.4617,974.6638,1.0,1131.8733,986.95233,1.0,834.84845,379.67908,1.0,827.9931,350.3238,1.0,833.8978,320.69778,1.0,838.0735,297.95633,1.0,837.32245,281.35867,1.0,840.82996,314.49463,1.0,859.87415,285.56195,1.0,872.2686,268.66864,1.0,881.7105,255.37132,1.0,852.32446,326.03632,1.0,885.459,308.1262,1.0,881.1243,318.2521,1.0,870.05194,326.4119,1.0,865.42065,340.48773,1.0,894.0694,327.59583,1.0,887.86774,334.45834,1.0,878.5547,339.62698,1.0,877.4401,355.40277,1.0,895.77625,345.53757,1.0,888.7043,351.23502,1.0,881.47266,355.40045,1.0
0.0,0.0,0.0,0.0,0.0,0.0,0.0,0.0,0.0,0.0,0.0,0.0,0.0,0.0,0.0,0.0,0.0,0.0,0.0,0.0,0.0,0.0,0.0,0.0,0.0,0.0,0.0,0.0,0.0,0.0,0.0,0.0,0.0,0.0,0.0,0.0,0.0,0.0,0.0,0.0,0.0,0.0,0.0,0.0,0.0,0.0,0.0,0.0,0.0,0.0,0.0,0.0,0.0,0.0,0.0,0.0,0.0,0.0,0.0,0.0,0.0,0.0,0.0,0.0,0.0,0.0,0.0,0.0,0.0,0.0,0.0,0.0,0.0,0.0,0.0,0.0,0.0,0.0,0.0,0.0,0.0,0.0,0.0,0.0,0.0,0.0,0.0,0.0,0.0,0.0,0.0,0.0,0.0,0.0,0.0,0.0,0.0,0.0,0.0,0.0,0.0,0.0,0.0,0.0,0.0,0.0,0.0,0.0,0.0,0.0,0.0,0.0,0.0,0.0,0.0,0.0,0.0,0.0,0.0,0.0,0.0,0.0,0.0,0.0,0.0,0.0,0.0,0.0,0.0,0.0,0.0,0.0,0.0,0.0,0.0,0.0,0.0,0.0,0.0,0.0,0.0,0.0,0.0,0.0,0.0,0.0,0.0,0.0,0.0,0.0,0.0,0.0,0.0,0.0,0.0,0.0,0.0,0.0,0.0,0.0,0.0,0.0,0.0,0.0,0.0,0.0,0.0,0.0,0.0,0.0,0.0,0.0,0.0,0.0,0.0,0.0,0.0,0.0,0.0,0.0,0.0,0.0,0.0,0.0,0.0,0.0,0.0,0.0,0.0,0.0,0.0,0.0,0.0,0.0,0.0,0.0,0.0,0.0,0.0,0.0,0.0,0.0,0.0,0.0,0.0,0.0,0.0,0.0,0.0,0.0,917.9643,290.81354,0.9984925,923.4407,451.18518,0.9989026,777.3419,442.7791,0.9989026,719.5183,548.279,0.86075085,831.8808,387.21912,0.9682247,1069.5394,459.59122,0.9997342,1127.6051,677.6834,0.9358399,1125.2212,875.44055,0.9320621,916.8581,926.3808,0.98753715,813.838,926.3267,0.98753715,819.45905,1233.4163,0.039004624,814.96655,1585.4873,0.012199176,1019.8782,926.4349,0.9892985,1017.4187,1265.2821,0.029383186,1003.8118,1595.7114,0.009495695,890.19727,264.76038,0.9973487,947.5919,267.0457,0.9947303,862.40216,289.2496,0.9924393,969.1434,285.84027,0.9969722,988.8844,1701.0284,0.008396789,988.8844,1701.0284,0.008396789,968.76447,1645.9767,0.010344871,845.9565,1686.4645,0.0065349163,845.9565,1686.4645,0.0065349163,810.68097,1639.6072,0.009844654,1132.0042,872.4123,1.0,1108.9453,882.4808,1.0,1104.7777,904.44604,1.0,1110.0333,924.95935,1.0,1113.2661,941.62054,1.0,1129.7085,933.8216,1.0,1125.7367,966.947,1.0,1123.7373,988.1086,1.0,1122.9583,1004.15063,1.0,1140.0449,935.63544,1.0,1134.7097,968.8423,1.0,1129.8575,990.9706,1.0,1126.4392,1008.3655,1.0,1143.8038,935.7557,1.0,1139.1427,965.6306,1.0,1134.6675,985.2186,1.0,1131.1353,1000.6787,1.0,1143.9067,934.13007,1.0,1139.2449,958.26355,1.0,1135.3949,974.7159,1.0,1131.8218,986.7033,1.0,834.4889,380.2038,1.0,827.8644,351.13446,1.0,833.72614,321.26144,1.0,837.97144,297.8901,1.0,837.16693,280.4834,1.0,841.3649,315.35632,1.0,859.55786,286.36115,1.0,871.4611,269.4759,1.0,880.5025,256.2508,1.0,852.42206,326.67502,1.0,885.21075,309.04257,1.0,881.63855,319.16174,1.0,870.9953,327.0207,1.0,865.078,340.94208,1.0,893.4286,327.78662,1.0,887.832,335.39725,1.0,878.5231,340.55826,1.0,876.6581,355.76068,1.0,895.6106,345.91364,1.0,889.3741,352.028,1.0,882.19446,356.05035,1.0
0.0,0.0,0.0,0.0,0.0,0.0,0.0,0.0,0.0,0.0,0.0,0.0,0.0,0.0,0.0,0.0,0.0,0.0,0.0,0.0,0.0,0.0,0.0,0.0,0.0,0.0,0.0,0.0,0.0,0.0,0.0,0.0,0.0,0.0,0.0,0.0,0.0,0.0,0.0,0.0,0.0,0.0,0.0,0.0,0.0,0.0,0.0,0.0,0.0,0.0,0.0,0.0,0.0,0.0,0.0,0.0,0.0,0.0,0.0,0.0,0.0,0.0,0.0,0.0,0.0,0.0,0.0,0.0,0.0,0.0,0.0,0.0,0.0,0.0,0.0,0.0,0.0,0.0,0.0,0.0,0.0,0.0,0.0,0.0,0.0,0.0,0.0,0.0,0.0,0.0,0.0,0.0,0.0,0.0,0.0,0.0,0.0,0.0,0.0,0.0,0.0,0.0,0.0,0.0,0.0,0.0,0.0,0.0,0.0,0.0,0.0,0.0,0.0,0.0,0.0,0.0,0.0,0.0,0.0,0.0,0.0,0.0,0.0,0.0,0.0,0.0,0.0,0.0,0.0,0.0,0.0,0.0,0.0,0.0,0.0,0.0,0.0,0.0,0.0,0.0,0.0,0.0,0.0,0.0,0.0,0.0,0.0,0.0,0.0,0.0,0.0,0.0,0.0,0.0,0.0,0.0,0.0,0.0,0.0,0.0,0.0,0.0,0.0,0.0,0.0,0.0,0.0,0.0,0.0,0.0,0.0,0.0,0.0,0.0,0.0,0.0,0.0,0.0,0.0,0.0,0.0,0.0,0.0,0.0,0.0,0.0,0.0,0.0,0.0,0.0,0.0,0.0,0.0,0.0,0.0,0.0,0.0,0.0,0.0,0.0,0.0,0.0,0.0,0.0,0.0,0.0,0.0,0.0,0.0,0.0,917.9585,291.98334,0.9984256,923.6936,451.28983,0.99881405,777.74756,442.8964,0.99881405,719.25323,549.404,0.85978234,832.60297,388.63852,0.9673939,1069.6396,459.6833,0.9997182,1127.2274,677.1685,0.93269044,1124.4972,874.3818,0.92822075,916.3906,926.4932,0.9876275,813.4881,926.43317,0.9876275,819.17773,1233.6594,0.039542478,815.0451,1585.4312,0.012500137,1019.29315,926.5532,0.9895141,1016.1899,1265.4639,0.030964518,1003.2552,1595.875,0.009943529,890.1988,265.45526,0.9972126,947.6243,268.10907,0.9945227,862.87006,289.79398,0.99194026,969.19165,286.9823,0.9968509,988.43744,1701.3054,0.008582597,988.43744,1701.3054,0.008582597,972.50507,1645.7734,0.0107176695,844.12396,1686.4495,0.006650501,844.12396,1686.4495,0.006650501,810.9792,1639.7687,0.010068082,1131.4907,873.1583,1.0,1107.1794,882.903,1.0,1101.6328,904.2635,1.0,1106.2954,924.72943,1.0,1109.1729,942.15857,1.0,1129.2227,934.4779,1.0,1124.5652,968.05145,1.0,1123.1422,989.2021,1.0,1123.2399,1005.61957,1.0,1140.4502,936.4454,1.0,1136.0835,971.2623,1.0,1132.1588,994.1366,1.0,1129.6979,1012.06683,1.0,1144.8375,936.3804,1.0,1141.5714,967.67535,1.0,1138.1045,988.30206,1.0,1135.5135,1005.0613,1.0,1145.2949,934.49286,1.0,1141.8444,960.0867,1.0,1138.9912,977.34564,1.0,1136.1338,990.2445,1.0,835.4677,384.55466,1.0,828.35565,355.3023,1.0,834.65027,324.27667,1.0,840.11017,299.51566,1.0,839.2106,281.51758,1.0,840.96533,320.03232,1.0,861.07,291.28253,1.0,874.663,275.468,1.0,884.97656,263.24283,1.0,852.59485,332.11227,1.0,884.7187,313.42462,1.0,880.44464,322.6374,1.0,869.6767,330.27267,1.0,865.8251,346.6076,1.0,893.8228,331.21194,1.0,887.1899,338.3368,1.0,877.38086,343.86993,1.0,877.6463,361.44476,1.0,896.8927,348.64917,1.0,889.8595,354.3468,1.0,881.8133,359.01797,1.0
0.0,0.0,0.0,0.0,0.0,0.0,0.0,0.0,0.0,0.0,0.0,0.0,0.0,0.0,0.0,0.0,0.0,0.0,0.0,0.0,0.0,0.0,0.0,0.0,0.0,0.0,0.0,0.0,0.0,0.0,0.0,0.0,0.0,0.0,0.0,0.0,0.0,0.0,0.0,0.0,0.0,0.0,0.0,0.0,0.0,0.0,0.0,0.0,0.0,0.0,0.0,0.0,0.0,0.0,0.0,0.0,0.0,0.0,0.0,0.0,0.0,0.0,0.0,0.0,0.0,0.0,0.0,0.0,0.0,0.0,0.0,0.0,0.0,0.0,0.0,0.0,0.0,0.0,0.0,0.0,0.0,0.0,0.0,0.0,0.0,0.0,0.0,0.0,0.0,0.0,0.0,0.0,0.0,0.0,0.0,0.0,0.0,0.0,0.0,0.0,0.0,0.0,0.0,0.0,0.0,0.0,0.0,0.0,0.0,0.0,0.0,0.0,0.0,0.0,0.0,0.0,0.0,0.0,0.0,0.0,0.0,0.0,0.0,0.0,0.0,0.0,0.0,0.0,0.0,0.0,0.0,0.0,0.0,0.0,0.0,0.0,0.0,0.0,0.0,0.0,0.0,0.0,0.0,0.0,0.0,0.0,0.0,0.0,0.0,0.0,0.0,0.0,0.0,0.0,0.0,0.0,0.0,0.0,0.0,0.0,0.0,0.0,0.0,0.0,0.0,0.0,0.0,0.0,0.0,0.0,0.0,0.0,0.0,0.0,0.0,0.0,0.0,0.0,0.0,0.0,0.0,0.0,0.0,0.0,0.0,0.0,0.0,0.0,0.0,0.0,0.0,0.0,0.0,0.0,0.0,0.0,0.0,0.0,0.0,0.0,0.0,0.0,0.0,0.0,0.0,0.0,0.0,0.0,0.0,0.0,918.16266,293.24823,0.9984193,923.8614,451.45685,0.99873877,777.83276,443.00836,0.99873877,719.11847,549.80133,0.85401756,833.9272,388.99667,0.96487546,1069.89,459.90533,0.99970776,1126.9957,677.3125,0.9260592,1124.1233,874.7739,0.9204253,916.18726,926.804,0.9875437,813.28125,926.86725,0.9875437,817.692,1234.2119,0.039066497,814.7611,1585.3163,0.0123493355,1019.0933,926.74084,0.9896014,1015.4248,1265.4089,0.031439696,1002.8366,1595.5844,0.0100401845,890.22284,266.12515,0.9972,947.7441,269.11603,0.99450946,863.2093,290.1198,0.99179137,969.23694,287.83585,0.9968438,989.16364,1701.1008,0.00858165,989.16364,1701.1008,0.00858165,973.68164,1645.3372,0.010840044,843.36115,1686.4005,0.0065616374,843.36115,1686.4005,0.0065616374,810.85516,1639.7587,0.009988798,1131.8807,872.5512,1.0,1106.7745,882.69775,1.0,1100.6003,904.0759,1.0,1104.89,924.4045,1.0,1107.8624,941.6795,1.0,1128.9268,935.1019,1.0,1124.3794,968.9057,1.0,1123.0623,989.83307,1.0,1123.493,1006.2855,1.0,1140.5133,936.7829,1.0,1136.5673,972.29553,1.0,1132.8461,995.2755,1.0,1130.6396,1013.3831,1.0,1145.2538,936.2187,1.0,1142.685,968.0134,1.0,1139.6179,988.78033,1.0,1137.3691,1005.6648,1.0,1145.8783,933.81775,1.0,1143.0013,960.0507,1.0,1140.6292,977.563,1.0,1137.9259,990.67566,1.0,835.7402,385.57263,1.0,828.5832,356.68134,1.0,834.9323,325.38538,1.0,840.8971,300.21112,1.0,839.5482,281.86786,1.0,840.8822,321.0917,1.0,861.5679,293.011,1.0,875.9635,277.90396,1.0,886.8366,266.34506,1.0,852.5832,333.66742,1.0,884.19543,314.7617,1.0,879.72455,324.0719,1.0,868.6244,331.53363,1.0,865.99774,348.23453,1.0,894.1188,331.7127,1.0,887.5527,339.21283,1.0,877.45856,345.03372,1.0,878.0015,362.88147,1.0,897.0951,349.31024,1.0,890.4926,355.50497,1.0,882.58057,360.3163,1.0
0.0,0.0,0.0,0.0,0.0,0.0,0.0,0.0,0.0,0.0,0.0,0.0,0.0,0.0,0.0,0.0,0.0,0.0,0.0,0.0,0.0,0.0,0.0,0.0,0.0,0.0,0.0,0.0,0.0,0.0,0.0,0.0,0.0,0.0,0.0,0.0,0.0,0.0,0.0,0.0,0.0,0.0,0.0,0.0,0.0,0.0,0.0,0.0,0.0,0.0,0.0,0.0,0.0,0.0,0.0,0.0,0.0,0.0,0.0,0.0,0.0,0.0,0.0,0.0,0.0,0.0,0.0,0.0,0.0,0.0,0.0,0.0,0.0,0.0,0.0,0.0,0.0,0.0,0.0,0.0,0.0,0.0,0.0,0.0,0.0,0.0,0.0,0.0,0.0,0.0,0.0,0.0,0.0,0.0,0.0,0.0,0.0,0.0,0.0,0.0,0.0,0.0,0.0,0.0,0.0,0.0,0.0,0.0,0.0,0.0,0.0,0.0,0.0,0.0,0.0,0.0,0.0,0.0,0.0,0.0,0.0,0.0,0.0,0.0,0.0,0.0,0.0,0.0,0.0,0.0,0.0,0.0,0.0,0.0,0.0,0.0,0.0,0.0,0.0,0.0,0.0,0.0,0.0,0.0,0.0,0.0,0.0,0.0,0.0,0.0,0.0,0.0,0.0,0.0,0.0,0.0,0.0,0.0,0.0,0.0,0.0,0.0,0.0,0.0,0.0,0.0,0.0,0.0,0.0,0.0,0.0,0.0,0.0,0.0,0.0,0.0,0.0,0.0,0.0,0.0,0.0,0.0,0.0,0.0,0.0,0.0,0.0,0.0,0.0,0.0,0.0,0.0,0.0,0.0,0.0,0.0,0.0,0.0,0.0,0.0,0.0,0.0,0.0,0.0,0.0,0.0,0.0,0.0,0.0,0.0,918.2662,294.10162,0.9984806,924.02356,452.6606,0.9986976,777.8429,445.07016,0.9986976,718.65936,553.3817,0.85125715,834.57947,389.52814,0.9635478,1070.2042,460.25107,0.9997107,1127.096,677.4795,0.9232449,1124.3542,873.0758,0.918783,916.4203,927.99725,0.9874125,813.4366,928.5295,0.9874125,817.1377,1235.2806,0.038958576,815.4833,1586.4221,0.01226846,1019.40405,927.4651,0.9897235,1016.98236,1266.0117,0.032371484,1003.65314,1596.8865,0.010183192,890.1605,266.9683,0.9973059,947.80634,269.5672,0.9947446,863.3144,290.84152,0.99201715,969.2994,288.29327,0.99698615,991.18335,1703.2659,0.0086735105,991.18335,1703.2659,0.0086735105,979.68225,1646.4624,0.011015573,843.67303,1687.9346,0.006536516,843.67303,1687.9346,0.006536516,811.90576,1641.407,0.010012347,1132.3015,867.8469,1.0,1105.4486,877.70447,1.0,1096.4102,897.9405,1.0,1098.8604,917.69586,1.0,1101.0825,933.5628,1.0,1126.7434,929.21423,1.0,1124.7817,964.55444,1.0,1124.3677,985.23956,1.0,1125.0941,1001.75256,1.0,1140.827,931.40356,1.0,1139.0096,968.9662,1.0,1136.1206,993.0063,1.0,1133.9784,1011.9809,1.0,1147.51,931.417,1.0,1146.653,965.53723,1.0,1144.2823,987.5261,1.0,1142.0292,1005.3346,1.0,1149.1912,929.5484,1.0,1147.178,957.1844,1.0,1145.049,975.23315,1.0,1142.3593,989.20685,1.0,832.1315,396.03482,1.0,827.948,366.15442,1.0,840.82513,339.01617,1.0,858.5084,323.01367,1.0,869.6686,315.3801,1.0,842.9705,331.2911,1.0,871.10693,307.84726,1.0,889.4498,297.12863,1.0,903.61053,290.0008,1.0,854.2621,345.83838,1.0,891.95703,326.2597,1.0,903.58435,323.2333,1.0,908.5021,321.3267,1.0,866.3117,362.27747,1.0,897.0411,346.09937,1.0,889.40125,350.80106,1.0,878.62463,355.52478,1.0,877.0747,378.5105,1.0,897.20715,364.77988,1.0,889.68744,368.5615,1.0,881.02264,372.82642,1.0
0.0,0.0,0.0,0.0,0.0,0.0,0.0,0.0,0.0,0.0,0.0,0.0,0.0,0.0,0.0,0.0,0.0,0.0,0.0,0.0,0.0,0.0,0.0,0.0,0.0,0.0,0.0,0.0,0.0,0.0,0.0,0.0,0.0,0.0,0.0,0.0,0.0,0.0,0.0,0.0,0.0,0.0,0.0,0.0,0.0,0.0,0.0,0.0,0.0,0.0,0.0,0.0,0.0,0.0,0.0,0.0,0.0,0.0,0.0,0.0,0.0,0.0,0.0,0.0,0.0,0.0,0.0,0.0,0.0,0.0,0.0,0.0,0.0,0.0,0.0,0.0,0.0,0.0,0.0,0.0,0.0,0.0,0.0,0.0,0.0,0.0,0.0,0.0,0.0,0.0,0.0,0.0,0.0,0.0,0.0,0.0,0.0,0.0,0.0,0.0,0.0,0.0,0.0,0.0,0.0,0.0,0.0,0.0,0.0,0.0,0.0,0.0,0.0,0.0,0.0,0.0,0.0,0.0,0.0,0.0,0.0,0.0,0.0,0.0,0.0,0.0,0.0,0.0,0.0,0.0,0.0,0.0,0.0,0.0,0.0,0.0,0.0,0.0,0.0,0.0,0.0,0.0,0.0,0.0,0.0,0.0,0.0,0.0,0.0,0.0,0.0,0.0,0.0,0.0,0.0,0.0,0.0,0.0,0.0,0.0,0.0,0.0,0.0,0.0,0.0,0.0,0.0,0.0,0.0,0.0,0.0,0.0,0.0,0.0,0.0,0.0,0.0,0.0,0.0,0.0,0.0,0.0,0.0,0.0,0.0,0.0,0.0,0.0,0.0,0.0,0.0,0.0,0.0,0.0,0.0,0.0,0.0,0.0,0.0,0.0,0.0,0.0,0.0,0.0,0.0,0.0,0.0,0.0,0.0,0.0,918.28735,295.0732,0.9985613,924.2261,453.79517,0.9987162,777.8148,446.85733,0.9987162,716.5188,560.8428,0.85227484,834.5566,393.66245,0.96466833,1070.6373,460.733,0.99972117,1127.2874,677.39,0.92481863,1124.5994,870.3372,0.92214304,916.4785,928.86804,0.9873106,813.3669,929.7468,0.9873106,817.87726,1235.7865,0.039310016,815.94934,1586.8816,0.012372364,1019.59015,927.9892,0.9898178,1019.0531,1268.3458,0.03309339,1006.03345,1597.4159,0.010197671,890.1254,267.87982,0.99744534,947.8155,270.0111,0.9950394,863.32117,291.44077,0.99238485,969.514,288.7364,0.99716485,992.2696,1704.2845,0.008722234,992.2696,1704.2845,0.008722234,990.33777,1646.9883,0.011050423,845.4074,1688.3835,0.006618603,845.4074,1688.3835,0.006618603,812.39166,1642.095,0.010106419,1132.8618,865.9842,1.0,1104.8073,875.624,1.0,1094.5707,894.93994,1.0,1096.1227,914.5813,1.0,1097.8539,930.1626,1.0,1125.7814,926.8207,1.0,1125.232,962.1554,1.0,1125.2101,982.4919,1.0,1126.2097,998.95264,1.0,1140.7341,929.78516,1.0,1139.7039,968.071,1.0,1136.8628,992.42847,1.0,1134.5867,1011.8154,1.0,1148.345,930.28156,1.0,1148.4352,965.17444,1.0,1146.5087,987.7949,1.0,1144.5292,1006.0475,1.0,1150.7318,928.57666,1.0,1149.7787,956.8399,1.0,1148.1799,975.50726,1.0,1145.9749,989.9069,1.0,830.60284,402.6786,1.0,826.99457,371.19577,1.0,842.6194,346.10846,1.0,865.6325,334.73264,1.0,883.33044,332.01526,1.0,843.5624,336.81042,1.0,875.2716,315.93146,1.0,896.0704,307.12076,1.0,911.9107,302.28302,1.0,855.41504,351.90292,1.0,895.2194,331.94672,1.0,911.311,324.88217,1.0,920.3051,320.44852,1.0,867.21747,368.81207,1.0,899.1237,352.62775,1.0,891.2649,357.224,1.0,880.2163,362.62463,1.0,877.4369,385.4636,1.0,897.36096,373.09406,1.0,889.75745,376.70944,1.0,881.15936,381.23676,1.0
0.0,0.0,0.0,0.0,0.0,0.0,0.0,0.0,0.0,0.0,0.0,0.0,0.0,0.0,0.0,0.0,0.0,0.0,0.0,0.0,0.0,0.0,0.0,0.0,0.0,0.0,0.0,0.0,0.0,0.0,0.0,0.0,0.0,0.0,0.0,0.0,0.0,0.0,0.0,0.0,0.0,0.0,0.0,0.0,0.0,0.0,0.0,0.0,0.0,0.0,0.0,0.0,0.0,0.0,0.0,0.0,0.0,0.0,0.0,0.0,0.0,0.0,0.0,0.0,0.0,0.0,0.0,0.0,0.0,0.0,0.0,0.0,0.0,0.0,0.0,0.0,0.0,0.0,0.0,0.0,0.0,0.0,0.0,0.0,0.0,0.0,0.0,0.0,0.0,0.0,0.0,0.0,0.0,0.0,0.0,0.0,0.0,0.0,0.0,0.0,0.0,0.0,0.0,0.0,0.0,0.0,0.0,0.0,0.0,0.0,0.0,0.0,0.0,0.0,0.0,0.0,0.0,0.0,0.0,0.0,0.0,0.0,0.0,0.0,0.0,0.0,0.0,0.0,0.0,0.0,0.0,0.0,0.0,0.0,0.0,0.0,0.0,0.0,0.0,0.0,0.0,0.0,0.0,0.0,0.0,0.0,0.0,0.0,0.0,0.0,0.0,0.0,0.0,0.0,0.0,0.0,0.0,0.0,0.0,0.0,0.0,0.0,0.0,0.0,0.0,0.0,0.0,0.0,0.0,0.0,0.0,0.0,0.0,0.0,0.0,0.0,0.0,0.0,0.0,0.0,0.0,0.0,0.0,0.0,0.0,0.0,0.0,0.0,0.0,0.0,0.0,0.0,0.0,0.0,0.0,0.0,0.0,0.0,0.0,0.0,0.0,0.0,0.0,0.0,0.0,0.0,0.0,0.0,0.0,0.0,918.5565,296.01456,0.9986384,924.02,454.19205,0.9987649,777.212,447.44193,0.9987649,713.35254,570.69775,0.85512954,834.4327,403.1293,0.96690124,1070.828,460.94214,0.9997317,1128.5414,676.7424,0.92657363,1124.5441,868.7526,0.9258383,916.33325,928.8209,0.9871646,813.11334,929.81915,0.9871646,819.2131,1235.9298,0.038546108,816.5896,1586.7407,0.0122069465,1019.55316,927.82275,0.9897904,1019.8902,1267.069,0.03284375,1007.46295,1595.6494,0.0101235015,890.46625,268.3029,0.99758536,948.39197,270.49115,0.99529624,863.32385,291.6054,0.99276066,969.90137,289.57196,0.9973121,992.5568,1700.3936,0.008718005,992.5568,1700.3936,0.008718005,997.12134,1645.6279,0.011051691,846.57874,1687.7909,0.0065361154,846.57874,1687.7909,0.0065361154,813.10016,1641.9775,0.010046242,1127.4381,854.8556,1.0,1100.146,855.5712,1.0,1087.569,865.96466,1.0,1085.2332,879.00824,1.0,1086.5867,889.821,1.0,1114.1179,897.64404,1.0,1110.3749,931.48804,1.0,1107.6124,950.16064,1.0,1106.4176,966.6183,1.0,1128.5791,906.15076,1.0,1122.5511,944.2968,1.0,1116.4371,967.1548,1.0,1111.3225,984.97534,1.0,1135.8378,911.63153,1.0,1130.4944,945.8597,1.0,1125.3413,966.92413,1.0,1120.451,983.93365,1.0,1137.6305,913.77155,1.0,1134.1692,942.1377,1.0,1129.996,960.6846,1.0,1125.4271,974.87,1.0,828.6048,419.53268,1.0,830.439,391.39792,1.0,852.8821,364.7364,1.0,877.04767,348.52707,1.0,894.1594,337.31052,1.0,848.80896,361.03986,1.0,883.9083,346.71024,1.0,904.6241,342.89938,1.0,920.54205,341.38635,1.0,856.7384,378.9739,1.0,898.2753,365.41016,1.0,898.24634,365.6933,1.0,892.27423,366.3215,1.0,865.1425,397.88022,1.0,901.34033,385.08038,1.0,891.4055,390.30487,1.0,879.6719,394.63257,1.0,872.71625,415.53088,1.0,896.9698,406.3378,1.0,888.88983,409.83142,1.0,879.7336,413.2756,1.0
0.0,0.0,0.0,0.0,0.0,0.0,0.0,0.0,0.0,0.0,0.0,0.0,0.0,0.0,0.0,0.0,0.0,0.0,0.0,0.0,0.0,0.0,0.0,0.0,0.0,0.0,0.0,0.0,0.0,0.0,0.0,0.0,0.0,0.0,0.0,0.0,0.0,0.0,0.0,0.0,0.0,0.0,0.0,0.0,0.0,0.0,0.0,0.0,0.0,0.0,0.0,0.0,0.0,0.0,0.0,0.0,0.0,0.0,0.0,0.0,0.0,0.0,0.0,0.0,0.0,0.0,0.0,0.0,0.0,0.0,0.0,0.0,0.0,0.0,0.0,0.0,0.0,0.0,0.0,0.0,0.0,0.0,0.0,0.0,0.0,0.0,0.0,0.0,0.0,0.0,0.0,0.0,0.0,0.0,0.0,0.0,0.0,0.0,0.0,0.0,0.0,0.0,0.0,0.0,0.0,0.0,0.0,0.0,0.0,0.0,0.0,0.0,0.0,0.0,0.0,0.0,0.0,0.0,0.0,0.0,0.0,0.0,0.0,0.0,0.0,0.0,0.0,0.0,0.0,0.0,0.0,0.0,0.0,0.0,0.0,0.0,0.0,0.0,0.0,0.0,0.0,0.0,0.0,0.0,0.0,0.0,0.0,0.0,0.0,0.0,0.0,0.0,0.0,0.0,0.0,0.0,0.0,0.0,0.0,0.0,0.0,0.0,0.0,0.0,0.0,0.0,0.0,0.0,0.0,0.0,0.0,0.0,0.0,0.0,0.0,0.0,0.0,0.0,0.0,0.0,0.0,0.0,0.0,0.0,0.0,0.0,0.0,0.0,0.0,0.0,0.0,0.0,0.0,0.0,0.0,0.0,0.0,0.0,0.0,0.0,0.0,0.0,0.0,0.0,0.0,0.0,0.0,0.0,0.0,0.0,919.531,296.42657,0.9986975,923.76184,454.2701,0.9988124,776.63806,447.53018,0.9988124,710.583,582.2637,0.857608,834.4541,417.08005,0.96895367,1070.8856,461.01004,0.99973875,1131.1718,676.3114,0.9268595,1120.1924,859.46783,0.9274915,916.2367,928.731,0.9871754,812.9515,929.823,0.9871754,820.0156,1236.399,0.037792392,816.98615,1586.5559,0.012039302,1019.5219,927.63904,0.9897949,1020.2642,1266.4202,0.032370593,1007.57446,1594.3234,0.010019527,890.8124,268.3653,0.9977051,949.4389,270.7091,0.9954911,863.02203,291.30524,0.99309045,970.77844,290.0262,0.9974233,991.8028,1697.5994,0.008673793,991.8028,1697.5994,0.008673793,998.9198,1643.798,0.0110321725,847.0939,1686.6313,0.006431611,847.0939,1686.6313,0.006431611,813.5635,1641.7584,0.009969775,1115.9855,853.5735,1.0,1094.8981,842.49664,1.0,1082.0568,841.2921,1.0,1077.0789,844.26373,1.0,1076.2466,847.1157,1.0,1098.7483,858.1308,1.0,1089.9098,879.7001,1.0,1084.3657,893.7635,1.0,1080.5757,906.7488,1.0,1111.2369,870.6629,1.0,1099.9656,898.2567,1.0,1091.0735,914.7812,1.0,1083.5916,928.6767,1.0,1118.1005,882.0864,1.0,1106.8516,907.6529,1.0,1097.1715,922.36096,1.0,1088.4078,934.3677,1.0,1120.3717,890.2748,1.0,1112.2747,911.8832,1.0,1103.8845,925.7741,1.0,1096.2208,936.9217,1.0,827.3768,447.50912,1.0,833.8572,421.81128,1.0,861.91675,395.1317,1.0,888.0079,376.4314,1.0,905.53467,358.98413,1.0,852.3907,394.58505,1.0,890.70874,388.98312,1.0,912.27356,388.9889,1.0,929.1598,389.91046,1.0,856.7095,415.4999,1.0,902.28906,409.6077,1.0,892.7084,413.2003,1.0,877.4102,415.82623,1.0,862.01227,436.58093,1.0,903.20734,428.13028,1.0,892.0479,431.6299,1.0,878.7485,434.09024,1.0,867.01013,455.8441,1.0,895.37604,448.55884,1.0,886.53064,450.3894,1.0,875.8697,452.26642,1.0
0.0,0.0,0.0,0.0,0.0,0.0,0.0,0.0,0.0,0.0,0.0,0.0,0.0,0.0,0.0,0.0,0.0,0.0,0.0,0.0,0.0,0.0,0.0,0.0,0.0,0.0,0.0,0.0,0.0,0.0,0.0,0.0,0.0,0.0,0.0,0.0,0.0,0.0,0.0,0.0,0.0,0.0,0.0,0.0,0.0,0.0,0.0,0.0,0.0,0.0,0.0,0.0,0.0,0.0,0.0,0.0,0.0,0.0,0.0,0.0,0.0,0.0,0.0,0.0,0.0,0.0,0.0,0.0,0.0,0.0,0.0,0.0,0.0,0.0,0.0,0.0,0.0,0.0,0.0,0.0,0.0,0.0,0.0,0.0,0.0,0.0,0.0,0.0,0.0,0.0,0.0,0.0,0.0,0.0,0.0,0.0,0.0,0.0,0.0,0.0,0.0,0.0,0.0,0.0,0.0,0.0,0.0,0.0,0.0,0.0,0.0,0.0,0.0,0.0,0.0,0.0,0.0,0.0,0.0,0.0,0.0,0.0,0.0,0.0,0.0,0.0,0.0,0.0,0.0,0.0,0.0,0.0,0.0,0.0,0.0,0.0,0.0,0.0,0.0,0.0,0.0,0.0,0.0,0.0,0.0,0.0,0.0,0.0,0.0,0.0,0.0,0.0,0.0,0.0,0.0,0.0,0.0,0.0,0.0,0.0,0.0,0.0,0.0,0.0,0.0,0.0,0.0,0.0,0.0,0.0,0.0,0.0,0.0,0.0,0.0,0.0,0.0,0.0,0.0,0.0,0.0,0.0,0.0,0.0,0.0,0.0,0.0,0.0,0.0,0.0,0.0,0.0,0.0,0.0,0.0,0.0,0.0,0.0,0.0,0.0,0.0,0.0,0.0,0.0,0.0,0.0,0.0,0.0,0.0,0.0,920.7306,296.52335,0.99868774,923.7039,454.2804,0.9988555,776.47455,447.5667,0.9988555,707.4403,597.2811,0.8573735,832.96185,442.44022,0.9706235,1070.9333,460.99408,0.9997421,1135.1489,674.9197,0.9250393,1112.0319,831.9631,0.92677724,915.93756,928.70636,0.98734254,812.893,929.918,0.98734254,820.0122,1237.2443,0.036737446,815.72626,1586.1118,0.011733384,1018.9822,927.49475,0.9898699,1020.4683,1267.1023,0.031436063,1005.03723,1594.0564,0.009694677,891.081,268.46295,0.99772406,950.3509,270.74615,0.99545056,862.7575,290.9895,0.9931893,971.65344,289.91165,0.99740535,984.19543,1697.3964,0.008431985,984.19543,1697.3964,0.008431985,998.333,1642.7938,0.010736695,843.82117,1684.5629,0.0062579745,843.82117,1684.5629,0.0062579745,812.47156,1641.064,0.009746072,1104.3647,808.6766,1.0,1085.5808,794.7584,1.0,1073.6322,789.40485,1.0,1068.6705,788.6316,1.0,1068.103,788.4428,1.0,1088.8575,802.8448,1.0,1078.6954,817.61053,1.0,1072.0516,827.41315,1.0,1067.1453,836.688,1.0,1099.1521,814.83887,1.0,1086.3867,834.08014,1.0,1076.566,845.63745,1.0,1068.3871,855.58704,1.0,1103.9484,826.3008,1.0,1091.4135,843.8766,1.0,1081.0729,853.82574,1.0,1072.0223,862.08044,1.0,1104.1527,835.3635,1.0,1095.0984,850.5306,1.0,1086.6132,860.1542,1.0,1078.9812,867.72156,1.0,827.4871,475.2068,1.0,836.9798,448.95615,1.0,867.8026,424.59937,1.0,895.2078,407.80957,1.0,912.683,390.00568,1.0,852.5862,426.45605,1.0,891.9162,426.01895,1.0,914.17914,427.38174,1.0,931.647,429.4807,1.0,853.99725,448.8391,1.0,903.09906,446.56384,1.0,893.50226,447.35022,1.0,877.3901,448.09378,1.0,857.50244,470.45938,1.0,902.9253,464.17978,1.0,892.0535,464.349,1.0,877.867,465.01813,1.0,861.3168,489.93863,1.0,892.99963,483.73242,1.0,883.8745,482.86224,1.0,871.7117,483.28952,1.0
0.0,0.0,0.0,0.0,0.0,0.0,0.0,0.0,0.0,0.0,0.0,0.0,0.0,0.0,0.0,0.0,0.0,0.0,0.0,0.0,0.0,0.0,0.0,0.0,0.0,0.0,0.0,0.0,0.0,0.0,0.0,0.0,0.0,0.0,0.0,0.0,0.0,0.0,0.0,0.0,0.0,0.0,0.0,0.0,0.0,0.0,0.0,0.0,0.0,0.0,0.0,0.0,0.0,0.0,0.0,0.0,0.0,0.0,0.0,0.0,0.0,0.0,0.0,0.0,0.0,0.0,0.0,0.0,0.0,0.0,0.0,0.0,0.0,0.0,0.0,0.0,0.0,0.0,0.0,0.0,0.0,0.0,0.0,0.0,0.0,0.0,0.0,0.0,0.0,0.0,0.0,0.0,0.0,0.0,0.0,0.0,0.0,0.0,0.0,0.0,0.0,0.0,0.0,0.0,0.0,0.0,0.0,0.0,0.0,0.0,0.0,0.0,0.0,0.0,0.0,0.0,0.0,0.0,0.0,0.0,0.0,0.0,0.0,0.0,0.0,0.0,0.0,0.0,0.0,0.0,0.0,0.0,0.0,0.0,0.0,0.0,0.0,0.0,0.0,0.0,0.0,0.0,0.0,0.0,0.0,0.0,0.0,0.0,0.0,0.0,0.0,0.0,0.0,0.0,0.0,0.0,0.0,0.0,0.0,0.0,0.0,0.0,0.0,0.0,0.0,0.0,0.0,0.0,0.0,0.0,0.0,0.0,0.0,0.0,0.0,0.0,0.0,0.0,0.0,0.0,0.0,0.0,0.0,0.0,0.0,0.0,0.0,0.0,0.0,0.0,0.0,0.0,0.0,0.0,0.0,0.0,0.0,0.0,0.0,0.0,0.0,0.0,0.0,0.0,0.0,0.0,0.0,0.0,0.0,0.0,921.50684,296.72726,0.99861664,923.68835,453.58105,0.9988981,776.6047,447.64407,0.9988981,704.18396,615.8346,0.8581743,829.3644,474.8639,0.9723108,1070.7721,459.51804,0.99974406,1140.1938,665.5416,0.9245276,1107.549,777.7197,0.9278833,915.5012,928.264,0.9874505,812.87225,929.68207,0.9874505,820.8169,1237.0967,0.03533593,814.5499,1582.8192,0.01123854,1018.1302,926.8458,0.9898872,1022.3065,1266.3975,0.030397506,1003.0286,1592.6786,0.009307337,891.5599,269.04312,0.99765086,951.0297,270.9692,0.9951916,862.87036,290.9529,0.99302876,972.4117,289.79123,0.99725914,978.49097,1694.875,0.008133212,978.49097,1694.875,0.008133212,998.0215,1640.548,0.010378854,841.01337,1678.17,0.005974071,841.01337,1678.17,0.005974071,811.06024,1637.2358,0.009404223,1092.744,763.7796,1.0,1076.2635,747.02026,1.0,1065.2078,737.5176,1.0,1060.2622,732.9994,1.0,1059.9595,729.76984,1.0,1078.9667,747.5588,1.0,1067.481,755.521,1.0,1059.7375,761.0628,1.0,1053.7148,766.6272,1.0,1087.0674,759.0148,1.0,1072.8079,769.9035,1.0,1062.0586,776.49365,1.0,1053.1825,782.4974,1.0,1089.7964,770.5151,1.0,1075.9752,780.1002,1.0,1064.9744,785.29047,1.0,1055.6367,789.7932,1.0,1087.9337,780.45233,1.0,1077.9221,789.178,1.0,1069.3418,794.5343,1.0,1061.7416,798.5214,1.0,828.3128,500.61154,1.0,843.1845,473.80026,1.0,876.4499,452.81183,1.0,904.0295,437.65695,1.0,921.05176,420.27484,1.0,853.6467,456.33063,1.0,893.0317,460.12897,1.0,914.9125,463.43304,1.0,931.9855,467.27185,1.0,851.37854,479.8695,1.0,902.6501,480.5254,1.0,894.14307,478.86252,1.0,878.55206,477.7011,1.0,852.91064,502.02414,1.0,901.3838,497.84528,1.0,891.0425,495.55722,1.0,876.6921,494.76657,1.0,855.82196,521.0351,1.0,890.2028,517.2147,1.0,881.02344,514.0471,1.0,867.76917,512.9758,1.0
0.0,0.0,0.0,0.0,0.0,0.0,0.0,0.0,0.0,0.0,0.0,0.0,0.0,0.0,0.0,0.0,0.0,0.0,0.0,0.0,0.0,0.0,0.0,0.0,0.0,0.0,0.0,0.0,0.0,0.0,0.0,0.0,0.0,0.0,0.0,0.0,0.0,0.0,0.0,0.0,0.0,0.0,0.0,0.0,0.0,0.0,0.0,0.0,0.0,0.0,0.0,0.0,0.0,0.0,0.0,0.0,0.0,0.0,0.0,0.0,0.0,0.0,0.0,0.0,0.0,0.0,0.0,0.0,0.0,0.0,0.0,0.0,0.0,0.0,0.0,0.0,0.0,0.0,0.0,0.0,0.0,0.0,0.0,0.0,0.0,0.0,0.0,0.0,0.0,0.0,0.0,0.0,0.0,0.0,0.0,0.0,0.0,0.0,0.0,0.0,0.0,0.0,0.0,0.0,0.0,0.0,0.0,0.0,0.0,0.0,0.0,0.0,0.0,0.0,0.0,0.0,0.0,0.0,0.0,0.0,0.0,0.0,0.0,0.0,0.0,0.0,0.0,0.0,0.0,0.0,0.0,0.0,0.0,0.0,0.0,0.0,0.0,0.0,0.0,0.0,0.0,0.0,0.0,0.0,0.0,0.0,0.0,0.0,0.0,0.0,0.0,0.0,0.0,0.0,0.0,0.0,0.0,0.0,0.0,0.0,0.0,0.0,0.0,0.0,0.0,0.0,0.0,0.0,0.0,0.0,0.0,0.0,0.0,0.0,0.0,0.0,0.0,0.0,0.0,0.0,0.0,0.0,0.0,0.0,0.0,0.0,0.0,0.0,0.0,0.0,0.0,0.0,0.0,0.0,0.0,0.0,0.0,0.0,0.0,0.0,0.0,0.0,0.0,0.0,0.0,0.0,0.0,0.0,0.0,0.0,921.8005,297.1937,0.9984955,923.24976,452.4856,0.998944,776.5286,447.67322,0.998944,701.83923,632.2261,0.85913163,825.46875,504.7012,0.9738503,1069.971,457.29797,0.9997362,1144.8254,656.3108,0.9217229,1094.7745,722.3056,0.9270044,915.0008,926.76904,0.98732644,812.43445,928.1453,0.98732644,821.7388,1231.7682,0.033745456,814.3483,1574.0984,0.010651328,1017.5672,925.39276,0.9895296,1024.4071,1258.8269,0.029108202,1003.33624,1584.7532,0.008852673,892.09863,270.33658,0.99752045,951.7544,272.13412,0.9947117,863.10614,290.99435,0.99269086,973.62415,290.10507,0.996909,978.12384,1685.1759,0.0077735996,978.12384,1685.1759,0.0077735996,999.33386,1632.0674,0.0099734645,841.1921,1665.5415,0.005640404,841.1921,1665.5415,0.005640404,810.45746,1628.3209,0.009013731,1081.1233,718.8827,1.0,1066.9463,699.28204,1.0,1056.7833,685.6303,1.0,1051.8539,677.36725,1.0,1051.8159,671.0969,1.0,1069.0759,692.27277,1.0,1056.2666,693.43146,1.0,1047.4235,694.71246,1.0,1040.2844,696.5664,1.0,1074.9827,703.19073,1.0,1059.229,705.72687,1.0,1047.5511,707.3499,1.0,1037.978,709.4078,1.0,1075.6444,714.7294,1.0,1060.5371,716.3239,1.0,1048.8757,716.7552,1.0,1039.2511,717.5059,1.0,1071.7147,725.5411,1.0,1060.7458,727.8254,1.0,1052.0706,728.91437,1.0,1044.502,729.3213,1.0,830.0059,523.63293,1.0,849.74274,496.4751,1.0,884.07355,478.01852,1.0,911.4337,463.64346,1.0,928.4401,446.56143,1.0,857.5584,481.81543,1.0,896.9791,489.38464,1.0,918.51404,494.22217,1.0,935.2827,499.5832,1.0,853.24786,505.95105,1.0,905.07837,509.61716,1.0,897.92633,506.49454,1.0,883.4309,503.74948,1.0,853.2875,528.2943,1.0,903.0031,526.57733,1.0,893.41046,522.7462,1.0,879.1752,520.86383,1.0,854.8463,546.61224,1.0,890.33594,545.1814,1.0,881.2154,540.7085,1.0,867.37067,538.3383,1.0
0.0,0.0,0.0,0.0,0.0,0.0,0.0,0.0,0.0,0.0,0.0,0.0,0.0,0.0,0.0,0.0,0.0,0.0,0.0,0.0,0.0,0.0,0.0,0.0,0.0,0.0,0.0,0.0,0.0,0.0,0.0,0.0,0.0,0.0,0.0,0.0,0.0,0.0,0.0,0.0,0.0,0.0,0.0,0.0,0.0,0.0,0.0,0.0,0.0,0.0,0.0,0.0,0.0,0.0,0.0,0.0,0.0,0.0,0.0,0.0,0.0,0.0,0.0,0.0,0.0,0.0,0.0,0.0,0.0,0.0,0.0,0.0,0.0,0.0,0.0,0.0,0.0,0.0,0.0,0.0,0.0,0.0,0.0,0.0,0.0,0.0,0.0,0.0,0.0,0.0,0.0,0.0,0.0,0.0,0.0,0.0,0.0,0.0,0.0,0.0,0.0,0.0,0.0,0.0,0.0,0.0,0.0,0.0,0.0,0.0,0.0,0.0,0.0,0.0,0.0,0.0,0.0,0.0,0.0,0.0,0.0,0.0,0.0,0.0,0.0,0.0,0.0,0.0,0.0,0.0,0.0,0.0,0.0,0.0,0.0,0.0,0.0,0.0,0.0,0.0,0.0,0.0,0.0,0.0,0.0,0.0,0.0,0.0,0.0,0.0,0.0,0.0,0.0,0.0,0.0,0.0,0.0,0.0,0.0,0.0,0.0,0.0,0.0,0.0,0.0,0.0,0.0,0.0,0.0,0.0,0.0,0.0,0.0,0.0,0.0,0.0,0.0,0.0,0.0,0.0,0.0,0.0,0.0,0.0,0.0,0.0,0.0,0.0,0.0,0.0,0.0,0.0,0.0,0.0,0.0,0.0,0.0,0.0,0.0,0.0,0.0,0.0,0.0,0.0,0.0,0.0,0.0,0.0,0.0,0.0,922.0218,298.18503,0.99825567,922.7755,451.55615,0.9989732,776.28094,447.56598,0.9989732,700.85944,641.80035,0.857125,823.3875,530.89496,0.9734303,1069.2701,455.54633,0.9997224,1147.6437,655.7199,0.9192398,1075.2456,677.8865,0.9256329,915.3981,924.95526,0.98708516,812.3341,925.909,0.98708516,823.9802,1226.179,0.03291979,814.25934,1565.4663,0.010030515,1018.4621,924.0015,0.9890001,1026.6305,1250.18,0.02775152,1005.01337,1576.195,0.00830788,892.5223,272.2751,0.9972015,952.3155,274.23685,0.9939328,863.2111,291.14972,0.9918108,974.85657,290.748,0.99635744,979.6625,1673.7712,0.0073245694,979.6625,1673.7712,0.0073245694,1001.58417,1623.5159,0.009437843,841.78577,1654.6271,0.005308725,841.78577,1654.6271,0.005308725,810.18854,1618.2422,0.008573916,1069.5026,673.9857,1.0,1057.629,651.5438,1.0,1048.3588,633.74304,1.0,1043.4456,621.73505,1.0,1043.6724,612.42395,1.0,1059.185,636.98676,1.0,1045.0522,631.34186,1.0,1035.1094,628.3621,1.0,1026.854,626.5056,1.0,1062.898,647.36664,1.0,1045.6501,641.55023,1.0,1033.0437,638.2062,1.0,1022.77344,636.3181,1.0,1061.4923,658.9437,1.0,1045.0989,652.54755,1.0,1032.7771,648.2199,1.0,1022.86554,645.2187,1.0,1055.4957,670.6299,1.0,1043.5696,666.47284,1.0,1034.7992,663.2945,1.0,1027.2622,660.12115,1.0,830.5167,536.3065,1.0,852.14825,507.91046,1.0,886.4582,490.01035,1.0,914.06384,476.43314,1.0,930.81757,459.7537,1.0,860.7474,494.8159,1.0,899.8951,504.07056,1.0,921.7249,509.08218,1.0,939.0811,514.9035,1.0,856.4481,519.6107,1.0,908.343,523.4633,1.0,901.9294,518.52466,1.0,888.0427,515.0721,1.0,856.31,541.6684,1.0,906.0281,540.6075,1.0,897.281,534.9232,1.0,883.65125,532.2215,1.0,857.0449,559.3504,1.0,893.558,557.8114,1.0,885.36316,551.4266,1.0,871.9289,548.08844,1.0
0.0,0.0,0.0,0.0,0.0,0.0,0.0,0.0,0.0,0.0,0.0,0.0,0.0,0.0,0.0,0.0,0.0,0.0,0.0,0.0,0.0,0.0,0.0,0.0,0.0,0.0,0.0,0.0,0.0,0.0,0.0,0.0,0.0,0.0,0.0,0.0,0.0,0.0,0.0,0.0,0.0,0.0,0.0,0.0,0.0,0.0,0.0,0.0,0.0,0.0,0.0,0.0,0.0,0.0,0.0,0.0,0.0,0.0,0.0,0.0,0.0,0.0,0.0,0.0,0.0,0.0,0.0,0.0,0.0,0.0,0.0,0.0,0.0,0.0,0.0,0.0,0.0,0.0,0.0,0.0,0.0,0.0,0.0,0.0,0.0,0.0,0.0,0.0,0.0,0.0,0.0,0.0,0.0,0.0,0.0,0.0,0.0,0.0,0.0,0.0,0.0,0.0,0.0,0.0,0.0,0.0,0.0,0.0,0.0,0.0,0.0,0.0,0.0,0.0,0.0,0.0,0.0,0.0,0.0,0.0,0.0,0.0,0.0,0.0,0.0,0.0,0.0,0.0,0.0,0.0,0.0,0.0,0.0,0.0,0.0,0.0,0.0,0.0,0.0,0.0,0.0,0.0,0.0,0.0,0.0,0.0,0.0,0.0,0.0,0.0,0.0,0.0,0.0,0.0,0.0,0.0,0.0,0.0,0.0,0.0,0.0,0.0,0.0,0.0,0.0,0.0,0.0,0.0,0.0,0.0,0.0,0.0,0.0,0.0,0.0,0.0,0.0,0.0,0.0,0.0,0.0,0.0,0.0,0.0,0.0,0.0,0.0,0.0,0.0,0.0,0.0,0.0,0.0,0.0,0.0,0.0,0.0,0.0,0.0,0.0,0.0,0.0,0.0,0.0,0.0,0.0,0.0,0.0,0.0,0.0,922.1952,299.94498,0.99806017,922.7693,450.923,0.99900174,776.2683,447.70773,0.99900174,701.02765,646.5119,0.854445,823.9841,549.58734,0.97176486,1069.2703,454.13824,0.999718,1149.2032,658.3793,0.9226267,1059.9164,628.80566,0.9292469,916.8555,923.2742,0.9870839,812.9695,923.8923,0.9870839,826.392,1225.2657,0.034007784,814.27795,1561.8984,0.009537483,1020.74164,922.65607,0.98878443,1028.8131,1247.9293,0.027051505,1005.19073,1571.5016,0.007820044,892.74915,274.90024,0.9969359,952.4639,276.31924,0.99343085,863.3282,291.43317,0.9910846,975.5804,291.1906,0.9960274,979.5758,1667.0645,0.006920932,979.5758,1667.0645,0.006920932,1001.57086,1617.4321,0.008927152,842.4971,1651.4913,0.005053133,842.4971,1651.4913,0.005053133,810.1221,1612.2338,0.008209951,1057.8818,629.0888,1.0,1048.3118,603.8056,1.0,1039.9343,581.8558,1.0,1035.0372,566.1029,1.0,1035.5288,553.75104,1.0,1049.2942,581.7007,1.0,1033.8378,569.2523,1.0,1022.7952,562.0118,1.0,1013.4235,556.4448,1.0,1050.8132,591.5426,1.0,1032.0713,577.37366,1.0,1018.53625,569.06244,1.0,1007.5689,563.22845,1.0,1047.3403,603.158,1.0,1029.6606,588.77124,1.0,1016.67847,579.68463,1.0,1006.4799,572.93146,1.0,1039.2769,615.7186,1.0,1026.3933,605.12024,1.0,1017.5279,597.67456,1.0,1010.0226,590.921,1.0,835.0666,545.8939,1.0,856.26843,515.25836,1.0,889.86926,496.23663,1.0,917.2557,482.3367,1.0,932.21466,465.58026,1.0,871.3171,503.63055,1.0,909.7533,511.64896,1.0,931.8655,515.66016,1.0,949.3515,520.69073,1.0,869.1557,528.86847,1.0,919.0803,529.79425,1.0,913.1664,523.7512,1.0,899.3797,521.2706,1.0,869.97577,550.5339,1.0,916.7333,547.69165,1.0,909.1869,540.9602,1.0,896.1982,538.91595,1.0,870.775,567.85815,1.0,906.08044,563.95105,1.0,899.5255,556.4961,1.0,887.54065,553.7359,1.0
0.0,0.0,0.0,0.0,0.0,0.0,0.0,0.0,0.0,0.0,0.0,0.0,0.0,0.0,0.0,0.0,0.0,0.0,0.0,0.0,0.0,0.0,0.0,0.0,0.0,0.0,0.0,0.0,0.0,0.0,0.0,0.0,0.0,0.0,0.0,0.0,0.0,0.0,0.0,0.0,0.0,0.0,0.0,0.0,0.0,0.0,0.0,0.0,0.0,0.0,0.0,0.0,0.0,0.0,0.0,0.0,0.0,0.0,0.0,0.0,0.0,0.0,0.0,0.0,0.0,0.0,0.0,0.0,0.0,0.0,0.0,0.0,0.0,0.0,0.0,0.0,0.0,0.0,0.0,0.0,0.0,0.0,0.0,0.0,0.0,0.0,0.0,0.0,0.0,0.0,0.0,0.0,0.0,0.0,0.0,0.0,0.0,0.0,0.0,0.0,0.0,0.0,0.0,0.0,0.0,0.0,0.0,0.0,0.0,0.0,0.0,0.0,0.0,0.0,0.0,0.0,0.0,0.0,0.0,0.0,0.0,0.0,0.0,0.0,0.0,0.0,0.0,0.0,0.0,0.0,0.0,0.0,0.0,0.0,0.0,0.0,0.0,0.0,0.0,0.0,0.0,0.0,0.0,0.0,0.0,0.0,0.0,0.0,0.0,0.0,0.0,0.0,0.0,0.0,0.0,0.0,0.0,0.0,0.0,0.0,0.0,0.0,0.0,0.0,0.0,0.0,0.0,0.0,0.0,0.0,0.0,0.0,0.0,0.0,0.0,0.0,0.0,0.0,0.0,0.0,0.0,0.0,0.0,0.0,0.0,0.0,0.0,0.0,0.0,0.0,0.0,0.0,0.0,0.0,0.0,0.0,0.0,0.0,0.0,0.0,0.0,0.0,0.0,0.0,0.0,0.0,0.0,0.0,0.0,0.0,922.1259,301.54272,0.9980176,922.68555,450.2407,0.9990565,776.2664,448.05566,0.9990565,701.6732,649.06726,0.8499714,827.64813,558.7937,0.9699741,1069.1046,452.4257,0.99971646,1150.0321,660.6192,0.9254949,1043.9844,582.7161,0.9322275,917.89496,921.60455,0.9872729,813.2427,922.23157,0.9872729,825.23,1224.7557,0.035432115,813.31946,1560.8318,0.0090790875,1022.5472,920.9776,0.9886759,1028.6405,1246.9193,0.026289945,1002.59973,1567.4213,0.0073111816,892.7861,276.8157,0.9969266,952.53284,277.7458,0.99337524,863.6045,291.44107,0.99115354,976.3022,291.34705,0.9959563,975.5346,1664.5259,0.006504543,975.5346,1664.5259,0.006504543,999.0614,1611.5935,0.0083942395,842.2366,1652.0731,0.004819382,842.2366,1652.0731,0.004819382,809.3219,1610.383,0.0078683905,1046.2611,584.19183,1.0,1038.9945,556.0674,1.0,1031.5098,529.9685,1.0,1026.6289,510.47073,1.0,1027.3853,495.07806,1.0,1039.4034,526.4147,1.0,1022.6234,507.16275,1.0,1010.48114,495.66144,1.0,999.9931,486.38406,1.0,1038.7285,535.7185,1.0,1018.4924,513.197,1.0,1004.0288,499.9187,1.0,992.36444,490.1388,1.0,1033.1884,547.3723,1.0,1014.22253,524.9949,1.0,1000.57983,511.14938,1.0,990.0943,500.6442,1.0,1023.0578,560.80743,1.0,1009.2171,543.76764,1.0,1000.2566,532.0547,1.0,992.78296,521.7209,1.0,842.3175,557.3524,1.0,862.55304,525.6743,1.0,895.87427,505.3967,1.0,922.9375,490.6446,1.0,935.651,473.35422,1.0,886.06494,516.1785,1.0,924.6114,521.15814,1.0,946.7797,524.2127,1.0,963.7382,528.36835,1.0,886.13654,540.69904,1.0,933.39307,539.362,1.0,928.0376,533.04724,1.0,914.047,531.3186,1.0,887.376,561.85535,1.0,930.72205,557.2063,1.0,923.97906,550.50665,1.0,911.10425,549.7186,1.0,887.7779,579.1492,1.0,919.9727,573.3886,1.0,914.1951,566.3977,1.0,903.25507,565.0668,1.0
0.0,0.0,0.0,0.0,0.0,0.0,0.0,0.0,0.0,0.0,0.0,0.0,0.0,0.0,0.0,0.0,0.0,0.0,0.0,0.0,0.0,0.0,0.0,0.0,0.0,0.0,0.0,0.0,0.0,0.0,0.0,0.0,0.0,0.0,0.0,0.0,0.0,0.0,0.0,0.0,0.0,0.0,0.0,0.0,0.0,0.0,0.0,0.0,0.0,0.0,0.0,0.0,0.0,0.0,0.0,0.0,0.0,0.0,0.0,0.0,0.0,0.0,0.0,0.0,0.0,0.0,0.0,0.0,0.0,0.0,0.0,0.0,0.0,0.0,0.0,0.0,0.0,0.0,0.0,0.0,0.0,0.0,0.0,0.0,0.0,0.0,0.0,0.0,0.0,0.0,0.0,0.0,0.0,0.0,0.0,0.0,0.0,0.0,0.0,0.0,0.0,0.0,0.0,0.0,0.0,0.0,0.0,0.0,0.0,0.0,0.0,0.0,0.0,0.0,0.0,0.0,0.0,0.0,0.0,0.0,0.0,0.0,0.0,0.0,0.0,0.0,0.0,0.0,0.0,0.0,0.0,0.0,0.0,0.0,0.0,0.0,0.0,0.0,0.0,0.0,0.0,0.0,0.0,0.0,0.0,0.0,0.0,0.0,0.0,0.0,0.0,0.0,0.0,0.0,0.0,0.0,0.0,0.0,0.0,0.0,0.0,0.0,0.0,0.0,0.0,0.0,0.0,0.0,0.0,0.0,0.0,0.0,0.0,0.0,0.0,0.0,0.0,0.0,0.0,0.0,0.0,0.0,0.0,0.0,0.0,0.0,0.0,0.0,0.0,0.0,0.0,0.0,0.0,0.0,0.0,0.0,0.0,0.0,0.0,0.0,0.0,0.0,0.0,0.0,0.0,0.0,0.0,0.0,0.0,0.0,922.12836,302.2717,0.9978957,922.5595,448.98578,0.9990994,776.2628,448.04965,0.9990994,703.43274,649.3425,0.84188044,835.6767,561.64404,0.96492076,1068.8562,449.9219,0.9997066,1149.3265,659.38226,0.9271568,1031.9559,545.52374,0.9331613,918.44434,920.719,0.9874323,813.37054,921.5576,0.9874323,823.27,1224.9437,0.0360962,811.39056,1560.9215,0.008599722,1023.5182,919.8804,0.98852265,1028.3341,1248.1987,0.025431396,1000.9182,1567.872,0.0067888927,892.8384,276.94928,0.9968041,952.6377,278.45248,0.99306375,863.78125,291.2154,0.9909727,977.0983,291.42432,0.9957306,971.7923,1666.1512,0.0060620904,971.7923,1666.1512,0.0060620904,997.5972,1611.5559,0.007825289,840.7505,1652.8156,0.004572821,840.7505,1652.8156,0.004572821,807.604,1610.2358,0.0074770306,1034.6405,539.2949,1.0,1029.6772,508.3292,1.0,1023.0853,478.08124,1.0,1018.2206,454.83856,1.0,1019.2417,436.40512,1.0,1029.5126,471.12866,1.0,1011.409,445.0732,1.0,998.16705,429.3111,1.0,986.5627,416.3233,1.0,1026.6438,479.89444,1.0,1004.9135,449.0204,1.0,989.52136,430.77496,1.0,977.1599,417.04916,1.0,1019.0363,491.58664,1.0,998.7843,461.21854,1.0,984.4812,442.61414,1.0,973.70874,428.35693,1.0,1006.8388,505.8962,1.0,992.04083,482.41507,1.0,982.9853,466.43478,1.0,975.5433,452.52072,1.0,846.27295,556.4535,1.0,865.0227,525.66064,1.0,897.94977,505.23026,1.0,924.94476,490.28287,1.0,936.6603,472.65222,1.0,890.1714,514.88293,1.0,929.6319,517.6951,1.0,952.2378,519.94995,1.0,969.4256,523.2445,1.0,890.8603,538.34644,1.0,938.40125,536.6249,1.0,933.65857,530.6919,1.0,919.7455,528.7864,1.0,892.03516,559.682,1.0,935.01013,554.7704,1.0,928.75745,548.395,1.0,916.1103,547.66187,1.0,892.21783,577.8371,1.0,922.98865,571.7975,1.0,917.5842,564.7615,1.0,907.1536,563.137,1.0
0.0,0.0,0.0,0.0,0.0,0.0,0.0,0.0,0.0,0.0,0.0,0.0,0.0,0.0,0.0,0.0,0.0,0.0,0.0,0.0,0.0,0.0,0.0,0.0,0.0,0.0,0.0,0.0,0.0,0.0,0.0,0.0,0.0,0.0,0.0,0.0,0.0,0.0,0.0,0.0,0.0,0.0,0.0,0.0,0.0,0.0,0.0,0.0,0.0,0.0,0.0,0.0,0.0,0.0,0.0,0.0,0.0,0.0,0.0,0.0,0.0,0.0,0.0,0.0,0.0,0.0,0.0,0.0,0.0,0.0,0.0,0.0,0.0,0.0,0.0,0.0,0.0,0.0,0.0,0.0,0.0,0.0,0.0,0.0,0.0,0.0,0.0,0.0,0.0,0.0,0.0,0.0,0.0,0.0,0.0,0.0,0.0,0.0,0.0,0.0,0.0,0.0,0.0,0.0,0.0,0.0,0.0,0.0,0.0,0.0,0.0,0.0,0.0,0.0,0.0,0.0,0.0,0.0,0.0,0.0,0.0,0.0,0.0,0.0,0.0,0.0,0.0,0.0,0.0,0.0,0.0,0.0,0.0,0.0,0.0,0.0,0.0,0.0,0.0,0.0,0.0,0.0,0.0,0.0,0.0,0.0,0.0,0.0,0.0,0.0,0.0,0.0,0.0,0.0,0.0,0.0,0.0,0.0,0.0,0.0,0.0,0.0,0.0,0.0,0.0,0.0,0.0,0.0,0.0,0.0,0.0,0.0,0.0,0.0,0.0,0.0,0.0,0.0,0.0,0.0,0.0,0.0,0.0,0.0,0.0,0.0,0.0,0.0,0.0,0.0,0.0,0.0,0.0,0.0,0.0,0.0,0.0,0.0,0.0,0.0,0.0,0.0,0.0,0.0,0.0,0.0,0.0,0.0,0.0,0.0,922.15106,303.14377,0.997664,922.6514,447.98557,0.9991211,776.3044,448.0322,0.9991211,706.3813,648.454,0.8308311,847.2147,557.62146,0.9548933,1068.9985,447.93893,0.9996812,1147.9429,654.78937,0.92716867,1021.19214,517.4897,0.93004525,918.809,920.17035,0.98773944,813.5847,921.1124,0.98773944,821.13586,1226.6094,0.035974424,810.21173,1561.3417,0.008131219,1024.0333,919.2283,0.98855084,1027.978,1251.3953,0.024651341,998.992,1569.0828,0.0062830695,892.838,277.1038,0.9965447,952.69025,278.91492,0.99240196,863.74524,291.13388,0.9904611,977.75024,291.4554,0.9952793,965.8528,1669.2511,0.0056209723,965.8528,1669.2511,0.0056209723,996.0311,1611.4601,0.007256924,838.3613,1653.0651,0.004327137,838.3613,1653.0651,0.004327137,806.8771,1610.5453,0.0070817163,1023.418,522.5879,1.0,1015.03357,492.32538,1.0,1006.8005,464.17432,1.0,1002.045,441.36472,1.0,1003.04114,423.32513,1.0,1006.54974,454.68158,1.0,990.9681,429.192,1.0,979.63245,413.25522,1.0,969.693,399.46896,1.0,1007.49524,455.62256,1.0,990.40076,425.8877,1.0,977.9785,407.61816,1.0,968.1548,392.87213,1.0,1003.9048,460.30243,1.0,988.80304,431.12262,1.0,977.08466,412.07632,1.0,967.99896,397.0839,1.0,995.69916,469.25894,1.0,985.99194,446.0149,1.0,980.4513,430.39185,1.0,975.9461,416.992,1.0,856.9548,550.04877,1.0,872.85425,518.55164,1.0,903.48615,497.67892,1.0,929.30585,481.86267,1.0,939.11383,464.30774,1.0,902.8123,503.88803,1.0,941.9042,502.1109,1.0,964.10895,502.48624,1.0,980.8579,503.47076,1.0,905.9136,525.5282,1.0,949.9024,521.7369,1.0,944.3683,518.65173,1.0,931.2102,517.34753,1.0,907.8202,546.8845,1.0,947.7594,540.9573,1.0,941.40295,536.9315,1.0,929.3413,536.50476,1.0,907.99817,565.75964,1.0,936.25757,559.2122,1.0,930.6106,554.12775,1.0,920.7033,552.64233,1.0
0.0,0.0,0.0,0.0,0.0,0.0,0.0,0.0,0.0,0.0,0.0,0.0,0.0,0.0,0.0,0.0,0.0,0.0,0.0,0.0,0.0,0.0,0.0,0.0,0.0,0.0,0.0,0.0,0.0,0.0,0.0,0.0,0.0,0.0,0.0,0.0,0.0,0.0,0.0,0.0,0.0,0.0,0.0,0.0,0.0,0.0,0.0,0.0,0.0,0.0,0.0,0.0,0.0,0.0,0.0,0.0,0.0,0.0,0.0,0.0,0.0,0.0,0.0,0.0,0.0,0.0,0.0,0.0,0.0,0.0,0.0,0.0,0.0,0.0,0.0,0.0,0.0,0.0,0.0,0.0,0.0,0.0,0.0,0.0,0.0,0.0,0.0,0.0,0.0,0.0,0.0,0.0,0.0,0.0,0.0,0.0,0.0,0.0,0.0,0.0,0.0,0.0,0.0,0.0,0.0,0.0,0.0,0.0,0.0,0.0,0.0,0.0,0.0,0.0,0.0,0.0,0.0,0.0,0.0,0.0,0.0,0.0,0.0,0.0,0.0,0.0,0.0,0.0,0.0,0.0,0.0,0.0,0.0,0.0,0.0,0.0,0.0,0.0,0.0,0.0,0.0,0.0,0.0,0.0,0.0,0.0,0.0,0.0,0.0,0.0,0.0,0.0,0.0,0.0,0.0,0.0,0.0,0.0,0.0,0.0,0.0,0.0,0.0,0.0,0.0,0.0,0.0,0.0,0.0,0.0,0.0,0.0,0.0,0.0,0.0,0.0,0.0,0.0,0.0,0.0,0.0,0.0,0.0,0.0,0.0,0.0,0.0,0.0,0.0,0.0,0.0,0.0,0.0,0.0,0.0,0.0,0.0,0.0,0.0,0.0,0.0,0.0,0.0,0.0,0.0,0.0,0.0,0.0,0.0,0.0,922.165,303.93512,0.99723667,922.78015,446.03848,0.9991218,776.4427,447.33752,0.9991218,709.15094,647.96246,0.8166231,857.0754,551.3472,0.9389077,1069.1177,444.73944,0.9996337,1146.8342,648.7035,0.9236873,1010.7602,501.36725,0.91908807,919.0354,920.29236,0.98814934,813.61975,921.2077,0.98814934,819.32605,1230.0122,0.03540902,808.3369,1561.6786,0.007666762,1024.451,919.37695,0.9886807,1027.9474,1254.4586,0.023727497,998.38654,1571.5068,0.0058079315,892.82904,277.35663,0.9960356,952.8223,279.3844,0.9910518,863.69037,291.03122,0.989393,978.53735,291.52725,0.9943565,964.86194,1676.3191,0.0051975376,964.86194,1676.3191,0.0051975376,995.265,1612.1847,0.006723217,835.08356,1653.4502,0.0040812506,835.08356,1653.4502,0.0040812506,805.39276,1610.847,0.0066814735,1009.2747,506.6021,1.0,992.4414,483.67102,1.0,983.2074,457.95752,1.0,980.906,434.7752,1.0,982.4557,417.22235,1.0,977.37445,443.9905,1.0,959.6845,416.4046,1.0,949.2006,400.86462,1.0,940.92145,387.95892,1.0,983.8729,440.1958,1.0,965.4134,409.4108,1.0,952.9311,391.43808,1.0,942.69965,377.07535,1.0,986.9268,441.0479,1.0,972.54236,411.4607,1.0,962.0616,393.54413,1.0,953.36176,379.57236,1.0,986.89575,446.2747,1.0,981.9399,424.70428,1.0,978.7672,410.45615,1.0,975.9112,398.36386,1.0,865.5933,541.4546,1.0,879.0582,507.5496,1.0,906.7034,487.11,1.0,932.0276,471.91666,1.0,941.8985,455.4791,1.0,913.5649,489.89313,1.0,950.27386,483.49728,1.0,971.81226,481.9319,1.0,988.5736,480.6721,1.0,919.6358,509.72995,1.0,958.2283,503.6993,1.0,949.69714,504.44962,1.0,935.83765,505.29117,1.0,922.9114,530.8362,1.0,957.51624,523.16473,1.0,948.7541,522.7605,1.0,936.20654,524.6444,1.0,923.17285,550.0095,1.0,946.5358,542.7278,1.0,938.90204,540.8546,1.0,928.7764,541.94556,1.0
0.0,0.0,0.0,0.0,0.0,0.0,0.0,0.0,0.0,0.0,0.0,0.0,0.0,0.0,0.0,0.0,0.0,0.0,0.0,0.0,0.0,0.0,0.0,0.0,0.0,0.0,0.0,0.0,0.0,0.0,0.0,0.0,0.0,0.0,0.0,0.0,0.0,0.0,0.0,0.0,0.0,0.0,0.0,0.0,0.0,0.0,0.0,0.0,0.0,0.0,0.0,0.0,0.0,0.0,0.0,0.0,0.0,0.0,0.0,0.0,0.0,0.0,0.0,0.0,0.0,0.0,0.0,0.0,0.0,0.0,0.0,0.0,0.0,0.0,0.0,0.0,0.0,0.0,0.0,0.0,0.0,0.0,0.0,0.0,0.0,0.0,0.0,0.0,0.0,0.0,0.0,0.0,0.0,0.0,0.0,0.0,0.0,0.0,0.0,0.0,0.0,0.0,0.0,0.0,0.0,0.0,0.0,0.0,0.0,0.0,0.0,0.0,0.0,0.0,0.0,0.0,0.0,0.0,0.0,0.0,0.0,0.0,0.0,0.0,0.0,0.0,0.0,0.0,0.0,0.0,0.0,0.0,0.0,0.0,0.0,0.0,0.0,0.0,0.0,0.0,0.0,0.0,0.0,0.0,0.0,0.0,0.0,0.0,0.0,0.0,0.0,0.0,0.0,0.0,0.0,0.0,0.0,0.0,0.0,0.0,0.0,0.0,0.0,0.0,0.0,0.0,0.0,0.0,0.0,0.0,0.0,0.0,0.0,0.0,0.0,0.0,0.0,0.0,0.0,0.0,0.0,0.0,0.0,0.0,0.0,0.0,0.0,0.0,0.0,0.0,0.0,0.0,0.0,0.0,0.0,0.0,0.0,0.0,0.0,0.0,0.0,0.0,0.0,0.0,0.0,0.0,0.0,0.0,0.0,0.0,922.0447,304.1732,0.996683,922.888,442.77014,0.9991061,776.7137,445.2454,0.9991061,711.2137,646.34357,0.80090964,862.9489,545.6287,0.9159468,1069.0624,440.2949,0.999587,1144.642,642.9711,0.91983616,998.35913,490.1071,0.90510356,919.15173,920.28186,0.98845744,813.6838,921.2048,0.98845744,819.14984,1232.3022,0.035499174,806.2069,1562.0945,0.0072953445,1024.6196,919.359,0.9887626,1028.026,1257.4918,0.023320058,998.16473,1574.6718,0.0054088295,892.7232,277.35382,0.99531597,952.8807,279.58344,0.9893547,863.61896,290.88278,0.9878753,979.0307,291.53143,0.99328345,964.14325,1683.4579,0.004834472,964.14325,1683.4579,0.004834472,994.8288,1613.8036,0.0062546185,830.5354,1654.2653,0.0038840624,830.5354,1654.2653,0.0038840624,803.3808,1611.0594,0.00632298,998.91833,493.3505,1.0,1000.37585,464.70056,1.0,995.383,437.01727,1.0,990.9783,417.10464,1.0,993.23254,402.8861,1.0,990.74713,424.62418,1.0,969.74646,395.4779,1.0,956.8306,379.8655,1.0,946.35205,368.20737,1.0,983.1084,430.9431,1.0,959.0736,396.79276,1.0,943.5255,378.32938,1.0,931.0042,364.70013,1.0,972.4245,441.12653,1.0,951.54425,407.76364,1.0,938.63763,388.39954,1.0,929.3839,373.26642,1.0,958.9227,455.05588,1.0,945.84375,429.4475,1.0,938.25354,411.92917,1.0,932.3439,396.74524,1.0,867.4926,539.3704,1.0,879.0384,506.4257,1.0,906.43726,486.65802,1.0,931.75665,474.88522,1.0,943.0779,463.69113,1.0,913.4677,488.17932,1.0,951.5798,481.8821,1.0,972.6594,480.33908,1.0,988.61646,479.585,1.0,920.3467,508.2137,1.0,958.99756,500.79712,1.0,950.86523,501.08133,1.0,937.4987,503.20618,1.0,924.3101,528.85504,1.0,959.22974,520.042,1.0,949.70746,519.7173,1.0,937.0614,522.4379,1.0,925.216,547.53595,1.0,947.788,540.02405,1.0,940.00635,538.5888,1.0,930.0411,540.45087,1.0
0.0,0.0,0.0,0.0,0.0,0.0,0.0,0.0,0.0,0.0,0.0,0.0,0.0,0.0,0.0,0.0,0.0,0.0,0.0,0.0,0.0,0.0,0.0,0.0,0.0,0.0,0.0,0.0,0.0,0.0,0.0,0.0,0.0,0.0,0.0,0.0,0.0,0.0,0.0,0.0,0.0,0.0,0.0,0.0,0.0,0.0,0.0,0.0,0.0,0.0,0.0,0.0,0.0,0.0,0.0,0.0,0.0,0.0,0.0,0.0,0.0,0.0,0.0,0.0,0.0,0.0,0.0,0.0,0.0,0.0,0.0,0.0,0.0,0.0,0.0,0.0,0.0,0.0,0.0,0.0,0.0,0.0,0.0,0.0,0.0,0.0,0.0,0.0,0.0,0.0,0.0,0.0,0.0,0.0,0.0,0.0,0.0,0.0,0.0,0.0,0.0,0.0,0.0,0.0,0.0,0.0,0.0,0.0,0.0,0.0,0.0,0.0,0.0,0.0,0.0,0.0,0.0,0.0,0.0,0.0,0.0,0.0,0.0,0.0,0.0,0.0,0.0,0.0,0.0,0.0,0.0,0.0,0.0,0.0,0.0,0.0,0.0,0.0,0.0,0.0,0.0,0.0,0.0,0.0,0.0,0.0,0.0,0.0,0.0,0.0,0.0,0.0,0.0,0.0,0.0,0.0,0.0,0.0,0.0,0.0,0.0,0.0,0.0,0.0,0.0,0.0,0.0,0.0,0.0,0.0,0.0,0.0,0.0,0.0,0.0,0.0,0.0,0.0,0.0,0.0,0.0,0.0,0.0,0.0,0.0,0.0,0.0,0.0,0.0,0.0,0.0,0.0,0.0,0.0,0.0,0.0,0.0,0.0,0.0,0.0,0.0,0.0,0.0,0.0,0.0,0.0,0.0,0.0,0.0,0.0,921.6021,304.58755,0.9964056,922.9274,441.28268,0.99909395,776.80536,443.59628,0.99909395,712.36554,644.82196,0.77883303,868.58167,541.2344,0.88864267,1069.0496,438.96906,0.9995585,1141.4866,638.692,0.9140381,987.62244,486.72507,0.8895565,919.1991,920.2965,0.98857766,813.6501,921.20825,0.98857766,819.06085,1232.4192,0.03448355,806.104,1562.9237,0.006856935,1024.7482,919.38477,0.98870474,1027.8966,1259.646,0.022415405,997.55084,1577.9086,0.005023603,892.3528,277.42365,0.99493635,952.8392,279.57468,0.9886327,863.4549,290.74905,0.9870319,979.45264,291.46353,0.99280274,963.3825,1687.0837,0.004500935,963.3825,1687.0837,0.004500935,994.346,1617.0682,0.005813166,830.76324,1656.2256,0.0036673578,830.76324,1656.2256,0.0036673578,803.2084,1611.2437,0.005950931,988.93353,489.04288,1.0,991.0734,461.5471,1.0,984.84906,434.52695,1.0,979.67615,414.58453,1.0,984.31274,401.28644,1.0,979.1198,421.7952,1.0,958.0782,394.936,1.0,943.9531,380.2122,1.0,932.32874,369.27386,1.0,970.92993,428.87103,1.0,946.53424,396.69662,1.0,930.0828,378.5132,1.0,916.10095,364.55618,1.0,960.13794,439.5084,1.0,938.93665,406.93484,1.0,925.2407,387.84424,1.0,914.602,372.67273,1.0,946.60284,453.47653,1.0,932.1123,428.0161,1.0,923.9223,411.24808,1.0,917.4086,396.64792,1.0,870.5726,534.61743,1.0,880.362,500.74594,1.0,905.1403,483.85696,1.0,929.39136,481.7556,1.0,945.9181,487.40646,1.0,911.139,480.04608,1.0,949.5548,472.70892,1.0,968.8217,472.35904,1.0,982.8678,473.19022,1.0,919.3437,499.05414,1.0,958.17706,491.5547,1.0,951.3475,493.59146,1.0,938.70996,496.63678,1.0,924.63904,519.85944,1.0,959.3734,510.34708,1.0,950.91003,511.02567,1.0,938.5152,513.9081,1.0,926.7014,539.0786,1.0,949.97595,530.74023,1.0,942.6998,529.62665,1.0,932.60767,531.401,1.0
0.0,0.0,0.0,0.0,0.0,0.0,0.0,0.0,0.0,0.0,0.0,0.0,0.0,0.0,0.0,0.0,0.0,0.0,0.0,0.0,0.0,0.0,0.0,0.0,0.0,0.0,0.0,0.0,0.0,0.0,0.0,0.0,0.0,0.0,0.0,0.0,0.0,0.0,0.0,0.0,0.0,0.0,0.0,0.0,0.0,0.0,0.0,0.0,0.0,0.0,0.0,0.0,0.0,0.0,0.0,0.0,0.0,0.0,0.0,0.0,0.0,0.0,0.0,0.0,0.0,0.0,0.0,0.0,0.0,0.0,0.0,0.0,0.0,0.0,0.0,0.0,0.0,0.0,0.0,0.0,0.0,0.0,0.0,0.0,0.0,0.0,0.0,0.0,0.0,0.0,0.0,0.0,0.0,0.0,0.0,0.0,0.0,0.0,0.0,0.0,0.0,0.0,0.0,0.0,0.0,0.0,0.0,0.0,0.0,0.0,0.0,0.0,0.0,0.0,0.0,0.0,0.0,0.0,0.0,0.0,0.0,0.0,0.0,0.0,0.0,0.0,0.0,0.0,0.0,0.0,0.0,0.0,0.0,0.0,0.0,0.0,0.0,0.0,0.0,0.0,0.0,0.0,0.0,0.0,0.0,0.0,0.0,0.0,0.0,0.0,0.0,0.0,0.0,0.0,0.0,0.0,0.0,0.0,0.0,0.0,0.0,0.0,0.0,0.0,0.0,0.0,0.0,0.0,0.0,0.0,0.0,0.0,0.0,0.0,0.0,0.0,0.0,0.0,0.0,0.0,0.0,0.0,0.0,0.0,0.0,0.0,0.0,0.0,0.0,0.0,0.0,0.0,0.0,0.0,0.0,0.0,0.0,0.0,0.0,0.0,0.0,0.0,0.0,0.0,0.0,0.0,0.0,0.0,0.0,0.0,921.3391,305.4002,0.99613655,922.90375,440.3349,0.99908006,776.8935,442.88907,0.99908006,712.9418,643.86163,0.76292324,870.27216,538.6061,0.86966443,1068.9141,437.78076,0.9995281,1137.8354,637.05963,0.90976566,985.50806,492.80307,0.87796223,919.2362,920.39795,0.9887485,813.6163,921.3123,0.9887829,818.8483,1232.7318,0.033128392,805.399,1563.2229,0.0064316844,1024.8562,919.4836,0.9887655,1026.9442,1260.3485,0.021549234,995.3697,1580.4503,0.0046774196,892.14355,277.67404,0.99458015,952.8403,279.66385,0.9878499,863.2867,290.7365,0.9861768,979.66864,291.47098,0.99222165,961.5123,1688.053,0.0041974434,961.5123,1688.053,0.0041974434,992.482,1620.814,0.0054305643,829.9596,1656.4564,0.0034477133,829.9596,1656.4564,0.0034477133,802.43146,1611.5574,0.005604616,980.80786,483.03506,1.0,983.6852,457.28903,1.0,979.1588,430.97385,1.0,974.57733,412.2911,1.0,978.05524,399.93802,1.0,971.85944,417.2158,1.0,950.1178,389.42505,1.0,935.53326,374.55014,1.0,923.2629,363.91574,1.0,963.2031,424.55515,1.0,938.76935,392.78308,1.0,921.9734,374.73853,1.0,907.43475,361.24402,1.0,951.9348,434.92337,1.0,930.75525,403.21265,1.0,917.84985,385.18845,1.0,907.41455,371.5265,1.0,938.2399,447.74292,1.0,923.61725,422.3154,1.0,915.6024,406.2582,1.0,908.8718,392.59363,1.0,867.2346,531.5302,1.0,874.31226,497.55893,1.0,897.1771,479.00766,1.0,921.48004,474.43094,1.0,938.87787,477.87674,1.0,902.7318,473.7815,1.0,939.66504,464.58542,1.0,958.65405,464.64578,1.0,971.9558,466.10754,1.0,912.35925,492.39328,1.0,949.7709,482.65036,1.0,943.0671,485.12112,1.0,930.3453,488.76486,1.0,919.517,512.9247,1.0,952.9366,501.0514,1.0,945.36755,502.16382,1.0,933.72174,505.6393,1.0,923.59705,532.07166,1.0,947.3178,521.9194,1.0,940.2704,521.2949,1.0,930.34106,523.7128,1.0
0.0,0.0,0.0,0.0,0.0,0.0,0.0,0.0,0.0,0.0,0.0,0.0,0.0,0.0,0.0,0.0,0.0,0.0,0.0,0.0,0.0,0.0,0.0,0.0,0.0,0.0,0.0,0.0,0.0,0.0,0.0,0.0,0.0,0.0,0.0,0.0,0.0,0.0,0.0,0.0,0.0,0.0,0.0,0.0,0.0,0.0,0.0,0.0,0.0,0.0,0.0,0.0,0.0,0.0,0.0,0.0,0.0,0.0,0.0,0.0,0.0,0.0,0.0,0.0,0.0,0.0,0.0,0.0,0.0,0.0,0.0,0.0,0.0,0.0,0.0,0.0,0.0,0.0,0.0,0.0,0.0,0.0,0.0,0.0,0.0,0.0,0.0,0.0,0.0,0.0,0.0,0.0,0.0,0.0,0.0,0.0,0.0,0.0,0.0,0.0,0.0,0.0,0.0,0.0,0.0,0.0,0.0,0.0,0.0,0.0,0.0,0.0,0.0,0.0,0.0,0.0,0.0,0.0,0.0,0.0,0.0,0.0,0.0,0.0,0.0,0.0,0.0,0.0,0.0,0.0,0.0,0.0,0.0,0.0,0.0,0.0,0.0,0.0,0.0,0.0,0.0,0.0,0.0,0.0,0.0,0.0,0.0,0.0,0.0,0.0,0.0,0.0,0.0,0.0,0.0,0.0,0.0,0.0,0.0,0.0,0.0,0.0,0.0,0.0,0.0,0.0,0.0,0.0,0.0,0.0,0.0,0.0,0.0,0.0,0.0,0.0,0.0,0.0,0.0,0.0,0.0,0.0,0.0,0.0,0.0,0.0,0.0,0.0,0.0,0.0,0.0,0.0,0.0,0.0,0.0,0.0,0.0,0.0,0.0,0.0,0.0,0.0,0.0,0.0,0.0,0.0,0.0,0.0,0.0,0.0,921.04254,305.8199,0.9958354,922.7812,439.75854,0.99905664,776.9622,442.35858,0.99905664,713.3779,643.24445,0.74275756,869.4886,536.7625,0.84741586,1068.6001,437.15854,0.9994915,1133.6992,637.2561,0.9030717,981.41144,496.0931,0.86276376,919.209,920.6728,0.9884492,813.56006,921.6266,0.9886543,817.9085,1233.3508,0.031819977,804.10864,1563.6464,0.0060236743,1024.8579,919.71893,0.9884492,1025.5688,1262.2275,0.020441715,994.3171,1582.5757,0.004326626,891.69446,277.8626,0.99420196,952.8257,279.88748,0.9870245,862.9439,290.7402,0.98530465,979.90857,291.5728,0.991647,959.55054,1690.5973,0.0038925041,959.55054,1690.5973,0.0038925041,991.5842,1622.4905,0.0050426945,827.9412,1656.9403,0.0032441092,827.9412,1656.9403,0.0032441092,801.2556,1611.8762,0.005269657,977.84937,482.56802,1.0,982.04407,457.90433,1.0,977.8665,431.14575,1.0,973.6795,411.41357,1.0,977.3877,398.17166,1.0,969.8229,418.21173,1.0,948.3268,389.11606,1.0,933.8556,373.28384,1.0,921.72144,362.065,1.0,960.8587,425.4926,1.0,936.57794,392.46863,1.0,919.3765,373.6092,1.0,904.77997,359.69302,1.0,949.2797,435.865,1.0,928.2175,403.1774,1.0,914.99805,384.87607,1.0,904.4797,371.39914,1.0,934.9149,448.9403,1.0,920.2394,422.42764,1.0,912.2322,405.8984,1.0,905.6063,392.18445,1.0,864.9329,531.3286,1.0,870.91626,498.24783,1.0,893.7781,478.8177,1.0,919.1218,473.0704,1.0,937.2923,474.653,1.0,897.82465,472.69247,1.0,935.50195,464.29993,1.0,954.7916,464.8696,1.0,968.2471,466.73383,1.0,907.7373,491.21088,1.0,946.3197,481.46362,1.0,939.9727,484.42447,1.0,927.3798,488.56345,1.0,915.775,511.46014,1.0,950.01465,499.62,1.0,942.3723,501.2981,1.0,930.6424,504.97437,1.0,920.98126,530.5428,1.0,944.46716,520.6808,1.0,936.7282,520.82996,1.0,927.17914,523.9565,1.0
0.0,0.0,0.0,0.0,0.0,0.0,0.0,0.0,0.0,0.0,0.0,0.0,0.0,0.0,0.0,0.0,0.0,0.0,0.0,0.0,0.0,0.0,0.0,0.0,0.0,0.0,0.0,0.0,0.0,0.0,0.0,0.0,0.0,0.0,0.0,0.0,0.0,0.0,0.0,0.0,0.0,0.0,0.0,0.0,0.0,0.0,0.0,0.0,0.0,0.0,0.0,0.0,0.0,0.0,0.0,0.0,0.0,0.0,0.0,0.0,0.0,0.0,0.0,0.0,0.0,0.0,0.0,0.0,0.0,0.0,0.0,0.0,0.0,0.0,0.0,0.0,0.0,0.0,0.0,0.0,0.0,0.0,0.0,0.0,0.0,0.0,0.0,0.0,0.0,0.0,0.0,0.0,0.0,0.0,0.0,0.0,0.0,0.0,0.0,0.0,0.0,0.0,0.0,0.0,0.0,0.0,0.0,0.0,0.0,0.0,0.0,0.0,0.0,0.0,0.0,0.0,0.0,0.0,0.0,0.0,0.0,0.0,0.0,0.0,0.0,0.0,0.0,0.0,0.0,0.0,0.0,0.0,0.0,0.0,0.0,0.0,0.0,0.0,0.0,0.0,0.0,0.0,0.0,0.0,0.0,0.0,0.0,0.0,0.0,0.0,0.0,0.0,0.0,0.0,0.0,0.0,0.0,0.0,0.0,0.0,0.0,0.0,0.0,0.0,0.0,0.0,0.0,0.0,0.0,0.0,0.0,0.0,0.0,0.0,0.0,0.0,0.0,0.0,0.0,0.0,0.0,0.0,0.0,0.0,0.0,0.0,0.0,0.0,0.0,0.0,0.0,0.0,0.0,0.0,0.0,0.0,0.0,0.0,0.0,0.0,0.0,0.0,0.0,0.0,0.0,0.0,0.0,0.0,0.0,0.0,920.9255,306.7785,0.99538976,922.6625,439.0633,0.999024,777.035,441.62927,0.999024,713.5387,642.90845,0.7279647,869.308,535.8655,0.82672006,1068.29,436.4973,0.9994487,1129.2046,637.45654,0.8965328,979.7441,496.13962,0.84830886,919.1969,920.8491,0.9882267,813.5371,921.81287,0.9886173,817.2711,1234.4197,0.031152429,803.7875,1565.0309,0.0057258164,1024.8567,919.8853,0.9882267,1025.4342,1263.9662,0.01972963,994.0441,1586.173,0.0040441127,891.4745,278.1487,0.9936409,952.8113,280.14807,0.9858253,862.609,290.7441,0.9841035,980.0622,291.87054,0.99083644,958.97205,1695.1262,0.0036441043,958.97205,1695.1262,0.0036441043,991.1941,1626.007,0.0047243224,828.0926,1658.7798,0.0030948056,828.0926,1658.7798,0.0030948056,801.06506,1612.4922,0.0050034244,976.2999,482.32037,1.0,979.8068,457.04282,1.0,974.9199,430.61594,1.0,970.40063,411.14554,1.0,974.4822,398.15762,1.0,966.79376,417.85895,1.0,944.7458,389.7735,1.0,930.19855,373.95764,1.0,918.00385,362.6445,1.0,958.47394,425.3896,1.0,933.37866,392.8687,1.0,916.2079,374.04684,1.0,901.61316,360.17798,1.0,947.5175,436.0684,1.0,925.4019,403.25558,1.0,912.5088,385.37686,1.0,902.1813,372.55096,1.0,933.7997,449.5739,1.0,918.1492,422.57236,1.0,910.0196,406.16943,1.0,903.21344,392.92145,1.0,862.7812,532.65234,1.0,868.1109,499.8073,1.0,891.1949,480.03384,1.0,916.66376,474.4371,1.0,934.92395,476.12457,1.0,894.60535,474.03128,1.0,932.7927,464.8336,1.0,952.4922,464.876,1.0,966.63574,466.80594,1.0,904.65393,492.75668,1.0,944.0726,482.26587,1.0,937.6284,485.069,1.0,924.9642,489.67194,1.0,913.0167,512.9755,1.0,947.2065,500.78323,1.0,939.3183,502.11194,1.0,927.93536,505.81247,1.0,918.6086,531.8254,1.0,942.1063,521.1881,1.0,934.14594,521.2246,1.0,924.6551,524.6304,1.0
0.0,0.0,0.0,0.0,0.0,0.0,0.0,0.0,0.0,0.0,0.0,0.0,0.0,0.0,0.0,0.0,0.0,0.0,0.0,0.0,0.0,0.0,0.0,0.0,0.0,0.0,0.0,0.0,0.0,0.0,0.0,0.0,0.0,0.0,0.0,0.0,0.0,0.0,0.0,0.0,0.0,0.0,0.0,0.0,0.0,0.0,0.0,0.0,0.0,0.0,0.0,0.0,0.0,0.0,0.0,0.0,0.0,0.0,0.0,0.0,0.0,0.0,0.0,0.0,0.0,0.0,0.0,0.0,0.0,0.0,0.0,0.0,0.0,0.0,0.0,0.0,0.0,0.0,0.0,0.0,0.0,0.0,0.0,0.0,0.0,0.0,0.0,0.0,0.0,0.0,0.0,0.0,0.0,0.0,0.0,0.0,0.0,0.0,0.0,0.0,0.0,0.0,0.0,0.0,0.0,0.0,0.0,0.0,0.0,0.0,0.0,0.0,0.0,0.0,0.0,0.0,0.0,0.0,0.0,0.0,0.0,0.0,0.0,0.0,0.0,0.0,0.0,0.0,0.0,0.0,0.0,0.0,0.0,0.0,0.0,0.0,0.0,0.0,0.0,0.0,0.0,0.0,0.0,0.0,0.0,0.0,0.0,0.0,0.0,0.0,0.0,0.0,0.0,0.0,0.0,0.0,0.0,0.0,0.0,0.0,0.0,0.0,0.0,0.0,0.0,0.0,0.0,0.0,0.0,0.0,0.0,0.0,0.0,0.0,0.0,0.0,0.0,0.0,0.0,0.0,0.0,0.0,0.0,0.0,0.0,0.0,0.0,0.0,0.0,0.0,0.0,0.0,0.0,0.0,0.0,0.0,0.0,0.0,0.0,0.0,0.0,0.0,0.0,0.0,0.0,0.0,0.0,0.0,0.0,0.0,920.85785,307.27115,0.9953088,922.4082,438.5758,0.99901277,777.0386,440.97363,0.99901277,713.5348,642.42816,0.7174939,868.28046,534.83673,0.8125618,1067.7778,436.17795,0.9994293,1126.5919,637.52344,0.89316237,980.0432,498.53723,0.840572,919.1863,920.9069,0.9880533,813.5208,921.8788,0.9885576,817.12213,1234.7025,0.03058936,803.57806,1566.1918,0.0054808185,1024.8517,919.935,0.9880533,1025.3909,1264.7306,0.019441873,993.9408,1588.2173,0.0038182244,891.3665,278.28,0.99355114,952.79626,280.28055,0.9856656,862.24567,290.7283,0.9838839,980.1896,291.95828,0.9907297,958.7528,1697.1611,0.0034493036,958.7528,1697.1611,0.0034493036,991.0305,1628.5378,0.004471146,827.728,1660.0414,0.0029743256,827.728,1660.0414,0.0029743256,800.9361,1614.0201,0.004791156,974.5137,482.8413,1.0,978.6037,457.5417,1.0,974.0968,430.3202,1.0,970.1535,409.76413,1.0,974.5731,396.27347,1.0,965.15045,418.4688,1.0,942.2387,390.3096,1.0,927.36414,374.64206,1.0,915.10144,363.51434,1.0,956.6292,426.21164,1.0,931.05255,393.72534,1.0,913.39294,375.11777,1.0,898.38,361.50696,1.0,945.5895,437.2504,1.0,923.2183,404.47775,1.0,909.45844,386.30313,1.0,898.39136,373.0705,1.0,931.7355,451.19473,1.0,916.06415,424.0167,1.0,907.79694,407.50308,1.0,900.8094,393.99796,1.0,861.63635,535.2815,1.0,866.9577,501.9877,1.0,889.4604,481.8826,1.0,914.9557,476.21536,1.0,933.432,477.83478,1.0,892.345,477.7539,1.0,930.65344,467.73584,1.0,950.4979,467.33932,1.0,964.90234,468.97284,1.0,902.33655,496.66272,1.0,942.4482,484.93933,1.0,936.7148,487.36737,1.0,924.1441,492.18826,1.0,911.04694,516.6916,1.0,945.5944,503.33115,1.0,938.1566,504.4788,1.0,926.7352,508.47202,1.0,916.93787,535.3066,1.0,940.5414,524.0024,1.0,932.8032,523.91675,1.0,923.21466,527.51764,1.0
0.0,0.0,0.0,0.0,0.0,0.0,0.0,0.0,0.0,0.0,0.0,0.0,0.0,0.0,0.0,0.0,0.0,0.0,0.0,0.0,0.0,0.0,0.0,0.0,0.0,0.0,0.0,0.0,0.0,0.0,0.0,0.0,0.0,0.0,0.0,0.0,0.0,0.0,0.0,0.0,0.0,0.0,0.0,0.0,0.0,0.0,0.0,0.0,0.0,0.0,0.0,0.0,0.0,0.0,0.0,0.0,0.0,0.0,0.0,0.0,0.0,0.0,0.0,0.0,0.0,0.0,0.0,0.0,0.0,0.0,0.0,0.0,0.0,0.0,0.0,0.0,0.0,0.0,0.0,0.0,0.0,0.0,0.0,0.0,0.0,0.0,0.0,0.0,0.0,0.0,0.0,0.0,0.0,0.0,0.0,0.0,0.0,0.0,0.0,0.0,0.0,0.0,0.0,0.0,0.0,0.0,0.0,0.0,0.0,0.0,0.0,0.0,0.0,0.0,0.0,0.0,0.0,0.0,0.0,0.0,0.0,0.0,0.0,0.0,0.0,0.0,0.0,0.0,0.0,0.0,0.0,0.0,0.0,0.0,0.0,0.0,0.0,0.0,0.0,0.0,0.0,0.0,0.0,0.0,0.0,0.0,0.0,0.0,0.0,0.0,0.0,0.0,0.0,0.0,0.0,0.0,0.0,0.0,0.0,0.0,0.0,0.0,0.0,0.0,0.0,0.0,0.0,0.0,0.0,0.0,0.0,0.0,0.0,0.0,0.0,0.0,0.0,0.0,0.0,0.0,0.0,0.0,0.0,0.0,0.0,0.0,0.0,0.0,0.0,0.0,0.0,0.0,0.0,0.0,0.0,0.0,0.0,0.0,0.0,0.0,0.0,0.0,0.0,0.0,0.0,0.0,0.0,0.0,0.0,0.0,920.44446,307.33838,0.9952186,922.22894,438.37643,0.9990091,776.89874,440.76535,0.9990091,713.46155,641.89825,0.7059562,867.55597,534.2233,0.7994345,1067.5592,435.98752,0.9994106,1124.806,637.6547,0.8878682,979.5749,498.6487,0.82982695,919.16766,921.1326,0.98782873,813.5069,922.17737,0.9884746,816.75385,1235.3824,0.029325258,803.259,1567.722,0.0051460196,1024.8284,920.0878,0.98782873,1024.9816,1267.0762,0.018681634,993.60974,1590.3508,0.0035620567,890.8938,278.29434,0.9934466,952.61896,280.28854,0.9854269,861.69763,290.7099,0.9836379,980.1892,291.96844,0.990548,958.5151,1699.1813,0.0032268534,958.5151,1699.1813,0.0032268534,990.77747,1630.987,0.0041878163,827.3704,1662.2427,0.0028027224,827.3704,1662.2427,0.0028027224,800.7181,1615.1179,0.0045232023,973.73,483.20523,1.0,977.7988,456.6594,1.0,973.37036,428.04443,1.0,969.6454,406.79535,1.0,974.5651,393.00378,1.0,963.6554,418.93057,1.0,940.33325,391.13995,1.0,924.9855,375.80295,1.0,912.42505,364.90778,1.0,954.6593,427.50552,1.0,929.11273,396.16824,1.0,910.7978,378.07703,1.0,895.3566,365.03845,1.0,943.39606,439.17545,1.0,921.62134,407.92114,1.0,906.9084,389.4657,1.0,895.08276,375.77026,1.0,929.56305,453.37338,1.0,913.33765,426.80383,1.0,904.1811,410.7376,1.0,896.29974,397.52682,1.0,859.97504,538.2395,1.0,865.93567,505.15225,1.0,888.4903,485.2132,1.0,913.8713,479.6545,1.0,932.2588,481.19867,1.0,890.4492,481.8041,1.0,929.2305,471.7489,1.0,949.2113,471.3857,1.0,963.7471,473.03665,1.0,899.3327,500.96344,1.0,940.8414,489.10214,1.0,935.58093,490.66025,1.0,923.17206,495.0153,1.0,907.39984,521.18945,1.0,943.8668,507.6667,1.0,936.58777,507.91165,1.0,925.1337,511.41193,1.0,912.97894,539.999,1.0,938.56366,528.8567,1.0,931.15015,527.6174,1.0,920.9816,530.61725,1.0
0.0,0.0,0.0,0.0,0.0,0.0,0.0,0.0,0.0,0.0,0.0,0.0,0.0,0.0,0.0,0.0,0.0,0.0,0.0,0.0,0.0,0.0,0.0,0.0,0.0,0.0,0.0,0.0,0.0,0.0,0.0,0.0,0.0,0.0,0.0,0.0,0.0,0.0,0.0,0.0,0.0,0.0,0.0,0.0,0.0,0.0,0.0,0.0,0.0,0.0,0.0,0.0,0.0,0.0,0.0,0.0,0.0,0.0,0.0,0.0,0.0,0.0,0.0,0.0,0.0,0.0,0.0,0.0,0.0,0.0,0.0,0.0,0.0,0.0,0.0,0.0,0.0,0.0,0.0,0.0,0.0,0.0,0.0,0.0,0.0,0.0,0.0,0.0,0.0,0.0,0.0,0.0,0.0,0.0,0.0,0.0,0.0,0.0,0.0,0.0,0.0,0.0,0.0,0.0,0.0,0.0,0.0,0.0,0.0,0.0,0.0,0.0,0.0,0.0,0.0,0.0,0.0,0.0,0.0,0.0,0.0,0.0,0.0,0.0,0.0,0.0,0.0,0.0,0.0,0.0,0.0,0.0,0.0,0.0,0.0,0.0,0.0,0.0,0.0,0.0,0.0,0.0,0.0,0.0,0.0,0.0,0.0,0.0,0.0,0.0,0.0,0.0,0.0,0.0,0.0,0.0,0.0,0.0,0.0,0.0,0.0,0.0,0.0,0.0,0.0,0.0,0.0,0.0,0.0,0.0,0.0,0.0,0.0,0.0,0.0,0.0,0.0,0.0,0.0,0.0,0.0,0.0,0.0,0.0,0.0,0.0,0.0,0.0,0.0,0.0,0.0,0.0,0.0,0.0,0.0,0.0,0.0,0.0,0.0,0.0,0.0,0.0,0.0,0.0,0.0,0.0,0.0,0.0,0.0,0.0,919.87354,307.5862,0.9947219,921.9678,438.13275,0.9989746,776.693,440.6793,0.9989746,713.2983,641.48663,0.69852364,867.44165,534.9846,0.78787196,1067.2426,435.5862,0.99935216,1123.7312,637.7068,0.8842151,979.3476,499.7386,0.8202524,919.0695,920.51355,0.98752946,813.49194,921.5029,0.9883873,816.3433,1236.3607,0.028762713,803.1553,1569.4799,0.0049441345,1024.6471,919.5242,0.98752946,1021.85095,1267.738,0.018203363,990.19073,1590.0948,0.0033482101,890.3551,278.30267,0.99278766,952.3146,280.35132,0.9839098,861.03625,290.68976,0.98222935,980.0255,292.03445,0.98953784,954.6775,1698.4047,0.0030344578,954.6775,1698.4047,0.0030344578,987.6714,1630.059,0.0039444407,826.9868,1662.7596,0.0026942333,826.9868,1662.7596,0.0026942333,800.701,1616.6278,0.00432983,972.7988,485.74557,1.0,976.0357,458.0848,1.0,971.2512,428.14398,1.0,967.4741,405.7044,1.0,972.0429,391.60233,1.0,960.6001,420.7824,1.0,936.78455,394.34134,1.0,920.94244,380.15485,1.0,908.45074,370.16162,1.0,951.3848,429.54752,1.0,924.5757,399.83755,1.0,905.3619,383.03317,1.0,889.66626,371.08582,1.0,940.1716,441.775,1.0,916.07965,411.71237,1.0,899.894,394.1722,1.0,887.0326,380.7383,1.0,926.764,457.1724,1.0,909.5664,433.12323,1.0,899.37646,418.14407,1.0,890.71533,404.9784,1.0,857.52045,541.52985,1.0,864.37134,508.71957,1.0,888.25256,489.27905,1.0,914.8467,483.85254,1.0,933.73334,485.48523,1.0,889.23517,486.83945,1.0,928.8878,477.8224,1.0,949.18207,477.48743,1.0,963.8679,478.89816,1.0,896.62085,506.57388,1.0,939.6139,495.7468,1.0,933.4801,496.2018,1.0,920.4367,499.45782,1.0,903.372,527.16895,1.0,941.68195,514.6305,1.0,933.60657,514.1706,1.0,921.71155,517.00665,1.0,908.0377,546.1681,1.0,935.6564,535.8338,1.0,927.7054,533.9304,1.0,916.80963,536.2297,1.0
0.0,0.0,0.0,0.0,0.0,0.0,0.0,0.0,0.0,0.0,0.0,0.0,0.0,0.0,0.0,0.0,0.0,0.0,0.0,0.0,0.0,0.0,0.0,0.0,0.0,0.0,0.0,0.0,0.0,0.0,0.0,0.0,0.0,0.0,0.0,0.0,0.0,0.0,0.0,0.0,0.0,0.0,0.0,0.0,0.0,0.0,0.0,0.0,0.0,0.0,0.0,0.0,0.0,0.0,0.0,0.0,0.0,0.0,0.0,0.0,0.0,0.0,0.0,0.0,0.0,0.0,0.0,0.0,0.0,0.0,0.0,0.0,0.0,0.0,0.0,0.0,0.0,0.0,0.0,0.0,0.0,0.0,0.0,0.0,0.0,0.0,0.0,0.0,0.0,0.0,0.0,0.0,0.0,0.0,0.0,0.0,0.0,0.0,0.0,0.0,0.0,0.0,0.0,0.0,0.0,0.0,0.0,0.0,0.0,0.0,0.0,0.0,0.0,0.0,0.0,0.0,0.0,0.0,0.0,0.0,0.0,0.0,0.0,0.0,0.0,0.0,0.0,0.0,0.0,0.0,0.0,0.0,0.0,0.0,0.0,0.0,0.0,0.0,0.0,0.0,0.0,0.0,0.0,0.0,0.0,0.0,0.0,0.0,0.0,0.0,0.0,0.0,0.0,0.0,0.0,0.0,0.0,0.0,0.0,0.0,0.0,0.0,0.0,0.0,0.0,0.0,0.0,0.0,0.0,0.0,0.0,0.0,0.0,0.0,0.0,0.0,0.0,0.0,0.0,0.0,0.0,0.0,0.0,0.0,0.0,0.0,0.0,0.0,0.0,0.0,0.0,0.0,0.0,0.0,0.0,0.0,0.0,0.0,0.0,0.0,0.0,0.0,0.0,0.0,0.0,0.0,0.0,0.0,0.0,0.0,919.4283,307.59262,0.9944378,921.41205,438.10583,0.9989646,776.16046,440.6743,0.9989646,712.18463,641.35504,0.68762183,867.2196,537.54254,0.7713028,1066.6636,435.53738,0.9993384,1123.7031,637.6963,0.88269204,978.54047,501.84814,0.8142447,919.1356,920.5993,0.9872544,813.59015,921.664,0.98823035,816.91486,1236.0005,0.027873866,803.4459,1569.4646,0.004679368,1024.6812,919.53455,0.9872544,1022.311,1267.5011,0.01749983,990.8895,1590.0046,0.0031241237,889.93207,278.2835,0.9923808,952.0164,280.2407,0.9830568,860.3151,290.5102,0.98118645,979.48566,292.0105,0.9889773,954.97656,1698.2928,0.0028370714,954.97656,1698.2928,0.0028370714,988.4689,1630.0969,0.003691768,828.4938,1662.1998,0.0025561028,828.4938,1662.1998,0.0025561028,800.7966,1616.6893,0.0041024587,973.4037,490.49133,1.0,975.1136,461.82693,1.0,968.58936,431.67706,1.0,964.4686,407.99222,1.0,969.65094,392.12418,1.0,957.1341,424.47525,1.0,931.2378,399.0802,1.0,913.8031,385.3575,1.0,899.7916,375.58298,1.0,947.6373,434.31482,1.0,919.2323,405.84326,1.0,898.3577,389.79337,1.0,882.2252,378.8123,1.0,936.7161,448.00784,1.0,909.8351,419.05386,1.0,891.646,402.1923,1.0,878.1165,389.1581,1.0,924.5022,464.85617,1.0,904.6295,441.75082,1.0,893.35065,427.52527,1.0,884.2727,414.4476,1.0,853.1457,544.3445,1.0,861.7258,512.9358,1.0,886.9013,494.92096,1.0,913.3403,491.56177,1.0,931.69403,494.87247,1.0,886.5478,491.63715,1.0,926.08905,484.9318,1.0,946.8667,485.98438,1.0,962.2439,487.94223,1.0,891.8719,511.7535,1.0,935.4162,504.77695,1.0,928.0675,506.8965,1.0,914.3402,509.9955,1.0,897.21533,532.8545,1.0,937.0559,524.23376,1.0,927.90393,524.81836,1.0,915.3369,527.6002,1.0,901.15344,552.6311,1.0,931.4682,544.2941,1.0,923.45404,542.57324,1.0,911.89667,544.1765,1.0
0.0,0.0,0.0,0.0,0.0,0.0,0.0,0.0,0.0,0.0,0.0,0.0,0.0,0.0,0.0,0.0,0.0,0.0,0.0,0.0,0.0,0.0,0.0,0.0,0.0,0.0,0.0,0.0,0.0,0.0,0.0,0.0,0.0,0.0,0.0,0.0,0.0,0.0,0.0,0.0,0.0,0.0,0.0,0.0,0.0,0.0,0.0,0.0,0.0,0.0,0.0,0.0,0.0,0.0,0.0,0.0,0.0,0.0,0.0,0.0,0.0,0.0,0.0,0.0,0.0,0.0,0.0,0.0,0.0,0.0,0.0,0.0,0.0,0.0,0.0,0.0,0.0,0.0,0.0,0.0,0.0,0.0,0.0,0.0,0.0,0.0,0.0,0.0,0.0,0.0,0.0,0.0,0.0,0.0,0.0,0.0,0.0,0.0,0.0,0.0,0.0,0.0,0.0,0.0,0.0,0.0,0.0,0.0,0.0,0.0,0.0,0.0,0.0,0.0,0.0,0.0,0.0,0.0,0.0,0.0,0.0,0.0,0.0,0.0,0.0,0.0,0.0,0.0,0.0,0.0,0.0,0.0,0.0,0.0,0.0,0.0,0.0,0.0,0.0,0.0,0.0,0.0,0.0,0.0,0.0,0.0,0.0,0.0,0.0,0.0,0.0,0.0,0.0,0.0,0.0,0.0,0.0,0.0,0.0,0.0,0.0,0.0,0.0,0.0,0.0,0.0,0.0,0.0,0.0,0.0,0.0,0.0,0.0,0.0,0.0,0.0,0.0,0.0,0.0,0.0,0.0,0.0,0.0,0.0,0.0,0.0,0.0,0.0,0.0,0.0,0.0,0.0,0.0,0.0,0.0,0.0,0.0,0.0,0.0,0.0,0.0,0.0,0.0,0.0,0.0,0.0,0.0,0.0,0.0,0.0,918.5026,307.74548,0.9944827,921.2032,438.12625,0.99896175,776.1358,440.6746,0.99896175,710.4968,641.26196,0.671473,863.56805,542.93384,0.74358803,1066.2705,435.57788,0.9993389,1123.8503,637.73346,0.88029647,977.7074,503.634,0.805192,919.0901,920.4671,0.9870398,813.5877,921.65204,0.9880593,818.23834,1235.5801,0.027138252,805.16187,1569.3464,0.0044578556,1024.5924,919.2822,0.9870398,1022.74396,1267.2057,0.016984956,991.48535,1588.8668,0.002935333,889.16034,278.30884,0.9924046,951.2014,280.23447,0.98329353,859.58044,290.47232,0.9811528,979.4462,291.99973,0.98913354,955.6107,1695.064,0.002677033,955.6107,1695.064,0.002677033,989.2463,1629.2257,0.0034879663,831.54974,1661.3633,0.0024531642,831.54974,1661.3633,0.0024531642,801.8823,1616.6403,0.003912886,973.21185,490.75055,1.0,975.7883,462.1881,1.0,969.6957,431.7074,1.0,965.1058,407.7906,1.0,969.79675,391.4197,1.0,956.2115,425.95853,1.0,930.223,399.12643,1.0,913.1406,385.0862,1.0,898.98773,374.9924,1.0,946.4536,435.66965,1.0,917.49866,405.8311,1.0,897.1124,389.40732,1.0,880.92377,378.42184,1.0,935.5527,449.1509,1.0,908.4683,418.5542,1.0,891.11597,401.59018,1.0,877.5996,389.28265,1.0,923.32465,465.86792,1.0,903.88214,441.46475,1.0,892.96625,426.93234,1.0,883.7215,414.45728,1.0,853.1448,544.56573,1.0,861.01514,513.98785,1.0,886.0084,495.9987,1.0,911.9014,493.72772,1.0,929.932,498.42252,1.0,885.32477,492.07056,1.0,925.241,485.0114,1.0,946.37634,485.76468,1.0,962.32043,488.23682,1.0,891.10815,511.7941,1.0,935.95654,504.43546,1.0,928.3992,506.03656,1.0,914.11316,509.14722,1.0,896.8067,532.4793,1.0,937.275,523.3849,1.0,928.12006,523.6465,1.0,915.4729,526.2745,1.0,900.9008,551.97394,1.0,931.0118,544.2025,1.0,922.2176,543.0646,1.0,910.41974,545.3822,1.0
0.0,0.0,0.0,0.0,0.0,0.0,0.0,0.0,0.0,0.0,0.0,0.0,0.0,0.0,0.0,0.0,0.0,0.0,0.0,0.0,0.0,0.0,0.0,0.0,0.0,0.0,0.0,0.0,0.0,0.0,0.0,0.0,0.0,0.0,0.0,0.0,0.0,0.0,0.0,0.0,0.0,0.0,0.0,0.0,0.0,0.0,0.0,0.0,0.0,0.0,0.0,0.0,0.0,0.0,0.0,0.0,0.0,0.0,0.0,0.0,0.0,0.0,0.0,0.0,0.0,0.0,0.0,0.0,0.0,0.0,0.0,0.0,0.0,0.0,0.0,0.0,0.0,0.0,0.0,0.0,0.0,0.0,0.0,0.0,0.0,0.0,0.0,0.0,0.0,0.0,0.0,0.0,0.0,0.0,0.0,0.0,0.0,0.0,0.0,0.0,0.0,0.0,0.0,0.0,0.0,0.0,0.0,0.0,0.0,0.0,0.0,0.0,0.0,0.0,0.0,0.0,0.0,0.0,0.0,0.0,0.0,0.0,0.0,0.0,0.0,0.0,0.0,0.0,0.0,0.0,0.0,0.0,0.0,0.0,0.0,0.0,0.0,0.0,0.0,0.0,0.0,0.0,0.0,0.0,0.0,0.0,0.0,0.0,0.0,0.0,0.0,0.0,0.0,0.0,0.0,0.0,0.0,0.0,0.0,0.0,0.0,0.0,0.0,0.0,0.0,0.0,0.0,0.0,0.0,0.0,0.0,0.0,0.0,0.0,0.0,0.0,0.0,0.0,0.0,0.0,0.0,0.0,0.0,0.0,0.0,0.0,0.0,0.0,0.0,0.0,0.0,0.0,0.0,0.0,0.0,0.0,0.0,0.0,0.0,0.0,0.0,0.0,0.0,0.0,0.0,0.0,0.0,0.0,0.0,0.0,918.4487,307.44397,0.9945733,921.0611,438.29742,0.99895793,775.8864,440.90884,0.99895793,708.97144,642.4344,0.658046,857.5032,546.1683,0.7220941,1066.2357,435.686,0.9993534,1123.977,637.6874,0.8825191,974.62256,500.1704,0.8068302,919.0848,920.2888,0.9868735,813.586,921.521,0.9878596,817.4262,1235.2388,0.026146734,803.8967,1569.2339,0.0042451657,1024.5836,919.05664,0.9868735,1021.8328,1267.2058,0.016373768,990.18604,1588.5691,0.0027530964,889.083,278.23816,0.9925008,951.1251,279.73514,0.9836484,859.27234,290.34277,0.9812798,979.3617,291.90366,0.9894381,954.1176,1694.8748,0.00252424,954.1176,1694.8748,0.00252424,988.0059,1628.5903,0.00329012,831.52936,1661.322,0.002349142,831.52936,1661.322,0.002349142,800.0215,1616.5817,0.0037380126,973.539,496.41553,1.0,974.33466,465.8574,1.0,965.2886,435.59442,1.0,958.93585,411.60812,1.0,962.8863,393.75165,1.0,951.17676,430.39185,1.0,923.1466,406.67737,1.0,904.41516,394.70697,1.0,889.00977,386.41147,1.0,941.4045,441.82224,1.0,909.9134,415.17493,1.0,887.6336,400.99878,1.0,870.2676,391.2174,1.0,931.1456,457.13583,1.0,901.3069,429.7308,1.0,882.13,414.35007,1.0,867.5971,402.76227,1.0,920.75256,475.34485,1.0,897.8188,453.3208,1.0,885.7787,440.59335,1.0,875.6458,429.33484,1.0,845.37866,547.4937,1.0,856.63257,518.1201,1.0,883.541,500.76984,1.0,909.83826,499.12927,1.0,928.2343,502.70392,1.0,881.0474,496.34143,1.0,920.49854,493.84628,1.0,942.08234,496.65762,1.0,958.0996,499.53,1.0,883.29333,516.60016,1.0,929.2822,516.02014,1.0,920.8656,519.14526,1.0,905.4612,520.5956,1.0,886.38245,537.8151,1.0,929.6358,535.19666,1.0,919.6984,536.4204,1.0,905.71387,537.3514,1.0,888.7165,557.7233,1.0,922.13135,553.8868,1.0,913.9627,552.8874,1.0,901.27435,553.0542,1.0
0.0,0.0,0.0,0.0,0.0,0.0,0.0,0.0,0.0,0.0,0.0,0.0,0.0,0.0,0.0,0.0,0.0,0.0,0.0,0.0,0.0,0.0,0.0,0.0,0.0,0.0,0.0,0.0,0.0,0.0,0.0,0.0,0.0,0.0,0.0,0.0,0.0,0.0,0.0,0.0,0.0,0.0,0.0,0.0,0.0,0.0,0.0,0.0,0.0,0.0,0.0,0.0,0.0,0.0,0.0,0.0,0.0,0.0,0.0,0.0,0.0,0.0,0.0,0.0,0.0,0.0,0.0,0.0,0.0,0.0,0.0,0.0,0.0,0.0,0.0,0.0,0.0,0.0,0.0,0.0,0.0,0.0,0.0,0.0,0.0,0.0,0.0,0.0,0.0,0.0,0.0,0.0,0.0,0.0,0.0,0.0,0.0,0.0,0.0,0.0,0.0,0.0,0.0,0.0,0.0,0.0,0.0,0.0,0.0,0.0,0.0,0.0,0.0,0.0,0.0,0.0,0.0,0.0,0.0,0.0,0.0,0.0,0.0,0.0,0.0,0.0,0.0,0.0,0.0,0.0,0.0,0.0,0.0,0.0,0.0,0.0,0.0,0.0,0.0,0.0,0.0,0.0,0.0,0.0,0.0,0.0,0.0,0.0,0.0,0.0,0.0,0.0,0.0,0.0,0.0,0.0,0.0,0.0,0.0,0.0,0.0,0.0,0.0,0.0,0.0,0.0,0.0,0.0,0.0,0.0,0.0,0.0,0.0,0.0,0.0,0.0,0.0,0.0,0.0,0.0,0.0,0.0,0.0,0.0,0.0,0.0,0.0,0.0,0.0,0.0,0.0,0.0,0.0,0.0,0.0,0.0,0.0,0.0,0.0,0.0,0.0,0.0,0.0,0.0,0.0,0.0,0.0,0.0,0.0,0.0,918.45685,306.89996,0.9946576,920.62115,438.7733,0.99896306,775.2545,441.78192,0.99896306,706.91907,644.20715,0.6503177,846.99384,549.8624,0.7152664,1065.9878,435.76465,0.9993607,1124.1913,637.25287,0.88540745,971.6292,501.72025,0.810137,919.3027,920.1986,0.98656404,813.9113,921.5204,0.98762774,817.61316,1235.2448,0.025520904,805.7881,1569.5934,0.004109821,1024.6941,918.8769,0.98656404,1022.2404,1267.4384,0.01582314,990.97156,1588.5502,0.002597418,889.04535,278.10632,0.99262553,951.08954,279.16434,0.9839525,858.6436,290.2182,0.9815674,979.01483,291.52826,0.9897076,954.93695,1695.0135,0.0023964804,954.93695,1695.0135,0.0023964804,989.208,1628.5524,0.0031367391,834.6435,1661.8495,0.002285407,834.6435,1661.8495,0.002285407,802.1222,1617.2552,0.0036321594,976.58,507.55142,1.0,972.1954,475.8793,1.0,955.7327,447.56485,1.0,941.7096,425.14328,1.0,941.67365,405.91956,1.0,942.9554,445.38275,1.0,908.07153,427.2493,1.0,887.26013,418.849,1.0,870.2586,413.7246,1.0,935.5329,459.3065,1.0,896.9621,439.29852,1.0,871.7974,429.7292,1.0,852.42426,424.0978,1.0,927.7014,477.10605,1.0,890.7404,456.26413,1.0,868.4222,445.88626,1.0,851.8236,438.19168,1.0,920.4858,497.78934,1.0,891.2969,480.9677,1.0,876.62494,471.70355,1.0,864.49146,463.27136,1.0,828.1161,546.64233,1.0,851.6989,524.77814,1.0,883.4788,518.17236,1.0,911.83545,527.75916,1.0,930.628,538.17444,1.0,871.54724,504.02258,1.0,906.8207,519.40125,1.0,922.2804,532.27466,1.0,932.57983,541.5231,1.0,862.4467,522.0122,1.0,905.44305,544.0416,1.0,897.29706,547.9836,1.0,884.632,543.79144,1.0,855.7343,542.2876,1.0,896.611,560.4058,1.0,885.8859,560.21716,1.0,873.4327,554.4446,1.0,851.54254,562.3403,1.0,880.9316,573.94507,1.0,872.4648,571.52057,1.0,861.1505,565.7674,1.0
0.0,0.0,0.0,0.0,0.0,0.0,0.0,0.0,0.0,0.0,0.0,0.0,0.0,0.0,0.0,0.0,0.0,0.0,0.0,0.0,0.0,0.0,0.0,0.0,0.0,0.0,0.0,0.0,0.0,0.0,0.0,0.0,0.0,0.0,0.0,0.0,0.0,0.0,0.0,0.0,0.0,0.0,0.0,0.0,0.0,0.0,0.0,0.0,0.0,0.0,0.0,0.0,0.0,0.0,0.0,0.0,0.0,0.0,0.0,0.0,0.0,0.0,0.0,0.0,0.0,0.0,0.0,0.0,0.0,0.0,0.0,0.0,0.0,0.0,0.0,0.0,0.0,0.0,0.0,0.0,0.0,0.0,0.0,0.0,0.0,0.0,0.0,0.0,0.0,0.0,0.0,0.0,0.0,0.0,0.0,0.0,0.0,0.0,0.0,0.0,0.0,0.0,0.0,0.0,0.0,0.0,0.0,0.0,0.0,0.0,0.0,0.0,0.0,0.0,0.0,0.0,0.0,0.0,0.0,0.0,0.0,0.0,0.0,0.0,0.0,0.0,0.0,0.0,0.0,0.0,0.0,0.0,0.0,0.0,0.0,0.0,0.0,0.0,0.0,0.0,0.0,0.0,0.0,0.0,0.0,0.0,0.0,0.0,0.0,0.0,0.0,0.0,0.0,0.0,0.0,0.0,0.0,0.0,0.0,0.0,0.0,0.0,0.0,0.0,0.0,0.0,0.0,0.0,0.0,0.0,0.0,0.0,0.0,0.0,0.0,0.0,0.0,0.0,0.0,0.0,0.0,0.0,0.0,0.0,0.0,0.0,0.0,0.0,0.0,0.0,0.0,0.0,0.0,0.0,0.0,0.0,0.0,0.0,0.0,0.0,0.0,0.0,0.0,0.0,0.0,0.0,0.0,0.0,0.0,0.0,918.116,304.99738,0.9946027,920.0661,438.9883,0.9989617,775.10364,442.17148,0.9989617,704.70044,645.143,0.6416723,840.3139,550.03186,0.6989246,1065.0287,435.80515,0.99936754,1125.7665,635.6671,0.8867317,969.00684,502.69675,0.8083177,919.4435,919.99854,0.9866432,814.0088,921.4711,0.98769563,818.33514,1233.7722,0.024916284,806.8936,1569.0524,0.003945065,1024.8782,918.52594,0.9866432,1022.3609,1263.6283,0.015414552,991.39655,1583.8478,0.002448832,888.99884,277.04352,0.99250954,950.4443,278.57877,0.98376447,858.1222,289.6573,0.9811084,978.4242,291.39682,0.9896728,955.6162,1688.7787,0.0022617918,955.6162,1688.7787,0.0022617918,989.51764,1624.5315,0.002975322,834.94965,1660.8086,0.0021953103,834.94965,1660.8086,0.0021953103,803.17786,1616.9857,0.0034985626,974.5261,510.1671,1.0,969.87115,477.30908,1.0,954.77747,448.26102,1.0,941.29956,425.7826,1.0,939.7153,406.95438,1.0,941.01196,448.7513,1.0,906.6097,429.63037,1.0,885.24384,421.26456,1.0,867.9215,416.03433,1.0,933.33386,462.33395,1.0,894.7729,441.43204,1.0,869.65027,432.13437,1.0,850.78973,427.17053,1.0,925.6944,479.58862,1.0,888.9491,458.61072,1.0,866.85565,448.2405,1.0,850.47217,441.13623,1.0,918.23553,499.96115,1.0,890.2611,483.35037,1.0,875.3774,473.88474,1.0,863.16516,465.8292,1.0,828.161,545.2431,1.0,848.0819,524.088,1.0,876.65564,517.01196,1.0,901.6078,522.85895,1.0,918.9536,528.7875,1.0,869.9636,505.64963,1.0,903.59796,520.91833,1.0,920.90405,532.9744,1.0,933.33124,542.546,1.0,860.7336,522.4596,1.0,903.32935,544.9357,1.0,894.4264,547.5499,1.0,880.8639,542.9025,1.0,853.06714,542.4927,1.0,894.2611,560.67126,1.0,882.9002,560.2571,1.0,869.60205,555.3048,1.0,847.43835,563.1581,1.0,878.58014,574.98145,1.0,869.94684,571.6839,1.0,857.5241,565.9424,1.0
0.0,0.0,0.0,0.0,0.0,0.0,0.0,0.0,0.0,0.0,0.0,0.0,0.0,0.0,0.0,0.0,0.0,0.0,0.0,0.0,0.0,0.0,0.0,0.0,0.0,0.0,0.0,0.0,0.0,0.0,0.0,0.0,0.0,0.0,0.0,0.0,0.0,0.0,0.0,0.0,0.0,0.0,0.0,0.0,0.0,0.0,0.0,0.0,0.0,0.0,0.0,0.0,0.0,0.0,0.0,0.0,0.0,0.0,0.0,0.0,0.0,0.0,0.0,0.0,0.0,0.0,0.0,0.0,0.0,0.0,0.0,0.0,0.0,0.0,0.0,0.0,0.0,0.0,0.0,0.0,0.0,0.0,0.0,0.0,0.0,0.0,0.0,0.0,0.0,0.0,0.0,0.0,0.0,0.0,0.0,0.0,0.0,0.0,0.0,0.0,0.0,0.0,0.0,0.0,0.0,0.0,0.0,0.0,0.0,0.0,0.0,0.0,0.0,0.0,0.0,0.0,0.0,0.0,0.0,0.0,0.0,0.0,0.0,0.0,0.0,0.0,0.0,0.0,0.0,0.0,0.0,0.0,0.0,0.0,0.0,0.0,0.0,0.0,0.0,0.0,0.0,0.0,0.0,0.0,0.0,0.0,0.0,0.0,0.0,0.0,0.0,0.0,0.0,0.0,0.0,0.0,0.0,0.0,0.0,0.0,0.0,0.0,0.0,0.0,0.0,0.0,0.0,0.0,0.0,0.0,0.0,0.0,0.0,0.0,0.0,0.0,0.0,0.0,0.0,0.0,0.0,0.0,0.0,0.0,0.0,0.0,0.0,0.0,0.0,0.0,0.0,0.0,0.0,0.0,0.0,0.0,0.0,0.0,0.0,0.0,0.0,0.0,0.0,0.0,0.0,0.0,0.0,0.0,0.0,0.0,917.56177,300.38324,0.99478287,919.4947,439.43585,0.99898475,774.95734,443.04373,0.99898475,701.5019,645.80115,0.6333906,835.2456,549.5121,0.69047993,1064.032,435.82797,0.99938935,1129.9524,633.4482,0.8888878,967.13837,506.13943,0.80894315,919.4865,919.2778,0.9867946,814.0225,921.0591,0.98778516,819.98254,1230.8606,0.023897732,808.45776,1568.7252,0.003746069,1024.9504,917.4965,0.9867946,1022.4029,1258.6222,0.014926131,991.9757,1580.4237,0.0023117901,888.64996,273.9196,0.9927162,949.77924,276.13083,0.9842488,857.0528,288.49332,0.9814698,977.7773,290.33072,0.99003637,958.15924,1682.2152,0.0021438883,958.15924,1682.2152,0.0021438883,990.1925,1622.3285,0.0028313682,835.9568,1659.8079,0.0020893046,835.9568,1659.8079,0.0020893046,804.5352,1616.9175,0.0033480902,980.8203,514.0715,1.0,961.46716,486.4836,1.0,932.9119,466.50677,1.0,909.2093,451.9935,1.0,897.8222,436.02667,1.0,928.04803,463.1293,1.0,887.70703,456.03156,1.0,864.99756,454.6593,1.0,846.9996,455.2337,1.0,927.3695,476.7542,1.0,883.2066,467.93994,1.0,855.6652,466.49365,1.0,834.8722,467.91168,1.0,926.0401,495.4996,1.0,884.4061,485.63907,1.0,858.6199,482.63986,1.0,839.40564,481.43182,1.0,925.18494,518.0451,1.0,893.77686,510.74164,1.0,876.0769,507.1024,1.0,860.9575,504.2918,1.0,815.88684,537.1974,1.0,845.4568,527.01935,1.0,876.35815,527.35596,1.0,899.27155,537.3953,1.0,916.9283,543.91034,1.0,865.7554,508.44623,1.0,888.73486,515.57275,1.0,901.133,529.0782,1.0,908.5215,540.6808,1.0,851.04065,515.1056,1.0,874.2081,537.9831,1.0,882.89105,555.11115,1.0,887.3362,565.79974,1.0,836.4021,527.36566,1.0,858.3426,551.6873,1.0,867.0715,566.10114,1.0,871.9909,576.3063,1.0,823.6382,543.1881,1.0,840.4364,562.2891,1.0,850.0426,572.6832,1.0,856.658,580.66376,1.0
0.0,0.0,0.0,0.0,0.0,0.0,0.0,0.0,0.0,0.0,0.0,0.0,0.0,0.0,0.0,0.0,0.0,0.0,0.0,0.0,0.0,0.0,0.0,0.0,0.0,0.0,0.0,0.0,0.0,0.0,0.0,0.0,0.0,0.0,0.0,0.0,0.0,0.0,0.0,0.0,0.0,0.0,0.0,0.0,0.0,0.0,0.0,0.0,0.0,0.0,0.0,0.0,0.0,0.0,0.0,0.0,0.0,0.0,0.0,0.0,0.0,0.0,0.0,0.0,0.0,0.0,0.0,0.0,0.0,0.0,0.0,0.0,0.0,0.0,0.0,0.0,0.0,0.0,0.0,0.0,0.0,0.0,0.0,0.0,0.0,0.0,0.0,0.0,0.0,0.0,0.0,0.0,0.0,0.0,0.0,0.0,0.0,0.0,0.0,0.0,0.0,0.0,0.0,0.0,0.0,0.0,0.0,0.0,0.0,0.0,0.0,0.0,0.0,0.0,0.0,0.0,0.0,0.0,0.0,0.0,0.0,0.0,0.0,0.0,0.0,0.0,0.0,0.0,0.0,0.0,0.0,0.0,0.0,0.0,0.0,0.0,0.0,0.0,0.0,0.0,0.0,0.0,0.0,0.0,0.0,0.0,0.0,0.0,0.0,0.0,0.0,0.0,0.0,0.0,0.0,0.0,0.0,0.0,0.0,0.0,0.0,0.0,0.0,0.0,0.0,0.0,0.0,0.0,0.0,0.0,0.0,0.0,0.0,0.0,0.0,0.0,0.0,0.0,0.0,0.0,0.0,0.0,0.0,0.0,0.0,0.0,0.0,0.0,0.0,0.0,0.0,0.0,0.0,0.0,0.0,0.0,0.0,0.0,0.0,0.0,0.0,0.0,0.0,0.0,0.0,0.0,0.0,0.0,0.0,0.0,917.1192,295.16632,0.99492997,918.6781,439.50507,0.99900144,774.60614,443.18146,0.99900144,699.82416,645.90656,0.62345517,829.72,546.9551,0.68792415,1062.7501,435.82867,0.9994039,1132.4366,627.6319,0.89032716,967.0587,511.505,0.8093752,919.27716,916.0884,0.98677945,813.81604,918.3497,0.9877302,820.77094,1224.555,0.023048574,810.0959,1566.3369,0.0035938711,1024.7383,913.82715,0.98677945,1023.2975,1248.0781,0.014215188,993.2391,1571.3043,0.0021774112,888.42255,270.49115,0.9928909,949.32404,273.7401,0.98460805,856.4942,287.48947,0.98178506,977.09204,289.4902,0.9903157,961.74,1674.5842,0.0020315456,961.74,1674.5842,0.0020315456,991.5349,1613.6542,0.0026971127,839.95135,1658.6295,0.0020087236,839.95135,1658.6295,0.0020087236,805.8088,1614.6417,0.0032313168,975.2864,517.22595,1.0,947.6727,496.85782,1.0,914.72015,485.23627,1.0,887.8508,478.11667,1.0,870.3208,467.72827,1.0,908.83154,476.85983,1.0,869.7586,478.1706,1.0,848.2535,481.69638,1.0,831.53265,485.17917,1.0,914.10144,488.73788,1.0,870.59045,490.32275,1.0,845.2817,494.22287,1.0,826.08307,498.34894,1.0,919.83875,506.25568,1.0,878.8409,506.5429,1.0,854.1829,508.01453,1.0,835.48065,508.71796,1.0,926.2903,527.849,1.0,894.62506,528.935,1.0,876.4836,529.61975,1.0,860.97003,530.5061,1.0,814.7424,524.0412,1.0,829.5744,505.6276,1.0,850.3304,496.09546,1.0,866.58966,492.78015,1.0,879.7433,488.4039,1.0,863.04254,498.612,1.0,886.8788,500.99197,1.0,903.1503,505.0965,1.0,914.4181,508.415,1.0,860.9406,510.17682,1.0,885.52325,514.40295,1.0,902.72925,517.5399,1.0,915.54504,520.1477,1.0,857.54376,523.27936,1.0,881.2528,529.2379,1.0,897.50616,532.5089,1.0,909.80896,534.1551,1.0,852.7664,537.6579,1.0,872.2469,543.31055,1.0,886.3079,545.735,1.0,897.22546,546.5327,1.0
0.0,0.0,0.0,0.0,0.0,0.0,0.0,0.0,0.0,0.0,0.0,0.0,0.0,0.0,0.0,0.0,0.0,0.0,0.0,0.0,0.0,0.0,0.0,0.0,0.0,0.0,0.0,0.0,0.0,0.0,0.0,0.0,0.0,0.0,0.0,0.0,0.0,0.0,0.0,0.0,0.0,0.0,0.0,0.0,0.0,0.0,0.0,0.0,0.0,0.0,0.0,0.0,0.0,0.0,0.0,0.0,0.0,0.0,0.0,0.0,0.0,0.0,0.0,0.0,0.0,0.0,0.0,0.0,0.0,0.0,0.0,0.0,0.0,0.0,0.0,0.0,0.0,0.0,0.0,0.0,0.0,0.0,0.0,0.0,0.0,0.0,0.0,0.0,0.0,0.0,0.0,0.0,0.0,0.0,0.0,0.0,0.0,0.0,0.0,0.0,0.0,0.0,0.0,0.0,0.0,0.0,0.0,0.0,0.0,0.0,0.0,0.0,0.0,0.0,0.0,0.0,0.0,0.0,0.0,0.0,0.0,0.0,0.0,0.0,0.0,0.0,0.0,0.0,0.0,0.0,0.0,0.0,0.0,0.0,0.0,0.0,0.0,0.0,0.0,0.0,0.0,0.0,0.0,0.0,0.0,0.0,0.0,0.0,0.0,0.0,0.0,0.0,0.0,0.0,0.0,0.0,0.0,0.0,0.0,0.0,0.0,0.0,0.0,0.0,0.0,0.0,0.0,0.0,0.0,0.0,0.0,0.0,0.0,0.0,0.0,0.0,0.0,0.0,0.0,0.0,0.0,0.0,0.0,0.0,0.0,0.0,0.0,0.0,0.0,0.0,0.0,0.0,0.0,0.0,0.0,0.0,0.0,0.0,0.0,0.0,0.0,0.0,0.0,0.0,0.0,0.0,0.0,0.0,0.0,0.0,916.7581,288.47275,0.9950097,917.21204,439.46204,0.99902403,773.3646,443.18582,0.99902403,696.7599,645.87177,0.6206971,821.18677,541.2823,0.699837,1061.0594,435.73825,0.9994141,1132.8789,618.01434,0.8924865,967.2362,521.9958,0.8101191,919.05066,914.2672,0.98693,813.5379,917.10925,0.9878818,821.2285,1221.5046,0.022654107,812.1954,1563.0947,0.0034905234,1024.5635,911.4252,0.98693,1023.4907,1242.8019,0.013618109,993.9446,1565.6304,0.002066528,888.1964,266.59003,0.99298835,948.578,270.10837,0.9846579,856.1846,286.06015,0.98204505,975.8352,287.7466,0.9904561,964.565,1670.9745,0.0019362678,964.565,1670.9745,0.0019362678,992.26654,1607.9119,0.0025878,842.2034,1656.3314,0.0019490761,842.2034,1656.3314,0.0019490761,808.3369,1611.7078,0.003172127,973.64886,517.47156,1.0,944.8957,498.31494,1.0,911.05963,488.1458,1.0,883.9473,482.73398,1.0,866.30023,473.27402,1.0,905.215,479.51044,1.0,866.3957,481.61856,1.0,844.9992,485.71298,1.0,828.90625,490.2055,1.0,910.8534,490.48254,1.0,868.36536,492.79453,1.0,843.7234,497.8387,1.0,825.15344,503.14798,1.0,917.9747,507.01346,1.0,877.85004,508.63068,1.0,853.40735,511.5097,1.0,835.13446,513.47815,1.0,926.19116,528.0229,1.0,895.24066,531.456,1.0,876.9069,532.9226,1.0,861.4952,534.41345,1.0,823.51733,513.4152,1.0,840.28516,495.03308,1.0,859.6142,482.9582,1.0,873.9959,477.15103,1.0,883.2141,471.36325,1.0,861.4202,477.4428,1.0,879.0469,475.6308,1.0,891.83075,478.09613,1.0,900.90643,479.96414,1.0,854.6519,485.68427,1.0,872.9979,485.4578,1.0,886.0643,486.45685,1.0,896.0274,486.5181,1.0,847.5186,496.40054,1.0,864.0751,497.15103,1.0,875.82916,497.46793,1.0,885.07806,496.15137,1.0,839.9672,509.07944,1.0,851.9123,509.89655,1.0,861.6632,509.52338,1.0,869.7929,507.5973,1.0
0.0,0.0,0.0,0.0,0.0,0.0,0.0,0.0,0.0,0.0,0.0,0.0,0.0,0.0,0.0,0.0,0.0,0.0,0.0,0.0,0.0,0.0,0.0,0.0,0.0,0.0,0.0,0.0,0.0,0.0,0.0,0.0,0.0,0.0,0.0,0.0,0.0,0.0,0.0,0.0,0.0,0.0,0.0,0.0,0.0,0.0,0.0,0.0,0.0,0.0,0.0,0.0,0.0,0.0,0.0,0.0,0.0,0.0,0.0,0.0,0.0,0.0,0.0,0.0,0.0,0.0,0.0,0.0,0.0,0.0,0.0,0.0,0.0,0.0,0.0,0.0,0.0,0.0,0.0,0.0,0.0,0.0,0.0,0.0,0.0,0.0,0.0,0.0,0.0,0.0,0.0,0.0,0.0,0.0,0.0,0.0,0.0,0.0,0.0,0.0,0.0,0.0,0.0,0.0,0.0,0.0,0.0,0.0,0.0,0.0,0.0,0.0,0.0,0.0,0.0,0.0,0.0,0.0,0.0,0.0,0.0,0.0,0.0,0.0,0.0,0.0,0.0,0.0,0.0,0.0,0.0,0.0,0.0,0.0,0.0,0.0,0.0,0.0,0.0,0.0,0.0,0.0,0.0,0.0,0.0,0.0,0.0,0.0,0.0,0.0,0.0,0.0,0.0,0.0,0.0,0.0,0.0,0.0,0.0,0.0,0.0,0.0,0.0,0.0,0.0,0.0,0.0,0.0,0.0,0.0,0.0,0.0,0.0,0.0,0.0,0.0,0.0,0.0,0.0,0.0,0.0,0.0,0.0,0.0,0.0,0.0,0.0,0.0,0.0,0.0,0.0,0.0,0.0,0.0,0.0,0.0,0.0,0.0,0.0,0.0,0.0,0.0,0.0,0.0,0.0,0.0,0.0,0.0,0.0,0.0,915.86334,282.60022,0.9952244,915.8154,438.68546,0.99905926,772.77325,443.23193,0.99905926,695.13324,643.0822,0.6200661,814.3833,530.0341,0.7167739,1058.8577,434.13895,0.99943006,1134.661,602.07605,0.8953863,965.7223,529.5748,0.8116691,918.71075,912.7606,0.9872073,812.9433,915.4737,0.9881553,822.34515,1217.8024,0.022261424,814.3734,1558.7789,0.0033594435,1024.4783,910.0476,0.9872073,1023.4959,1237.7222,0.013154048,995.7318,1560.8792,0.0019662073,887.5849,263.05643,0.9932708,946.9545,265.80945,0.98515165,855.9062,284.73804,0.9827871,974.50525,285.79288,0.9908222,967.3307,1666.2216,0.0018553683,967.3307,1666.2216,0.0018553683,994.55865,1603.9357,0.002489918,845.2173,1652.0128,0.0018791874,845.2173,1652.0128,0.0018791874,810.54083,1607.6565,0.003090947,969.4482,522.2357,1.0,942.6888,508.13623,1.0,916.31586,498.72702,1.0,898.68225,490.9772,1.0,887.27484,480.95538,1.0,899.11255,492.7001,1.0,859.4195,496.21405,1.0,836.98944,502.38248,1.0,820.54443,508.0674,1.0,905.1492,500.9331,1.0,859.92596,506.9645,1.0,834.79395,515.5023,1.0,816.27325,522.2936,1.0,913.52606,515.3751,1.0,870.6119,521.43036,1.0,845.59894,527.48975,1.0,826.78076,531.226,1.0,923.0544,534.4772,1.0,893.4482,540.9114,1.0,875.52216,544.61957,1.0,859.7632,547.4178,1.0,832.29236,502.7893,1.0,850.996,484.43857,1.0,868.89795,469.82092,1.0,881.40216,461.52188,1.0,886.68494,454.32257,1.0,859.7979,456.27362,1.0,871.215,450.2696,1.0,880.51117,451.09576,1.0,887.3948,451.51328,1.0,848.3633,461.19168,1.0,860.47253,456.51266,1.0,869.3993,455.37375,1.0,876.50977,452.88846,1.0,837.4934,469.52176,1.0,846.89734,465.06418,1.0,854.15216,462.42694,1.0,860.3471,458.14764,1.0,827.16797,480.50098,1.0,831.57764,476.48254,1.0,837.0185,473.3117,1.0,842.3603,468.66187,1.0
0.0,0.0,0.0,0.0,0.0,0.0,0.0,0.0,0.0,0.0,0.0,0.0,0.0,0.0,0.0,0.0,0.0,0.0,0.0,0.0,0.0,0.0,0.0,0.0,0.0,0.0,0.0,0.0,0.0,0.0,0.0,0.0,0.0,0.0,0.0,0.0,0.0,0.0,0.0,0.0,0.0,0.0,0.0,0.0,0.0,0.0,0.0,0.0,0.0,0.0,0.0,0.0,0.0,0.0,0.0,0.0,0.0,0.0,0.0,0.0,0.0,0.0,0.0,0.0,0.0,0.0,0.0,0.0,0.0,0.0,0.0,0.0,0.0,0.0,0.0,0.0,0.0,0.0,0.0,0.0,0.0,0.0,0.0,0.0,0.0,0.0,0.0,0.0,0.0,0.0,0.0,0.0,0.0,0.0,0.0,0.0,0.0,0.0,0.0,0.0,0.0,0.0,0.0,0.0,0.0,0.0,0.0,0.0,0.0,0.0,0.0,0.0,0.0,0.0,0.0,0.0,0.0,0.0,0.0,0.0,0.0,0.0,0.0,0.0,0.0,0.0,0.0,0.0,0.0,0.0,0.0,0.0,0.0,0.0,0.0,0.0,0.0,0.0,0.0,0.0,0.0,0.0,0.0,0.0,0.0,0.0,0.0,0.0,0.0,0.0,0.0,0.0,0.0,0.0,0.0,0.0,0.0,0.0,0.0,0.0,0.0,0.0,0.0,0.0,0.0,0.0,0.0,0.0,0.0,0.0,0.0,0.0,0.0,0.0,0.0,0.0,0.0,0.0,0.0,0.0,0.0,0.0,0.0,0.0,0.0,0.0,0.0,0.0,0.0,0.0,0.0,0.0,0.0,0.0,0.0,0.0,0.0,0.0,0.0,0.0,0.0,0.0,0.0,0.0,0.0,0.0,0.0,0.0,0.0,0.0,915.50366,278.19333,0.99548024,914.96954,437.0518,0.9990974,773.27673,443.51648,0.9990974,694.68,637.37695,0.6255933,811.8917,513.2498,0.7387495,1056.6624,430.58707,0.9994483,1135.1896,585.9026,0.89833033,963.5854,534.3376,0.81575173,918.45197,910.97266,0.98758423,812.55005,913.8295,0.9885367,823.45294,1214.916,0.02171019,816.41864,1553.8579,0.0032845978,1024.3539,908.1158,0.98758423,1022.8118,1235.4227,0.012781246,996.24634,1555.9729,0.001899693,887.3062,260.28247,0.9936152,946.0763,262.17078,0.9858109,855.8285,283.89352,0.9837008,973.78644,284.2957,0.9912726,968.89716,1661.9697,0.001822276,968.89716,1661.9697,0.001822276,995.2532,1598.817,0.0024421548,847.2283,1646.6567,0.0018477319,847.2283,1646.6567,0.0018477319,812.77325,1603.8394,0.003068882,953.0586,520.43304,1.0,920.5929,518.91,1.0,890.44214,519.20636,1.0,869.0373,521.49445,1.0,854.13135,525.4013,1.0,873.6687,507.27014,1.0,837.6685,519.78174,1.0,817.1681,530.23584,1.0,801.23425,538.96313,1.0,882.14124,512.35706,1.0,839.1143,527.5399,1.0,815.83154,539.3617,1.0,798.8339,548.34204,1.0,893.819,523.8486,1.0,851.8028,537.9914,1.0,827.62537,548.21454,1.0,809.4363,554.8788,1.0,907.164,539.611,1.0,878.3944,550.08496,1.0,860.45605,558.0808,1.0,845.57227,564.4057,1.0,841.0673,492.16336,1.0,861.7068,473.84402,1.0,878.18176,456.68365,1.0,888.8084,445.89273,1.0,890.15576,437.28192,1.0,858.17566,435.10446,1.0,863.3832,424.90842,1.0,869.1916,424.09537,1.0,873.8831,423.0624,1.0,842.07465,436.6991,1.0,847.9472,427.56754,1.0,852.7343,424.29068,1.0,856.9921,419.25882,1.0,827.46826,442.64294,1.0,829.7196,432.9773,1.0,832.4751,427.38596,1.0,835.6162,420.14392,1.0,814.3688,451.92252,1.0,811.243,443.06857,1.0,812.3738,437.10007,1.0,814.92773,429.7264,1.0
0.0,0.0,0.0,0.0,0.0,0.0,0.0,0.0,0.0,0.0,0.0,0.0,0.0,0.0,0.0,0.0,0.0,0.0,0.0,0.0,0.0,0.0,0.0,0.0,0.0,0.0,0.0,0.0,0.0,0.0,0.0,0.0,0.0,0.0,0.0,0.0,0.0,0.0,0.0,0.0,0.0,0.0,0.0,0.0,0.0,0.0,0.0,0.0,0.0,0.0,0.0,0.0,0.0,0.0,0.0,0.0,0.0,0.0,0.0,0.0,0.0,0.0,0.0,0.0,0.0,0.0,0.0,0.0,0.0,0.0,0.0,0.0,0.0,0.0,0.0,0.0,0.0,0.0,0.0,0.0,0.0,0.0,0.0,0.0,0.0,0.0,0.0,0.0,0.0,0.0,0.0,0.0,0.0,0.0,0.0,0.0,0.0,0.0,0.0,0.0,0.0,0.0,0.0,0.0,0.0,0.0,0.0,0.0,0.0,0.0,0.0,0.0,0.0,0.0,0.0,0.0,0.0,0.0,0.0,0.0,0.0,0.0,0.0,0.0,0.0,0.0,0.0,0.0,0.0,0.0,0.0,0.0,0.0,0.0,0.0,0.0,0.0,0.0,0.0,0.0,0.0,0.0,0.0,0.0,0.0,0.0,0.0,0.0,0.0,0.0,0.0,0.0,0.0,0.0,0.0,0.0,0.0,0.0,0.0,0.0,0.0,0.0,0.0,0.0,0.0,0.0,0.0,0.0,0.0,0.0,0.0,0.0,0.0,0.0,0.0,0.0,0.0,0.0,0.0,0.0,0.0,0.0,0.0,0.0,0.0,0.0,0.0,0.0,0.0,0.0,0.0,0.0,0.0,0.0,0.0,0.0,0.0,0.0,0.0,0.0,0.0,0.0,0.0,0.0,0.0,0.0,0.0,0.0,0.0,0.0,915.5407,271.95978,0.99571,913.3436,433.93115,0.99913263,773.7035,443.31488,0.99913263,694.6601,628.33575,0.6381087,812.7973,487.96115,0.76175296,1052.9836,424.54745,0.9994622,1134.1787,569.3717,0.8978906,957.7677,536.28143,0.8160886,918.2324,907.7821,0.9877986,812.3107,910.8314,0.9887953,823.72687,1211.2275,0.02110417,817.196,1547.6366,0.0031908862,1024.154,904.7328,0.9877986,1021.7934,1233.5492,0.012386416,995.62756,1553.1416,0.0018298998,887.2597,256.32242,0.9939339,945.9181,257.69003,0.9864102,855.9186,281.4057,0.9845628,973.383,282.05667,0.9916746,969.21173,1660.1584,0.0017857947,969.21173,1660.1584,0.0017857947,994.5462,1595.5652,0.0023884168,848.34814,1640.7631,0.0018115438,848.34814,1640.7631,0.0018115438,813.6221,1597.9877,0.0030174698,938.89246,520.58453,1.0,903.52423,539.50024,1.0,871.88794,544.83545,1.0,849.3564,548.99884,1.0,833.1127,555.2761,1.0,854.81757,517.8814,1.0,824.1406,535.4091,1.0,805.8241,548.3495,1.0,791.0472,559.7953,1.0,863.1004,518.2117,1.0,826.308,538.58795,1.0,805.22174,552.36475,1.0,788.08923,564.13135,1.0,875.8203,525.4105,1.0,837.93506,542.96606,1.0,816.1679,553.88806,1.0,798.5441,562.0549,1.0,890.8764,538.15497,1.0,865.65955,548.9873,1.0,848.62683,557.6884,1.0,833.24005,565.0386,1.0,839.8117,472.57648,1.0,862.41376,449.52432,1.0,878.3388,428.06473,1.0,887.50134,412.09158,1.0,888.97797,398.2407,1.0,858.25854,412.33154,1.0,861.58496,395.0272,1.0,869.4324,388.8163,1.0,876.4996,386.4526,1.0,843.49164,413.42236,1.0,847.8481,396.8122,1.0,853.49164,385.67004,1.0,859.99066,377.6769,1.0,829.24963,416.79086,1.0,830.7011,399.66864,1.0,833.09717,386.5062,1.0,837.51624,376.6332,1.0,815.6728,423.63364,1.0,808.30707,405.65182,1.0,803.96344,391.50186,1.0,802.5443,379.40988,1.0
0.0,0.0,0.0,0.0,0.0,0.0,0.0,0.0,0.0,0.0,0.0,0.0,0.0,0.0,0.0,0.0,0.0,0.0,0.0,0.0,0.0,0.0,0.0,0.0,0.0,0.0,0.0,0.0,0.0,0.0,0.0,0.0,0.0,0.0,0.0,0.0,0.0,0.0,0.0,0.0,0.0,0.0,0.0,0.0,0.0,0.0,0.0,0.0,0.0,0.0,0.0,0.0,0.0,0.0,0.0,0.0,0.0,0.0,0.0,0.0,0.0,0.0,0.0,0.0,0.0,0.0,0.0,0.0,0.0,0.0,0.0,0.0,0.0,0.0,0.0,0.0,0.0,0.0,0.0,0.0,0.0,0.0,0.0,0.0,0.0,0.0,0.0,0.0,0.0,0.0,0.0,0.0,0.0,0.0,0.0,0.0,0.0,0.0,0.0,0.0,0.0,0.0,0.0,0.0,0.0,0.0,0.0,0.0,0.0,0.0,0.0,0.0,0.0,0.0,0.0,0.0,0.0,0.0,0.0,0.0,0.0,0.0,0.0,0.0,0.0,0.0,0.0,0.0,0.0,0.0,0.0,0.0,0.0,0.0,0.0,0.0,0.0,0.0,0.0,0.0,0.0,0.0,0.0,0.0,0.0,0.0,0.0,0.0,0.0,0.0,0.0,0.0,0.0,0.0,0.0,0.0,0.0,0.0,0.0,0.0,0.0,0.0,0.0,0.0,0.0,0.0,0.0,0.0,0.0,0.0,0.0,0.0,0.0,0.0,0.0,0.0,0.0,0.0,0.0,0.0,0.0,0.0,0.0,0.0,0.0,0.0,0.0,0.0,0.0,0.0,0.0,0.0,0.0,0.0,0.0,0.0,0.0,0.0,0.0,0.0,0.0,0.0,0.0,0.0,0.0,0.0,0.0,0.0,0.0,0.0,915.6065,267.06467,0.9959178,910.97894,432.17978,0.9991622,773.51245,444.1743,0.9991622,695.34875,616.9967,0.6518777,814.03906,460.1914,0.7835048,1048.4454,420.18527,0.99946755,1130.362,555.76306,0.89516187,945.54425,536.7727,0.81094444,918.1727,907.98157,0.98792136,812.26355,911.1611,0.98900443,822.6127,1213.3513,0.020482274,817.26373,1546.0311,0.0030800204,1024.0819,904.80206,0.98792136,1020.73987,1233.986,0.0120221,995.3717,1552.8704,0.0017617138,887.28613,252.5337,0.99424356,945.9309,253.50883,0.9869475,856.5549,278.93445,0.9854577,972.8831,280.01447,0.9920665,970.8322,1660.4517,0.0017497493,970.8322,1660.4517,0.0017497493,994.24194,1594.972,0.0023300329,848.5407,1639.1421,0.0017658664,848.5407,1639.1421,0.0017658664,813.7285,1596.235,0.002952508,928.0781,518.1705,1.0,895.0684,545.60895,1.0,863.9207,552.80804,1.0,841.6813,556.5567,1.0,825.6366,561.625,1.0,844.8806,520.81494,1.0,816.03076,540.0792,1.0,797.9056,554.484,1.0,783.1934,567.4492,1.0,852.49457,519.443,1.0,817.88196,543.1154,1.0,797.0262,558.47485,1.0,779.2822,571.6436,1.0,864.94745,525.08093,1.0,828.9824,545.8534,1.0,807.83215,558.0489,1.0,789.8646,567.56683,1.0,880.19916,536.4873,1.0,856.4365,549.08136,1.0,839.8897,558.77893,1.0,824.2296,567.03296,1.0,846.71954,450.27188,1.0,868.54114,425.56982,1.0,881.7606,401.44763,1.0,888.9138,384.2539,1.0,889.9404,370.33823,1.0,859.4524,385.8099,1.0,861.4649,369.60083,1.0,869.4994,364.00967,1.0,876.78094,361.7723,1.0,844.6792,387.6314,1.0,846.8552,372.6738,1.0,853.58386,363.32178,1.0,861.50354,355.7849,1.0,830.55383,391.63922,1.0,832.0839,376.393,1.0,837.95776,367.04266,1.0,845.1187,361.16388,1.0,817.338,398.72296,1.0,808.5492,379.365,1.0,802.4278,363.87158,1.0,798.8858,351.50723,1.0
0.0,0.0,0.0,0.0,0.0,0.0,0.0,0.0,0.0,0.0,0.0,0.0,0.0,0.0,0.0,0.0,0.0,0.0,0.0,0.0,0.0,0.0,0.0,0.0,0.0,0.0,0.0,0.0,0.0,0.0,0.0,0.0,0.0,0.0,0.0,0.0,0.0,0.0,0.0,0.0,0.0,0.0,0.0,0.0,0.0,0.0,0.0,0.0,0.0,0.0,0.0,0.0,0.0,0.0,0.0,0.0,0.0,0.0,0.0,0.0,0.0,0.0,0.0,0.0,0.0,0.0,0.0,0.0,0.0,0.0,0.0,0.0,0.0,0.0,0.0,0.0,0.0,0.0,0.0,0.0,0.0,0.0,0.0,0.0,0.0,0.0,0.0,0.0,0.0,0.0,0.0,0.0,0.0,0.0,0.0,0.0,0.0,0.0,0.0,0.0,0.0,0.0,0.0,0.0,0.0,0.0,0.0,0.0,0.0,0.0,0.0,0.0,0.0,0.0,0.0,0.0,0.0,0.0,0.0,0.0,0.0,0.0,0.0,0.0,0.0,0.0,0.0,0.0,0.0,0.0,0.0,0.0,0.0,0.0,0.0,0.0,0.0,0.0,0.0,0.0,0.0,0.0,0.0,0.0,0.0,0.0,0.0,0.0,0.0,0.0,0.0,0.0,0.0,0.0,0.0,0.0,0.0,0.0,0.0,0.0,0.0,0.0,0.0,0.0,0.0,0.0,0.0,0.0,0.0,0.0,0.0,0.0,0.0,0.0,0.0,0.0,0.0,0.0,0.0,0.0,0.0,0.0,0.0,0.0,0.0,0.0,0.0,0.0,0.0,0.0,0.0,0.0,0.0,0.0,0.0,0.0,0.0,0.0,0.0,0.0,0.0,0.0,0.0,0.0,0.0,0.0,0.0,0.0,0.0,0.0,914.35284,265.832,0.99612856,908.7541,431.33142,0.99918723,772.9455,446.00458,0.99918723,697.98834,603.1015,0.6692412,819.3912,436.14484,0.80299413,1044.5626,416.65823,0.99947345,1123.6877,543.3928,0.8925097,928.81726,536.67554,0.80488235,918.15765,909.79913,0.98814225,812.278,913.70325,0.9892639,822.60315,1221.4379,0.01968005,818.0162,1554.143,0.0029246951,1024.0374,905.8951,0.98814225,1021.2356,1242.2617,0.011804836,997.7058,1563.9288,0.0016919841,886.81915,250.5341,0.9945468,945.4055,250.98138,0.98752886,857.4463,277.10767,0.98627484,971.5947,278.76334,0.99245065,976.45886,1671.3462,0.0017044629,976.45886,1671.3462,0.0017044629,996.67053,1605.8907,0.0022716583,850.1389,1648.646,0.0016894997,850.1389,1648.646,0.0016894997,814.4924,1604.0715,0.002837314,917.74475,516.1884,1.0,885.44977,545.80066,1.0,854.9548,554.4377,1.0,832.2482,558.27686,1.0,815.9417,562.3701,1.0,836.26025,521.05426,1.0,808.0125,539.85016,1.0,789.8809,554.2697,1.0,774.5387,567.36255,1.0,842.7338,519.1923,1.0,809.28284,543.71027,1.0,788.9636,559.496,1.0,770.996,572.50366,1.0,854.15,524.236,1.0,819.7465,546.50073,1.0,798.9423,559.8708,1.0,780.91473,570.2186,1.0,868.8859,534.8145,1.0,845.8636,548.4349,1.0,829.8053,559.1134,1.0,814.5266,568.1864,1.0,856.915,430.2194,1.0,877.3771,404.959,1.0,888.3723,380.13025,1.0,894.619,362.22028,1.0,891.8006,348.6155,1.0,864.3016,361.3804,1.0,864.11316,345.03488,1.0,871.1699,340.81204,1.0,878.13434,340.39597,1.0,848.69476,362.94577,1.0,847.2347,347.9866,1.0,853.2896,341.2681,1.0,861.3269,335.62296,1.0,833.8307,367.49716,1.0,833.00323,353.04047,1.0,839.2103,346.3104,1.0,847.6621,342.8736,1.0,820.40704,375.8537,1.0,810.21375,356.02203,1.0,802.1901,340.66153,1.0,797.6913,328.97375,1.0
0.0,0.0,0.0,0.0,0.0,0.0,0.0,0.0,0.0,0.0,0.0,0.0,0.0,0.0,0.0,0.0,0.0,0.0,0.0,0.0,0.0,0.0,0.0,0.0,0.0,0.0,0.0,0.0,0.0,0.0,0.0,0.0,0.0,0.0,0.0,0.0,0.0,0.0,0.0,0.0,0.0,0.0,0.0,0.0,0.0,0.0,0.0,0.0,0.0,0.0,0.0,0.0,0.0,0.0,0.0,0.0,0.0,0.0,0.0,0.0,0.0,0.0,0.0,0.0,0.0,0.0,0.0,0.0,0.0,0.0,0.0,0.0,0.0,0.0,0.0,0.0,0.0,0.0,0.0,0.0,0.0,0.0,0.0,0.0,0.0,0.0,0.0,0.0,0.0,0.0,0.0,0.0,0.0,0.0,0.0,0.0,0.0,0.0,0.0,0.0,0.0,0.0,0.0,0.0,0.0,0.0,0.0,0.0,0.0,0.0,0.0,0.0,0.0,0.0,0.0,0.0,0.0,0.0,0.0,0.0,0.0,0.0,0.0,0.0,0.0,0.0,0.0,0.0,0.0,0.0,0.0,0.0,0.0,0.0,0.0,0.0,0.0,0.0,0.0,0.0,0.0,0.0,0.0,0.0,0.0,0.0,0.0,0.0,0.0,0.0,0.0,0.0,0.0,0.0,0.0,0.0,0.0,0.0,0.0,0.0,0.0,0.0,0.0,0.0,0.0,0.0,0.0,0.0,0.0,0.0,0.0,0.0,0.0,0.0,0.0,0.0,0.0,0.0,0.0,0.0,0.0,0.0,0.0,0.0,0.0,0.0,0.0,0.0,0.0,0.0,0.0,0.0,0.0,0.0,0.0,0.0,0.0,0.0,0.0,0.0,0.0,0.0,0.0,0.0,0.0,0.0,0.0,0.0,0.0,0.0,913.6452,264.39624,0.9963561,907.20374,430.36517,0.9992086,772.16785,446.89008,0.9992086,701.54333,589.86896,0.69042414,827.6256,417.5082,0.8207087,1042.2396,413.84027,0.9994768,1116.7144,533.5213,0.89255893,912.7895,536.1124,0.80222327,918.18414,910.975,0.9884483,812.36707,915.4362,0.9895797,822.90924,1232.9791,0.019489607,818.41254,1568.9108,0.0028275696,1024.0012,906.51373,0.9884483,1021.87354,1254.8226,0.012514834,999.66156,1584.0403,0.0016827795,886.6092,247.9981,0.9948693,945.0873,249.02565,0.98820096,858.5437,275.25626,0.98711,969.9495,277.87155,0.9928672,979.8172,1693.458,0.0017158445,979.8172,1693.458,0.0017158445,998.7299,1626.2604,0.0022924326,850.85846,1664.3496,0.0016470577,850.85846,1664.3496,0.0016470577,814.9745,1618.8733,0.002761204,906.1651,515.5136,1.0,873.6762,547.9676,1.0,842.9486,558.91095,1.0,819.218,564.6753,1.0,801.4752,569.641,1.0,824.43536,521.7173,1.0,798.42914,541.8483,1.0,781.04913,555.502,1.0,765.05945,567.33453,1.0,830.0923,517.58136,1.0,799.5051,543.7574,1.0,780.1795,559.34125,1.0,761.9121,571.4232,1.0,841.3215,520.2448,1.0,809.73737,544.3596,1.0,789.8574,557.86676,1.0,771.7895,567.6994,1.0,856.24774,529.3797,1.0,835.40607,543.95245,1.0,819.387,554.4527,1.0,803.60345,562.5191,1.0,865.2812,413.63586,1.0,884.2971,390.77466,1.0,896.2611,367.17078,1.0,902.9088,348.2388,1.0,895.65063,337.29333,1.0,869.9425,340.67587,1.0,870.72107,323.616,1.0,877.5478,324.31506,1.0,883.4608,329.76907,1.0,852.8766,341.01773,1.0,848.78436,322.00543,1.0,851.6535,311.23737,1.0,855.7003,302.17938,1.0,837.23315,346.211,1.0,830.18097,328.79645,1.0,829.89813,315.6469,1.0,832.0748,305.55533,1.0,823.94904,357.46735,1.0,811.5155,338.94116,1.0,802.03894,324.5975,1.0,796.0419,312.54364,1.0
0.0,0.0,0.0,0.0,0.0,0.0,0.0,0.0,0.0,0.0,0.0,0.0,0.0,0.0,0.0,0.0,0.0,0.0,0.0,0.0,0.0,0.0,0.0,0.0,0.0,0.0,0.0,0.0,0.0,0.0,0.0,0.0,0.0,0.0,0.0,0.0,0.0,0.0,0.0,0.0,0.0,0.0,0.0,0.0,0.0,0.0,0.0,0.0,0.0,0.0,0.0,0.0,0.0,0.0,0.0,0.0,0.0,0.0,0.0,0.0,0.0,0.0,0.0,0.0,0.0,0.0,0.0,0.0,0.0,0.0,0.0,0.0,0.0,0.0,0.0,0.0,0.0,0.0,0.0,0.0,0.0,0.0,0.0,0.0,0.0,0.0,0.0,0.0,0.0,0.0,0.0,0.0,0.0,0.0,0.0,0.0,0.0,0.0,0.0,0.0,0.0,0.0,0.0,0.0,0.0,0.0,0.0,0.0,0.0,0.0,0.0,0.0,0.0,0.0,0.0,0.0,0.0,0.0,0.0,0.0,0.0,0.0,0.0,0.0,0.0,0.0,0.0,0.0,0.0,0.0,0.0,0.0,0.0,0.0,0.0,0.0,0.0,0.0,0.0,0.0,0.0,0.0,0.0,0.0,0.0,0.0,0.0,0.0,0.0,0.0,0.0,0.0,0.0,0.0,0.0,0.0,0.0,0.0,0.0,0.0,0.0,0.0,0.0,0.0,0.0,0.0,0.0,0.0,0.0,0.0,0.0,0.0,0.0,0.0,0.0,0.0,0.0,0.0,0.0,0.0,0.0,0.0,0.0,0.0,0.0,0.0,0.0,0.0,0.0,0.0,0.0,0.0,0.0,0.0,0.0,0.0,0.0,0.0,0.0,0.0,0.0,0.0,0.0,0.0,0.0,0.0,0.0,0.0,0.0,0.0,913.6209,263.6242,0.9964976,906.0767,428.46066,0.99921894,771.48755,446.77478,0.99921894,704.6709,579.17615,0.7111983,836.61,407.26813,0.836683,1040.6659,410.14658,0.9994725,1109.7927,527.5873,0.893506,899.0582,534.53955,0.7998926,918.12384,911.4172,0.98870116,812.4482,915.91016,0.98984295,822.91797,1242.8524,0.019607922,817.9128,1582.7712,0.002757211,1023.79956,906.92413,0.98870116,1017.8836,1260.0651,0.0136783095,999.90936,1605.1212,0.0017159281,886.6863,246.23691,0.9950746,945.04596,248.31366,0.9885785,859.41626,273.37314,0.98770463,968.44977,277.5406,0.99312717,979.68506,1715.9034,0.001763633,979.68506,1715.9034,0.001763633,999.14746,1647.7424,0.0023552163,849.58215,1678.9186,0.00162195,849.58215,1678.9186,0.00162195,814.53766,1632.594,0.0027034676,896.7405,512.5972,1.0,865.494,545.8357,1.0,835.3281,557.7397,1.0,812.4376,565.8638,1.0,794.2773,573.4334,1.0,815.6294,518.95465,1.0,789.7223,539.87164,1.0,772.9984,553.41943,1.0,757.2765,564.8225,1.0,820.87024,513.8999,1.0,790.60986,540.3886,1.0,772.07196,556.1108,1.0,754.51855,568.2223,1.0,831.69714,515.47766,1.0,800.9153,539.55304,1.0,781.33887,553.0425,1.0,763.4806,562.83136,1.0,846.0713,524.1514,1.0,825.6247,538.5436,1.0,809.38715,548.7642,1.0,793.49054,556.53925,1.0,870.1482,404.94708,1.0,889.34766,385.6635,1.0,903.46594,362.81253,1.0,910.2704,344.01788,1.0,900.8485,334.1188,1.0,874.2362,331.16138,1.0,877.48267,313.104,1.0,885.94714,320.39032,1.0,891.8252,331.27536,1.0,856.2192,330.1842,1.0,851.7841,303.72165,1.0,854.3066,287.1629,1.0,857.2577,273.04016,1.0,840.205,336.5806,1.0,828.544,311.84546,1.0,824.4515,292.82324,1.0,823.03503,276.30188,1.0,828.0573,350.24286,1.0,813.6598,331.4691,1.0,803.7934,317.77304,1.0,796.53894,304.93542,1.0
0.0,0.0,0.0,0.0,0.0,0.0,0.0,0.0,0.0,0.0,0.0,0.0,0.0,0.0,0.0,0.0,0.0,0.0,0.0,0.0,0.0,0.0,0.0,0.0,0.0,0.0,0.0,0.0,0.0,0.0,0.0,0.0,0.0,0.0,0.0,0.0,0.0,0.0,0.0,0.0,0.0,0.0,0.0,0.0,0.0,0.0,0.0,0.0,0.0,0.0,0.0,0.0,0.0,0.0,0.0,0.0,0.0,0.0,0.0,0.0,0.0,0.0,0.0,0.0,0.0,0.0,0.0,0.0,0.0,0.0,0.0,0.0,0.0,0.0,0.0,0.0,0.0,0.0,0.0,0.0,0.0,0.0,0.0,0.0,0.0,0.0,0.0,0.0,0.0,0.0,0.0,0.0,0.0,0.0,0.0,0.0,0.0,0.0,0.0,0.0,0.0,0.0,0.0,0.0,0.0,0.0,0.0,0.0,0.0,0.0,0.0,0.0,0.0,0.0,0.0,0.0,0.0,0.0,0.0,0.0,0.0,0.0,0.0,0.0,0.0,0.0,0.0,0.0,0.0,0.0,0.0,0.0,0.0,0.0,0.0,0.0,0.0,0.0,0.0,0.0,0.0,0.0,0.0,0.0,0.0,0.0,0.0,0.0,0.0,0.0,0.0,0.0,0.0,0.0,0.0,0.0,0.0,0.0,0.0,0.0,0.0,0.0,0.0,0.0,0.0,0.0,0.0,0.0,0.0,0.0,0.0,0.0,0.0,0.0,0.0,0.0,0.0,0.0,0.0,0.0,0.0,0.0,0.0,0.0,0.0,0.0,0.0,0.0,0.0,0.0,0.0,0.0,0.0,0.0,0.0,0.0,0.0,0.0,0.0,0.0,0.0,0.0,0.0,0.0,0.0,0.0,0.0,0.0,0.0,0.0,912.30096,264.21625,0.99656105,905.01984,426.566,0.9992208,770.5798,447.0486,0.9992208,707.4341,572.80695,0.7290142,844.246,410.03406,0.8510236,1039.4598,406.0834,0.9994617,1102.2089,524.0411,0.8944901,886.2971,531.0172,0.7989512,917.9944,913.71826,0.9887999,812.456,918.10547,0.98996806,822.89606,1255.1733,0.01978749,816.71564,1597.7028,0.0027072467,1023.53284,909.331,0.9887999,1014.0939,1266.0579,0.014806868,1000.1544,1626.1621,0.0017694632,886.53503,246.2077,0.99517155,944.59216,248.59758,0.9886916,859.7768,271.65543,0.98810846,967.5351,277.8301,0.9932604,979.2159,1738.7129,0.0018359206,979.2159,1738.7129,0.0018359206,999.7041,1669.1545,0.0024225009,847.93567,1694.7721,0.001611106,847.93567,1694.7721,0.001611106,813.11743,1646.9835,0.0026461836,891.27985,505.95206,1.0,861.0167,539.52936,1.0,830.3771,551.30505,1.0,808.1057,560.1814,1.0,790.8169,570.24554,1.0,810.47687,513.4002,1.0,783.1633,533.96625,1.0,766.03546,547.0485,1.0,750.07495,558.2983,1.0,815.3766,507.9578,1.0,784.5492,534.7917,1.0,767.1068,550.99274,1.0,750.7641,563.4734,1.0,825.70337,509.05594,1.0,793.7726,532.2849,1.0,773.6988,545.24915,1.0,755.3068,554.60236,1.0,839.56274,517.4515,1.0,818.32104,530.67053,1.0,801.8552,540.1285,1.0,785.7304,547.4553,1.0,875.7689,411.6725,1.0,895.4467,393.6089,1.0,910.712,370.25134,1.0,918.0091,352.2339,1.0,908.6081,343.45917,1.0,881.58356,337.05322,1.0,886.5583,318.26703,1.0,895.92786,329.20197,1.0,901.5732,342.49606,1.0,863.11816,335.48636,1.0,859.2019,304.9529,1.0,862.06934,286.03833,1.0,864.7299,269.33804,1.0,846.75507,342.716,1.0,834.13654,313.35712,1.0,829.0619,293.5852,1.0,826.712,275.37466,1.0,834.9386,357.6017,1.0,819.00446,338.22348,1.0,808.6021,324.7937,1.0,800.52106,311.52847,1.0
0.0,0.0,0.0,0.0,0.0,0.0,0.0,0.0,0.0,0.0,0.0,0.0,0.0,0.0,0.0,0.0,0.0,0.0,0.0,0.0,0.0,0.0,0.0,0.0,0.0,0.0,0.0,0.0,0.0,0.0,0.0,0.0,0.0,0.0,0.0,0.0,0.0,0.0,0.0,0.0,0.0,0.0,0.0,0.0,0.0,0.0,0.0,0.0,0.0,0.0,0.0,0.0,0.0,0.0,0.0,0.0,0.0,0.0,0.0,0.0,0.0,0.0,0.0,0.0,0.0,0.0,0.0,0.0,0.0,0.0,0.0,0.0,0.0,0.0,0.0,0.0,0.0,0.0,0.0,0.0,0.0,0.0,0.0,0.0,0.0,0.0,0.0,0.0,0.0,0.0,0.0,0.0,0.0,0.0,0.0,0.0,0.0,0.0,0.0,0.0,0.0,0.0,0.0,0.0,0.0,0.0,0.0,0.0,0.0,0.0,0.0,0.0,0.0,0.0,0.0,0.0,0.0,0.0,0.0,0.0,0.0,0.0,0.0,0.0,0.0,0.0,0.0,0.0,0.0,0.0,0.0,0.0,0.0,0.0,0.0,0.0,0.0,0.0,0.0,0.0,0.0,0.0,0.0,0.0,0.0,0.0,0.0,0.0,0.0,0.0,0.0,0.0,0.0,0.0,0.0,0.0,0.0,0.0,0.0,0.0,0.0,0.0,0.0,0.0,0.0,0.0,0.0,0.0,0.0,0.0,0.0,0.0,0.0,0.0,0.0,0.0,0.0,0.0,0.0,0.0,0.0,0.0,0.0,0.0,0.0,0.0,0.0,0.0,0.0,0.0,0.0,0.0,0.0,0.0,0.0,0.0,0.0,0.0,0.0,0.0,0.0,0.0,0.0,0.0,0.0,0.0,0.0,0.0,0.0,0.0,910.9684,266.7603,0.9964873,904.2829,425.76822,0.99918795,769.5698,447.3926,0.99918795,712.17786,570.3026,0.74455917,853.0427,417.25668,0.861711,1038.996,404.14383,0.9994151,1096.2161,521.5077,0.8926577,876.0242,524.8862,0.7887812,917.93317,919.3858,0.9884009,812.4468,923.2477,0.9896884,824.30945,1275.839,0.019910542,816.12213,1623.7545,0.0026431202,1023.4195,915.5239,0.9884009,1013.0585,1282.0668,0.015598866,1003.5445,1651.9723,0.0017866213,886.36914,247.93277,0.9950556,943.96533,250.78476,0.9883332,859.66113,271.10596,0.98809975,966.70905,279.66235,0.99312264,980.03644,1761.8407,0.0018647953,980.03644,1761.8407,0.0018647953,1004.5974,1695.4093,0.0024375916,847.553,1718.5409,0.0015924709,847.553,1718.5409,0.0015924709,812.24994,1673.4067,0.0025618616,886.44464,495.7704,1.0,856.87256,529.0219,1.0,826.0319,541.7318,1.0,804.4072,551.11395,1.0,787.4588,562.39923,1.0,805.7756,507.07062,1.0,777.5169,526.40204,1.0,759.6513,538.7821,1.0,743.7319,549.602,1.0,810.22894,500.42126,1.0,777.64136,525.009,1.0,758.5723,539.3214,1.0,741.1824,550.28156,1.0,820.5054,499.81482,1.0,787.2979,521.47076,1.0,766.7876,533.60187,1.0,748.20685,542.16693,1.0,834.6231,506.07498,1.0,812.38055,518.3826,1.0,795.6837,526.6925,1.0,779.1789,532.8583,1.0,884.15076,432.53668,1.0,904.2589,417.06796,1.0,920.6419,396.1921,1.0,928.49384,380.20108,1.0,921.3344,370.41507,1.0,893.444,358.80707,1.0,900.77313,340.48795,1.0,909.08563,351.76068,1.0,913.4988,365.65762,1.0,874.9771,356.80103,1.0,871.7682,324.87384,1.0,873.40216,306.6029,1.0,874.5767,289.8658,1.0,858.3399,364.07437,1.0,846.3094,333.47678,1.0,839.7983,314.1415,1.0,835.81793,295.24515,1.0,845.92096,379.59244,1.0,828.4221,360.8732,1.0,817.2146,348.3622,1.0,808.3753,335.47684,1.0
0.0,0.0,0.0,0.0,0.0,0.0,0.0,0.0,0.0,0.0,0.0,0.0,0.0,0.0,0.0,0.0,0.0,0.0,0.0,0.0,0.0,0.0,0.0,0.0,0.0,0.0,0.0,0.0,0.0,0.0,0.0,0.0,0.0,0.0,0.0,0.0,0.0,0.0,0.0,0.0,0.0,0.0,0.0,0.0,0.0,0.0,0.0,0.0,0.0,0.0,0.0,0.0,0.0,0.0,0.0,0.0,0.0,0.0,0.0,0.0,0.0,0.0,0.0,0.0,0.0,0.0,0.0,0.0,0.0,0.0,0.0,0.0,0.0,0.0,0.0,0.0,0.0,0.0,0.0,0.0,0.0,0.0,0.0,0.0,0.0,0.0,0.0,0.0,0.0,0.0,0.0,0.0,0.0,0.0,0.0,0.0,0.0,0.0,0.0,0.0,0.0,0.0,0.0,0.0,0.0,0.0,0.0,0.0,0.0,0.0,0.0,0.0,0.0,0.0,0.0,0.0,0.0,0.0,0.0,0.0,0.0,0.0,0.0,0.0,0.0,0.0,0.0,0.0,0.0,0.0,0.0,0.0,0.0,0.0,0.0,0.0,0.0,0.0,0.0,0.0,0.0,0.0,0.0,0.0,0.0,0.0,0.0,0.0,0.0,0.0,0.0,0.0,0.0,0.0,0.0,0.0,0.0,0.0,0.0,0.0,0.0,0.0,0.0,0.0,0.0,0.0,0.0,0.0,0.0,0.0,0.0,0.0,0.0,0.0,0.0,0.0,0.0,0.0,0.0,0.0,0.0,0.0,0.0,0.0,0.0,0.0,0.0,0.0,0.0,0.0,0.0,0.0,0.0,0.0,0.0,0.0,0.0,0.0,0.0,0.0,0.0,0.0,0.0,0.0,0.0,0.0,0.0,0.0,0.0,0.0,911.0349,265.61783,0.9960326,904.04803,422.67365,0.999086,769.02045,443.76282,0.999086,719.23584,571.89185,0.75041246,861.09424,424.3478,0.85766584,1039.0756,401.5845,0.9993445,1092.2767,520.3317,0.88598454,871.9043,512.6474,0.7645333,918.0235,921.9032,0.98798114,812.64374,925.02637,0.989317,824.97174,1284.3414,0.019649806,815.8718,1639.2401,0.0025323424,1023.40326,918.7801,0.98798114,1014.6268,1291.7489,0.015755227,1007.7503,1661.6718,0.0017418786,886.70233,246.98567,0.9943271,943.7152,251.20943,0.9868203,859.64374,269.47714,0.9865971,966.1279,279.49194,0.9922058,980.9384,1769.271,0.0018132397,980.9384,1769.271,0.0018132397,1010.2806,1705.2446,0.0023676686,847.39484,1734.1368,0.0015385356,847.39484,1734.1368,0.0015385356,812.0458,1689.1805,0.0024349897,883.2911,492.79498,1.0,851.6074,521.37354,1.0,820.64777,530.5366,1.0,799.41766,538.3369,1.0,781.81714,547.71844,1.0,802.91534,495.11984,1.0,773.396,511.96954,1.0,754.1283,523.66925,1.0,737.7128,534.0055,1.0,807.01276,488.71283,1.0,771.91016,509.015,1.0,750.7795,521.88165,1.0,732.0433,533.00745,1.0,816.0505,488.18237,1.0,780.8397,506.42462,1.0,760.1818,518.1703,1.0,742.0031,527.5108,1.0,828.45764,494.57492,1.0,804.324,503.97925,1.0,786.78265,510.6608,1.0,769.732,516.03546,1.0,890.34814,452.53345,1.0,911.9038,443.3899,1.0,928.7515,429.45245,1.0,937.2121,417.75272,1.0,937.7874,408.0519,1.0,904.6657,393.0675,1.0,913.34924,375.85507,1.0,922.1266,378.71967,1.0,928.8667,383.17178,1.0,886.7974,390.8658,1.0,886.29193,360.31512,1.0,887.5822,343.36087,1.0,889.19183,328.39664,1.0,869.93567,397.92783,1.0,860.51843,367.4598,1.0,854.2902,348.75568,1.0,850.79114,330.63443,1.0,856.16425,413.20923,1.0,838.28284,397.5037,1.0,826.2539,387.5422,1.0,816.5849,377.23044,1.0
0.0,0.0,0.0,0.0,0.0,0.0,0.0,0.0,0.0,0.0,0.0,0.0,0.0,0.0,0.0,0.0,0.0,0.0,0.0,0.0,0.0,0.0,0.0,0.0,0.0,0.0,0.0,0.0,0.0,0.0,0.0,0.0,0.0,0.0,0.0,0.0,0.0,0.0,0.0,0.0,0.0,0.0,0.0,0.0,0.0,0.0,0.0,0.0,0.0,0.0,0.0,0.0,0.0,0.0,0.0,0.0,0.0,0.0,0.0,0.0,0.0,0.0,0.0,0.0,0.0,0.0,0.0,0.0,0.0,0.0,0.0,0.0,0.0,0.0,0.0,0.0,0.0,0.0,0.0,0.0,0.0,0.0,0.0,0.0,0.0,0.0,0.0,0.0,0.0,0.0,0.0,0.0,0.0,0.0,0.0,0.0,0.0,0.0,0.0,0.0,0.0,0.0,0.0,0.0,0.0,0.0,0.0,0.0,0.0,0.0,0.0,0.0,0.0,0.0,0.0,0.0,0.0,0.0,0.0,0.0,0.0,0.0,0.0,0.0,0.0,0.0,0.0,0.0,0.0,0.0,0.0,0.0,0.0,0.0,0.0,0.0,0.0,0.0,0.0,0.0,0.0,0.0,0.0,0.0,0.0,0.0,0.0,0.0,0.0,0.0,0.0,0.0,0.0,0.0,0.0,0.0,0.0,0.0,0.0,0.0,0.0,0.0,0.0,0.0,0.0,0.0,0.0,0.0,0.0,0.0,0.0,0.0,0.0,0.0,0.0,0.0,0.0,0.0,0.0,0.0,0.0,0.0,0.0,0.0,0.0,0.0,0.0,0.0,0.0,0.0,0.0,0.0,0.0,0.0,0.0,0.0,0.0,0.0,0.0,0.0,0.0,0.0,0.0,0.0,0.0,0.0,0.0,0.0,0.0,0.0,912.4134,258.55856,0.99537516,904.23114,419.26086,0.9989438,768.8869,439.20862,0.9989438,725.3082,575.5846,0.7452028,867.79816,441.37427,0.84193844,1039.5753,399.31314,0.9992506,1089.0573,520.0928,0.87649083,871.47296,501.76944,0.73438215,918.1196,920.7685,0.98783916,812.8419,923.5477,0.98913425,824.3546,1282.3308,0.019220168,815.7187,1643.5245,0.0024537626,1023.3974,917.9892,0.98783916,1016.6444,1295.2145,0.015583023,1009.1183,1662.0952,0.0016958204,887.6925,243.0498,0.9933126,943.767,247.58836,0.98465574,860.08124,267.13086,0.9844636,966.19476,275.4098,0.99085903,981.7138,1771.9604,0.0017585427,981.7138,1771.9604,0.0017585427,1011.73254,1706.3354,0.0022822914,847.15265,1739.8429,0.0015007264,847.15265,1739.8429,0.0015007264,812.1257,1694.0928,0.0023245001,886.85974,498.76068,1.0,852.55646,524.45984,1.0,820.1307,529.0984,1.0,797.4533,533.6227,1.0,778.8302,540.89545,1.0,804.48517,493.22604,1.0,774.62146,504.69705,1.0,753.9957,515.05524,1.0,736.998,524.6329,1.0,808.87946,487.36572,1.0,773.6811,503.02722,1.0,752.4247,515.4202,1.0,734.2786,526.771,1.0,817.7138,486.84854,1.0,782.34753,502.0187,1.0,761.7481,513.4039,1.0,744.3584,523.2494,1.0,829.9201,493.292,1.0,805.4939,501.00922,1.0,787.80927,507.60757,1.0,771.31714,513.2795,1.0,892.4054,465.7344,1.0,914.1609,459.46317,1.0,931.2854,449.82367,1.0,941.3914,441.52075,1.0,946.55457,434.38245,1.0,907.54877,418.6543,1.0,914.6878,397.7548,1.0,922.47766,388.24362,1.0,929.39594,378.83664,1.0,889.3587,418.5196,1.0,888.68335,393.54706,1.0,888.70557,378.28815,1.0,888.75226,365.01974,1.0,872.7673,426.26477,1.0,863.32446,402.3491,1.0,855.8564,387.69745,1.0,850.5439,373.90527,1.0,858.7879,440.13623,1.0,842.2374,428.08887,1.0,830.4838,420.73636,1.0,820.49866,413.15933,1.0
0.0,0.0,0.0,0.0,0.0,0.0,0.0,0.0,0.0,0.0,0.0,0.0,0.0,0.0,0.0,0.0,0.0,0.0,0.0,0.0,0.0,0.0,0.0,0.0,0.0,0.0,0.0,0.0,0.0,0.0,0.0,0.0,0.0,0.0,0.0,0.0,0.0,0.0,0.0,0.0,0.0,0.0,0.0,0.0,0.0,0.0,0.0,0.0,0.0,0.0,0.0,0.0,0.0,0.0,0.0,0.0,0.0,0.0,0.0,0.0,0.0,0.0,0.0,0.0,0.0,0.0,0.0,0.0,0.0,0.0,0.0,0.0,0.0,0.0,0.0,0.0,0.0,0.0,0.0,0.0,0.0,0.0,0.0,0.0,0.0,0.0,0.0,0.0,0.0,0.0,0.0,0.0,0.0,0.0,0.0,0.0,0.0,0.0,0.0,0.0,0.0,0.0,0.0,0.0,0.0,0.0,0.0,0.0,0.0,0.0,0.0,0.0,0.0,0.0,0.0,0.0,0.0,0.0,0.0,0.0,0.0,0.0,0.0,0.0,0.0,0.0,0.0,0.0,0.0,0.0,0.0,0.0,0.0,0.0,0.0,0.0,0.0,0.0,0.0,0.0,0.0,0.0,0.0,0.0,0.0,0.0,0.0,0.0,0.0,0.0,0.0,0.0,0.0,0.0,0.0,0.0,0.0,0.0,0.0,0.0,0.0,0.0,0.0,0.0,0.0,0.0,0.0,0.0,0.0,0.0,0.0,0.0,0.0,0.0,0.0,0.0,0.0,0.0,0.0,0.0,0.0,0.0,0.0,0.0,0.0,0.0,0.0,0.0,0.0,0.0,0.0,0.0,0.0,0.0,0.0,0.0,0.0,0.0,0.0,0.0,0.0,0.0,0.0,0.0,0.0,0.0,0.0,0.0,0.0,0.0,914.83344,253.3943,0.9948125,904.556,418.83957,0.99881697,768.84644,437.90045,0.99881697,728.8922,577.90436,0.73486435,875.4493,462.8753,0.82386243,1040.2656,399.77866,0.9991453,1086.9093,520.35254,0.8631276,873.03015,498.81522,0.700498,918.13745,920.753,0.9878786,812.82336,923.4281,0.9891623,823.7721,1282.0133,0.018622378,815.4165,1646.5684,0.0023756404,1023.45154,918.0778,0.9878786,1016.9297,1298.5847,0.015136463,1009.0189,1665.1296,0.0016374838,889.13214,240.67819,0.992429,944.1209,244.8199,0.9827581,860.4141,266.36716,0.98269206,966.715,272.19836,0.98958844,982.28754,1774.6737,0.001697767,982.28754,1774.6737,0.001697767,1011.4176,1710.4899,0.0021859761,847.44617,1740.9491,0.0014636675,847.44617,1740.9491,0.0014636675,811.57404,1697.9783,0.0022203468,895.8539,501.93777,1.0,863.68115,533.0356,1.0,831.9836,542.4404,1.0,809.6976,549.9025,1.0,791.8562,560.3222,1.0,810.66547,507.30698,1.0,783.08575,521.6773,1.0,764.82434,534.0614,1.0,749.9053,545.1374,1.0,815.71277,500.9648,1.0,783.06744,519.93835,1.0,764.1951,534.03906,1.0,747.9688,545.5085,1.0,826.39404,499.21658,1.0,793.67847,517.9261,1.0,775.0515,531.09326,1.0,759.39636,541.61993,1.0,841.0488,503.49338,1.0,818.62476,515.0307,1.0,802.3275,523.9835,1.0,787.1245,531.0075,1.0,893.4919,478.0585,1.0,914.639,469.34753,1.0,932.0259,457.80005,1.0,943.0104,449.00174,1.0,945.10406,440.85568,1.0,906.15466,423.12952,1.0,910.74274,395.9441,1.0,914.7086,379.96777,1.0,917.96796,365.78586,1.0,886.3617,424.6653,1.0,882.1702,400.81647,1.0,884.78314,390.59457,1.0,888.0421,385.11023,1.0,869.5327,433.2264,1.0,858.00024,412.27377,1.0,852.6847,400.6252,1.0,850.3859,391.69632,1.0,856.59204,447.06802,1.0,841.2419,435.60605,1.0,831.7794,427.77698,1.0,824.7073,420.78973,1.0
0.0,0.0,0.0,0.0,0.0,0.0,0.0,0.0,0.0,0.0,0.0,0.0,0.0,0.0,0.0,0.0,0.0,0.0,0.0,0.0,0.0,0.0,0.0,0.0,0.0,0.0,0.0,0.0,0.0,0.0,0.0,0.0,0.0,0.0,0.0,0.0,0.0,0.0,0.0,0.0,0.0,0.0,0.0,0.0,0.0,0.0,0.0,0.0,0.0,0.0,0.0,0.0,0.0,0.0,0.0,0.0,0.0,0.0,0.0,0.0,0.0,0.0,0.0,0.0,0.0,0.0,0.0,0.0,0.0,0.0,0.0,0.0,0.0,0.0,0.0,0.0,0.0,0.0,0.0,0.0,0.0,0.0,0.0,0.0,0.0,0.0,0.0,0.0,0.0,0.0,0.0,0.0,0.0,0.0,0.0,0.0,0.0,0.0,0.0,0.0,0.0,0.0,0.0,0.0,0.0,0.0,0.0,0.0,0.0,0.0,0.0,0.0,0.0,0.0,0.0,0.0,0.0,0.0,0.0,0.0,0.0,0.0,0.0,0.0,0.0,0.0,0.0,0.0,0.0,0.0,0.0,0.0,0.0,0.0,0.0,0.0,0.0,0.0,0.0,0.0,0.0,0.0,0.0,0.0,0.0,0.0,0.0,0.0,0.0,0.0,0.0,0.0,0.0,0.0,0.0,0.0,0.0,0.0,0.0,0.0,0.0,0.0,0.0,0.0,0.0,0.0,0.0,0.0,0.0,0.0,0.0,0.0,0.0,0.0,0.0,0.0,0.0,0.0,0.0,0.0,0.0,0.0,0.0,0.0,0.0,0.0,0.0,0.0,0.0,0.0,0.0,0.0,0.0,0.0,0.0,0.0,0.0,0.0,0.0,0.0,0.0,0.0,0.0,0.0,0.0,0.0,0.0,0.0,0.0,0.0,917.5058,252.7783,0.9940893,904.7927,418.54672,0.9986943,768.8578,436.7359,0.9986943,730.45874,579.3381,0.72356224,879.3825,474.63998,0.8049771,1040.7277,400.3575,0.9990677,1086.4005,521.7413,0.84999293,877.0395,498.3527,0.66974396,918.1331,920.8511,0.9882093,812.7498,923.4594,0.9894331,822.4751,1277.0765,0.01793081,814.451,1639.7368,0.002253022,1023.5164,918.2428,0.9882093,1017.2973,1296.6506,0.014634443,1008.81573,1657.7675,0.0015556433,890.6638,239.84569,0.9912097,945.10077,244.5138,0.9804115,860.4795,265.94534,0.9802073,967.64014,271.44278,0.9880041,980.57184,1766.8031,0.0016102656,980.57184,1766.8031,0.0016102656,1011.23376,1702.775,0.0020671505,846.9399,1735.2206,0.001393345,846.9399,1735.2206,0.001393345,810.2885,1690.3424,0.0020993517,903.2878,505.17062,1.0,874.78107,541.7758,1.0,846.1341,559.4394,1.0,827.28235,574.4944,1.0,812.2674,589.7572,1.0,818.23914,520.7454,1.0,794.73315,547.9114,1.0,781.1541,564.95996,1.0,768.7734,579.51514,1.0,823.39746,514.768,1.0,794.59564,547.1047,1.0,780.83624,565.7653,1.0,767.6636,580.2719,1.0,834.6284,513.49365,1.0,804.41425,541.3186,1.0,789.65015,557.6637,1.0,775.92474,570.26544,1.0,849.6907,517.78455,1.0,829.2248,533.3982,1.0,814.3796,543.99023,1.0,799.1351,552.52094,1.0,895.4643,487.44482,1.0,916.7693,476.75638,1.0,933.54645,462.93024,1.0,943.9247,452.56808,1.0,945.22314,442.13788,1.0,909.221,420.9725,1.0,912.4919,390.6467,1.0,915.2134,372.03995,1.0,918.26654,357.0631,1.0,888.8505,422.16968,1.0,885.9326,394.71432,1.0,896.5322,394.40643,1.0,908.0882,402.53558,1.0,871.2443,430.60715,1.0,861.0056,403.63782,1.0,865.77844,396.62982,1.0,874.3321,395.53787,1.0,857.78345,445.67682,1.0,842.58765,432.08212,1.0,837.96173,423.48776,1.0,837.50214,417.50497,1.0
0.0,0.0,0.0,0.0,0.0,0.0,0.0,0.0,0.0,0.0,0.0,0.0,0.0,0.0,0.0,0.0,0.0,0.0,0.0,0.0,0.0,0.0,0.0,0.0,0.0,0.0,0.0,0.0,0.0,0.0,0.0,0.0,0.0,0.0,0.0,0.0,0.0,0.0,0.0,0.0,0.0,0.0,0.0,0.0,0.0,0.0,0.0,0.0,0.0,0.0,0.0,0.0,0.0,0.0,0.0,0.0,0.0,0.0,0.0,0.0,0.0,0.0,0.0,0.0,0.0,0.0,0.0,0.0,0.0,0.0,0.0,0.0,0.0,0.0,0.0,0.0,0.0,0.0,0.0,0.0,0.0,0.0,0.0,0.0,0.0,0.0,0.0,0.0,0.0,0.0,0.0,0.0,0.0,0.0,0.0,0.0,0.0,0.0,0.0,0.0,0.0,0.0,0.0,0.0,0.0,0.0,0.0,0.0,0.0,0.0,0.0,0.0,0.0,0.0,0.0,0.0,0.0,0.0,0.0,0.0,0.0,0.0,0.0,0.0,0.0,0.0,0.0,0.0,0.0,0.0,0.0,0.0,0.0,0.0,0.0,0.0,0.0,0.0,0.0,0.0,0.0,0.0,0.0,0.0,0.0,0.0,0.0,0.0,0.0,0.0,0.0,0.0,0.0,0.0,0.0,0.0,0.0,0.0,0.0,0.0,0.0,0.0,0.0,0.0,0.0,0.0,0.0,0.0,0.0,0.0,0.0,0.0,0.0,0.0,0.0,0.0,0.0,0.0,0.0,0.0,0.0,0.0,0.0,0.0,0.0,0.0,0.0,0.0,0.0,0.0,0.0,0.0,0.0,0.0,0.0,0.0,0.0,0.0,0.0,0.0,0.0,0.0,0.0,0.0,0.0,0.0,0.0,0.0,0.0,0.0,919.5124,253.34233,0.9933722,905.2087,418.6124,0.9985658,768.9332,435.78302,0.9985658,730.2446,580.3326,0.71768373,879.1444,480.863,0.78885293,1041.4841,401.44174,0.9990038,1087.1099,523.40424,0.8425403,879.72437,499.4228,0.6471726,917.9636,920.8873,0.9884471,812.53186,923.4328,0.98959124,821.58356,1272.2301,0.017440354,813.3413,1636.1594,0.0021463537,1023.3953,918.34186,0.9884471,1017.95184,1296.7731,0.014357938,1008.5713,1653.1288,0.0014889877,892.0377,239.86394,0.9899569,946.37994,244.64995,0.9781249,860.9342,265.81274,0.9774494,968.9291,271.17392,0.98653066,978.4674,1763.1924,0.0015338582,978.4674,1763.1924,0.0015338582,1010.89923,1697.2024,0.001967678,845.48914,1733.7343,0.0013308662,845.48914,1733.7343,0.0013308662,808.9779,1686.1635,0.001995145,907.67883,516.7216,1.0,880.3408,552.669,1.0,853.0188,572.278,1.0,835.3411,589.16504,1.0,821.8979,605.2725,1.0,824.80133,533.5347,1.0,803.85736,563.76843,1.0,791.753,581.7561,1.0,779.9914,597.5345,1.0,829.7732,528.4973,1.0,803.56793,566.03235,1.0,791.5814,585.6993,1.0,779.88275,601.3942,1.0,840.811,528.0613,1.0,812.5709,560.15094,1.0,799.5103,577.008,1.0,786.91235,590.1853,1.0,856.084,533.1614,1.0,836.4671,550.01483,1.0,822.5798,561.53125,1.0,807.82587,571.4974,1.0,895.3196,490.18768,1.0,915.76025,479.39532,1.0,932.95605,464.66568,1.0,943.4405,453.63055,1.0,946.0953,441.6036,1.0,910.3335,421.16064,1.0,913.0334,386.8107,1.0,916.07336,367.84802,1.0,918.51294,351.60068,1.0,891.4247,423.5553,1.0,895.51,398.11743,1.0,909.8198,410.24194,1.0,919.7185,425.7862,1.0,874.75684,432.275,1.0,870.67914,406.4605,1.0,883.51624,413.59055,1.0,894.7142,424.16763,1.0,860.213,446.35046,1.0,846.8654,429.79156,1.0,850.2948,424.51187,1.0,856.4538,422.12833,1.0
0.0,0.0,0.0,0.0,0.0,0.0,0.0,0.0,0.0,0.0,0.0,0.0,0.0,0.0,0.0,0.0,0.0,0.0,0.0,0.0,0.0,0.0,0.0,0.0,0.0,0.0,0.0,0.0,0.0,0.0,0.0,0.0,0.0,0.0,0.0,0.0,0.0,0.0,0.0,0.0,0.0,0.0,0.0,0.0,0.0,0.0,0.0,0.0,0.0,0.0,0.0,0.0,0.0,0.0,0.0,0.0,0.0,0.0,0.0,0.0,0.0,0.0,0.0,0.0,0.0,0.0,0.0,0.0,0.0,0.0,0.0,0.0,0.0,0.0,0.0,0.0,0.0,0.0,0.0,0.0,0.0,0.0,0.0,0.0,0.0,0.0,0.0,0.0,0.0,0.0,0.0,0.0,0.0,0.0,0.0,0.0,0.0,0.0,0.0,0.0,0.0,0.0,0.0,0.0,0.0,0.0,0.0,0.0,0.0,0.0,0.0,0.0,0.0,0.0,0.0,0.0,0.0,0.0,0.0,0.0,0.0,0.0,0.0,0.0,0.0,0.0,0.0,0.0,0.0,0.0,0.0,0.0,0.0,0.0,0.0,0.0,0.0,0.0,0.0,0.0,0.0,0.0,0.0,0.0,0.0,0.0,0.0,0.0,0.0,0.0,0.0,0.0,0.0,0.0,0.0,0.0,0.0,0.0,0.0,0.0,0.0,0.0,0.0,0.0,0.0,0.0,0.0,0.0,0.0,0.0,0.0,0.0,0.0,0.0,0.0,0.0,0.0,0.0,0.0,0.0,0.0,0.0,0.0,0.0,0.0,0.0,0.0,0.0,0.0,0.0,0.0,0.0,0.0,0.0,0.0,0.0,0.0,0.0,0.0,0.0,0.0,0.0,0.0,0.0,0.0,0.0,0.0,0.0,0.0,0.0,920.1855,253.53258,0.993325,905.6608,419.22873,0.998514,768.9357,435.68488,0.998514,729.64374,582.5251,0.7190936,878.6946,485.4675,0.7782432,1042.386,402.77255,0.9989891,1088.824,526.0055,0.83662826,881.4055,504.79086,0.6281433,917.7617,920.57025,0.9886067,812.32,923.0546,0.9896809,820.7345,1260.5804,0.01695034,811.9518,1627.7577,0.0020399662,1023.2035,918.08594,0.9886067,1019.1729,1290.6926,0.013797545,1007.0241,1641.1901,0.0014112339,892.9893,239.89441,0.98974127,947.1405,244.79323,0.97813165,861.6377,265.77072,0.9763995,970.43005,271.2022,0.9863422,978.39813,1749.7517,0.0014495144,978.39813,1749.7517,0.0014495144,1008.0515,1684.8572,0.0018691652,844.5727,1724.4005,0.001269982,844.5727,1724.4005,0.001269982,806.6632,1677.6531,0.0019081867,913.1814,533.1679,1.0,885.77124,567.15796,1.0,857.26715,583.2799,1.0,837.0759,596.26587,1.0,822.8775,609.7907,1.0,831.5593,544.75507,1.0,809.03973,572.3217,1.0,795.42114,590.45764,1.0,783.6302,606.38055,1.0,837.09076,540.51855,1.0,810.6454,575.74347,1.0,796.6099,596.1355,1.0,784.057,612.9616,1.0,848.55743,541.743,1.0,820.53546,573.46045,1.0,805.79376,590.98724,1.0,792.81146,604.92096,1.0,864.4707,548.964,1.0,844.176,566.6495,1.0,830.2767,579.6177,1.0,816.8888,590.85547,1.0,889.50494,487.3478,1.0,909.5678,476.89114,1.0,927.3608,459.96234,1.0,937.6809,447.15894,1.0,939.4433,433.6557,1.0,904.74426,418.43417,1.0,905.46173,380.74194,1.0,907.96906,361.2738,1.0,908.5311,344.0061,1.0,887.4677,421.6612,1.0,897.7333,400.28452,1.0,912.98145,420.92413,1.0,919.1253,438.61707,1.0,871.65594,430.7028,1.0,877.51886,409.2413,1.0,894.1081,425.03027,1.0,902.9706,439.35834,1.0,856.2236,443.86865,1.0,846.9807,425.42245,1.0,857.706,424.7171,1.0,867.851,427.1778,1.0
0.0,0.0,0.0,0.0,0.0,0.0,0.0,0.0,0.0,0.0,0.0,0.0,0.0,0.0,0.0,0.0,0.0,0.0,0.0,0.0,0.0,0.0,0.0,0.0,0.0,0.0,0.0,0.0,0.0,0.0,0.0,0.0,0.0,0.0,0.0,0.0,0.0,0.0,0.0,0.0,0.0,0.0,0.0,0.0,0.0,0.0,0.0,0.0,0.0,0.0,0.0,0.0,0.0,0.0,0.0,0.0,0.0,0.0,0.0,0.0,0.0,0.0,0.0,0.0,0.0,0.0,0.0,0.0,0.0,0.0,0.0,0.0,0.0,0.0,0.0,0.0,0.0,0.0,0.0,0.0,0.0,0.0,0.0,0.0,0.0,0.0,0.0,0.0,0.0,0.0,0.0,0.0,0.0,0.0,0.0,0.0,0.0,0.0,0.0,0.0,0.0,0.0,0.0,0.0,0.0,0.0,0.0,0.0,0.0,0.0,0.0,0.0,0.0,0.0,0.0,0.0,0.0,0.0,0.0,0.0,0.0,0.0,0.0,0.0,0.0,0.0,0.0,0.0,0.0,0.0,0.0,0.0,0.0,0.0,0.0,0.0,0.0,0.0,0.0,0.0,0.0,0.0,0.0,0.0,0.0,0.0,0.0,0.0,0.0,0.0,0.0,0.0,0.0,0.0,0.0,0.0,0.0,0.0,0.0,0.0,0.0,0.0,0.0,0.0,0.0,0.0,0.0,0.0,0.0,0.0,0.0,0.0,0.0,0.0,0.0,0.0,0.0,0.0,0.0,0.0,0.0,0.0,0.0,0.0,0.0,0.0,0.0,0.0,0.0,0.0,0.0,0.0,0.0,0.0,0.0,0.0,0.0,0.0,0.0,0.0,0.0,0.0,0.0,0.0,0.0,0.0,0.0,0.0,0.0,0.0,920.4402,254.12451,0.9936808,905.712,419.56345,0.9985618,768.92944,435.8752,0.9985618,728.67163,587.4111,0.7295028,877.98944,486.5595,0.7852797,1042.4945,403.25168,0.99903417,1095.2694,533.97015,0.836705,885.75793,523.3932,0.6226229,917.7314,920.18933,0.9888191,812.2372,922.88245,0.98984265,820.24304,1248.194,0.01698525,811.9185,1611.4825,0.0019947041,1023.2256,917.49615,0.9888191,1019.5601,1278.3414,0.0136975795,1003.3817,1618.5844,0.0013670095,893.21454,239.84404,0.99030346,947.507,245.15051,0.9793982,861.7463,265.89105,0.9774217,971.34125,271.24557,0.9871043,977.678,1725.6185,0.0014005823,977.678,1725.6185,0.0014005823,1001.9585,1661.1576,0.001826917,844.76483,1707.0226,0.0012432472,844.76483,1707.0226,0.0012432472,806.43835,1661.5541,0.0018805548,920.67456,550.73315,1.0,894.5421,580.9224,1.0,864.65936,593.88434,1.0,843.0988,602.82153,1.0,827.65485,612.60187,1.0,840.1687,561.18054,1.0,814.461,586.62,1.0,799.097,605.1502,1.0,787.6847,621.32495,1.0,846.8345,558.0286,1.0,817.47925,590.9961,1.0,801.4608,612.1814,1.0,789.06134,629.6288,1.0,859.21814,561.14417,1.0,829.4866,591.9598,1.0,812.73047,610.924,1.0,799.5243,626.1875,1.0,875.47815,570.017,1.0,854.4595,588.6135,1.0,841.1376,602.9497,1.0,829.7459,615.57117,1.0,880.387,477.56918,1.0,900.7476,464.92233,1.0,917.34357,446.51364,1.0,925.1015,432.457,1.0,922.9278,418.18726,1.0,893.9929,406.1738,1.0,893.48474,367.92255,1.0,894.4549,347.97974,1.0,893.1369,330.46503,1.0,876.7087,409.70792,1.0,886.2835,388.44028,1.0,900.98865,410.3084,1.0,905.8141,427.99213,1.0,860.61993,418.4603,1.0,866.6105,396.22766,1.0,882.36676,412.97287,1.0,889.05853,427.96057,1.0,844.6116,431.24762,1.0,836.6546,410.75497,1.0,849.45447,412.11725,1.0,860.26227,417.49863,1.0
0.0,0.0,0.0,0.0,0.0,0.0,0.0,0.0,0.0,0.0,0.0,0.0,0.0,0.0,0.0,0.0,0.0,0.0,0.0,0.0,0.0,0.0,0.0,0.0,0.0,0.0,0.0,0.0,0.0,0.0,0.0,0.0,0.0,0.0,0.0,0.0,0.0,0.0,0.0,0.0,0.0,0.0,0.0,0.0,0.0,0.0,0.0,0.0,0.0,0.0,0.0,0.0,0.0,0.0,0.0,0.0,0.0,0.0,0.0,0.0,0.0,0.0,0.0,0.0,0.0,0.0,0.0,0.0,0.0,0.0,0.0,0.0,0.0,0.0,0.0,0.0,0.0,0.0,0.0,0.0,0.0,0.0,0.0,0.0,0.0,0.0,0.0,0.0,0.0,0.0,0.0,0.0,0.0,0.0,0.0,0.0,0.0,0.0,0.0,0.0,0.0,0.0,0.0,0.0,0.0,0.0,0.0,0.0,0.0,0.0,0.0,0.0,0.0,0.0,0.0,0.0,0.0,0.0,0.0,0.0,0.0,0.0,0.0,0.0,0.0,0.0,0.0,0.0,0.0,0.0,0.0,0.0,0.0,0.0,0.0,0.0,0.0,0.0,0.0,0.0,0.0,0.0,0.0,0.0,0.0,0.0,0.0,0.0,0.0,0.0,0.0,0.0,0.0,0.0,0.0,0.0,0.0,0.0,0.0,0.0,0.0,0.0,0.0,0.0,0.0,0.0,0.0,0.0,0.0,0.0,0.0,0.0,0.0,0.0,0.0,0.0,0.0,0.0,0.0,0.0,0.0,0.0,0.0,0.0,0.0,0.0,0.0,0.0,0.0,0.0,0.0,0.0,0.0,0.0,0.0,0.0,0.0,0.0,0.0,0.0,0.0,0.0,0.0,0.0,0.0,0.0,0.0,0.0,0.0,0.0,920.4909,255.83418,0.99407554,905.9778,420.3982,0.99863595,769.3314,436.33893,0.99863595,727.0822,593.24506,0.7422539,875.50964,481.49152,0.80115086,1042.624,404.45743,0.9990874,1107.7611,548.17084,0.8408771,899.7658,551.4804,0.6322987,917.61945,919.7039,0.9890957,812.0032,922.76794,0.99007183,820.5042,1244.8851,0.017055888,812.06256,1601.1089,0.0019994034,1023.2357,916.63995,0.9890957,1020.16815,1274.4414,0.014031188,1001.03827,1608.5363,0.0013601138,892.91077,240.29509,0.9909396,947.949,245.95168,0.9806865,861.6113,266.52634,0.978719,972.0362,271.40768,0.98791707,975.3938,1717.391,0.001391224,975.3938,1717.391,0.001391224,998.71497,1649.7181,0.0018470056,844.82715,1695.0555,0.0012416773,844.82715,1695.0555,0.0012416773,806.5198,1651.7213,0.0019058719,932.5688,569.51935,1.0,905.16266,590.91614,1.0,875.2959,604.29285,1.0,854.5343,614.77783,1.0,840.5414,627.16614,1.0,852.5158,584.87024,1.0,825.1237,611.4918,1.0,809.31396,630.48486,1.0,798.18274,646.54443,1.0,860.31274,583.53723,1.0,828.9901,616.07526,1.0,812.9501,637.3327,1.0,801.224,654.5361,1.0,873.64703,588.1434,1.0,842.55585,620.19604,1.0,825.9204,640.69617,1.0,813.2289,656.429,1.0,890.4582,597.0999,1.0,868.7448,618.88605,1.0,857.00635,634.5692,1.0,847.74725,647.8412,1.0,867.0848,462.63885,1.0,886.0555,446.78387,1.0,899.15094,426.65118,1.0,902.5766,410.66757,1.0,897.4747,396.3275,1.0,875.1297,387.52045,1.0,873.3853,349.69122,1.0,872.4969,329.08707,1.0,869.8229,311.50037,1.0,857.88403,392.38623,1.0,865.16113,370.6045,1.0,880.0329,390.3674,1.0,885.85333,407.39496,1.0,842.05414,401.6581,1.0,844.30646,376.78793,1.0,860.00446,391.53857,1.0,867.37964,406.86667,1.0,826.62885,414.35672,1.0,815.509,391.63013,1.0,827.1557,391.33954,1.0,837.6657,396.56674,1.0
0.0,0.0,0.0,0.0,0.0,0.0,0.0,0.0,0.0,0.0,0.0,0.0,0.0,0.0,0.0,0.0,0.0,0.0,0.0,0.0,0.0,0.0,0.0,0.0,0.0,0.0,0.0,0.0,0.0,0.0,0.0,0.0,0.0,0.0,0.0,0.0,0.0,0.0,0.0,0.0,0.0,0.0,0.0,0.0,0.0,0.0,0.0,0.0,0.0,0.0,0.0,0.0,0.0,0.0,0.0,0.0,0.0,0.0,0.0,0.0,0.0,0.0,0.0,0.0,0.0,0.0,0.0,0.0,0.0,0.0,0.0,0.0,0.0,0.0,0.0,0.0,0.0,0.0,0.0,0.0,0.0,0.0,0.0,0.0,0.0,0.0,0.0,0.0,0.0,0.0,0.0,0.0,0.0,0.0,0.0,0.0,0.0,0.0,0.0,0.0,0.0,0.0,0.0,0.0,0.0,0.0,0.0,0.0,0.0,0.0,0.0,0.0,0.0,0.0,0.0,0.0,0.0,0.0,0.0,0.0,0.0,0.0,0.0,0.0,0.0,0.0,0.0,0.0,0.0,0.0,0.0,0.0,0.0,0.0,0.0,0.0,0.0,0.0,0.0,0.0,0.0,0.0,0.0,0.0,0.0,0.0,0.0,0.0,0.0,0.0,0.0,0.0,0.0,0.0,0.0,0.0,0.0,0.0,0.0,0.0,0.0,0.0,0.0,0.0,0.0,0.0,0.0,0.0,0.0,0.0,0.0,0.0,0.0,0.0,0.0,0.0,0.0,0.0,0.0,0.0,0.0,0.0,0.0,0.0,0.0,0.0,0.0,0.0,0.0,0.0,0.0,0.0,0.0,0.0,0.0,0.0,0.0,0.0,0.0,0.0,0.0,0.0,0.0,0.0,0.0,0.0,0.0,0.0,0.0,0.0,919.7238,258.63177,0.9945129,906.6349,422.3449,0.9987251,770.412,436.93732,0.9987251,726.3972,599.9645,0.7566179,865.2362,464.54858,0.8185248,1042.8578,407.7525,0.9991471,1119.2947,564.51935,0.84524846,918.57446,576.7509,0.6487242,917.5015,918.9045,0.98928523,811.8227,922.5336,0.99023134,820.6974,1239.0205,0.016638719,812.5546,1587.1798,0.001981376,1023.18036,915.2754,0.98928523,1020.676,1267.3429,0.013861632,998.0945,1591.4172,0.0013405134,891.9722,241.61478,0.99163806,947.83655,247.04692,0.9821118,861.4928,267.72708,0.98020935,972.48615,272.66125,0.9888224,969.26935,1703.3333,0.0013794381,969.26935,1703.3333,0.0013794381,996.0835,1630.9604,0.0018675309,844.67444,1681.4307,0.0012289173,844.67444,1681.4307,0.0012289173,807.0067,1638.2125,0.001956608,949.1382,592.3063,1.0,918.7365,604.1964,1.0,889.13477,620.18024,1.0,869.66565,635.0191,1.0,858.6024,651.5922,1.0,867.77026,614.68567,1.0,842.1737,643.8389,1.0,827.97003,663.9371,1.0,818.12695,681.4439,1.0,876.5284,615.8623,1.0,847.6296,650.44745,1.0,833.3638,672.70667,1.0,823.774,691.11334,1.0,890.90955,621.4002,1.0,862.78687,655.50684,1.0,847.8899,677.1005,1.0,837.30255,694.02826,1.0,909.026,629.4178,1.0,888.6218,653.6663,1.0,878.04395,670.2586,1.0,870.3013,684.6823,1.0,849.2488,446.0964,1.0,866.2425,427.02493,1.0,877.0052,403.8851,1.0,875.2232,385.7138,1.0,862.3402,375.56778,1.0,850.5288,366.87543,1.0,845.23376,331.26733,1.0,842.1212,311.07535,1.0,837.0132,293.84213,1.0,833.4141,373.25943,1.0,834.96985,351.19754,1.0,851.57,369.0632,1.0,858.608,383.9805,1.0,818.159,384.14673,1.0,816.3225,360.88922,1.0,833.14136,374.99625,1.0,840.92706,389.1822,1.0,803.3476,398.79327,1.0,789.27356,376.7836,1.0,801.319,376.0854,1.0,811.9849,380.82632,1.0
0.0,0.0,0.0,0.0,0.0,0.0,0.0,0.0,0.0,0.0,0.0,0.0,0.0,0.0,0.0,0.0,0.0,0.0,0.0,0.0,0.0,0.0,0.0,0.0,0.0,0.0,0.0,0.0,0.0,0.0,0.0,0.0,0.0,0.0,0.0,0.0,0.0,0.0,0.0,0.0,0.0,0.0,0.0,0.0,0.0,0.0,0.0,0.0,0.0,0.0,0.0,0.0,0.0,0.0,0.0,0.0,0.0,0.0,0.0,0.0,0.0,0.0,0.0,0.0,0.0,0.0,0.0,0.0,0.0,0.0,0.0,0.0,0.0,0.0,0.0,0.0,0.0,0.0,0.0,0.0,0.0,0.0,0.0,0.0,0.0,0.0,0.0,0.0,0.0,0.0,0.0,0.0,0.0,0.0,0.0,0.0,0.0,0.0,0.0,0.0,0.0,0.0,0.0,0.0,0.0,0.0,0.0,0.0,0.0,0.0,0.0,0.0,0.0,0.0,0.0,0.0,0.0,0.0,0.0,0.0,0.0,0.0,0.0,0.0,0.0,0.0,0.0,0.0,0.0,0.0,0.0,0.0,0.0,0.0,0.0,0.0,0.0,0.0,0.0,0.0,0.0,0.0,0.0,0.0,0.0,0.0,0.0,0.0,0.0,0.0,0.0,0.0,0.0,0.0,0.0,0.0,0.0,0.0,0.0,0.0,0.0,0.0,0.0,0.0,0.0,0.0,0.0,0.0,0.0,0.0,0.0,0.0,0.0,0.0,0.0,0.0,0.0,0.0,0.0,0.0,0.0,0.0,0.0,0.0,0.0,0.0,0.0,0.0,0.0,0.0,0.0,0.0,0.0,0.0,0.0,0.0,0.0,0.0,0.0,0.0,0.0,0.0,0.0,0.0,0.0,0.0,0.0,0.0,0.0,0.0,917.39825,260.30826,0.9949562,907.01373,426.16296,0.9988142,770.4135,437.48898,0.9988142,725.49603,603.2312,0.76737523,848.57806,449.3,0.83539623,1043.6139,414.8369,0.99920785,1132.1339,580.35175,0.8500558,934.5712,601.9452,0.6687415,917.2583,918.84015,0.9893619,811.4532,922.58844,0.99027693,820.2524,1235.5619,0.015933488,813.0511,1578.1869,0.001998539,1023.06335,915.09186,0.9893619,1020.725,1265.0193,0.013541616,994.34467,1580.838,0.0013632703,890.8429,242.74182,0.9923402,947.2484,248.73404,0.9835603,861.28436,269.0373,0.9818137,972.5741,275.65536,0.9897502,959.7867,1691.5062,0.001435352,959.7867,1691.5062,0.001435352,994.03186,1620.199,0.0019416342,844.3055,1672.921,0.0012448131,844.3055,1672.921,0.0012448131,808.17224,1629.4813,0.0020578646,967.0358,619.9062,1.0,934.0748,628.773,1.0,905.4234,648.43036,1.0,888.8207,666.8934,1.0,881.632,684.90533,1.0,886.4301,650.84595,1.0,863.845,683.3282,1.0,852.62476,704.7878,1.0,845.073,723.3048,1.0,896.829,654.2441,1.0,871.8532,692.5758,1.0,860.4255,715.8058,1.0,853.0514,734.6309,1.0,912.6304,660.22437,1.0,888.26526,697.3924,1.0,876.0929,719.3879,1.0,867.4496,736.6303,1.0,931.6356,666.8223,1.0,913.27484,694.0438,1.0,904.4958,711.4205,1.0,898.0166,726.54614,1.0,826.9685,429.59225,1.0,841.9637,408.0868,1.0,850.5388,383.02274,1.0,844.5808,364.969,1.0,827.9443,357.8192,1.0,822.452,348.19287,1.0,812.953,313.66888,1.0,807.2231,293.24673,1.0,799.7036,276.32288,1.0,804.6042,356.25958,1.0,803.2574,334.58533,1.0,819.99884,352.9361,1.0,827.1162,367.91302,1.0,789.5046,368.23795,1.0,785.1365,346.77432,1.0,801.885,360.14545,1.0,809.526,373.44183,1.0,775.3157,383.92218,1.0,759.7238,362.71863,1.0,771.9125,362.64578,1.0,782.792,368.28918,1.0
0.0,0.0,0.0,0.0,0.0,0.0,0.0,0.0,0.0,0.0,0.0,0.0,0.0,0.0,0.0,0.0,0.0,0.0,0.0,0.0,0.0,0.0,0.0,0.0,0.0,0.0,0.0,0.0,0.0,0.0,0.0,0.0,0.0,0.0,0.0,0.0,0.0,0.0,0.0,0.0,0.0,0.0,0.0,0.0,0.0,0.0,0.0,0.0,0.0,0.0,0.0,0.0,0.0,0.0,0.0,0.0,0.0,0.0,0.0,0.0,0.0,0.0,0.0,0.0,0.0,0.0,0.0,0.0,0.0,0.0,0.0,0.0,0.0,0.0,0.0,0.0,0.0,0.0,0.0,0.0,0.0,0.0,0.0,0.0,0.0,0.0,0.0,0.0,0.0,0.0,0.0,0.0,0.0,0.0,0.0,0.0,0.0,0.0,0.0,0.0,0.0,0.0,0.0,0.0,0.0,0.0,0.0,0.0,0.0,0.0,0.0,0.0,0.0,0.0,0.0,0.0,0.0,0.0,0.0,0.0,0.0,0.0,0.0,0.0,0.0,0.0,0.0,0.0,0.0,0.0,0.0,0.0,0.0,0.0,0.0,0.0,0.0,0.0,0.0,0.0,0.0,0.0,0.0,0.0,0.0,0.0,0.0,0.0,0.0,0.0,0.0,0.0,0.0,0.0,0.0,0.0,0.0,0.0,0.0,0.0,0.0,0.0,0.0,0.0,0.0,0.0,0.0,0.0,0.0,0.0,0.0,0.0,0.0,0.0,0.0,0.0,0.0,0.0,0.0,0.0,0.0,0.0,0.0,0.0,0.0,0.0,0.0,0.0,0.0,0.0,0.0,0.0,0.0,0.0,0.0,0.0,0.0,0.0,0.0,0.0,0.0,0.0,0.0,0.0,0.0,0.0,0.0,0.0,0.0,0.0,916.1481,260.56586,0.9953559,908.5922,429.8338,0.9988899,770.9602,436.7131,0.9988899,725.2224,603.2163,0.7766938,829.8554,432.14145,0.85085124,1046.2242,422.95447,0.9992651,1139.353,596.83966,0.8577098,956.34424,627.6142,0.69310266,916.8481,919.1173,0.9895146,810.6921,922.7937,0.99033976,820.2086,1232.4797,0.0155563215,814.31494,1572.8641,0.0020831185,1023.0041,915.44086,0.9895146,1020.3588,1262.519,0.013478023,991.693,1577.1168,0.0014226314,890.1403,243.03339,0.99296194,946.4123,248.7462,0.9848571,861.29205,270.3722,0.983225,972.4941,275.64767,0.99059004,958.6137,1687.1676,0.0015302585,958.6137,1687.1676,0.0015302585,991.6371,1617.761,0.0020525404,844.5661,1667.3799,0.001295874,844.5661,1667.3799,0.001295874,810.381,1625.2554,0.0022053397,985.3894,650.1251,1.0,952.2627,660.44385,1.0,926.6824,683.8299,1.0,914.3863,705.7388,1.0,912.372,724.9545,1.0,909.0481,692.3738,1.0,890.2476,728.1412,1.0,882.24194,750.5118,1.0,877.6929,770.0428,1.0,920.8844,696.1671,1.0,901.21436,738.6531,1.0,893.6633,763.0171,1.0,889.42645,782.29193,1.0,938.0696,701.2006,1.0,919.1922,741.9241,1.0,910.2133,765.1006,1.0,904.2332,783.11914,1.0,958.19086,705.8689,1.0,943.9953,737.2477,1.0,937.8218,756.1315,1.0,933.0489,772.53613,1.0,803.78516,414.5149,1.0,818.07874,390.82242,1.0,824.01666,363.9185,1.0,812.84186,347.61664,1.0,794.06104,342.43152,1.0,793.36475,332.37317,1.0,780.3062,299.8122,1.0,771.0458,280.47766,1.0,761.36304,264.36722,1.0,775.0858,342.04752,1.0,769.44604,321.4441,1.0,786.24835,337.54224,1.0,795.8403,352.3143,1.0,760.5688,355.462,1.0,754.04565,335.71344,1.0,770.1883,347.40964,1.0,778.9938,360.32687,1.0,747.69775,372.34134,1.0,730.2316,352.57516,1.0,740.42676,350.71234,1.0,750.9179,354.5572,1.0
0.0,0.0,0.0,0.0,0.0,0.0,0.0,0.0,0.0,0.0,0.0,0.0,0.0,0.0,0.0,0.0,0.0,0.0,0.0,0.0,0.0,0.0,0.0,0.0,0.0,0.0,0.0,0.0,0.0,0.0,0.0,0.0,0.0,0.0,0.0,0.0,0.0,0.0,0.0,0.0,0.0,0.0,0.0,0.0,0.0,0.0,0.0,0.0,0.0,0.0,0.0,0.0,0.0,0.0,0.0,0.0,0.0,0.0,0.0,0.0,0.0,0.0,0.0,0.0,0.0,0.0,0.0,0.0,0.0,0.0,0.0,0.0,0.0,0.0,0.0,0.0,0.0,0.0,0.0,0.0,0.0,0.0,0.0,0.0,0.0,0.0,0.0,0.0,0.0,0.0,0.0,0.0,0.0,0.0,0.0,0.0,0.0,0.0,0.0,0.0,0.0,0.0,0.0,0.0,0.0,0.0,0.0,0.0,0.0,0.0,0.0,0.0,0.0,0.0,0.0,0.0,0.0,0.0,0.0,0.0,0.0,0.0,0.0,0.0,0.0,0.0,0.0,0.0,0.0,0.0,0.0,0.0,0.0,0.0,0.0,0.0,0.0,0.0,0.0,0.0,0.0,0.0,0.0,0.0,0.0,0.0,0.0,0.0,0.0,0.0,0.0,0.0,0.0,0.0,0.0,0.0,0.0,0.0,0.0,0.0,0.0,0.0,0.0,0.0,0.0,0.0,0.0,0.0,0.0,0.0,0.0,0.0,0.0,0.0,0.0,0.0,0.0,0.0,0.0,0.0,0.0,0.0,0.0,0.0,0.0,0.0,0.0,0.0,0.0,0.0,0.0,0.0,0.0,0.0,0.0,0.0,0.0,0.0,0.0,0.0,0.0,0.0,0.0,0.0,0.0,0.0,0.0,0.0,0.0,0.0,916.10364,260.7584,0.995726,909.8688,433.98264,0.9989641,771.06384,436.83527,0.9989641,724.8287,602.8862,0.7837785,810.0646,420.00577,0.86486447,1048.6737,431.13,0.999322,1144.2206,609.9776,0.8602078,973.3971,658.789,0.71331406,916.3435,920.4572,0.9895749,809.8047,923.871,0.9902549,820.1659,1231.8878,0.014595289,818.6559,1571.7417,0.0020521549,1022.8823,917.0434,0.9895749,1021.7193,1262.6001,0.012849769,993.17596,1577.6355,0.001435885,890.01575,243.44757,0.9935386,946.4409,248.88458,0.98606867,861.3022,271.52045,0.98455894,972.43396,275.70004,0.9913764,958.4893,1689.1185,0.0015763714,958.4893,1689.1185,0.0015763714,994.1736,1617.8314,0.0020950485,847.10693,1669.2997,0.0012857452,847.10693,1669.2997,0.0012857452,815.76965,1623.2096,0.0022499915,1005.0204,682.2144,1.0,971.4354,696.83356,1.0,949.9395,724.05396,1.0,940.5464,748.73676,1.0,940.22534,768.227,1.0,936.3793,734.78485,1.0,922.9577,773.2348,1.0,917.4017,796.17316,1.0,914.96387,816.14856,1.0,949.58997,738.87146,1.0,936.62115,783.6954,1.0,931.4423,809.0308,1.0,929.356,829.0463,1.0,967.7527,742.5332,1.0,955.96277,785.615,1.0,950.2007,809.90247,1.0,947.2274,828.8039,1.0,988.725,745.0382,1.0,979.8597,779.5861,1.0,976.67224,799.5512,1.0,974.8177,816.67786,1.0,785.02124,401.50632,1.0,798.62604,377.25366,1.0,800.8489,350.00275,1.0,787.4262,334.1692,1.0,768.41,328.1378,1.0,769.9932,318.73972,1.0,755.0498,288.33878,1.0,744.48474,269.7295,1.0,733.9042,254.66133,1.0,752.1436,329.53223,1.0,744.4763,310.03564,1.0,762.1152,326.75424,1.0,773.09924,341.96085,1.0,738.16486,343.80072,1.0,729.6342,325.20856,1.0,747.36926,336.92072,1.0,758.31824,350.14142,1.0,726.0306,361.42157,1.0,706.601,343.03094,1.0,716.5998,340.50058,1.0,727.87335,343.32147,1.0
0.0,0.0,0.0,0.0,0.0,0.0,0.0,0.0,0.0,0.0,0.0,0.0,0.0,0.0,0.0,0.0,0.0,0.0,0.0,0.0,0.0,0.0,0.0,0.0,0.0,0.0,0.0,0.0,0.0,0.0,0.0,0.0,0.0,0.0,0.0,0.0,0.0,0.0,0.0,0.0,0.0,0.0,0.0,0.0,0.0,0.0,0.0,0.0,0.0,0.0,0.0,0.0,0.0,0.0,0.0,0.0,0.0,0.0,0.0,0.0,0.0,0.0,0.0,0.0,0.0,0.0,0.0,0.0,0.0,0.0,0.0,0.0,0.0,0.0,0.0,0.0,0.0,0.0,0.0,0.0,0.0,0.0,0.0,0.0,0.0,0.0,0.0,0.0,0.0,0.0,0.0,0.0,0.0,0.0,0.0,0.0,0.0,0.0,0.0,0.0,0.0,0.0,0.0,0.0,0.0,0.0,0.0,0.0,0.0,0.0,0.0,0.0,0.0,0.0,0.0,0.0,0.0,0.0,0.0,0.0,0.0,0.0,0.0,0.0,0.0,0.0,0.0,0.0,0.0,0.0,0.0,0.0,0.0,0.0,0.0,0.0,0.0,0.0,0.0,0.0,0.0,0.0,0.0,0.0,0.0,0.0,0.0,0.0,0.0,0.0,0.0,0.0,0.0,0.0,0.0,0.0,0.0,0.0,0.0,0.0,0.0,0.0,0.0,0.0,0.0,0.0,0.0,0.0,0.0,0.0,0.0,0.0,0.0,0.0,0.0,0.0,0.0,0.0,0.0,0.0,0.0,0.0,0.0,0.0,0.0,0.0,0.0,0.0,0.0,0.0,0.0,0.0,0.0,0.0,0.0,0.0,0.0,0.0,0.0,0.0,0.0,0.0,0.0,0.0,0.0,0.0,0.0,0.0,0.0,0.0,915.5569,261.9357,0.99603885,910.908,437.66446,0.9990208,771.6084,438.83856,0.9990208,722.4314,601.63086,0.7918442,789.82465,408.8412,0.87769413,1050.2076,436.49036,0.99937093,1148.3011,618.4476,0.8659214,989.72205,689.0045,0.73431313,916.16736,921.69226,0.9896572,809.97186,925.53314,0.9902053,820.3285,1230.6359,0.013951345,818.9519,1569.1627,0.0021381585,1022.3629,917.85144,0.9896572,1021.85895,1262.7783,0.012536198,993.41876,1576.531,0.0015444922,889.1566,244.77592,0.99402124,946.3778,249.71048,0.9870947,861.12537,272.7033,0.98569053,972.3491,276.0918,0.99205494,957.12933,1690.2678,0.0017279149,957.12933,1690.2678,0.0017279149,994.49084,1615.6798,0.0022363004,845.96124,1670.3877,0.001342641,845.96124,1670.3877,0.001342641,816.3503,1619.7224,0.0023988264,1025.7242,715.74817,1.0,991.9582,734.152,1.0,972.7994,765.7378,1.0,961.141,792.3512,1.0,950.5692,809.8888,1.0,965.0166,776.3322,1.0,957.831,816.21594,1.0,955.7984,839.8326,1.0,956.6451,859.1506,1.0,981.05524,779.32947,1.0,974.852,825.4164,1.0,973.7509,851.94867,1.0,974.91974,871.75543,1.0,1000.8409,780.9225,1.0,996.14526,824.8913,1.0,994.8291,850.7668,1.0,995.1525,869.89496,1.0,1022.6053,780.68726,1.0,1018.92267,816.5506,1.0,1018.7019,837.05536,1.0,1019.15704,854.3171,1.0,779.8202,393.59167,1.0,793.266,371.15677,1.0,795.158,344.47623,1.0,782.8461,328.0028,1.0,763.51,321.22266,1.0,767.0189,311.3167,1.0,752.86786,279.4047,1.0,744.2233,259.89532,1.0,735.3021,244.04152,1.0,749.075,321.1173,1.0,741.2462,301.6041,1.0,756.1318,319.89294,1.0,765.2239,335.3264,1.0,734.77856,334.9595,1.0,725.8196,315.75375,1.0,741.5041,328.92786,1.0,751.5671,342.71432,1.0,722.4313,351.9926,1.0,703.14246,334.4199,1.0,711.8166,332.3286,1.0,722.305,334.9888,1.0
0.0,0.0,0.0,0.0,0.0,0.0,0.0,0.0,0.0,0.0,0.0,0.0,0.0,0.0,0.0,0.0,0.0,0.0,0.0,0.0,0.0,0.0,0.0,0.0,0.0,0.0,0.0,0.0,0.0,0.0,0.0,0.0,0.0,0.0,0.0,0.0,0.0,0.0,0.0,0.0,0.0,0.0,0.0,0.0,0.0,0.0,0.0,0.0,0.0,0.0,0.0,0.0,0.0,0.0,0.0,0.0,0.0,0.0,0.0,0.0,0.0,0.0,0.0,0.0,0.0,0.0,0.0,0.0,0.0,0.0,0.0,0.0,0.0,0.0,0.0,0.0,0.0,0.0,0.0,0.0,0.0,0.0,0.0,0.0,0.0,0.0,0.0,0.0,0.0,0.0,0.0,0.0,0.0,0.0,0.0,0.0,0.0,0.0,0.0,0.0,0.0,0.0,0.0,0.0,0.0,0.0,0.0,0.0,0.0,0.0,0.0,0.0,0.0,0.0,0.0,0.0,0.0,0.0,0.0,0.0,0.0,0.0,0.0,0.0,0.0,0.0,0.0,0.0,0.0,0.0,0.0,0.0,0.0,0.0,0.0,0.0,0.0,0.0,0.0,0.0,0.0,0.0,0.0,0.0,0.0,0.0,0.0,0.0,0.0,0.0,0.0,0.0,0.0,0.0,0.0,0.0,0.0,0.0,0.0,0.0,0.0,0.0,0.0,0.0,0.0,0.0,0.0,0.0,0.0,0.0,0.0,0.0,0.0,0.0,0.0,0.0,0.0,0.0,0.0,0.0,0.0,0.0,0.0,0.0,0.0,0.0,0.0,0.0,0.0,0.0,0.0,0.0,0.0,0.0,0.0,0.0,0.0,0.0,0.0,0.0,0.0,0.0,0.0,0.0,0.0,0.0,0.0,0.0,0.0,0.0,912.87305,265.1427,0.9963306,911.3869,440.1369,0.9990759,771.6238,441.1733,0.9990759,718.5748,599.26965,0.8007631,776.51624,401.11032,0.8893898,1051.15,439.10052,0.9994174,1153.3229,624.396,0.8743217,1015.6426,720.8076,0.75607485,916.6843,922.98035,0.9898072,811.0194,927.1479,0.9902098,821.731,1231.0446,0.013868211,820.17706,1570.7947,0.002464049,1022.34924,918.8128,0.9898072,1021.9178,1263.4664,0.012483796,994.7814,1578.2904,0.0017826622,887.4753,246.50835,0.99446285,945.73987,251.07013,0.9880206,860.96576,273.85565,0.9867145,971.5074,276.8405,0.9926691,959.2611,1691.7527,0.0020017503,959.2611,1691.7527,0.0020017503,996.49493,1618.0911,0.0025500092,846.0957,1671.6897,0.0015221424,846.0957,1671.6897,0.0015221424,817.9288,1621.4977,0.002784742,1047.0482,748.303,1.0,1015.4087,770.7368,1.0,1000.6086,804.4569,1.0,992.10223,832.0872,1.0,981.77637,849.29767,1.0,996.8259,814.88135,1.0,994.1166,853.9723,1.0,994.3511,876.77405,1.0,997.3148,894.784,1.0,1013.749,817.0672,1.0,1013.08923,862.1277,1.0,1015.35645,888.8613,1.0,1018.93414,908.1206,1.0,1033.7395,816.99854,1.0,1033.6516,860.2384,1.0,1035.7917,886.0294,1.0,1038.3793,904.6331,1.0,1055.2118,814.3995,1.0,1056.5848,849.3398,1.0,1059.1409,869.1152,1.0,1061.7758,885.4747,1.0,792.03534,398.23322,1.0,809.3732,376.56363,1.0,817.97144,350.86838,1.0,808.85187,332.4288,1.0,790.17334,322.51328,1.0,796.3693,313.13943,1.0,790.6201,277.4009,1.0,787.4305,257.0447,1.0,782.84283,239.23177,1.0,777.1041,319.72397,1.0,775.4629,299.21005,1.0,784.1947,322.21567,1.0,788.55927,339.44162,1.0,759.84393,329.5989,1.0,758.40625,310.2502,1.0,768.56384,328.40942,1.0,773.38464,343.68228,1.0,744.02216,342.631,1.0,732.99347,322.64673,1.0,742.37775,324.0825,1.0,751.4185,329.0164,1.0
0.0,0.0,0.0,0.0,0.0,0.0,0.0,0.0,0.0,0.0,0.0,0.0,0.0,0.0,0.0,0.0,0.0,0.0,0.0,0.0,0.0,0.0,0.0,0.0,0.0,0.0,0.0,0.0,0.0,0.0,0.0,0.0,0.0,0.0,0.0,0.0,0.0,0.0,0.0,0.0,0.0,0.0,0.0,0.0,0.0,0.0,0.0,0.0,0.0,0.0,0.0,0.0,0.0,0.0,0.0,0.0,0.0,0.0,0.0,0.0,0.0,0.0,0.0,0.0,0.0,0.0,0.0,0.0,0.0,0.0,0.0,0.0,0.0,0.0,0.0,0.0,0.0,0.0,0.0,0.0,0.0,0.0,0.0,0.0,0.0,0.0,0.0,0.0,0.0,0.0,0.0,0.0,0.0,0.0,0.0,0.0,0.0,0.0,0.0,0.0,0.0,0.0,0.0,0.0,0.0,0.0,0.0,0.0,0.0,0.0,0.0,0.0,0.0,0.0,0.0,0.0,0.0,0.0,0.0,0.0,0.0,0.0,0.0,0.0,0.0,0.0,0.0,0.0,0.0,0.0,0.0,0.0,0.0,0.0,0.0,0.0,0.0,0.0,0.0,0.0,0.0,0.0,0.0,0.0,0.0,0.0,0.0,0.0,0.0,0.0,0.0,0.0,0.0,0.0,0.0,0.0,0.0,0.0,0.0,0.0,0.0,0.0,0.0,0.0,0.0,0.0,0.0,0.0,0.0,0.0,0.0,0.0,0.0,0.0,0.0,0.0,0.0,0.0,0.0,0.0,0.0,0.0,0.0,0.0,0.0,0.0,0.0,0.0,0.0,0.0,0.0,0.0,0.0,0.0,0.0,0.0,0.0,0.0,0.0,0.0,0.0,0.0,0.0,0.0,0.0,0.0,0.0,0.0,0.0,0.0,909.26086,269.60965,0.996598,912.0684,442.49997,0.9991171,771.6907,441.9093,0.9991171,707.4879,592.82837,0.8104254,779.9272,399.77048,0.89986694,1052.4462,443.09064,0.99946374,1159.686,634.08875,0.8844205,1040.1228,755.88354,0.77797335,916.9203,925.1286,0.99003005,811.7245,929.4477,0.99017817,822.71686,1231.4359,0.014602935,820.30597,1571.8981,0.0031330942,1022.116,920.8095,0.99003476,1021.62006,1268.831,0.013318684,995.6355,1579.9497,0.002355498,884.8582,247.82507,0.9948573,944.21954,253.06235,0.9889007,860.1451,274.74493,0.9876406,969.9796,278.22543,0.993264,958.332,1693.087,0.002600178,958.332,1693.087,0.002600178,999.6099,1619.8281,0.003173665,845.94965,1672.7902,0.0018910826,845.94965,1672.7902,0.0018910826,818.1878,1622.8795,0.0034951866,1067.6586,775.84015,1.0,1038.983,800.42004,1.0,1027.0077,834.2769,1.0,1022.1402,861.9171,1.0,1014.30963,880.3235,1.0,1026.6285,847.18713,1.0,1028.3079,886.3794,1.0,1030.6544,908.6804,1.0,1035.0734,926.2556,1.0,1044.6818,847.8932,1.0,1047.5497,892.6169,1.0,1052.2158,919.08,1.0,1057.6603,937.68713,1.0,1065.4082,845.81903,1.0,1068.8345,888.9889,1.0,1073.1324,914.6993,1.0,1077.4268,932.31067,1.0,1087.1725,841.00476,1.0,1090.4377,875.003,1.0,1093.3667,894.34064,1.0,1096.2173,909.73566,1.0,812.43036,411.23065,1.0,834.2458,391.7364,1.0,850.237,368.38763,1.0,847.52625,350.06882,1.0,835.1749,335.52985,1.0,835.21423,329.129,1.0,840.5041,291.78354,1.0,843.6866,271.82474,1.0,845.1219,253.49864,1.0,817.1341,331.4742,1.0,825.76935,307.91135,1.0,831.93335,332.62918,1.0,833.03394,352.11746,1.0,799.2611,337.2863,1.0,807.50977,317.96368,1.0,816.37537,339.17563,1.0,818.8806,357.33948,1.0,781.67065,346.52292,1.0,776.8381,321.87488,1.0,789.01874,324.92792,1.0,799.2943,333.20584,1.0
0.0,0.0,0.0,0.0,0.0,0.0,0.0,0.0,0.0,0.0,0.0,0.0,0.0,0.0,0.0,0.0,0.0,0.0,0.0,0.0,0.0,0.0,0.0,0.0,0.0,0.0,0.0,0.0,0.0,0.0,0.0,0.0,0.0,0.0,0.0,0.0,0.0,0.0,0.0,0.0,0.0,0.0,0.0,0.0,0.0,0.0,0.0,0.0,0.0,0.0,0.0,0.0,0.0,0.0,0.0,0.0,0.0,0.0,0.0,0.0,0.0,0.0,0.0,0.0,0.0,0.0,0.0,0.0,0.0,0.0,0.0,0.0,0.0,0.0,0.0,0.0,0.0,0.0,0.0,0.0,0.0,0.0,0.0,0.0,0.0,0.0,0.0,0.0,0.0,0.0,0.0,0.0,0.0,0.0,0.0,0.0,0.0,0.0,0.0,0.0,0.0,0.0,0.0,0.0,0.0,0.0,0.0,0.0,0.0,0.0,0.0,0.0,0.0,0.0,0.0,0.0,0.0,0.0,0.0,0.0,0.0,0.0,0.0,0.0,0.0,0.0,0.0,0.0,0.0,0.0,0.0,0.0,0.0,0.0,0.0,0.0,0.0,0.0,0.0,0.0,0.0,0.0,0.0,0.0,0.0,0.0,0.0,0.0,0.0,0.0,0.0,0.0,0.0,0.0,0.0,0.0,0.0,0.0,0.0,0.0,0.0,0.0,0.0,0.0,0.0,0.0,0.0,0.0,0.0,0.0,0.0,0.0,0.0,0.0,0.0,0.0,0.0,0.0,0.0,0.0,0.0,0.0,0.0,0.0,0.0,0.0,0.0,0.0,0.0,0.0,0.0,0.0,0.0,0.0,0.0,0.0,0.0,0.0,0.0,0.0,0.0,0.0,0.0,0.0,0.0,0.0,0.0,0.0,0.0,0.0,901.7837,273.3086,0.99678105,912.4225,443.7404,0.999123,771.9519,441.8767,0.999123,696.2056,587.20184,0.8179818,785.04114,402.1855,0.9085652,1052.8931,445.60406,0.99950206,1160.9508,641.1952,0.8933712,1062.6459,785.7482,0.7969195,915.2974,925.4832,0.9902393,811.73114,929.5426,0.9902393,822.3974,1233.9432,0.017334025,815.909,1575.2183,0.00423602,1018.8638,921.42377,0.99033505,1016.5395,1276.2684,0.0149921775,995.6863,1585.585,0.0030907998,882.30774,248.70113,0.99507195,941.6297,255.67163,0.9895099,860.14087,274.7208,0.9880874,968.579,282.7782,0.99371916,958.2588,1695.8663,0.003252174,958.2588,1695.8663,0.003252174,999.76624,1626.4401,0.0037639195,844.94415,1677.3976,0.0024607605,844.94415,1677.3976,0.0024607605,812.2952,1626.2261,0.004208062,1088.0593,799.1687,1.0,1060.2028,823.8845,1.0,1051.0078,856.6687,1.0,1047.3342,883.7796,1.0,1040.5117,902.0054,1.0,1053.0763,870.8014,1.0,1057.7006,909.2699,1.0,1061.7706,930.8958,1.0,1066.6643,947.7281,1.0,1072.9285,870.8465,1.0,1077.966,914.07916,1.0,1083.0731,939.2905,1.0,1088.0363,957.25854,1.0,1093.8696,867.79016,1.0,1099.8651,909.19586,1.0,1104.177,934.4248,1.0,1107.7433,952.49384,1.0,1114.0475,862.20874,1.0,1119.0979,894.6258,1.0,1122.8572,913.2942,1.0,1125.8224,928.27563,1.0,832.46545,420.57977,1.0,857.89575,402.67398,1.0,875.5969,383.10803,1.0,880.78143,365.84525,1.0,871.77014,350.9928,1.0,864.21594,343.54492,1.0,874.46405,305.8921,1.0,882.77594,287.37332,1.0,888.5286,270.87662,1.0,846.86444,344.7654,1.0,862.6994,325.3739,1.0,865.9329,352.62985,1.0,862.59436,370.79697,1.0,830.16046,348.94943,1.0,844.4118,331.85358,1.0,850.80585,355.10458,1.0,849.921,372.6839,1.0,813.1797,355.75378,1.0,810.88525,329.94067,1.0,823.0103,333.1819,1.0,833.23737,341.73206,1.0
0.0,0.0,0.0,0.0,0.0,0.0,0.0,0.0,0.0,0.0,0.0,0.0,0.0,0.0,0.0,0.0,0.0,0.0,0.0,0.0,0.0,0.0,0.0,0.0,0.0,0.0,0.0,0.0,0.0,0.0,0.0,0.0,0.0,0.0,0.0,0.0,0.0,0.0,0.0,0.0,0.0,0.0,0.0,0.0,0.0,0.0,0.0,0.0,0.0,0.0,0.0,0.0,0.0,0.0,0.0,0.0,0.0,0.0,0.0,0.0,0.0,0.0,0.0,0.0,0.0,0.0,0.0,0.0,0.0,0.0,0.0,0.0,0.0,0.0,0.0,0.0,0.0,0.0,0.0,0.0,0.0,0.0,0.0,0.0,0.0,0.0,0.0,0.0,0.0,0.0,0.0,0.0,0.0,0.0,0.0,0.0,0.0,0.0,0.0,0.0,0.0,0.0,0.0,0.0,0.0,0.0,0.0,0.0,0.0,0.0,0.0,0.0,0.0,0.0,0.0,0.0,0.0,0.0,0.0,0.0,0.0,0.0,0.0,0.0,0.0,0.0,0.0,0.0,0.0,0.0,0.0,0.0,0.0,0.0,0.0,0.0,0.0,0.0,0.0,0.0,0.0,0.0,0.0,0.0,0.0,0.0,0.0,0.0,0.0,0.0,0.0,0.0,0.0,0.0,0.0,0.0,0.0,0.0,0.0,0.0,0.0,0.0,0.0,0.0,0.0,0.0,0.0,0.0,0.0,0.0,0.0,0.0,0.0,0.0,0.0,0.0,0.0,0.0,0.0,0.0,0.0,0.0,0.0,0.0,0.0,0.0,0.0,0.0,0.0,0.0,0.0,0.0,0.0,0.0,0.0,0.0,0.0,0.0,0.0,0.0,0.0,0.0,0.0,0.0,0.0,0.0,0.0,0.0,0.0,0.0,892.8665,278.84494,0.9970252,913.3788,446.12552,0.99916095,771.6417,441.92435,0.99916095,692.30023,580.7091,0.8256515,802.18665,404.99042,0.91686666,1055.1157,450.3267,0.99954164,1161.62,644.6163,0.90176505,1087.228,804.5101,0.8150867,915.1851,925.61145,0.99015677,811.72986,929.5005,0.99015677,821.95685,1235.2538,0.018646374,814.1767,1577.9064,0.0048832726,1018.64044,921.7225,0.9904937,1013.98566,1277.5548,0.0153686125,995.73096,1588.0494,0.0035150785,877.61584,251.10059,0.9954228,935.59515,259.6259,0.9903046,860.0661,274.96564,0.98886395,966.8295,286.87238,0.994226,959.3894,1696.1497,0.0037011812,959.3894,1696.1497,0.0037011812,999.7638,1631.2743,0.0042027486,844.97284,1680.5944,0.0028278183,844.97284,1680.5944,0.0028278183,809.6296,1629.5591,0.0047169253,1105.7944,818.8144,1.0,1077.7781,841.6836,1.0,1068.9747,872.59155,1.0,1065.4094,898.1944,1.0,1059.3724,915.33246,1.0,1074.2809,889.69763,1.0,1078.7025,926.72076,1.0,1083.0023,947.24603,1.0,1087.7229,962.3919,1.0,1095.3108,890.0135,1.0,1100.384,931.07104,1.0,1104.8181,954.1174,1.0,1108.7308,970.6567,1.0,1115.9686,886.59454,1.0,1121.8575,925.95953,1.0,1125.6704,948.8446,1.0,1128.8174,965.42065,1.0,1133.8136,879.583,1.0,1139.6495,909.85565,1.0,1143.1403,927.26996,1.0,1145.5337,941.3764,1.0,844.3774,422.26352,1.0,869.6057,407.7407,1.0,888.3386,390.19952,1.0,896.7321,374.92468,1.0,890.753,361.6187,1.0,878.14374,353.2878,1.0,887.8854,315.57776,1.0,897.17914,297.1984,1.0,903.1245,280.5763,1.0,861.8451,353.7933,1.0,874.4227,330.04852,1.0,882.15985,353.0682,1.0,881.8154,372.47934,1.0,845.88165,358.2627,1.0,858.07135,337.52533,1.0,867.6105,357.31357,1.0,869.2868,374.11606,1.0,829.567,365.2722,1.0,826.2515,339.45224,1.0,838.1666,340.6716,1.0,848.55664,347.29132,1.0
0.0,0.0,0.0,0.0,0.0,0.0,0.0,0.0,0.0,0.0,0.0,0.0,0.0,0.0,0.0,0.0,0.0,0.0,0.0,0.0,0.0,0.0,0.0,0.0,0.0,0.0,0.0,0.0,0.0,0.0,0.0,0.0,0.0,0.0,0.0,0.0,0.0,0.0,0.0,0.0,0.0,0.0,0.0,0.0,0.0,0.0,0.0,0.0,0.0,0.0,0.0,0.0,0.0,0.0,0.0,0.0,0.0,0.0,0.0,0.0,0.0,0.0,0.0,0.0,0.0,0.0,0.0,0.0,0.0,0.0,0.0,0.0,0.0,0.0,0.0,0.0,0.0,0.0,0.0,0.0,0.0,0.0,0.0,0.0,0.0,0.0,0.0,0.0,0.0,0.0,0.0,0.0,0.0,0.0,0.0,0.0,0.0,0.0,0.0,0.0,0.0,0.0,0.0,0.0,0.0,0.0,0.0,0.0,0.0,0.0,0.0,0.0,0.0,0.0,0.0,0.0,0.0,0.0,0.0,0.0,0.0,0.0,0.0,0.0,0.0,0.0,0.0,0.0,0.0,0.0,0.0,0.0,0.0,0.0,0.0,0.0,0.0,0.0,0.0,0.0,0.0,0.0,0.0,0.0,0.0,0.0,0.0,0.0,0.0,0.0,0.0,0.0,0.0,0.0,0.0,0.0,0.0,0.0,0.0,0.0,0.0,0.0,0.0,0.0,0.0,0.0,0.0,0.0,0.0,0.0,0.0,0.0,0.0,0.0,0.0,0.0,0.0,0.0,0.0,0.0,0.0,0.0,0.0,0.0,0.0,0.0,0.0,0.0,0.0,0.0,0.0,0.0,0.0,0.0,0.0,0.0,0.0,0.0,0.0,0.0,0.0,0.0,0.0,0.0,0.0,0.0,0.0,0.0,0.0,0.0,889.5025,281.2875,0.9972688,913.6069,446.42352,0.9991959,770.6105,441.97076,0.9991959,690.5994,577.0508,0.83569884,822.5559,406.8449,0.924489,1056.6033,450.8763,0.99957836,1162.3427,647.59503,0.91009367,1103.1871,820.1613,0.83215225,915.3772,925.5297,0.99005044,811.903,929.2468,0.99005044,820.619,1236.7379,0.024396421,811.99567,1589.2811,0.0072152307,1018.8514,921.81256,0.9906124,1013.46625,1282.4287,0.018470539,995.7616,1592.8542,0.00456182,875.35156,251.83397,0.99578667,933.54114,261.8502,0.9911027,859.1129,274.95078,0.9897109,965.82324,289.28348,0.99472314,957.9383,1701.079,0.004746348,957.9383,1701.079,0.004746348,999.8947,1635.8655,0.0051522055,843.0094,1692.209,0.004114598,843.0094,1692.209,0.004114598,807.6315,1644.091,0.0060888436,1119.0029,831.6896,1.0,1089.2297,851.68616,1.0,1078.529,881.58734,1.0,1074.9425,908.0099,1.0,1067.6902,924.78076,1.0,1089.1803,901.45526,1.0,1092.0312,938.0334,1.0,1094.9154,957.9415,1.0,1098.1149,972.411,1.0,1110.3112,903.054,1.0,1114.0247,941.8892,1.0,1116.3923,963.3649,1.0,1118.3309,978.0107,1.0,1129.9591,900.1663,1.0,1134.6686,937.35254,1.0,1137.2279,958.58203,1.0,1138.9569,973.61066,1.0,1147.0144,893.0702,1.0,1151.7388,920.6919,1.0,1154.6406,936.6999,1.0,1156.154,949.2257,1.0,842.11743,420.06873,1.0,867.35297,405.5888,1.0,886.69495,390.7776,1.0,898.64874,379.03955,1.0,903.83215,365.8983,1.0,875.3346,351.1251,1.0,888.1932,316.09018,1.0,898.3572,299.61353,1.0,906.5662,284.84955,1.0,859.8035,351.4973,1.0,870.3974,325.44073,1.0,883.5286,342.3536,1.0,889.86456,360.90427,1.0,843.7083,356.42633,1.0,849.987,331.01346,1.0,864.5845,346.3262,1.0,873.5314,363.78674,1.0,826.43744,364.9434,1.0,822.9456,342.87088,1.0,835.5984,344.19986,1.0,847.6281,351.28513,1.0
0.0,0.0,0.0,0.0,0.0,0.0,0.0,0.0,0.0,0.0,0.0,0.0,0.0,0.0,0.0,0.0,0.0,0.0,0.0,0.0,0.0,0.0,0.0,0.0,0.0,0.0,0.0,0.0,0.0,0.0,0.0,0.0,0.0,0.0,0.0,0.0,0.0,0.0,0.0,0.0,0.0,0.0,0.0,0.0,0.0,0.0,0.0,0.0,0.0,0.0,0.0,0.0,0.0,0.0,0.0,0.0,0.0,0.0,0.0,0.0,0.0,0.0,0.0,0.0,0.0,0.0,0.0,0.0,0.0,0.0,0.0,0.0,0.0,0.0,0.0,0.0,0.0,0.0,0.0,0.0,0.0,0.0,0.0,0.0,0.0,0.0,0.0,0.0,0.0,0.0,0.0,0.0,0.0,0.0,0.0,0.0,0.0,0.0,0.0,0.0,0.0,0.0,0.0,0.0,0.0,0.0,0.0,0.0,0.0,0.0,0.0,0.0,0.0,0.0,0.0,0.0,0.0,0.0,0.0,0.0,0.0,0.0,0.0,0.0,0.0,0.0,0.0,0.0,0.0,0.0,0.0,0.0,0.0,0.0,0.0,0.0,0.0,0.0,0.0,0.0,0.0,0.0,0.0,0.0,0.0,0.0,0.0,0.0,0.0,0.0,0.0,0.0,0.0,0.0,0.0,0.0,0.0,0.0,0.0,0.0,0.0,0.0,0.0,0.0,0.0,0.0,0.0,0.0,0.0,0.0,0.0,0.0,0.0,0.0,0.0,0.0,0.0,0.0,0.0,0.0,0.0,0.0,0.0,0.0,0.0,0.0,0.0,0.0,0.0,0.0,0.0,0.0,0.0,0.0,0.0,0.0,0.0,0.0,0.0,0.0,0.0,0.0,0.0,0.0,0.0,0.0,0.0,0.0,0.0,0.0,886.46716,282.7978,0.9974899,914.6723,447.61542,0.99922884,770.3378,442.29077,0.99922884,690.58716,574.5015,0.8446762,830.6099,406.56155,0.931406,1059.0068,452.9401,0.9996125,1161.907,647.8221,0.91789246,1116.5334,829.1544,0.8478245,916.5589,926.5865,0.9900546,812.0507,929.48987,0.9900546,821.2451,1239.8362,0.028454494,812.75854,1592.8604,0.0087805595,1021.0671,923.68304,0.99086696,1015.7248,1286.4365,0.021444166,1001.7719,1595.2041,0.00567773,875.17267,252.49283,0.996114,931.4702,264.05954,0.99182445,859.7116,275.0822,0.9904714,965.37976,291.658,0.9951726,965.82733,1702.969,0.0058336,965.82733,1702.969,0.0058336,1006.55884,1638.0989,0.006238598,845.91486,1696.759,0.004949722,845.91486,1696.759,0.004949722,808.0412,1647.2307,0.007189263,1130.008,842.81476,1.0,1098.6881,858.86304,1.0,1085.502,886.2647,1.0,1082.7441,913.9437,1.0,1074.6041,931.6089,1.0,1101.3876,911.25745,1.0,1102.199,946.28625,1.0,1103.7413,964.57935,1.0,1105.6492,977.5638,1.0,1122.7867,913.34937,1.0,1123.9052,950.6597,1.0,1124.0021,971.0902,1.0,1123.8969,984.75464,1.0,1141.4167,910.35944,1.0,1143.8556,945.4175,1.0,1144.4656,965.9795,1.0,1144.6696,980.2873,1.0,1156.3239,903.3423,1.0,1159.8766,929.02057,1.0,1162.3761,944.2846,1.0,1163.7935,955.9886,1.0,835.5074,416.64893,1.0,861.86774,406.14682,1.0,881.43695,392.89362,1.0,895.61395,385.1973,1.0,909.7858,382.06693,1.0,874.79083,350.59073,1.0,885.1264,321.1737,1.0,895.761,312.8427,1.0,906.57513,307.56708,1.0,856.031,350.1676,1.0,858.678,314.51498,1.0,866.5739,328.98007,1.0,873.1727,347.14835,1.0,837.7454,357.76837,1.0,833.72174,327.6413,1.0,844.06134,340.3846,1.0,853.40106,355.36356,1.0,820.352,370.62573,1.0,814.08307,353.19748,1.0,823.6109,357.093,1.0,833.79376,363.56778,1.0
0.0,0.0,0.0,0.0,0.0,0.0,0.0,0.0,0.0,0.0,0.0,0.0,0.0,0.0,0.0,0.0,0.0,0.0,0.0,0.0,0.0,0.0,0.0,0.0,0.0,0.0,0.0,0.0,0.0,0.0,0.0,0.0,0.0,0.0,0.0,0.0,0.0,0.0,0.0,0.0,0.0,0.0,0.0,0.0,0.0,0.0,0.0,0.0,0.0,0.0,0.0,0.0,0.0,0.0,0.0,0.0,0.0,0.0,0.0,0.0,0.0,0.0,0.0,0.0,0.0,0.0,0.0,0.0,0.0,0.0,0.0,0.0,0.0,0.0,0.0,0.0,0.0,0.0,0.0,0.0,0.0,0.0,0.0,0.0,0.0,0.0,0.0,0.0,0.0,0.0,0.0,0.0,0.0,0.0,0.0,0.0,0.0,0.0,0.0,0.0,0.0,0.0,0.0,0.0,0.0,0.0,0.0,0.0,0.0,0.0,0.0,0.0,0.0,0.0,0.0,0.0,0.0,0.0,0.0,0.0,0.0,0.0,0.0,0.0,0.0,0.0,0.0,0.0,0.0,0.0,0.0,0.0,0.0,0.0,0.0,0.0,0.0,0.0,0.0,0.0,0.0,0.0,0.0,0.0,0.0,0.0,0.0,0.0,0.0,0.0,0.0,0.0,0.0,0.0,0.0,0.0,0.0,0.0,0.0,0.0,0.0,0.0,0.0,0.0,0.0,0.0,0.0,0.0,0.0,0.0,0.0,0.0,0.0,0.0,0.0,0.0,0.0,0.0,0.0,0.0,0.0,0.0,0.0,0.0,0.0,0.0,0.0,0.0,0.0,0.0,0.0,0.0,0.0,0.0,0.0,0.0,0.0,0.0,0.0,0.0,0.0,0.0,0.0,0.0,0.0,0.0,0.0,0.0,0.0,0.0,886.78546,283.60156,0.9976708,916.431,448.80402,0.999254,770.88135,442.3964,0.999254,690.3756,572.68414,0.8512601,831.45325,404.808,0.93756497,1061.9808,455.21167,0.9996404,1161.5146,653.3863,0.9242602,1126.9629,841.2559,0.86148953,917.1477,929.5123,0.98995805,812.2551,932.1438,0.98995805,821.3713,1240.4989,0.030293863,812.67334,1594.0399,0.009556856,1022.0403,926.8808,0.9910055,1015.91986,1287.1313,0.023250712,1002.99176,1599.8768,0.0065056644,875.28766,252.91206,0.99637514,931.54865,265.38736,0.99240124,860.66974,275.30777,0.99107206,966.16846,292.68842,0.99554074,967.10315,1706.6422,0.0066167274,967.10315,1706.6422,0.0066167274,1007.6718,1644.5281,0.0069345287,846.1245,1698.528,0.0053701084,846.1245,1698.528,0.0053701084,807.8202,1648.5087,0.0077726804,1138.8564,849.9281,1.0,1106.165,864.49164,1.0,1091.792,892.02356,1.0,1089.3087,920.1295,1.0,1079.9908,938.3555,1.0,1111.659,919.8575,1.0,1110.9047,953.7378,1.0,1111.0903,971.5885,1.0,1111.6351,984.61707,1.0,1132.8798,921.74005,1.0,1131.769,957.33185,1.0,1129.9558,977.31476,1.0,1128.2745,990.9496,1.0,1150.0245,918.1646,1.0,1150.6223,951.14795,1.0,1149.6208,970.69104,1.0,1148.5018,984.53546,1.0,1163.0337,910.8231,1.0,1165.063,934.6362,1.0,1165.9305,948.53235,1.0,1166.2068,959.13153,1.0,830.3829,413.26663,1.0,857.0631,405.8854,1.0,876.0322,395.81186,1.0,891.4984,392.70346,1.0,905.76245,396.70837,1.0,869.9421,353.98157,1.0,877.4182,327.96225,1.0,886.41406,330.22916,1.0,894.81305,339.89398,1.0,850.2302,353.6625,1.0,847.16785,318.61246,1.0,853.7467,332.47812,1.0,860.3001,350.9847,1.0,831.402,361.91382,1.0,821.6635,335.9232,1.0,831.10693,349.2888,1.0,840.85913,363.95126,1.0,815.0753,375.66623,1.0,806.6629,364.0488,1.0,815.6742,370.97787,1.0,826.3557,378.8882,1.0
0.0,0.0,0.0,0.0,0.0,0.0,0.0,0.0,0.0,0.0,0.0,0.0,0.0,0.0,0.0,0.0,0.0,0.0,0.0,0.0,0.0,0.0,0.0,0.0,0.0,0.0,0.0,0.0,0.0,0.0,0.0,0.0,0.0,0.0,0.0,0.0,0.0,0.0,0.0,0.0,0.0,0.0,0.0,0.0,0.0,0.0,0.0,0.0,0.0,0.0,0.0,0.0,0.0,0.0,0.0,0.0,0.0,0.0,0.0,0.0,0.0,0.0,0.0,0.0,0.0,0.0,0.0,0.0,0.0,0.0,0.0,0.0,0.0,0.0,0.0,0.0,0.0,0.0,0.0,0.0,0.0,0.0,0.0,0.0,0.0,0.0,0.0,0.0,0.0,0.0,0.0,0.0,0.0,0.0,0.0,0.0,0.0,0.0,0.0,0.0,0.0,0.0,0.0,0.0,0.0,0.0,0.0,0.0,0.0,0.0,0.0,0.0,0.0,0.0,0.0,0.0,0.0,0.0,0.0,0.0,0.0,0.0,0.0,0.0,0.0,0.0,0.0,0.0,0.0,0.0,0.0,0.0,0.0,0.0,0.0,0.0,0.0,0.0,0.0,0.0,0.0,0.0,0.0,0.0,0.0,0.0,0.0,0.0,0.0,0.0,0.0,0.0,0.0,0.0,0.0,0.0,0.0,0.0,0.0,0.0,0.0,0.0,0.0,0.0,0.0,0.0,0.0,0.0,0.0,0.0,0.0,0.0,0.0,0.0,0.0,0.0,0.0,0.0,0.0,0.0,0.0,0.0,0.0,0.0,0.0,0.0,0.0,0.0,0.0,0.0,0.0,0.0,0.0,0.0,0.0,0.0,0.0,0.0,0.0,0.0,0.0,0.0,0.0,0.0,0.0,0.0,0.0,0.0,0.0,0.0,887.4928,285.06638,0.9978563,918.65265,449.77234,0.99928766,772.4074,442.07556,0.99928766,690.2597,569.4472,0.8587377,831.4408,404.39426,0.94319725,1064.8978,457.4691,0.9996672,1160.8893,656.8018,0.93030685,1135.0046,851.3225,0.8741828,917.1353,929.846,0.99001473,812.0656,932.36646,0.99001473,822.7965,1240.7263,0.034052536,814.23096,1599.19,0.011577423,1022.205,927.32556,0.99121946,1015.7185,1286.8878,0.025875712,1003.77844,1602.568,0.007814636,876.2777,254.39217,0.9966489,933.2899,266.66446,0.9929943,861.6001,276.54745,0.99169296,967.98553,294.06763,0.99590147,972.6411,1709.6959,0.007880982,972.6411,1709.6959,0.007880982,1007.97327,1648.1787,0.008115446,847.11444,1705.2754,0.006493757,847.11444,1705.2754,0.006493757,809.4856,1655.0786,0.009019904,1145.1356,857.39825,1.0,1111.9299,870.3058,1.0,1096.4635,896.9652,1.0,1093.5813,924.7215,1.0,1084.6403,943.7084,1.0,1119.7095,926.8677,1.0,1118.334,960.7783,1.0,1117.6182,978.0327,1.0,1117.3005,991.06525,1.0,1140.636,928.57043,1.0,1138.5331,963.68097,1.0,1135.2697,982.56537,1.0,1132.4861,995.9229,1.0,1156.3958,925.32605,1.0,1156.3359,957.0736,1.0,1153.383,974.94324,1.0,1150.5978,988.0792,1.0,1167.2528,919.5361,1.0,1165.9203,944.7936,1.0,1163.137,957.37524,1.0,1160.1924,966.69025,1.0,824.06635,410.42053,1.0,851.19446,405.319,1.0,871.07,397.86807,1.0,886.5886,399.71698,1.0,899.30133,406.39743,1.0,862.964,358.85812,1.0,872.46826,337.65317,1.0,877.674,348.08524,1.0,880.2712,362.43683,1.0,842.9435,356.2016,1.0,842.15955,325.29608,1.0,846.1842,341.2462,1.0,849.7594,360.10233,1.0,823.7552,362.4875,1.0,817.21716,343.04825,1.0,826.0655,359.1999,1.0,834.64166,374.37527,1.0,808.10266,375.3991,1.0,803.9323,373.8315,1.0,814.1629,385.27914,1.0,824.9691,395.4011,1.0
0.0,0.0,0.0,0.0,0.0,0.0,0.0,0.0,0.0,0.0,0.0,0.0,0.0,0.0,0.0,0.0,0.0,0.0,0.0,0.0,0.0,0.0,0.0,0.0,0.0,0.0,0.0,0.0,0.0,0.0,0.0,0.0,0.0,0.0,0.0,0.0,0.0,0.0,0.0,0.0,0.0,0.0,0.0,0.0,0.0,0.0,0.0,0.0,0.0,0.0,0.0,0.0,0.0,0.0,0.0,0.0,0.0,0.0,0.0,0.0,0.0,0.0,0.0,0.0,0.0,0.0,0.0,0.0,0.0,0.0,0.0,0.0,0.0,0.0,0.0,0.0,0.0,0.0,0.0,0.0,0.0,0.0,0.0,0.0,0.0,0.0,0.0,0.0,0.0,0.0,0.0,0.0,0.0,0.0,0.0,0.0,0.0,0.0,0.0,0.0,0.0,0.0,0.0,0.0,0.0,0.0,0.0,0.0,0.0,0.0,0.0,0.0,0.0,0.0,0.0,0.0,0.0,0.0,0.0,0.0,0.0,0.0,0.0,0.0,0.0,0.0,0.0,0.0,0.0,0.0,0.0,0.0,0.0,0.0,0.0,0.0,0.0,0.0,0.0,0.0,0.0,0.0,0.0,0.0,0.0,0.0,0.0,0.0,0.0,0.0,0.0,0.0,0.0,0.0,0.0,0.0,0.0,0.0,0.0,0.0,0.0,0.0,0.0,0.0,0.0,0.0,0.0,0.0,0.0,0.0,0.0,0.0,0.0,0.0,0.0,0.0,0.0,0.0,0.0,0.0,0.0,0.0,0.0,0.0,0.0,0.0,0.0,0.0,0.0,0.0,0.0,0.0,0.0,0.0,0.0,0.0,0.0,0.0,0.0,0.0,0.0,0.0,0.0,0.0,0.0,0.0,0.0,0.0,0.0,0.0,892.126,286.3453,0.9980217,920.1513,449.2004,0.9993145,774.1195,440.27133,0.9993145,688.73224,566.7902,0.8632371,829.24176,403.9119,0.94820404,1066.1831,458.1295,0.999691,1160.1942,659.5143,0.93549854,1141.9722,854.15643,0.88538814,917.36584,929.83435,0.990009,812.12885,932.29333,0.990009,823.3507,1239.7542,0.037545096,814.0695,1599.6201,0.01384301,1022.6028,927.37537,0.99137944,1015.6968,1286.7648,0.029198995,1003.8555,1601.4309,0.009429685,879.0565,254.97838,0.99689364,938.1927,267.0748,0.9935204,862.349,276.81314,0.9922452,971.3329,294.32068,0.9962268,975.1202,1709.1348,0.009457107,975.1202,1709.1348,0.009457107,1007.56525,1647.189,0.009569248,846.579,1705.6536,0.0077109826,846.579,1705.6536,0.0077109826,809.16205,1655.9308,0.01048621,1147.531,863.2004,1.0,1114.524,876.2937,1.0,1099.4237,902.91565,1.0,1095.034,930.0782,1.0,1086.4073,949.39746,1.0,1124.4159,933.0447,1.0,1122.8513,966.2391,1.0,1121.5365,983.7092,1.0,1120.0488,996.6891,1.0,1144.4607,933.91266,1.0,1142.8822,967.72565,1.0,1139.1216,985.76306,1.0,1135.1113,998.459,1.0,1158.5675,930.19214,1.0,1157.5631,961.21356,1.0,1153.8092,978.22327,1.0,1149.9414,990.7612,1.0,1166.9406,924.6931,1.0,1163.8812,949.6003,1.0,1160.4232,962.4923,1.0,1156.8032,972.32416,1.0,821.1887,402.71915,1.0,845.8935,403.75525,1.0,863.87366,400.9119,1.0,878.9547,406.98273,1.0,889.99066,417.60184,1.0,858.061,363.04523,1.0,867.4639,347.06396,1.0,869.3139,361.41104,1.0,868.97424,377.80838,1.0,837.06067,360.70532,1.0,834.519,336.19708,1.0,835.90283,354.3383,1.0,838.86237,373.95605,1.0,817.6853,366.68213,1.0,810.4777,354.05856,1.0,815.94214,372.80185,1.0,822.83057,388.63297,1.0,803.0074,379.35284,1.0,797.8761,383.28662,1.0,805.8334,398.52286,1.0,815.4335,410.31097,1.0
0.0,0.0,0.0,0.0,0.0,0.0,0.0,0.0,0.0,0.0,0.0,0.0,0.0,0.0,0.0,0.0,0.0,0.0,0.0,0.0,0.0,0.0,0.0,0.0,0.0,0.0,0.0,0.0,0.0,0.0,0.0,0.0,0.0,0.0,0.0,0.0,0.0,0.0,0.0,0.0,0.0,0.0,0.0,0.0,0.0,0.0,0.0,0.0,0.0,0.0,0.0,0.0,0.0,0.0,0.0,0.0,0.0,0.0,0.0,0.0,0.0,0.0,0.0,0.0,0.0,0.0,0.0,0.0,0.0,0.0,0.0,0.0,0.0,0.0,0.0,0.0,0.0,0.0,0.0,0.0,0.0,0.0,0.0,0.0,0.0,0.0,0.0,0.0,0.0,0.0,0.0,0.0,0.0,0.0,0.0,0.0,0.0,0.0,0.0,0.0,0.0,0.0,0.0,0.0,0.0,0.0,0.0,0.0,0.0,0.0,0.0,0.0,0.0,0.0,0.0,0.0,0.0,0.0,0.0,0.0,0.0,0.0,0.0,0.0,0.0,0.0,0.0,0.0,0.0,0.0,0.0,0.0,0.0,0.0,0.0,0.0,0.0,0.0,0.0,0.0,0.0,0.0,0.0,0.0,0.0,0.0,0.0,0.0,0.0,0.0,0.0,0.0,0.0,0.0,0.0,0.0,0.0,0.0,0.0,0.0,0.0,0.0,0.0,0.0,0.0,0.0,0.0,0.0,0.0,0.0,0.0,0.0,0.0,0.0,0.0,0.0,0.0,0.0,0.0,0.0,0.0,0.0,0.0,0.0,0.0,0.0,0.0,0.0,0.0,0.0,0.0,0.0,0.0,0.0,0.0,0.0,0.0,0.0,0.0,0.0,0.0,0.0,0.0,0.0,0.0,0.0,0.0,0.0,0.0,0.0,898.00464,287.49844,0.99816567,922.2221,449.62573,0.9993367,776.36255,439.1183,0.9993367,687.82886,565.4602,0.86605453,824.94714,403.617,0.95265514,1068.0817,460.13318,0.99971104,1159.8918,668.39905,0.93981653,1146.0348,860.07935,0.89538586,917.738,929.7329,0.9899261,812.239,932.0162,0.9899261,823.2744,1237.701,0.040109,811.6582,1596.9541,0.015466587,1023.23694,927.4496,0.99144787,1015.9079,1286.5897,0.031301245,1004.37396,1601.0635,0.010465726,881.6883,255.73311,0.99710387,942.59393,267.56125,0.99397975,863.1829,277.31476,0.99273676,974.5061,294.4373,0.99651164,975.30237,1708.8569,0.01049085,975.30237,1708.8569,0.01049085,1007.72034,1646.8495,0.010473852,842.6696,1702.9851,0.008605828,842.6696,1702.9851,0.008605828,806.13153,1653.8545,0.011578074,1147.528,870.4574,1.0,1115.2754,882.1205,1.0,1101.0941,908.1618,1.0,1096.7128,934.3953,1.0,1088.6294,953.5917,1.0,1126.7562,939.73895,1.0,1123.2087,971.02997,1.0,1120.746,987.7164,1.0,1118.3511,1000.0117,1.0,1145.2227,940.08484,1.0,1142.5027,971.4106,1.0,1137.9237,988.208,1.0,1133.2577,1000.3262,1.0,1157.1364,936.11206,1.0,1155.24,965.0896,1.0,1150.4203,980.92334,1.0,1145.4752,992.8315,1.0,1163.1782,930.8147,1.0,1159.8456,954.63605,1.0,1156.0775,967.5389,1.0,1152.0961,977.47095,1.0,819.1661,401.2538,1.0,841.7317,405.63214,1.0,858.8031,406.86658,1.0,873.4131,415.6697,1.0,883.105,426.59024,1.0,854.2213,366.61594,1.0,862.33685,357.74557,1.0,863.13837,372.68362,1.0,862.1929,388.95764,1.0,832.7826,363.392,1.0,830.4013,346.9586,1.0,830.3732,366.26776,1.0,831.2672,386.6936,1.0,813.1932,368.00787,1.0,805.23,365.31195,1.0,808.0269,385.69492,1.0,812.5267,402.35275,1.0,798.8251,379.49207,1.0,791.9719,389.05347,1.0,796.4994,406.2836,1.0,803.3341,418.86365,1.0
0.0,0.0,0.0,0.0,0.0,0.0,0.0,0.0,0.0,0.0,0.0,0.0,0.0,0.0,0.0,0.0,0.0,0.0,0.0,0.0,0.0,0.0,0.0,0.0,0.0,0.0,0.0,0.0,0.0,0.0,0.0,0.0,0.0,0.0,0.0,0.0,0.0,0.0,0.0,0.0,0.0,0.0,0.0,0.0,0.0,0.0,0.0,0.0,0.0,0.0,0.0,0.0,0.0,0.0,0.0,0.0,0.0,0.0,0.0,0.0,0.0,0.0,0.0,0.0,0.0,0.0,0.0,0.0,0.0,0.0,0.0,0.0,0.0,0.0,0.0,0.0,0.0,0.0,0.0,0.0,0.0,0.0,0.0,0.0,0.0,0.0,0.0,0.0,0.0,0.0,0.0,0.0,0.0,0.0,0.0,0.0,0.0,0.0,0.0,0.0,0.0,0.0,0.0,0.0,0.0,0.0,0.0,0.0,0.0,0.0,0.0,0.0,0.0,0.0,0.0,0.0,0.0,0.0,0.0,0.0,0.0,0.0,0.0,0.0,0.0,0.0,0.0,0.0,0.0,0.0,0.0,0.0,0.0,0.0,0.0,0.0,0.0,0.0,0.0,0.0,0.0,0.0,0.0,0.0,0.0,0.0,0.0,0.0,0.0,0.0,0.0,0.0,0.0,0.0,0.0,0.0,0.0,0.0,0.0,0.0,0.0,0.0,0.0,0.0,0.0,0.0,0.0,0.0,0.0,0.0,0.0,0.0,0.0,0.0,0.0,0.0,0.0,0.0,0.0,0.0,0.0,0.0,0.0,0.0,0.0,0.0,0.0,0.0,0.0,0.0,0.0,0.0,0.0,0.0,0.0,0.0,0.0,0.0,0.0,0.0,0.0,0.0,0.0,0.0,0.0,0.0,0.0,0.0,0.0,0.0,901.4265,288.51907,0.9982975,923.9844,450.54572,0.9993641,777.98517,438.7697,0.9993641,686.9804,563.588,0.87018985,821.2979,403.77115,0.9567393,1069.9836,462.3217,0.9997281,1157.5732,671.92773,0.94340104,1146.2921,865.1065,0.9041663,917.84406,929.64996,0.9899478,812.2681,931.8228,0.9899478,823.1272,1236.5161,0.042211328,809.44977,1595.2611,0.016495438,1023.42,927.4771,0.9915236,1016.10004,1283.3167,0.033035096,1003.08655,1598.8224,0.011185051,883.9002,257.01456,0.9973012,945.56476,268.11734,0.9943909,863.87646,278.6558,0.9931885,976.28705,294.61838,0.99676186,974.6854,1707.1815,0.011158079,974.6854,1707.1815,0.011158079,1004.61633,1645.1868,0.011179727,838.03937,1701.2336,0.009133415,838.03937,1701.2336,0.009133415,803.7163,1652.1141,0.0123331705,1147.2794,877.6367,1.0,1116.2039,888.12994,1.0,1102.9036,913.8983,1.0,1098.4487,939.63525,1.0,1091.7571,959.27185,1.0,1129.0775,944.50244,1.0,1123.8629,975.1144,1.0,1119.8298,991.40704,1.0,1116.548,1003.299,1.0,1145.1205,944.70764,1.0,1140.1564,974.88715,1.0,1133.6238,990.8578,1.0,1127.3748,1002.27734,1.0,1154.3287,941.37085,1.0,1149.8651,969.12683,1.0,1143.2368,983.8529,1.0,1136.7054,995.53687,1.0,1157.7737,937.2399,1.0,1152.6582,961.01575,1.0,1147.1621,973.90955,1.0,1141.495,983.6113,1.0,818.3401,404.46826,1.0,841.2798,408.83032,1.0,858.4513,411.6426,1.0,871.5471,422.77606,1.0,879.643,435.15665,1.0,855.0865,366.83444,1.0,861.1849,371.2692,1.0,861.999,386.5633,1.0,860.71674,401.4352,1.0,832.3781,362.07715,1.0,828.24945,361.41217,1.0,829.36237,380.3261,1.0,829.7826,399.202,1.0,811.3475,366.75702,1.0,802.0456,376.1445,1.0,806.2791,396.42242,1.0,811.1875,412.44174,1.0,796.4802,378.33804,1.0,789.0388,394.03555,1.0,793.51434,411.34158,1.0,800.0342,423.35217,1.0
0.0,0.0,0.0,0.0,0.0,0.0,0.0,0.0,0.0,0.0,0.0,0.0,0.0,0.0,0.0,0.0,0.0,0.0,0.0,0.0,0.0,0.0,0.0,0.0,0.0,0.0,0.0,0.0,0.0,0.0,0.0,0.0,0.0,0.0,0.0,0.0,0.0,0.0,0.0,0.0,0.0,0.0,0.0,0.0,0.0,0.0,0.0,0.0,0.0,0.0,0.0,0.0,0.0,0.0,0.0,0.0,0.0,0.0,0.0,0.0,0.0,0.0,0.0,0.0,0.0,0.0,0.0,0.0,0.0,0.0,0.0,0.0,0.0,0.0,0.0,0.0,0.0,0.0,0.0,0.0,0.0,0.0,0.0,0.0,0.0,0.0,0.0,0.0,0.0,0.0,0.0,0.0,0.0,0.0,0.0,0.0,0.0,0.0,0.0,0.0,0.0,0.0,0.0,0.0,0.0,0.0,0.0,0.0,0.0,0.0,0.0,0.0,0.0,0.0,0.0,0.0,0.0,0.0,0.0,0.0,0.0,0.0,0.0,0.0,0.0,0.0,0.0,0.0,0.0,0.0,0.0,0.0,0.0,0.0,0.0,0.0,0.0,0.0,0.0,0.0,0.0,0.0,0.0,0.0,0.0,0.0,0.0,0.0,0.0,0.0,0.0,0.0,0.0,0.0,0.0,0.0,0.0,0.0,0.0,0.0,0.0,0.0,0.0,0.0,0.0,0.0,0.0,0.0,0.0,0.0,0.0,0.0,0.0,0.0,0.0,0.0,0.0,0.0,0.0,0.0,0.0,0.0,0.0,0.0,0.0,0.0,0.0,0.0,0.0,0.0,0.0,0.0,0.0,0.0,0.0,0.0,0.0,0.0,0.0,0.0,0.0,0.0,0.0,0.0,0.0,0.0,0.0,0.0,0.0,0.0,908.1802,289.9167,0.99841887,925.52014,452.07303,0.99938977,779.2904,438.89285,0.99938977,685.8703,563.04193,0.87491614,818.0437,403.9611,0.96054894,1071.75,465.25317,0.9997433,1154.7507,675.8019,0.94636434,1146.2363,869.6069,0.91206527,918.1629,930.10223,0.98995036,812.5523,931.8542,0.98995036,823.2761,1235.9358,0.04406859,808.99274,1594.4653,0.017740438,1023.77356,928.35034,0.9915582,1016.15717,1281.9178,0.034801185,1001.5292,1597.8964,0.0123086665,887.00604,259.22748,0.9974878,949.63477,269.26328,0.99477565,864.5393,281.0913,0.9936276,978.12885,294.94974,0.9969961,974.4485,1706.2087,0.01223507,974.4485,1706.2087,0.01223507,1001.117,1644.6642,0.012187116,836.8156,1700.7505,0.009779663,836.8156,1700.7505,0.009779663,803.24097,1651.4221,0.0132368,1145.9641,883.9791,1.0,1116.1217,894.2681,1.0,1104.3408,920.67993,1.0,1100.3597,946.1424,1.0,1094.3751,965.81525,1.0,1131.133,949.4014,1.0,1124.9639,980.33746,1.0,1119.7134,997.0385,1.0,1115.5597,1009.08673,1.0,1145.2195,949.64124,1.0,1139.4397,980.15686,1.0,1131.7783,996.4818,1.0,1124.5093,1007.98193,1.0,1152.4038,947.0937,1.0,1146.8643,975.1937,1.0,1139.3408,990.04675,1.0,1132.2039,1001.75604,1.0,1153.9138,943.88367,1.0,1148.0463,968.335,1.0,1141.799,981.82367,1.0,1135.468,991.7675,1.0,818.8982,414.52792,1.0,842.237,419.38303,1.0,859.7758,423.0415,1.0,871.45953,435.5933,1.0,878.0947,450.57822,1.0,856.6699,377.73724,1.0,861.5969,387.99155,1.0,860.20026,404.99753,1.0,857.2301,419.37344,1.0,833.2213,372.59082,1.0,828.96375,378.92166,1.0,829.21094,397.85486,1.0,828.8909,414.7818,1.0,811.6613,377.1616,1.0,803.67804,391.345,1.0,807.5523,411.2852,1.0,811.5998,426.19012,1.0,796.20996,388.0235,1.0,789.09906,405.49783,1.0,793.26086,421.71277,1.0,798.9034,432.7886,1.0
0.0,0.0,0.0,0.0,0.0,0.0,0.0,0.0,0.0,0.0,0.0,0.0,0.0,0.0,0.0,0.0,0.0,0.0,0.0,0.0,0.0,0.0,0.0,0.0,0.0,0.0,0.0,0.0,0.0,0.0,0.0,0.0,0.0,0.0,0.0,0.0,0.0,0.0,0.0,0.0,0.0,0.0,0.0,0.0,0.0,0.0,0.0,0.0,0.0,0.0,0.0,0.0,0.0,0.0,0.0,0.0,0.0,0.0,0.0,0.0,0.0,0.0,0.0,0.0,0.0,0.0,0.0,0.0,0.0,0.0,0.0,0.0,0.0,0.0,0.0,0.0,0.0,0.0,0.0,0.0,0.0,0.0,0.0,0.0,0.0,0.0,0.0,0.0,0.0,0.0,0.0,0.0,0.0,0.0,0.0,0.0,0.0,0.0,0.0,0.0,0.0,0.0,0.0,0.0,0.0,0.0,0.0,0.0,0.0,0.0,0.0,0.0,0.0,0.0,0.0,0.0,0.0,0.0,0.0,0.0,0.0,0.0,0.0,0.0,0.0,0.0,0.0,0.0,0.0,0.0,0.0,0.0,0.0,0.0,0.0,0.0,0.0,0.0,0.0,0.0,0.0,0.0,0.0,0.0,0.0,0.0,0.0,0.0,0.0,0.0,0.0,0.0,0.0,0.0,0.0,0.0,0.0,0.0,0.0,0.0,0.0,0.0,0.0,0.0,0.0,0.0,0.0,0.0,0.0,0.0,0.0,0.0,0.0,0.0,0.0,0.0,0.0,0.0,0.0,0.0,0.0,0.0,0.0,0.0,0.0,0.0,0.0,0.0,0.0,0.0,0.0,0.0,0.0,0.0,0.0,0.0,0.0,0.0,0.0,0.0,0.0,0.0,0.0,0.0,0.0,0.0,0.0,0.0,0.0,0.0,916.4591,291.2589,0.9985264,926.9658,454.3602,0.9994177,780.13763,440.12057,0.9994177,685.01587,563.27783,0.88054305,814.98627,406.50198,0.9640902,1073.7941,468.59982,0.99975705,1151.7874,681.1902,0.9490149,1144.0576,876.6167,0.9193186,918.3406,930.6012,0.9900398,812.7335,932.18787,0.9900398,823.1506,1236.3069,0.046516743,808.78064,1594.526,0.019056072,1023.94763,929.0145,0.9916549,1016.92737,1281.7516,0.03682507,1001.12695,1600.9833,0.013297714,890.77594,261.79294,0.9976563,953.89197,270.93463,0.99511325,865.1791,284.6083,0.9940319,979.74133,295.8656,0.99720293,975.85297,1710.6746,0.013219292,975.85297,1710.6746,0.013219292,999.6052,1648.272,0.013137054,836.7796,1700.5549,0.010494316,836.7796,1700.5549,0.010494316,802.8365,1651.345,0.014107912,1144.2844,888.6157,1.0,1114.9302,900.3291,1.0,1104.2356,927.09283,1.0,1100.594,952.2609,1.0,1095.5555,971.7051,1.0,1131.9558,953.29987,1.0,1126.349,984.7776,1.0,1121.035,1001.7371,1.0,1116.7062,1013.64044,1.0,1145.73,953.2911,1.0,1140.5474,984.45593,1.0,1132.8035,1000.93225,1.0,1125.2855,1012.38873,1.0,1152.3282,951.0278,1.0,1147.145,979.61554,1.0,1139.7152,994.7952,1.0,1132.5742,1006.5217,1.0,1153.2673,948.2575,1.0,1147.9392,972.8747,1.0,1141.888,986.6362,1.0,1135.5933,996.70575,1.0,828.91876,424.55032,1.0,849.4334,433.4954,1.0,864.8906,443.1745,1.0,873.409,460.27518,1.0,878.4744,477.7514,1.0,860.7335,403.1725,1.0,863.9376,420.06006,1.0,861.6146,441.46152,1.0,858.08435,458.41693,1.0,837.0855,396.82385,1.0,830.1064,406.51492,1.0,830.3486,430.13202,1.0,830.3672,449.98462,1.0,816.0594,398.32852,1.0,804.45337,416.119,1.0,806.69006,441.8938,1.0,809.9297,459.5994,1.0,801.6176,405.26733,1.0,790.2303,422.9255,1.0,790.62317,442.47525,1.0,793.3013,456.45703,1.0
0.0,0.0,0.0,0.0,0.0,0.0,0.0,0.0,0.0,0.0,0.0,0.0,0.0,0.0,0.0,0.0,0.0,0.0,0.0,0.0,0.0,0.0,0.0,0.0,0.0,0.0,0.0,0.0,0.0,0.0,0.0,0.0,0.0,0.0,0.0,0.0,0.0,0.0,0.0,0.0,0.0,0.0,0.0,0.0,0.0,0.0,0.0,0.0,0.0,0.0,0.0,0.0,0.0,0.0,0.0,0.0,0.0,0.0,0.0,0.0,0.0,0.0,0.0,0.0,0.0,0.0,0.0,0.0,0.0,0.0,0.0,0.0,0.0,0.0,0.0,0.0,0.0,0.0,0.0,0.0,0.0,0.0,0.0,0.0,0.0,0.0,0.0,0.0,0.0,0.0,0.0,0.0,0.0,0.0,0.0,0.0,0.0,0.0,0.0,0.0,0.0,0.0,0.0,0.0,0.0,0.0,0.0,0.0,0.0,0.0,0.0,0.0,0.0,0.0,0.0,0.0,0.0,0.0,0.0,0.0,0.0,0.0,0.0,0.0,0.0,0.0,0.0,0.0,0.0,0.0,0.0,0.0,0.0,0.0,0.0,0.0,0.0,0.0,0.0,0.0,0.0,0.0,0.0,0.0,0.0,0.0,0.0,0.0,0.0,0.0,0.0,0.0,0.0,0.0,0.0,0.0,0.0,0.0,0.0,0.0,0.0,0.0,0.0,0.0,0.0,0.0,0.0,0.0,0.0,0.0,0.0,0.0,0.0,0.0,0.0,0.0,0.0,0.0,0.0,0.0,0.0,0.0,0.0,0.0,0.0,0.0,0.0,0.0,0.0,0.0,0.0,0.0,0.0,0.0,0.0,0.0,0.0,0.0,0.0,0.0,0.0,0.0,0.0,0.0,0.0,0.0,0.0,0.0,0.0,0.0,922.56525,295.04138,0.99862844,928.14514,457.12845,0.9994493,780.76984,442.85867,0.9994493,683.42645,564.7481,0.8860458,810.19824,419.78354,0.9673483,1075.5204,471.39825,0.99976957,1149.2672,685.60284,0.9513683,1141.527,882.8267,0.9258406,918.3407,931.3912,0.990127,812.75684,932.45844,0.990127,822.815,1236.3077,0.050478067,808.447,1594.395,0.02107561,1023.9245,930.3239,0.99169165,1017.3653,1281.4523,0.039091814,1001.0523,1601.3875,0.014422022,893.95197,266.90195,0.99781865,957.02435,274.86865,0.9954322,865.79956,289.6476,0.99442786,981.4224,297.69208,0.9973917,977.3887,1711.8024,0.014413125,977.3887,1711.8024,0.014413125,999.0575,1648.82,0.014314362,836.6827,1700.3121,0.011599504,836.6827,1700.3121,0.011599504,802.4289,1651.1536,0.015384416,1142.2198,893.09515,1.0,1113.2441,905.5816,1.0,1103.3575,931.90814,1.0,1100.3282,956.8899,1.0,1096.1935,976.54877,1.0,1131.8357,956.70355,1.0,1127.0428,988.5853,1.0,1121.4211,1005.5987,1.0,1116.5121,1017.35095,1.0,1145.4132,956.72943,1.0,1140.8175,988.5192,1.0,1132.9109,1005.36816,1.0,1124.9999,1017.02594,1.0,1151.6957,954.682,1.0,1146.9196,983.85657,1.0,1139.4523,999.4982,1.0,1132.0775,1011.3308,1.0,1152.4482,952.4015,1.0,1147.8473,977.45337,1.0,1141.9519,991.7257,1.0,1135.4315,1002.1889,1.0,834.7788,426.42593,1.0,853.92145,443.08478,1.0,868.5069,464.6791,1.0,874.54926,489.0571,1.0,879.0497,508.29407,1.0,863.5395,436.62537,1.0,865.6446,461.84772,1.0,863.49207,484.8824,1.0,860.5199,502.40335,1.0,840.72015,430.92166,1.0,834.7522,450.33688,1.0,833.3596,475.45285,1.0,831.9795,493.98178,1.0,819.8317,429.4209,1.0,809.54,451.41324,1.0,808.00256,477.656,1.0,808.04193,494.3765,1.0,804.1586,431.3247,1.0,792.212,449.23618,1.0,789.963,468.87546,1.0,790.0156,483.32028,1.0
0.0,0.0,0.0,0.0,0.0,0.0,0.0,0.0,0.0,0.0,0.0,0.0,0.0,0.0,0.0,0.0,0.0,0.0,0.0,0.0,0.0,0.0,0.0,0.0,0.0,0.0,0.0,0.0,0.0,0.0,0.0,0.0,0.0,0.0,0.0,0.0,0.0,0.0,0.0,0.0,0.0,0.0,0.0,0.0,0.0,0.0,0.0,0.0,0.0,0.0,0.0,0.0,0.0,0.0,0.0,0.0,0.0,0.0,0.0,0.0,0.0,0.0,0.0,0.0,0.0,0.0,0.0,0.0,0.0,0.0,0.0,0.0,0.0,0.0,0.0,0.0,0.0,0.0,0.0,0.0,0.0,0.0,0.0,0.0,0.0,0.0,0.0,0.0,0.0,0.0,0.0,0.0,0.0,0.0,0.0,0.0,0.0,0.0,0.0,0.0,0.0,0.0,0.0,0.0,0.0,0.0,0.0,0.0,0.0,0.0,0.0,0.0,0.0,0.0,0.0,0.0,0.0,0.0,0.0,0.0,0.0,0.0,0.0,0.0,0.0,0.0,0.0,0.0,0.0,0.0,0.0,0.0,0.0,0.0,0.0,0.0,0.0,0.0,0.0,0.0,0.0,0.0,0.0,0.0,0.0,0.0,0.0,0.0,0.0,0.0,0.0,0.0,0.0,0.0,0.0,0.0,0.0,0.0,0.0,0.0,0.0,0.0,0.0,0.0,0.0,0.0,0.0,0.0,0.0,0.0,0.0,0.0,0.0,0.0,0.0,0.0,0.0,0.0,0.0,0.0,0.0,0.0,0.0,0.0,0.0,0.0,0.0,0.0,0.0,0.0,0.0,0.0,0.0,0.0,0.0,0.0,0.0,0.0,0.0,0.0,0.0,0.0,0.0,0.0,0.0,0.0,0.0,0.0,0.0,0.0,927.90594,301.14444,0.9987279,929.2654,459.0155,0.9994797,781.0623,444.4323,0.9994797,682.2299,568.1517,0.8923546,806.0398,443.64093,0.97032654,1077.4685,473.5987,0.9997794,1146.7192,689.3042,0.9533955,1139.65,887.138,0.9316444,918.24603,931.7218,0.9902538,812.7546,932.51886,0.9902538,822.6879,1236.8619,0.05380167,809.22784,1594.2456,0.022835614,1023.73755,930.92474,0.99174064,1017.0274,1280.5271,0.04215233,1001.3311,1600.5034,0.01586584,897.26855,273.82187,0.99797934,959.97986,280.1155,0.9957413,866.5174,295.30087,0.9948228,982.34186,300.653,0.9975673,979.73596,1711.1025,0.015776811,979.73596,1711.1025,0.015776811,999.0911,1648.0562,0.015607431,837.0684,1700.1371,0.012471447,837.0684,1700.1371,0.012471447,804.0589,1650.9518,0.016460698,1140.2092,895.88446,1.0,1111.8914,908.9815,1.0,1102.6057,935.2901,1.0,1099.7695,960.24384,1.0,1096.3151,980.2261,1.0,1130.9956,958.9786,1.0,1126.9364,990.7743,1.0,1121.2904,1007.7399,1.0,1116.3165,1019.60706,1.0,1144.3433,959.031,1.0,1140.0394,990.59393,1.0,1132.1726,1007.5376,1.0,1124.142,1019.2264,1.0,1150.3981,957.05414,1.0,1145.8962,986.05255,1.0,1138.5187,1001.8035,1.0,1131.0825,1013.79297,1.0,1150.9805,955.03253,1.0,1146.7507,980.05817,1.0,1140.9955,994.4002,1.0,1134.4518,1005.0411,1.0,827.0397,443.01477,1.0,849.3447,459.01178,1.0,863.46814,483.75522,1.0,865.5007,508.26764,1.0,863.7912,526.52606,1.0,863.40955,469.70572,1.0,868.23224,499.06912,1.0,864.5755,522.5807,1.0,859.21594,539.6464,1.0,841.7941,463.87558,1.0,835.1215,491.75076,1.0,830.4285,517.85284,1.0,827.1832,534.57526,1.0,820.14087,462.0027,1.0,806.5858,491.8778,1.0,802.9395,518.68475,1.0,802.17865,534.72925,1.0,801.8346,463.7802,1.0,791.8588,489.16904,1.0,789.62976,508.72516,1.0,789.1993,522.1691,1.0
0.0,0.0,0.0,0.0,0.0,0.0,0.0,0.0,0.0,0.0,0.0,0.0,0.0,0.0,0.0,0.0,0.0,0.0,0.0,0.0,0.0,0.0,0.0,0.0,0.0,0.0,0.0,0.0,0.0,0.0,0.0,0.0,0.0,0.0,0.0,0.0,0.0,0.0,0.0,0.0,0.0,0.0,0.0,0.0,0.0,0.0,0.0,0.0,0.0,0.0,0.0,0.0,0.0,0.0,0.0,0.0,0.0,0.0,0.0,0.0,0.0,0.0,0.0,0.0,0.0,0.0,0.0,0.0,0.0,0.0,0.0,0.0,0.0,0.0,0.0,0.0,0.0,0.0,0.0,0.0,0.0,0.0,0.0,0.0,0.0,0.0,0.0,0.0,0.0,0.0,0.0,0.0,0.0,0.0,0.0,0.0,0.0,0.0,0.0,0.0,0.0,0.0,0.0,0.0,0.0,0.0,0.0,0.0,0.0,0.0,0.0,0.0,0.0,0.0,0.0,0.0,0.0,0.0,0.0,0.0,0.0,0.0,0.0,0.0,0.0,0.0,0.0,0.0,0.0,0.0,0.0,0.0,0.0,0.0,0.0,0.0,0.0,0.0,0.0,0.0,0.0,0.0,0.0,0.0,0.0,0.0,0.0,0.0,0.0,0.0,0.0,0.0,0.0,0.0,0.0,0.0,0.0,0.0,0.0,0.0,0.0,0.0,0.0,0.0,0.0,0.0,0.0,0.0,0.0,0.0,0.0,0.0,0.0,0.0,0.0,0.0,0.0,0.0,0.0,0.0,0.0,0.0,0.0,0.0,0.0,0.0,0.0,0.0,0.0,0.0,0.0,0.0,0.0,0.0,0.0,0.0,0.0,0.0,0.0,0.0,0.0,0.0,0.0,0.0,0.0,0.0,0.0,0.0,0.0,0.0,931.8436,309.19067,0.99881405,930.33246,460.3301,0.99951047,781.2704,445.12268,0.99951047,681.66693,571.924,0.89755243,803.591,469.59134,0.9730018,1079.3945,475.5375,0.9997858,1143.4523,691.6244,0.95325845,1138.1066,889.60126,0.9358312,918.25055,931.63055,0.9900202,812.8611,932.3092,0.9900202,822.7305,1237.0001,0.054408193,809.8441,1591.6123,0.023270326,1023.64,930.9519,0.9913204,1017.4031,1279.3412,0.042490732,1001.4058,1598.7107,0.016207825,899.9801,282.87372,0.9981205,962.63446,287.25235,0.9959981,867.2373,300.4524,0.9951766,983.632,305.25208,0.9977063,980.6678,1709.2323,0.016114233,980.6678,1709.2323,0.016114233,998.7603,1646.0742,0.016054844,837.7778,1695.2375,0.012687264,837.7778,1695.2375,0.012687264,805.0691,1648.3882,0.01686688,1138.4551,897.816,1.0,1110.429,911.0564,1.0,1101.2316,937.33704,1.0,1098.5428,962.14233,1.0,1095.1494,982.3062,1.0,1129.5948,961.3838,1.0,1125.8434,992.8244,1.0,1120.3925,1009.4906,1.0,1115.6375,1021.1643,1.0,1142.7328,961.06726,1.0,1138.7374,992.08093,1.0,1131.0,1008.709,1.0,1123.0154,1020.0315,1.0,1148.8033,958.7553,1.0,1144.6448,987.3024,1.0,1137.4259,1002.76465,1.0,1130.0779,1014.6815,1.0,1149.4292,956.45123,1.0,1145.5425,981.3891,1.0,1139.8182,995.5587,1.0,1133.3096,1006.16815,1.0,819.636,464.49097,1.0,843.8429,475.55026,1.0,859.0016,498.36847,1.0,860.24304,521.22974,1.0,856.27936,537.7586,1.0,860.4045,491.46982,1.0,867.68494,522.4967,1.0,863.9172,545.88116,1.0,857.7043,562.5262,1.0,839.7272,486.82147,1.0,834.009,518.8848,1.0,828.3633,544.5278,1.0,823.56775,560.9956,1.0,818.19574,485.47983,1.0,805.5756,517.4122,1.0,801.53937,541.0851,1.0,799.1591,555.1981,1.0,798.7256,487.68854,1.0,791.95764,514.8168,1.0,790.22235,532.1733,1.0,788.3921,544.3774,1.0
0.0,0.0,0.0,0.0,0.0,0.0,0.0,0.0,0.0,0.0,0.0,0.0,0.0,0.0,0.0,0.0,0.0,0.0,0.0,0.0,0.0,0.0,0.0,0.0,0.0,0.0,0.0,0.0,0.0,0.0,0.0,0.0,0.0,0.0,0.0,0.0,0.0,0.0,0.0,0.0,0.0,0.0,0.0,0.0,0.0,0.0,0.0,0.0,0.0,0.0,0.0,0.0,0.0,0.0,0.0,0.0,0.0,0.0,0.0,0.0,0.0,0.0,0.0,0.0,0.0,0.0,0.0,0.0,0.0,0.0,0.0,0.0,0.0,0.0,0.0,0.0,0.0,0.0,0.0,0.0,0.0,0.0,0.0,0.0,0.0,0.0,0.0,0.0,0.0,0.0,0.0,0.0,0.0,0.0,0.0,0.0,0.0,0.0,0.0,0.0,0.0,0.0,0.0,0.0,0.0,0.0,0.0,0.0,0.0,0.0,0.0,0.0,0.0,0.0,0.0,0.0,0.0,0.0,0.0,0.0,0.0,0.0,0.0,0.0,0.0,0.0,0.0,0.0,0.0,0.0,0.0,0.0,0.0,0.0,0.0,0.0,0.0,0.0,0.0,0.0,0.0,0.0,0.0,0.0,0.0,0.0,0.0,0.0,0.0,0.0,0.0,0.0,0.0,0.0,0.0,0.0,0.0,0.0,0.0,0.0,0.0,0.0,0.0,0.0,0.0,0.0,0.0,0.0,0.0,0.0,0.0,0.0,0.0,0.0,0.0,0.0,0.0,0.0,0.0,0.0,0.0,0.0,0.0,0.0,0.0,0.0,0.0,0.0,0.0,0.0,0.0,0.0,0.0,0.0,0.0,0.0,0.0,0.0,0.0,0.0,0.0,0.0,0.0,0.0,0.0,0.0,0.0,0.0,0.0,0.0,934.89185,316.2579,0.99886346,931.414,461.69968,0.9995391,781.42285,445.3707,0.9995391,681.3867,575.3226,0.9013537,801.23193,488.7656,0.9754175,1081.4052,478.02866,0.99978685,1140.2703,692.88916,0.95120007,1136.7205,890.8179,0.9385892,918.44586,934.1456,0.9895071,813.2954,934.4638,0.9895071,821.86505,1240.1666,0.05342733,807.67194,1590.7883,0.022914695,1023.59625,933.82745,0.9905297,1017.77966,1281.1378,0.041006997,1001.12085,1600.2107,0.015828904,902.63275,290.36978,0.9982077,965.2104,293.28055,0.9960859,868.5092,304.27554,0.99541456,985.1751,309.89233,0.99774736,980.61365,1710.5863,0.015798498,980.61365,1710.5863,0.015798498,997.9293,1647.8304,0.01597113,836.7029,1692.3285,0.012506803,836.7029,1692.3285,0.012506803,802.07355,1647.6243,0.016825238,1137.8949,899.2462,1.0,1109.5717,912.4128,1.0,1100.1592,937.96814,1.0,1097.4977,962.65796,1.0,1094.1628,982.8054,1.0,1128.3943,961.848,1.0,1124.8832,993.1778,1.0,1119.659,1009.6322,1.0,1115.0126,1021.20557,1.0,1141.7847,961.68304,1.0,1138.0293,992.64044,1.0,1130.476,1008.917,1.0,1122.6571,1019.8786,1.0,1148.0767,959.4403,1.0,1143.9777,987.7672,1.0,1136.8973,1002.90564,1.0,1129.7045,1014.4573,1.0,1148.806,957.1164,1.0,1144.8605,981.82117,1.0,1139.029,995.8832,1.0,1132.5713,1006.25336,1.0,818.8854,476.4946,1.0,841.92633,485.29242,1.0,858.04535,508.21234,1.0,860.864,531.90796,1.0,857.28595,548.5854,1.0,859.1995,500.062,1.0,867.7504,531.37933,1.0,863.9287,554.2712,1.0,857.758,570.483,1.0,838.8158,496.3147,1.0,835.75385,528.8062,1.0,831.4949,552.79285,1.0,827.5334,568.14453,1.0,817.4379,495.5054,1.0,808.25275,527.8121,1.0,805.9583,552.0466,1.0,803.95917,567.2246,1.0,797.781,498.22028,1.0,792.3321,526.1879,1.0,791.7971,543.5528,1.0,790.7934,556.41656,1.0
0.0,0.0,0.0,0.0,0.0,0.0,0.0,0.0,0.0,0.0,0.0,0.0,0.0,0.0,0.0,0.0,0.0,0.0,0.0,0.0,0.0,0.0,0.0,0.0,0.0,0.0,0.0,0.0,0.0,0.0,0.0,0.0,0.0,0.0,0.0,0.0,0.0,0.0,0.0,0.0,0.0,0.0,0.0,0.0,0.0,0.0,0.0,0.0,0.0,0.0,0.0,0.0,0.0,0.0,0.0,0.0,0.0,0.0,0.0,0.0,0.0,0.0,0.0,0.0,0.0,0.0,0.0,0.0,0.0,0.0,0.0,0.0,0.0,0.0,0.0,0.0,0.0,0.0,0.0,0.0,0.0,0.0,0.0,0.0,0.0,0.0,0.0,0.0,0.0,0.0,0.0,0.0,0.0,0.0,0.0,0.0,0.0,0.0,0.0,0.0,0.0,0.0,0.0,0.0,0.0,0.0,0.0,0.0,0.0,0.0,0.0,0.0,0.0,0.0,0.0,0.0,0.0,0.0,0.0,0.0,0.0,0.0,0.0,0.0,0.0,0.0,0.0,0.0,0.0,0.0,0.0,0.0,0.0,0.0,0.0,0.0,0.0,0.0,0.0,0.0,0.0,0.0,0.0,0.0,0.0,0.0,0.0,0.0,0.0,0.0,0.0,0.0,0.0,0.0,0.0,0.0,0.0,0.0,0.0,0.0,0.0,0.0,0.0,0.0,0.0,0.0,0.0,0.0,0.0,0.0,0.0,0.0,0.0,0.0,0.0,0.0,0.0,0.0,0.0,0.0,0.0,0.0,0.0,0.0,0.0,0.0,0.0,0.0,0.0,0.0,0.0,0.0,0.0,0.0,0.0,0.0,0.0,0.0,0.0,0.0,0.0,0.0,0.0,0.0,0.0,0.0,0.0,0.0,0.0,0.0,936.7422,322.30856,0.9988654,932.2312,462.6,0.9995626,781.6299,445.49207,0.9995626,681.28503,579.6713,0.904561,799.2284,497.79126,0.9775763,1082.8325,479.70798,0.99978185,1138.6416,693.6203,0.9477097,1135.7224,891.3781,0.9395585,918.52563,937.1449,0.9889707,813.56,937.3627,0.9889707,820.93475,1245.1202,0.05190839,806.1116,1594.0496,0.022380034,1023.49133,936.92706,0.98969555,1017.871,1284.9965,0.03949019,1001.10834,1605.1976,0.015390269,904.626,295.96707,0.9982219,967.11847,297.78973,0.995972,870.07294,307.82956,0.9954982,986.5586,313.88898,0.99765986,981.772,1717.2423,0.015371192,981.772,1717.2423,0.015371192,997.55237,1652.4797,0.01574138,834.3021,1695.2136,0.0122247515,834.3021,1695.2136,0.0122247515,799.97565,1651.1477,0.016645834,1138.3038,899.732,1.0,1109.7908,912.2846,1.0,1100.3132,937.4733,1.0,1097.3862,962.0778,1.0,1094.2227,982.2593,1.0,1127.9187,961.6062,1.0,1124.4395,992.6145,1.0,1119.2803,1009.0958,1.0,1114.7819,1020.86816,1.0,1141.3478,961.6558,1.0,1137.4541,992.2208,1.0,1130.0771,1008.59973,1.0,1122.5012,1019.9054,1.0,1147.7032,959.51636,1.0,1143.494,987.38025,1.0,1136.4874,1002.50494,1.0,1129.4425,1014.1855,1.0,1148.5161,957.1447,1.0,1144.3906,981.38104,1.0,1138.6415,995.4505,1.0,1132.3414,1005.82135,1.0,818.20026,482.4552,1.0,840.2907,491.40814,1.0,858.6723,517.887,1.0,864.7591,544.02545,1.0,865.4994,563.044,1.0,858.18384,500.61884,1.0,868.42865,530.6714,1.0,864.77313,553.3019,1.0,858.2948,569.3911,1.0,837.55347,496.96564,1.0,836.1381,527.7499,1.0,832.6808,550.0623,1.0,829.8543,564.12396,1.0,815.47955,496.96613,1.0,808.7566,529.6168,1.0,808.32935,555.4251,1.0,807.8719,571.76013,1.0,795.5976,501.28763,1.0,791.52216,531.555,1.0,792.8722,550.92615,1.0,794.0919,565.3125,1.0
0.0,0.0,0.0,0.0,0.0,0.0,0.0,0.0,0.0,0.0,0.0,0.0,0.0,0.0,0.0,0.0,0.0,0.0,0.0,0.0,0.0,0.0,0.0,0.0,0.0,0.0,0.0,0.0,0.0,0.0,0.0,0.0,0.0,0.0,0.0,0.0,0.0,0.0,0.0,0.0,0.0,0.0,0.0,0.0,0.0,0.0,0.0,0.0,0.0,0.0,0.0,0.0,0.0,0.0,0.0,0.0,0.0,0.0,0.0,0.0,0.0,0.0,0.0,0.0,0.0,0.0,0.0,0.0,0.0,0.0,0.0,0.0,0.0,0.0,0.0,0.0,0.0,0.0,0.0,0.0,0.0,0.0,0.0,0.0,0.0,0.0,0.0,0.0,0.0,0.0,0.0,0.0,0.0,0.0,0.0,0.0,0.0,0.0,0.0,0.0,0.0,0.0,0.0,0.0,0.0,0.0,0.0,0.0,0.0,0.0,0.0,0.0,0.0,0.0,0.0,0.0,0.0,0.0,0.0,0.0,0.0,0.0,0.0,0.0,0.0,0.0,0.0,0.0,0.0,0.0,0.0,0.0,0.0,0.0,0.0,0.0,0.0,0.0,0.0,0.0,0.0,0.0,0.0,0.0,0.0,0.0,0.0,0.0,0.0,0.0,0.0,0.0,0.0,0.0,0.0,0.0,0.0,0.0,0.0,0.0,0.0,0.0,0.0,0.0,0.0,0.0,0.0,0.0,0.0,0.0,0.0,0.0,0.0,0.0,0.0,0.0,0.0,0.0,0.0,0.0,0.0,0.0,0.0,0.0,0.0,0.0,0.0,0.0,0.0,0.0,0.0,0.0,0.0,0.0,0.0,0.0,0.0,0.0,0.0,0.0,0.0,0.0,0.0,0.0,0.0,0.0,0.0,0.0,0.0,0.0,937.9932,326.36575,0.9988108,932.5836,463.07352,0.99957854,781.76465,445.6037,0.99957854,681.37335,583.71136,0.9070818,797.4061,503.8871,0.9794766,1083.4026,480.54333,0.99977416,1138.284,694.06134,0.94437486,1135.061,891.3852,0.9400393,918.36237,938.9545,0.9884471,813.52106,939.36194,0.9884471,820.62415,1250.0537,0.050405473,806.16986,1598.571,0.021840531,1023.2037,938.5471,0.9889872,1018.44507,1288.1674,0.03850924,1001.1943,1611.1255,0.015077809,906.08124,299.24023,0.9981457,968.6603,300.80753,0.99563456,871.2422,310.31107,0.9953744,987.4864,316.39813,0.9974534,983.3229,1726.172,0.015016522,983.3229,1726.172,0.015016522,997.1402,1657.5546,0.015551238,832.8382,1700.7771,0.011938934,832.8382,1700.7771,0.011938934,800.29816,1655.4219,0.016445098,1139.2858,898.90955,1.0,1110.9221,911.0668,1.0,1101.3253,936.3643,1.0,1098.1827,960.8726,1.0,1094.8391,981.3338,1.0,1128.7644,960.5789,1.0,1125.0305,991.5248,1.0,1119.5616,1008.3225,1.0,1114.9235,1020.37756,1.0,1141.7915,960.686,1.0,1137.6908,991.26074,1.0,1130.1562,1008.11774,1.0,1122.4877,1019.8868,1.0,1147.8652,958.61835,1.0,1143.6576,986.4499,1.0,1136.5084,1001.8191,1.0,1129.3114,1013.8626,1.0,1148.5825,956.2543,1.0,1144.5048,980.4307,1.0,1138.7556,994.6829,1.0,1132.3826,1005.30023,1.0,813.5522,483.87555,1.0,838.93695,494.42105,1.0,860.3536,524.8905,1.0,868.9195,554.9107,1.0,871.70825,577.64465,1.0,856.90564,499.21014,1.0,866.55096,528.25287,1.0,863.148,551.3258,1.0,856.5548,567.69244,1.0,836.0575,497.1947,1.0,835.27905,525.7943,1.0,832.4777,547.3297,1.0,830.0068,559.5669,1.0,813.9923,499.6341,1.0,811.5969,529.48065,1.0,813.0787,553.1198,1.0,814.428,567.14575,1.0,794.5913,506.41483,1.0,793.45953,538.75024,1.0,796.3342,558.93243,1.0,799.0539,572.9734,1.0
0.0,0.0,0.0,0.0,0.0,0.0,0.0,0.0,0.0,0.0,0.0,0.0,0.0,0.0,0.0,0.0,0.0,0.0,0.0,0.0,0.0,0.0,0.0,0.0,0.0,0.0,0.0,0.0,0.0,0.0,0.0,0.0,0.0,0.0,0.0,0.0,0.0,0.0,0.0,0.0,0.0,0.0,0.0,0.0,0.0,0.0,0.0,0.0,0.0,0.0,0.0,0.0,0.0,0.0,0.0,0.0,0.0,0.0,0.0,0.0,0.0,0.0,0.0,0.0,0.0,0.0,0.0,0.0,0.0,0.0,0.0,0.0,0.0,0.0,0.0,0.0,0.0,0.0,0.0,0.0,0.0,0.0,0.0,0.0,0.0,0.0,0.0,0.0,0.0,0.0,0.0,0.0,0.0,0.0,0.0,0.0,0.0,0.0,0.0,0.0,0.0,0.0,0.0,0.0,0.0,0.0,0.0,0.0,0.0,0.0,0.0,0.0,0.0,0.0,0.0,0.0,0.0,0.0,0.0,0.0,0.0,0.0,0.0,0.0,0.0,0.0,0.0,0.0,0.0,0.0,0.0,0.0,0.0,0.0,0.0,0.0,0.0,0.0,0.0,0.0,0.0,0.0,0.0,0.0,0.0,0.0,0.0,0.0,0.0,0.0,0.0,0.0,0.0,0.0,0.0,0.0,0.0,0.0,0.0,0.0,0.0,0.0,0.0,0.0,0.0,0.0,0.0,0.0,0.0,0.0,0.0,0.0,0.0,0.0,0.0,0.0,0.0,0.0,0.0,0.0,0.0,0.0,0.0,0.0,0.0,0.0,0.0,0.0,0.0,0.0,0.0,0.0,0.0,0.0,0.0,0.0,0.0,0.0,0.0,0.0,0.0,0.0,0.0,0.0,0.0,0.0,0.0,0.0,0.0,0.0,939.05817,328.36295,0.99872714,932.74036,463.41827,0.9995897,781.73535,445.60788,0.9995897,681.4867,587.25806,0.90915215,796.22864,508.12378,0.98119026,1083.7454,481.22867,0.9997646,1138.2705,694.99817,0.94185394,1134.6207,892.15326,0.94043297,918.1769,939.9224,0.98798275,813.49164,940.36835,0.98798275,819.4055,1254.7794,0.049170434,805.76843,1602.0205,0.021378815,1022.86206,939.4765,0.98838866,1018.41327,1290.0475,0.037833992,999.8616,1614.9684,0.014944067,907.1868,300.45886,0.99802655,969.91235,302.43292,0.99517,872.0198,311.50476,0.9951598,988.08563,317.9517,0.997182,983.0043,1732.7683,0.014798972,983.0043,1732.7683,0.014798972,995.2719,1660.7743,0.015494068,830.5204,1708.1135,0.011672793,830.5204,1708.1135,0.011672793,800.5769,1657.802,0.016290635,1140.399,897.60876,1.0,1112.4116,909.733,1.0,1102.8684,935.2493,1.0,1099.5123,959.6593,1.0,1095.85,980.3038,1.0,1130.3994,958.91064,1.0,1126.3818,990.2934,1.0,1120.6376,1007.65466,1.0,1115.7598,1020.0193,1.0,1142.9525,959.241,1.0,1138.8514,990.3677,1.0,1131.1199,1007.78015,1.0,1123.3978,1019.9649,1.0,1148.6373,957.438,1.0,1144.4222,985.5488,1.0,1137.2101,1001.2655,1.0,1129.7773,1013.6289,1.0,1149.1787,955.2621,1.0,1145.0709,979.5267,1.0,1139.2137,994.091,1.0,1132.6658,1005.0112,1.0,810.1589,484.02695,1.0,838.9715,495.07672,1.0,861.0411,526.60284,1.0,869.70776,559.16327,1.0,871.2668,584.3869,1.0,855.4019,498.096,1.0,863.7936,526.7342,1.0,860.90906,549.7155,1.0,855.02966,565.35645,1.0,834.2252,498.04376,1.0,833.72986,526.9815,1.0,832.50494,547.7818,1.0,830.5793,557.3601,1.0,812.7859,502.93234,1.0,813.62354,531.09467,1.0,817.477,551.2021,1.0,820.57367,561.605,1.0,794.3836,511.50726,1.0,795.2407,545.78687,1.0,799.7479,565.83606,1.0,803.83466,578.31445,1.0
0.0,0.0,0.0,0.0,0.0,0.0,0.0,0.0,0.0,0.0,0.0,0.0,0.0,0.0,0.0,0.0,0.0,0.0,0.0,0.0,0.0,0.0,0.0,0.0,0.0,0.0,0.0,0.0,0.0,0.0,0.0,0.0,0.0,0.0,0.0,0.0,0.0,0.0,0.0,0.0,0.0,0.0,0.0,0.0,0.0,0.0,0.0,0.0,0.0,0.0,0.0,0.0,0.0,0.0,0.0,0.0,0.0,0.0,0.0,0.0,0.0,0.0,0.0,0.0,0.0,0.0,0.0,0.0,0.0,0.0,0.0,0.0,0.0,0.0,0.0,0.0,0.0,0.0,0.0,0.0,0.0,0.0,0.0,0.0,0.0,0.0,0.0,0.0,0.0,0.0,0.0,0.0,0.0,0.0,0.0,0.0,0.0,0.0,0.0,0.0,0.0,0.0,0.0,0.0,0.0,0.0,0.0,0.0,0.0,0.0,0.0,0.0,0.0,0.0,0.0,0.0,0.0,0.0,0.0,0.0,0.0,0.0,0.0,0.0,0.0,0.0,0.0,0.0,0.0,0.0,0.0,0.0,0.0,0.0,0.0,0.0,0.0,0.0,0.0,0.0,0.0,0.0,0.0,0.0,0.0,0.0,0.0,0.0,0.0,0.0,0.0,0.0,0.0,0.0,0.0,0.0,0.0,0.0,0.0,0.0,0.0,0.0,0.0,0.0,0.0,0.0,0.0,0.0,0.0,0.0,0.0,0.0,0.0,0.0,0.0,0.0,0.0,0.0,0.0,0.0,0.0,0.0,0.0,0.0,0.0,0.0,0.0,0.0,0.0,0.0,0.0,0.0,0.0,0.0,0.0,0.0,0.0,0.0,0.0,0.0,0.0,0.0,0.0,0.0,0.0,0.0,0.0,0.0,0.0,0.0,939.1179,329.11972,0.9986883,933.0409,463.80682,0.99960285,781.6969,445.59793,0.99960285,681.59265,590.04626,0.91128004,795.3492,508.35623,0.9827683,1084.3849,482.0157,0.99975914,1138.2422,696.2387,0.9405234,1134.6212,893.30396,0.94155014,918.08844,940.17206,0.987579,813.5018,940.47046,0.987579,818.2653,1256.7229,0.04820469,805.3197,1603.8925,0.021172917,1022.6752,939.8737,0.9878444,1018.29004,1290.6206,0.03711162,998.54846,1615.9161,0.014876332,907.4105,300.77176,0.9979773,970.1986,302.91815,0.99491763,872.4114,312.0581,0.9950873,988.4287,318.74448,0.99702793,982.1043,1735.3632,0.014661915,982.1043,1735.3632,0.014661915,993.76697,1661.2794,0.015475324,828.50323,1713.0483,0.011532941,828.50323,1713.0483,0.011532941,800.6098,1659.0126,0.01625145,1141.4811,896.7423,1.0,1113.6083,908.7667,1.0,1104.3794,934.6034,1.0,1100.8331,958.9499,1.0,1097.0283,979.5028,1.0,1131.9387,958.1373,1.0,1127.813,989.6435,1.0,1121.953,1007.1774,1.0,1116.9796,1019.63983,1.0,1144.3785,958.56506,1.0,1140.2571,989.80884,1.0,1132.4321,1007.41736,1.0,1124.6956,1019.83673,1.0,1149.8674,956.83875,1.0,1145.5236,984.90155,1.0,1138.2235,1000.7299,1.0,1130.6161,1013.26105,1.0,1150.2112,954.6412,1.0,1145.9662,978.818,1.0,1139.9915,993.47614,1.0,1133.247,1004.4971,1.0,811.3354,484.75513,1.0,840.4858,496.68185,1.0,861.08136,528.0282,1.0,869.3082,560.2062,1.0,871.8033,585.31537,1.0,855.0764,497.769,1.0,863.6007,526.1871,1.0,860.81946,548.5677,1.0,855.36444,563.7635,1.0,833.55054,496.31958,1.0,832.40515,527.79224,1.0,831.45746,546.2173,1.0,829.5383,552.90625,1.0,812.1138,500.5384,1.0,812.7116,530.9296,1.0,817.675,549.50354,1.0,821.41504,558.208,1.0,793.7599,508.73923,1.0,794.53467,545.3308,1.0,799.66595,565.9048,1.0,804.14404,577.6961,1.0
0.0,0.0,0.0,0.0,0.0,0.0,0.0,0.0,0.0,0.0,0.0,0.0,0.0,0.0,0.0,0.0,0.0,0.0,0.0,0.0,0.0,0.0,0.0,0.0,0.0,0.0,0.0,0.0,0.0,0.0,0.0,0.0,0.0,0.0,0.0,0.0,0.0,0.0,0.0,0.0,0.0,0.0,0.0,0.0,0.0,0.0,0.0,0.0,0.0,0.0,0.0,0.0,0.0,0.0,0.0,0.0,0.0,0.0,0.0,0.0,0.0,0.0,0.0,0.0,0.0,0.0,0.0,0.0,0.0,0.0,0.0,0.0,0.0,0.0,0.0,0.0,0.0,0.0,0.0,0.0,0.0,0.0,0.0,0.0,0.0,0.0,0.0,0.0,0.0,0.0,0.0,0.0,0.0,0.0,0.0,0.0,0.0,0.0,0.0,0.0,0.0,0.0,0.0,0.0,0.0,0.0,0.0,0.0,0.0,0.0,0.0,0.0,0.0,0.0,0.0,0.0,0.0,0.0,0.0,0.0,0.0,0.0,0.0,0.0,0.0,0.0,0.0,0.0,0.0,0.0,0.0,0.0,0.0,0.0,0.0,0.0,0.0,0.0,0.0,0.0,0.0,0.0,0.0,0.0,0.0,0.0,0.0,0.0,0.0,0.0,0.0,0.0,0.0,0.0,0.0,0.0,0.0,0.0,0.0,0.0,0.0,0.0,0.0,0.0,0.0,0.0,0.0,0.0,0.0,0.0,0.0,0.0,0.0,0.0,0.0,0.0,0.0,0.0,0.0,0.0,0.0,0.0,0.0,0.0,0.0,0.0,0.0,0.0,0.0,0.0,0.0,0.0,0.0,0.0,0.0,0.0,0.0,0.0,0.0,0.0,0.0,0.0,0.0,0.0,0.0,0.0,0.0,0.0,0.0,0.0,938.60986,328.77933,0.99865896,933.38947,464.20407,0.99961185,781.5931,445.58752,0.99961185,681.70966,591.00836,0.9132188,794.48535,508.44876,0.98416567,1085.1859,482.82062,0.9997535,1138.1548,696.9442,0.9396966,1134.8983,894.0274,0.9428906,918.0774,940.249,0.98734134,813.51495,940.41327,0.98734134,818.3214,1256.6466,0.048026085,805.7588,1605.0834,0.021301746,1022.6398,940.0847,0.9875073,1018.7253,1290.4979,0.037006818,998.71124,1616.3007,0.014924265,907.2076,300.34396,0.99794096,969.9653,302.40533,0.99472815,872.4687,312.0093,0.99501956,988.4427,318.47205,0.9969161,982.1006,1736.1222,0.01463106,982.1006,1736.1222,0.01463106,993.8798,1661.4144,0.01550439,828.65344,1714.0706,0.01156515,828.65344,1714.0706,0.01156515,801.73206,1660.2163,0.016351981,1142.466,896.43835,1.0,1114.56,908.58966,1.0,1105.407,934.439,1.0,1101.9133,958.6691,1.0,1098.093,978.94446,1.0,1133.1229,958.1024,1.0,1128.9362,989.3332,1.0,1122.9834,1006.6077,1.0,1117.9028,1018.9523,1.0,1145.6344,958.4401,1.0,1141.3812,989.3303,1.0,1133.4362,1006.7572,1.0,1125.4309,1018.9934,1.0,1151.0608,956.6925,1.0,1146.5471,984.6884,1.0,1139.0149,1000.387,1.0,1131.259,1012.84094,1.0,1151.341,954.55865,1.0,1146.9869,978.77637,1.0,1140.9034,993.3835,1.0,1133.9518,1004.39124,1.0,811.6105,483.7379,1.0,841.9213,496.7524,1.0,861.95416,528.35095,1.0,870.31934,560.1644,1.0,873.30145,584.9806,1.0,856.95654,497.30493,1.0,865.3386,525.3566,1.0,861.6354,547.8995,1.0,855.692,563.4514,1.0,835.7726,494.3301,1.0,834.2513,526.3793,1.0,832.279,542.68945,1.0,829.8215,547.07214,1.0,814.3216,497.39215,1.0,815.1791,529.5419,1.0,819.2761,547.87305,1.0,822.2587,555.86383,1.0,795.34644,504.66418,1.0,795.8289,543.167,1.0,800.2102,564.00995,1.0,804.14246,575.1349,1.0
0.0,0.0,0.0,0.0,0.0,0.0,0.0,0.0,0.0,0.0,0.0,0.0,0.0,0.0,0.0,0.0,0.0,0.0,0.0,0.0,0.0,0.0,0.0,0.0,0.0,0.0,0.0,0.0,0.0,0.0,0.0,0.0,0.0,0.0,0.0,0.0,0.0,0.0,0.0,0.0,0.0,0.0,0.0,0.0,0.0,0.0,0.0,0.0,0.0,0.0,0.0,0.0,0.0,0.0,0.0,0.0,0.0,0.0,0.0,0.0,0.0,0.0,0.0,0.0,0.0,0.0,0.0,0.0,0.0,0.0,0.0,0.0,0.0,0.0,0.0,0.0,0.0,0.0,0.0,0.0,0.0,0.0,0.0,0.0,0.0,0.0,0.0,0.0,0.0,0.0,0.0,0.0,0.0,0.0,0.0,0.0,0.0,0.0,0.0,0.0,0.0,0.0,0.0,0.0,0.0,0.0,0.0,0.0,0.0,0.0,0.0,0.0,0.0,0.0,0.0,0.0,0.0,0.0,0.0,0.0,0.0,0.0,0.0,0.0,0.0,0.0,0.0,0.0,0.0,0.0,0.0,0.0,0.0,0.0,0.0,0.0,0.0,0.0,0.0,0.0,0.0,0.0,0.0,0.0,0.0,0.0,0.0,0.0,0.0,0.0,0.0,0.0,0.0,0.0,0.0,0.0,0.0,0.0,0.0,0.0,0.0,0.0,0.0,0.0,0.0,0.0,0.0,0.0,0.0,0.0,0.0,0.0,0.0,0.0,0.0,0.0,0.0,0.0,0.0,0.0,0.0,0.0,0.0,0.0,0.0,0.0,0.0,0.0,0.0,0.0,0.0,0.0,0.0,0.0,0.0,0.0,0.0,0.0,0.0,0.0,0.0,0.0,0.0,0.0,0.0,0.0,0.0,0.0,0.0,0.0,938.2551,328.32608,0.99863094,933.50824,464.31287,0.99961936,781.4041,445.60242,0.99961936,681.8428,591.4189,0.9146665,794.526,508.83054,0.9854083,1085.6124,483.02335,0.99974597,1138.1268,696.957,0.93803906,1135.1499,894.297,0.94313955,918.1209,940.2484,0.9872146,813.5645,940.3581,0.9872221,818.4129,1256.5973,0.04762545,806.35583,1605.5752,0.021147054,1022.6773,940.1388,0.98727876,1018.4713,1290.4838,0.03686416,998.1761,1616.5308,0.014797616,907.0584,299.8908,0.99790615,969.78955,301.92926,0.9945396,872.4754,311.8339,0.9949595,988.4402,318.1912,0.99679935,980.57227,1736.2882,0.014445554,980.57227,1736.2882,0.014445554,993.491,1661.5183,0.01538559,828.76294,1713.432,0.011467862,828.76294,1713.432,0.011467862,803.2013,1660.848,0.016316447,1142.7769,896.592,1.0,1115.1724,908.50006,1.0,1105.9578,934.0658,1.0,1102.6522,958.31384,1.0,1099.0251,978.46454,1.0,1133.8599,958.12256,1.0,1129.2976,989.4682,1.0,1123.1619,1006.79395,1.0,1117.8883,1019.1868,1.0,1146.1649,958.57776,1.0,1141.5303,989.4686,1.0,1133.3767,1006.9492,1.0,1125.1133,1019.15125,1.0,1151.3729,956.90436,1.0,1146.5348,985.2395,1.0,1138.7378,1001.074,1.0,1130.7615,1013.5753,1.0,1151.6917,954.9381,1.0,1147.0247,979.40375,1.0,1140.7999,994.18176,1.0,1133.6438,1005.37897,1.0,809.4067,483.4106,1.0,841.33215,496.41727,1.0,862.33014,527.31036,1.0,871.2488,558.5766,1.0,874.21814,583.032,1.0,858.5719,496.23096,1.0,867.32434,523.0307,1.0,863.0064,545.51843,1.0,856.7966,560.80554,1.0,837.6477,493.08832,1.0,837.153,523.52545,1.0,834.42065,540.7795,1.0,831.429,546.0084,1.0,816.0421,496.0304,1.0,818.1878,527.36127,1.0,821.4876,545.75903,1.0,823.5487,553.63684,1.0,796.43243,503.28458,1.0,798.1493,541.87915,1.0,802.3452,562.58136,1.0,806.06726,573.307,1.0
0.0,0.0,0.0,0.0,0.0,0.0,0.0,0.0,0.0,0.0,0.0,0.0,0.0,0.0,0.0,0.0,0.0,0.0,0.0,0.0,0.0,0.0,0.0,0.0,0.0,0.0,0.0,0.0,0.0,0.0,0.0,0.0,0.0,0.0,0.0,0.0,0.0,0.0,0.0,0.0,0.0,0.0,0.0,0.0,0.0,0.0,0.0,0.0,0.0,0.0,0.0,0.0,0.0,0.0,0.0,0.0,0.0,0.0,0.0,0.0,0.0,0.0,0.0,0.0,0.0,0.0,0.0,0.0,0.0,0.0,0.0,0.0,0.0,0.0,0.0,0.0,0.0,0.0,0.0,0.0,0.0,0.0,0.0,0.0,0.0,0.0,0.0,0.0,0.0,0.0,0.0,0.0,0.0,0.0,0.0,0.0,0.0,0.0,0.0,0.0,0.0,0.0,0.0,0.0,0.0,0.0,0.0,0.0,0.0,0.0,0.0,0.0,0.0,0.0,0.0,0.0,0.0,0.0,0.0,0.0,0.0,0.0,0.0,0.0,0.0,0.0,0.0,0.0,0.0,0.0,0.0,0.0,0.0,0.0,0.0,0.0,0.0,0.0,0.0,0.0,0.0,0.0,0.0,0.0,0.0,0.0,0.0,0.0,0.0,0.0,0.0,0.0,0.0,0.0,0.0,0.0,0.0,0.0,0.0,0.0,0.0,0.0,0.0,0.0,0.0,0.0,0.0,0.0,0.0,0.0,0.0,0.0,0.0,0.0,0.0,0.0,0.0,0.0,0.0,0.0,0.0,0.0,0.0,0.0,0.0,0.0,0.0,0.0,0.0,0.0,0.0,0.0,0.0,0.0,0.0,0.0,0.0,0.0,0.0,0.0,0.0,0.0,0.0,0.0,0.0,0.0,0.0,0.0,0.0,0.0,938.03436,327.81744,0.99865323,933.52783,464.3737,0.9996339,781.30804,445.64066,0.9996339,682.11487,591.7965,0.9156521,794.6579,507.8083,0.9865511,1085.7477,483.10672,0.99974614,1138.0093,696.8789,0.936422,1135.413,893.6846,0.94386,918.27814,940.302,0.98695385,813.8225,940.33057,0.9870043,818.6894,1255.9795,0.046047833,806.5408,1605.1293,0.020554502,1022.73376,940.2734,0.98695385,1017.79486,1290.5973,0.03575894,996.66486,1616.2604,0.0142948665,906.9663,299.38373,0.9979444,969.63776,301.5264,0.9945871,872.47406,311.56702,0.99505705,988.46106,318.01086,0.99681,977.45435,1735.8704,0.013994419,977.45435,1735.8704,0.013994419,992.3855,1661.2716,0.015005888,828.84796,1711.3463,0.011181552,828.84796,1711.3463,0.011181552,803.3176,1660.806,0.016025802,1142.4847,896.41656,1.0,1115.0446,908.0951,1.0,1105.9191,933.6482,1.0,1102.8236,958.0763,1.0,1099.404,978.41345,1.0,1134.279,957.8531,1.0,1129.4382,989.59753,1.0,1123.0293,1006.8951,1.0,1117.5865,1019.2657,1.0,1146.5172,958.4043,1.0,1141.5671,989.7313,1.0,1133.2189,1007.18524,1.0,1124.8528,1019.22797,1.0,1151.5521,956.62354,1.0,1146.4054,985.3279,1.0,1138.4363,1001.2041,1.0,1130.275,1013.6491,1.0,1151.7036,954.5038,1.0,1146.7278,979.07886,1.0,1140.2537,993.8416,1.0,1132.8629,1004.998,1.0,809.10864,484.70224,1.0,841.4581,499.30923,1.0,862.8374,528.2545,1.0,871.6245,557.4079,1.0,874.8514,580.79846,1.0,859.865,494.93646,1.0,868.9065,520.43823,1.0,863.93005,543.0106,1.0,857.63184,558.6471,1.0,838.29175,489.7504,1.0,837.92633,520.0831,1.0,834.33704,540.20953,1.0,830.923,547.99976,1.0,815.9716,491.5013,1.0,817.75604,522.82684,1.0,821.2418,543.67883,1.0,823.50183,553.57556,1.0,795.8882,498.53204,1.0,799.20465,537.03015,1.0,803.5769,559.2149,1.0,806.9426,571.26135,1.0
0.0,0.0,0.0,0.0,0.0,0.0,0.0,0.0,0.0,0.0,0.0,0.0,0.0,0.0,0.0,0.0,0.0,0.0,0.0,0.0,0.0,0.0,0.0,0.0,0.0,0.0,0.0,0.0,0.0,0.0,0.0,0.0,0.0,0.0,0.0,0.0,0.0,0.0,0.0,0.0,0.0,0.0,0.0,0.0,0.0,0.0,0.0,0.0,0.0,0.0,0.0,0.0,0.0,0.0,0.0,0.0,0.0,0.0,0.0,0.0,0.0,0.0,0.0,0.0,0.0,0.0,0.0,0.0,0.0,0.0,0.0,0.0,0.0,0.0,0.0,0.0,0.0,0.0,0.0,0.0,0.0,0.0,0.0,0.0,0.0,0.0,0.0,0.0,0.0,0.0,0.0,0.0,0.0,0.0,0.0,0.0,0.0,0.0,0.0,0.0,0.0,0.0,0.0,0.0,0.0,0.0,0.0,0.0,0.0,0.0,0.0,0.0,0.0,0.0,0.0,0.0,0.0,0.0,0.0,0.0,0.0,0.0,0.0,0.0,0.0,0.0,0.0,0.0,0.0,0.0,0.0,0.0,0.0,0.0,0.0,0.0,0.0,0.0,0.0,0.0,0.0,0.0,0.0,0.0,0.0,0.0,0.0,0.0,0.0,0.0,0.0,0.0,0.0,0.0,0.0,0.0,0.0,0.0,0.0,0.0,0.0,0.0,0.0,0.0,0.0,0.0,0.0,0.0,0.0,0.0,0.0,0.0,0.0,0.0,0.0,0.0,0.0,0.0,0.0,0.0,0.0,0.0,0.0,0.0,0.0,0.0,0.0,0.0,0.0,0.0,0.0,0.0,0.0,0.0,0.0,0.0,0.0,0.0,0.0,0.0,0.0,0.0,0.0,0.0,0.0,0.0,0.0,0.0,0.0,0.0,937.9275,327.42123,0.99863815,933.5659,464.6006,0.99964094,781.27136,445.85214,0.99964094,682.4688,591.88385,0.91615623,794.7204,507.6529,0.98751813,1085.8605,483.349,0.99974394,1137.7717,697.1565,0.9352551,1135.5034,893.33264,0.9446867,918.5685,940.1774,0.9867516,814.3154,940.3272,0.986853,818.9911,1255.4796,0.045066174,806.8935,1605.0333,0.020302063,1022.82153,940.0277,0.9867516,1017.2083,1290.455,0.0349682,996.12445,1615.6941,0.013935886,906.9155,298.97708,0.9979187,969.51624,301.2325,0.99448127,872.49274,311.40955,0.9950063,988.50903,317.9168,0.99674165,976.1585,1734.9375,0.013673198,976.1585,1734.9375,0.013673198,992.2411,1660.7794,0.01469338,829.0026,1711.0004,0.011072124,829.0026,1711.0004,0.011072124,803.55493,1661.0411,0.015873186,1141.8973,895.7972,1.0,1114.419,908.0276,1.0,1105.5214,933.7119,1.0,1102.7605,958.1895,1.0,1099.2878,978.422,1.0,1134.0345,957.6209,1.0,1129.5497,989.2189,1.0,1123.3605,1006.18445,1.0,1118.1105,1018.4067,1.0,1146.4208,957.9919,1.0,1141.7778,989.0936,1.0,1133.7549,1006.2289,1.0,1125.6506,1018.17346,1.0,1151.5964,956.15924,1.0,1146.5507,984.72723,1.0,1138.9271,1000.4268,1.0,1131.0974,1012.80225,1.0,1151.7664,954.0732,1.0,1146.884,978.5058,1.0,1140.502,993.0494,1.0,1133.2839,1004.1101,1.0,815.33453,485.00455,1.0,845.5741,500.76834,1.0,864.6157,527.1949,1.0,871.5017,555.0726,1.0,873.614,578.54193,1.0,858.2841,491.84143,1.0,866.31616,516.09814,1.0,861.8253,539.43805,1.0,856.09875,555.7474,1.0,836.1071,486.2056,1.0,835.1416,517.17377,1.0,832.42065,539.8391,1.0,829.5004,549.8261,1.0,814.2165,487.53415,1.0,813.77264,519.5409,1.0,817.0739,541.4354,1.0,819.16046,552.04736,1.0,795.14197,494.02295,1.0,796.1461,529.9329,1.0,801.28766,552.194,1.0,805.3581,564.95264,1.0
0.0,0.0,0.0,0.0,0.0,0.0,0.0,0.0,0.0,0.0,0.0,0.0,0.0,0.0,0.0,0.0,0.0,0.0,0.0,0.0,0.0,0.0,0.0,0.0,0.0,0.0,0.0,0.0,0.0,0.0,0.0,0.0,0.0,0.0,0.0,0.0,0.0,0.0,0.0,0.0,0.0,0.0,0.0,0.0,0.0,0.0,0.0,0.0,0.0,0.0,0.0,0.0,0.0,0.0,0.0,0.0,0.0,0.0,0.0,0.0,0.0,0.0,0.0,0.0,0.0,0.0,0.0,0.0,0.0,0.0,0.0,0.0,0.0,0.0,0.0,0.0,0.0,0.0,0.0,0.0,0.0,0.0,0.0,0.0,0.0,0.0,0.0,0.0,0.0,0.0,0.0,0.0,0.0,0.0,0.0,0.0,0.0,0.0,0.0,0.0,0.0,0.0,0.0,0.0,0.0,0.0,0.0,0.0,0.0,0.0,0.0,0.0,0.0,0.0,0.0,0.0,0.0,0.0,0.0,0.0,0.0,0.0,0.0,0.0,0.0,0.0,0.0,0.0,0.0,0.0,0.0,0.0,0.0,0.0,0.0,0.0,0.0,0.0,0.0,0.0,0.0,0.0,0.0,0.0,0.0,0.0,0.0,0.0,0.0,0.0,0.0,0.0,0.0,0.0,0.0,0.0,0.0,0.0,0.0,0.0,0.0,0.0,0.0,0.0,0.0,0.0,0.0,0.0,0.0,0.0,0.0,0.0,0.0,0.0,0.0,0.0,0.0,0.0,0.0,0.0,0.0,0.0,0.0,0.0,0.0,0.0,0.0,0.0,0.0,0.0,0.0,0.0,0.0,0.0,0.0,0.0,0.0,0.0,0.0,0.0,0.0,0.0,0.0,0.0,0.0,0.0,0.0,0.0,0.0,0.0,937.79956,327.10657,0.99861735,933.51196,464.8137,0.9996414,781.1828,446.31558,0.9996414,682.8606,591.9696,0.915673,794.61084,509.9708,0.98832506,1085.8412,483.3118,0.99973917,1137.6221,696.991,0.9344203,1135.4381,892.85724,0.9452665,918.7526,939.3945,0.9866557,814.63617,939.97577,0.9867541,819.8686,1253.3263,0.044669874,807.9062,1603.4856,0.02023131,1022.869,938.8131,0.9866557,1017.7994,1289.3163,0.034663502,996.9842,1613.6375,0.013768868,906.8136,298.6845,0.99787855,969.4038,300.99478,0.99435323,872.48694,311.32324,0.9949139,988.4894,317.81763,0.99666286,976.9117,1731.7523,0.013515016,976.9117,1731.7523,0.013515016,993.30597,1658.8722,0.01452027,830.0951,1708.9741,0.011052472,830.0951,1708.9741,0.011052472,804.41956,1659.6239,0.015830556,1141.1198,895.5463,1.0,1113.7808,907.663,1.0,1105.1766,933.0748,1.0,1102.8376,957.95703,1.0,1099.4843,978.0056,1.0,1133.3915,956.9289,1.0,1129.345,988.3153,1.0,1123.4976,1005.5582,1.0,1118.3944,1018.0687,1.0,1145.9185,957.5333,1.0,1141.4983,988.4517,1.0,1133.8114,1005.7678,1.0,1125.9146,1018.32117,1.0,1151.1313,956.0335,1.0,1146.2948,984.79486,1.0,1138.864,1000.83417,1.0,1131.2323,1013.4981,1.0,1151.3699,954.3569,1.0,1146.6782,978.9624,1.0,1140.5338,993.67505,1.0,1133.5002,1005.0166,1.0,822.8092,484.67776,1.0,849.09845,502.0616,1.0,864.841,526.7073,1.0,869.8629,553.10626,1.0,871.6533,575.76373,1.0,854.547,490.41675,1.0,862.6776,512.5329,1.0,859.25507,535.4469,1.0,853.811,552.1542,1.0,832.411,484.39154,1.0,831.1112,512.78204,1.0,829.5617,537.3458,1.0,827.2092,550.9608,1.0,811.51556,485.41763,1.0,807.4201,515.97614,1.0,811.3806,538.606,1.0,814.58594,551.148,1.0,793.67676,491.83945,1.0,789.8466,524.24,1.0,795.9915,545.8133,1.0,802.06,559.41864,1.0
0.0,0.0,0.0,0.0,0.0,0.0,0.0,0.0,0.0,0.0,0.0,0.0,0.0,0.0,0.0,0.0,0.0,0.0,0.0,0.0,0.0,0.0,0.0,0.0,0.0,0.0,0.0,0.0,0.0,0.0,0.0,0.0,0.0,0.0,0.0,0.0,0.0,0.0,0.0,0.0,0.0,0.0,0.0,0.0,0.0,0.0,0.0,0.0,0.0,0.0,0.0,0.0,0.0,0.0,0.0,0.0,0.0,0.0,0.0,0.0,0.0,0.0,0.0,0.0,0.0,0.0,0.0,0.0,0.0,0.0,0.0,0.0,0.0,0.0,0.0,0.0,0.0,0.0,0.0,0.0,0.0,0.0,0.0,0.0,0.0,0.0,0.0,0.0,0.0,0.0,0.0,0.0,0.0,0.0,0.0,0.0,0.0,0.0,0.0,0.0,0.0,0.0,0.0,0.0,0.0,0.0,0.0,0.0,0.0,0.0,0.0,0.0,0.0,0.0,0.0,0.0,0.0,0.0,0.0,0.0,0.0,0.0,0.0,0.0,0.0,0.0,0.0,0.0,0.0,0.0,0.0,0.0,0.0,0.0,0.0,0.0,0.0,0.0,0.0,0.0,0.0,0.0,0.0,0.0,0.0,0.0,0.0,0.0,0.0,0.0,0.0,0.0,0.0,0.0,0.0,0.0,0.0,0.0,0.0,0.0,0.0,0.0,0.0,0.0,0.0,0.0,0.0,0.0,0.0,0.0,0.0,0.0,0.0,0.0,0.0,0.0,0.0,0.0,0.0,0.0,0.0,0.0,0.0,0.0,0.0,0.0,0.0,0.0,0.0,0.0,0.0,0.0,0.0,0.0,0.0,0.0,0.0,0.0,0.0,0.0,0.0,0.0,0.0,0.0,0.0,0.0,0.0,0.0,0.0,0.0,937.57104,326.75406,0.9986057,933.5037,464.8995,0.99964184,781.17554,446.51154,0.99964184,682.9946,592.06683,0.9136759,794.36847,510.9292,0.9890261,1085.8319,483.28745,0.9997325,1137.3566,696.87836,0.9326286,1135.3844,892.5366,0.94496816,918.84015,938.1969,0.986538,814.80145,938.8958,0.9866658,822.03625,1249.673,0.04410965,810.75916,1599.5897,0.020167485,1022.8788,937.498,0.986538,1019.4104,1287.2362,0.034093186,998.09094,1609.7279,0.013643011,906.64954,298.45724,0.99785936,969.2467,300.8038,0.9942719,872.44745,311.2057,0.9948672,988.4693,317.471,0.9966006,977.88684,1726.0697,0.013390406,977.88684,1726.0697,0.013390406,994.09753,1654.7698,0.014414817,833.03876,1704.1929,0.011025313,833.03876,1704.1929,0.011025313,807.16345,1655.8228,0.015819293,1140.4529,895.55164,1.0,1113.6561,907.30347,1.0,1105.2434,932.6111,1.0,1102.9006,957.5,1.0,1099.6619,977.65094,1.0,1133.4095,956.77655,1.0,1129.2893,987.96045,1.0,1123.3308,1005.2882,1.0,1118.1417,1017.8148,1.0,1145.7438,957.48175,1.0,1141.3895,988.1157,1.0,1133.6847,1005.5012,1.0,1125.7943,1018.1311,1.0,1150.8461,956.03015,1.0,1146.3638,984.6754,1.0,1138.9369,1000.77216,1.0,1131.3264,1013.5277,1.0,1151.0896,954.3304,1.0,1146.7924,978.9547,1.0,1140.8477,993.80896,1.0,1133.8887,1005.3075,1.0,818.5479,485.24246,1.0,846.9193,503.23688,1.0,864.3176,527.5068,1.0,870.8619,552.4066,1.0,873.2534,574.4578,1.0,854.3674,490.74698,1.0,862.7183,511.78256,1.0,858.64905,534.5317,1.0,852.98926,551.127,1.0,832.62604,484.33267,1.0,830.5515,511.9708,1.0,827.7776,536.9394,1.0,825.0977,550.85876,1.0,811.81964,484.93958,1.0,807.8129,514.17487,1.0,811.4528,538.79645,1.0,814.4838,553.37946,1.0,794.0612,490.9313,1.0,791.64307,522.92676,1.0,797.1312,545.4592,1.0,802.25494,560.14246,1.0
0.0,0.0,0.0,0.0,0.0,0.0,0.0,0.0,0.0,0.0,0.0,0.0,0.0,0.0,0.0,0.0,0.0,0.0,0.0,0.0,0.0,0.0,0.0,0.0,0.0,0.0,0.0,0.0,0.0,0.0,0.0,0.0,0.0,0.0,0.0,0.0,0.0,0.0,0.0,0.0,0.0,0.0,0.0,0.0,0.0,0.0,0.0,0.0,0.0,0.0,0.0,0.0,0.0,0.0,0.0,0.0,0.0,0.0,0.0,0.0,0.0,0.0,0.0,0.0,0.0,0.0,0.0,0.0,0.0,0.0,0.0,0.0,0.0,0.0,0.0,0.0,0.0,0.0,0.0,0.0,0.0,0.0,0.0,0.0,0.0,0.0,0.0,0.0,0.0,0.0,0.0,0.0,0.0,0.0,0.0,0.0,0.0,0.0,0.0,0.0,0.0,0.0,0.0,0.0,0.0,0.0,0.0,0.0,0.0,0.0,0.0,0.0,0.0,0.0,0.0,0.0,0.0,0.0,0.0,0.0,0.0,0.0,0.0,0.0,0.0,0.0,0.0,0.0,0.0,0.0,0.0,0.0,0.0,0.0,0.0,0.0,0.0,0.0,0.0,0.0,0.0,0.0,0.0,0.0,0.0,0.0,0.0,0.0,0.0,0.0,0.0,0.0,0.0,0.0,0.0,0.0,0.0,0.0,0.0,0.0,0.0,0.0,0.0,0.0,0.0,0.0,0.0,0.0,0.0,0.0,0.0,0.0,0.0,0.0,0.0,0.0,0.0,0.0,0.0,0.0,0.0,0.0,0.0,0.0,0.0,0.0,0.0,0.0,0.0,0.0,0.0,0.0,0.0,0.0,0.0,0.0,0.0,0.0,0.0,0.0,0.0,0.0,0.0,0.0,0.0,0.0,0.0,0.0,0.0,0.0,937.212,326.21124,0.99861795,933.5292,464.9207,0.99964565,781.22003,446.555,0.99964565,683.0583,592.03314,0.91355973,794.083,510.87473,0.989723,1085.8383,483.28638,0.9997294,1136.9763,696.9087,0.93220836,1135.3444,892.34686,0.9455062,918.96375,937.12756,0.9864986,815.03296,937.9677,0.9867047,823.3738,1248.2369,0.043971725,812.903,1597.9026,0.020203523,1022.8946,936.28735,0.9864986,1019.7052,1284.4648,0.0334232,998.6568,1606.0074,0.013532172,906.5029,298.2983,0.9978789,969.01184,300.61526,0.994282,872.4305,310.96854,0.9949131,988.32935,316.68622,0.9965935,978.13135,1721.5048,0.013269399,978.13135,1721.5048,0.013269399,994.84705,1650.5503,0.014335885,836.16693,1703.048,0.0110217435,836.16693,1703.048,0.0110217435,809.6287,1653.4692,0.01584188,1140.4592,895.3108,1.0,1113.74,906.9556,1.0,1105.3328,932.55133,1.0,1102.8888,957.3564,1.0,1099.692,977.5524,1.0,1133.5537,956.719,1.0,1129.2449,987.8307,1.0,1123.1841,1005.1389,1.0,1117.8973,1017.6426,1.0,1145.7863,957.35547,1.0,1141.2592,987.8201,1.0,1133.5215,1005.1913,1.0,1125.644,1017.8034,1.0,1150.8439,955.8661,1.0,1146.3625,984.4032,1.0,1138.9294,1000.51733,1.0,1131.3605,1013.32574,1.0,1151.0558,954.1094,1.0,1146.7727,978.8497,1.0,1140.7831,993.76447,1.0,1133.8146,1005.3109,1.0,824.0926,487.65237,1.0,849.36694,506.1291,1.0,864.95404,528.4206,1.0,870.1347,552.0349,1.0,871.7495,573.0493,1.0,853.2352,491.53992,1.0,859.61066,512.15735,1.0,856.24927,533.899,1.0,851.1684,550.4648,1.0,830.57477,485.40607,1.0,827.80286,512.01294,1.0,826.62537,536.70605,1.0,824.76715,552.34717,1.0,809.88684,486.43295,1.0,805.50836,514.7504,1.0,809.31024,538.21747,1.0,812.57874,553.2724,1.0,792.81323,492.65012,1.0,788.4156,521.3395,1.0,793.7196,541.6148,1.0,799.22516,555.8099,1.0
0.0,0.0,0.0,0.0,0.0,0.0,0.0,0.0,0.0,0.0,0.0,0.0,0.0,0.0,0.0,0.0,0.0,0.0,0.0,0.0,0.0,0.0,0.0,0.0,0.0,0.0,0.0,0.0,0.0,0.0,0.0,0.0,0.0,0.0,0.0,0.0,0.0,0.0,0.0,0.0,0.0,0.0,0.0,0.0,0.0,0.0,0.0,0.0,0.0,0.0,0.0,0.0,0.0,0.0,0.0,0.0,0.0,0.0,0.0,0.0,0.0,0.0,0.0,0.0,0.0,0.0,0.0,0.0,0.0,0.0,0.0,0.0,0.0,0.0,0.0,0.0,0.0,0.0,0.0,0.0,0.0,0.0,0.0,0.0,0.0,0.0,0.0,0.0,0.0,0.0,0.0,0.0,0.0,0.0,0.0,0.0,0.0,0.0,0.0,0.0,0.0,0.0,0.0,0.0,0.0,0.0,0.0,0.0,0.0,0.0,0.0,0.0,0.0,0.0,0.0,0.0,0.0,0.0,0.0,0.0,0.0,0.0,0.0,0.0,0.0,0.0,0.0,0.0,0.0,0.0,0.0,0.0,0.0,0.0,0.0,0.0,0.0,0.0,0.0,0.0,0.0,0.0,0.0,0.0,0.0,0.0,0.0,0.0,0.0,0.0,0.0,0.0,0.0,0.0,0.0,0.0,0.0,0.0,0.0,0.0,0.0,0.0,0.0,0.0,0.0,0.0,0.0,0.0,0.0,0.0,0.0,0.0,0.0,0.0,0.0,0.0,0.0,0.0,0.0,0.0,0.0,0.0,0.0,0.0,0.0,0.0,0.0,0.0,0.0,0.0,0.0,0.0,0.0,0.0,0.0,0.0,0.0,0.0,0.0,0.0,0.0,0.0,0.0,0.0,0.0,0.0,0.0,0.0,0.0,0.0,936.72614,325.0438,0.9986489,933.5468,464.94394,0.999652,781.26556,446.681,0.999652,682.5913,592.47003,0.9141454,793.82086,512.93463,0.99037755,1085.8281,483.20688,0.9997294,1136.6598,696.80396,0.9320865,1135.3257,892.1844,0.94649947,919.1014,936.95807,0.98656505,815.30536,937.51056,0.98683774,823.5115,1248.0931,0.044811342,813.14966,1596.8596,0.020720989,1022.8974,936.4055,0.98656505,1019.5784,1282.867,0.033405513,998.65625,1603.353,0.013717199,906.3157,298.12473,0.9979319,968.745,300.23676,0.9943856,872.4049,310.45712,0.99502224,987.83057,315.68393,0.9966452,978.33234,1717.5403,0.013476331,978.33234,1717.5403,0.013476331,994.8838,1647.92,0.014583414,838.65814,1701.7526,0.011283856,838.65814,1701.7526,0.011283856,809.67426,1652.3047,0.016122513,1140.77,894.87726,1.0,1113.9968,906.53986,1.0,1105.4575,932.1538,1.0,1102.9006,957.0984,1.0,1099.7292,977.3971,1.0,1133.5818,955.985,1.0,1129.2411,987.38495,1.0,1123.1562,1004.81006,1.0,1117.863,1017.3292,1.0,1145.9462,956.72015,1.0,1141.4219,987.4889,1.0,1133.7507,1004.981,1.0,1125.8301,1017.6177,1.0,1151.0394,955.3425,1.0,1146.5657,984.10187,1.0,1139.1108,1000.29205,1.0,1131.457,1013.0793,1.0,1151.075,953.64703,1.0,1146.7817,978.55206,1.0,1140.7715,993.4899,1.0,1133.7283,1005.02673,1.0,816.09265,493.94925,1.0,845.6876,510.1203,1.0,863.7427,529.08765,1.0,871.6165,549.73206,1.0,875.78033,568.81445,1.0,854.85223,495.02173,1.0,860.6486,513.4441,1.0,856.76587,533.6998,1.0,851.30225,548.58453,1.0,831.7797,490.13828,1.0,830.9733,514.4269,1.0,830.4761,538.353,1.0,828.98944,553.7405,1.0,810.2362,491.70316,1.0,808.51495,516.6859,1.0,812.4223,540.2688,1.0,815.46,555.8858,1.0,792.0826,497.88174,1.0,788.7969,522.8246,1.0,793.142,542.2094,1.0,797.308,556.2523,1.0
0.0,0.0,0.0,0.0,0.0,0.0,0.0,0.0,0.0,0.0,0.0,0.0,0.0,0.0,0.0,0.0,0.0,0.0,0.0,0.0,0.0,0.0,0.0,0.0,0.0,0.0,0.0,0.0,0.0,0.0,0.0,0.0,0.0,0.0,0.0,0.0,0.0,0.0,0.0,0.0,0.0,0.0,0.0,0.0,0.0,0.0,0.0,0.0,0.0,0.0,0.0,0.0,0.0,0.0,0.0,0.0,0.0,0.0,0.0,0.0,0.0,0.0,0.0,0.0,0.0,0.0,0.0,0.0,0.0,0.0,0.0,0.0,0.0,0.0,0.0,0.0,0.0,0.0,0.0,0.0,0.0,0.0,0.0,0.0,0.0,0.0,0.0,0.0,0.0,0.0,0.0,0.0,0.0,0.0,0.0,0.0,0.0,0.0,0.0,0.0,0.0,0.0,0.0,0.0,0.0,0.0,0.0,0.0,0.0,0.0,0.0,0.0,0.0,0.0,0.0,0.0,0.0,0.0,0.0,0.0,0.0,0.0,0.0,0.0,0.0,0.0,0.0,0.0,0.0,0.0,0.0,0.0,0.0,0.0,0.0,0.0,0.0,0.0,0.0,0.0,0.0,0.0,0.0,0.0,0.0,0.0,0.0,0.0,0.0,0.0,0.0,0.0,0.0,0.0,0.0,0.0,0.0,0.0,0.0,0.0,0.0,0.0,0.0,0.0,0.0,0.0,0.0,0.0,0.0,0.0,0.0,0.0,0.0,0.0,0.0,0.0,0.0,0.0,0.0,0.0,0.0,0.0,0.0,0.0,0.0,0.0,0.0,0.0,0.0,0.0,0.0,0.0,0.0,0.0,0.0,0.0,0.0,0.0,0.0,0.0,0.0,0.0,0.0,0.0,0.0,0.0,0.0,0.0,0.0,0.0,936.54285,322.24292,0.998674,933.5271,464.78073,0.9996574,781.23553,446.80838,0.9996574,681.0573,594.3648,0.9145093,792.51715,516.4467,0.99093574,1085.8187,482.75305,0.99973243,1136.619,696.7084,0.93303293,1135.2985,892.12225,0.9479202,919.1027,936.4391,0.98671156,815.30927,936.6795,0.9869659,823.3398,1248.0514,0.045147818,813.02423,1596.3282,0.020864893,1022.8962,936.1987,0.98671156,1019.5368,1282.4784,0.033577323,998.7797,1602.9359,0.013693164,906.2218,297.02567,0.9979691,968.69934,298.78882,0.99447083,872.40186,309.66943,0.9950987,987.1336,313.75793,0.99670035,978.40845,1717.1082,0.013465428,978.40845,1717.1082,0.013465428,995.2565,1647.3348,0.014571565,838.7585,1700.7167,0.01136105,838.7585,1700.7167,0.01136105,809.47925,1651.743,0.016187657,1141.2429,893.9219,1.0,1114.5638,905.5762,1.0,1105.8114,931.30347,1.0,1103.0767,956.6349,1.0,1099.8635,977.1937,1.0,1133.8932,954.84784,1.0,1129.5378,986.7018,1.0,1123.3562,1004.21844,1.0,1117.9078,1016.7719,1.0,1146.1445,955.6974,1.0,1141.4155,986.9138,1.0,1133.6455,1004.60443,1.0,1125.556,1017.4133,1.0,1151.0316,954.40894,1.0,1146.3604,983.4226,1.0,1138.9258,999.8588,1.0,1131.0953,1012.8461,1.0,1150.9486,952.81537,1.0,1146.4379,977.8162,1.0,1140.3505,992.8486,1.0,1133.2059,1004.466,1.0,812.27386,499.70422,1.0,842.24023,512.2254,1.0,861.87036,530.12146,1.0,870.782,551.14557,1.0,876.3962,569.8635,1.0,851.13605,498.34662,1.0,857.958,517.10046,1.0,855.5064,538.76013,1.0,851.6491,553.7986,1.0,826.6103,496.45505,1.0,829.7957,520.21405,1.0,831.06946,544.3664,1.0,830.29047,558.74414,1.0,804.6341,500.6588,1.0,807.5786,526.5962,1.0,811.9678,548.00653,1.0,814.41656,559.39087,1.0,786.4432,509.1493,1.0,787.11176,535.22186,1.0,793.1881,552.16724,1.0,798.1032,561.7907,1.0
0.0,0.0,0.0,0.0,0.0,0.0,0.0,0.0,0.0,0.0,0.0,0.0,0.0,0.0,0.0,0.0,0.0,0.0,0.0,0.0,0.0,0.0,0.0,0.0,0.0,0.0,0.0,0.0,0.0,0.0,0.0,0.0,0.0,0.0,0.0,0.0,0.0,0.0,0.0,0.0,0.0,0.0,0.0,0.0,0.0,0.0,0.0,0.0,0.0,0.0,0.0,0.0,0.0,0.0,0.0,0.0,0.0,0.0,0.0,0.0,0.0,0.0,0.0,0.0,0.0,0.0,0.0,0.0,0.0,0.0,0.0,0.0,0.0,0.0,0.0,0.0,0.0,0.0,0.0,0.0,0.0,0.0,0.0,0.0,0.0,0.0,0.0,0.0,0.0,0.0,0.0,0.0,0.0,0.0,0.0,0.0,0.0,0.0,0.0,0.0,0.0,0.0,0.0,0.0,0.0,0.0,0.0,0.0,0.0,0.0,0.0,0.0,0.0,0.0,0.0,0.0,0.0,0.0,0.0,0.0,0.0,0.0,0.0,0.0,0.0,0.0,0.0,0.0,0.0,0.0,0.0,0.0,0.0,0.0,0.0,0.0,0.0,0.0,0.0,0.0,0.0,0.0,0.0,0.0,0.0,0.0,0.0,0.0,0.0,0.0,0.0,0.0,0.0,0.0,0.0,0.0,0.0,0.0,0.0,0.0,0.0,0.0,0.0,0.0,0.0,0.0,0.0,0.0,0.0,0.0,0.0,0.0,0.0,0.0,0.0,0.0,0.0,0.0,0.0,0.0,0.0,0.0,0.0,0.0,0.0,0.0,0.0,0.0,0.0,0.0,0.0,0.0,0.0,0.0,0.0,0.0,0.0,0.0,0.0,0.0,0.0,0.0,0.0,0.0,0.0,0.0,0.0,0.0,0.0,0.0,936.34686,316.43582,0.99869394,933.42175,463.98337,0.9996661,781.0407,446.6465,0.9996661,678.7852,596.22327,0.9158366,789.1013,523.3743,0.9914967,1085.8029,481.32025,0.9997313,1136.4187,696.4889,0.93210095,1135.2823,891.99286,0.9476012,919.12585,936.1193,0.98682076,815.31104,936.3768,0.9871813,822.64496,1247.9276,0.044434797,812.901,1595.1633,0.020395784,1022.9407,935.8619,0.98682076,1019.8314,1282.3281,0.032794822,999.0436,1602.7091,0.013200113,906.1607,292.9404,0.998005,968.57947,294.19244,0.99451196,872.3898,307.78268,0.9951883,986.4772,310.05072,0.9967255,979.2353,1717.0873,0.012991718,979.2353,1717.0873,0.012991718,995.37024,1646.9658,0.014173949,839.61786,1698.188,0.011081758,839.61786,1698.188,0.011081758,809.20996,1650.4075,0.01588158,1141.2635,893.47797,1.0,1114.5908,905.34216,1.0,1105.8794,931.20184,1.0,1103.6168,956.3281,1.0,1100.3605,976.7465,1.0,1133.9037,954.34595,1.0,1129.6937,986.3193,1.0,1123.4376,1004.1342,1.0,1117.8079,1016.85046,1.0,1146.0308,955.5119,1.0,1141.3386,987.18555,1.0,1133.2625,1005.2291,1.0,1124.8739,1018.0761,1.0,1150.7471,954.46295,1.0,1145.9829,983.8211,1.0,1138.2108,1000.3733,1.0,1130.0441,1013.34863,1.0,1150.5314,953.03864,1.0,1146.0009,978.0582,1.0,1139.6926,993.0756,1.0,1132.3569,1004.62805,1.0,807.4059,510.73615,1.0,838.41486,522.93634,1.0,858.56085,539.1358,1.0,869.4183,558.617,1.0,877.87146,576.37714,1.0,845.2294,509.42694,1.0,852.36676,528.08344,1.0,851.16376,548.4521,1.0,848.1456,563.07623,1.0,821.37274,508.31705,1.0,822.97565,531.5353,1.0,825.6769,556.3071,1.0,826.77423,572.58636,1.0,800.24054,512.7428,1.0,800.33954,537.2654,1.0,806.2987,559.1902,1.0,811.31995,572.1376,1.0,783.14667,521.1924,1.0,780.965,545.79474,1.0,787.3637,562.9722,1.0,793.4961,573.72565,1.0
0.0,0.0,0.0,0.0,0.0,0.0,0.0,0.0,0.0,0.0,0.0,0.0,0.0,0.0,0.0,0.0,0.0,0.0,0.0,0.0,0.0,0.0,0.0,0.0,0.0,0.0,0.0,0.0,0.0,0.0,0.0,0.0,0.0,0.0,0.0,0.0,0.0,0.0,0.0,0.0,0.0,0.0,0.0,0.0,0.0,0.0,0.0,0.0,0.0,0.0,0.0,0.0,0.0,0.0,0.0,0.0,0.0,0.0,0.0,0.0,0.0,0.0,0.0,0.0,0.0,0.0,0.0,0.0,0.0,0.0,0.0,0.0,0.0,0.0,0.0,0.0,0.0,0.0,0.0,0.0,0.0,0.0,0.0,0.0,0.0,0.0,0.0,0.0,0.0,0.0,0.0,0.0,0.0,0.0,0.0,0.0,0.0,0.0,0.0,0.0,0.0,0.0,0.0,0.0,0.0,0.0,0.0,0.0,0.0,0.0,0.0,0.0,0.0,0.0,0.0,0.0,0.0,0.0,0.0,0.0,0.0,0.0,0.0,0.0,0.0,0.0,0.0,0.0,0.0,0.0,0.0,0.0,0.0,0.0,0.0,0.0,0.0,0.0,0.0,0.0,0.0,0.0,0.0,0.0,0.0,0.0,0.0,0.0,0.0,0.0,0.0,0.0,0.0,0.0,0.0,0.0,0.0,0.0,0.0,0.0,0.0,0.0,0.0,0.0,0.0,0.0,0.0,0.0,0.0,0.0,0.0,0.0,0.0,0.0,0.0,0.0,0.0,0.0,0.0,0.0,0.0,0.0,0.0,0.0,0.0,0.0,0.0,0.0,0.0,0.0,0.0,0.0,0.0,0.0,0.0,0.0,0.0,0.0,0.0,0.0,0.0,0.0,0.0,0.0,0.0,0.0,0.0,0.0,0.0,0.0,935.8107,312.19186,0.99866796,933.15344,462.5481,0.99967134,780.5545,446.72107,0.99967134,675.04614,599.2482,0.9173784,785.5089,538.34656,0.99194527,1085.7524,478.3751,0.9997286,1136.2778,695.4477,0.93374205,1135.2655,891.60315,0.9485672,919.09314,935.23553,0.98723274,815.2348,935.5598,0.9876382,822.8869,1247.3604,0.04585045,815.2326,1594.6168,0.02086048,1022.9515,934.9112,0.98723274,1020.82074,1281.7661,0.033354428,1000.5196,1601.8169,0.013306367,906.062,289.04056,0.99797326,968.1155,290.35675,0.99432856,872.3844,305.44522,0.99510723,985.8118,307.37946,0.99662,984.09125,1715.8413,0.013012611,984.09125,1715.8413,0.013012611,996.2641,1646.0713,0.014297473,845.2803,1697.3624,0.011217009,845.2803,1697.3624,0.011217009,811.74634,1649.5942,0.016043393,1140.6853,893.0588,1.0,1113.9076,905.14886,1.0,1105.6981,931.096,1.0,1103.9501,956.10864,1.0,1101.0409,976.4637,1.0,1133.5256,954.5562,1.0,1129.643,986.1877,1.0,1123.5961,1003.87476,1.0,1118.2152,1016.7016,1.0,1145.8768,955.3034,1.0,1141.5414,986.9078,1.0,1133.5939,1004.9142,1.0,1125.3868,1017.7311,1.0,1150.854,953.8114,1.0,1146.431,983.16504,1.0,1138.8643,999.53253,1.0,1130.9122,1012.4836,1.0,1150.949,951.916,1.0,1146.6914,977.0224,1.0,1140.5265,992.07306,1.0,1133.2312,1003.69653,1.0,796.8304,531.4312,1.0,832.2313,541.7716,1.0,853.953,555.37616,1.0,867.1846,571.35645,1.0,878.2517,588.09875,1.0,840.81854,526.0976,1.0,847.1834,542.3171,1.0,849.7346,562.63586,1.0,849.1068,579.942,1.0,818.13367,525.61993,1.0,820.54926,547.5532,1.0,825.37897,572.91144,1.0,828.10406,591.57574,1.0,797.4035,530.342,1.0,796.72217,553.7342,1.0,804.17114,577.51666,1.0,809.6739,593.7634,1.0,780.3517,538.47876,1.0,777.4399,561.469,1.0,784.5394,579.4677,1.0,790.8025,592.6301,1.0
0.0,0.0,0.0,0.0,0.0,0.0,0.0,0.0,0.0,0.0,0.0,0.0,0.0,0.0,0.0,0.0,0.0,0.0,0.0,0.0,0.0,0.0,0.0,0.0,0.0,0.0,0.0,0.0,0.0,0.0,0.0,0.0,0.0,0.0,0.0,0.0,0.0,0.0,0.0,0.0,0.0,0.0,0.0,0.0,0.0,0.0,0.0,0.0,0.0,0.0,0.0,0.0,0.0,0.0,0.0,0.0,0.0,0.0,0.0,0.0,0.0,0.0,0.0,0.0,0.0,0.0,0.0,0.0,0.0,0.0,0.0,0.0,0.0,0.0,0.0,0.0,0.0,0.0,0.0,0.0,0.0,0.0,0.0,0.0,0.0,0.0,0.0,0.0,0.0,0.0,0.0,0.0,0.0,0.0,0.0,0.0,0.0,0.0,0.0,0.0,0.0,0.0,0.0,0.0,0.0,0.0,0.0,0.0,0.0,0.0,0.0,0.0,0.0,0.0,0.0,0.0,0.0,0.0,0.0,0.0,0.0,0.0,0.0,0.0,0.0,0.0,0.0,0.0,0.0,0.0,0.0,0.0,0.0,0.0,0.0,0.0,0.0,0.0,0.0,0.0,0.0,0.0,0.0,0.0,0.0,0.0,0.0,0.0,0.0,0.0,0.0,0.0,0.0,0.0,0.0,0.0,0.0,0.0,0.0,0.0,0.0,0.0,0.0,0.0,0.0,0.0,0.0,0.0,0.0,0.0,0.0,0.0,0.0,0.0,0.0,0.0,0.0,0.0,0.0,0.0,0.0,0.0,0.0,0.0,0.0,0.0,0.0,0.0,0.0,0.0,0.0,0.0,0.0,0.0,0.0,0.0,0.0,0.0,0.0,0.0,0.0,0.0,0.0,0.0,0.0,0.0,0.0,0.0,0.0,0.0,935.02966,308.98007,0.99860626,933.0246,461.6923,0.99967283,780.292,446.5296,0.99967283,673.8317,606.7142,0.91663104,783.04584,553.7452,0.99210566,1085.7572,476.85495,0.99972785,1136.302,694.25116,0.9358214,1135.3529,889.79767,0.9494744,918.7743,932.71686,0.98756385,814.9086,933.1901,0.9879858,822.8414,1243.2776,0.047214355,814.8904,1591.435,0.021153783,1022.63995,932.2436,0.98756385,1020.7074,1279.0477,0.03348871,999.53326,1596.708,0.013095375,905.9732,285.60995,0.9978731,967.66095,286.80417,0.994009,872.3995,302.70483,0.9948609,985.42706,304.6543,0.9964483,983.96735,1708.1759,0.012757129,983.96735,1708.1759,0.012757129,994.81635,1640.5361,0.014114812,846.06177,1692.4548,0.011316505,846.06177,1692.4548,0.011316505,811.187,1645.7863,0.016097711,1140.8547,892.482,1.0,1114.1486,904.3671,1.0,1106.2385,929.92694,1.0,1104.5629,954.92505,1.0,1101.7262,975.2082,1.0,1134.2504,953.237,1.0,1129.7672,984.7977,1.0,1123.5834,1002.31494,1.0,1118.1257,1015.2194,1.0,1146.445,954.46454,1.0,1141.6593,986.33923,1.0,1133.7275,1004.48334,1.0,1125.8271,1017.75604,1.0,1151.2471,953.3236,1.0,1146.4983,982.8862,1.0,1138.8557,999.42035,1.0,1131.0996,1012.45685,1.0,1151.1448,951.77124,1.0,1146.5317,976.7092,1.0,1140.2628,991.7683,1.0,1133.0392,1003.3638,1.0,783.7216,552.07416,1.0,820.1539,561.0461,1.0,845.0439,574.14105,1.0,861.58984,589.7119,1.0,875.83875,604.5162,1.0,834.3794,545.9336,1.0,843.2023,563.65247,1.0,848.53253,585.0858,1.0,850.3642,604.09814,1.0,812.2532,546.79694,1.0,817.8311,571.9624,1.0,824.1705,598.9386,1.0,827.98846,618.7254,1.0,791.56104,552.9953,1.0,793.85754,579.9162,1.0,802.44476,604.4394,1.0,808.6642,621.23755,1.0,774.1016,562.5852,1.0,772.93896,587.21313,1.0,780.5858,605.9112,1.0,787.25336,619.4021,1.0
0.0,0.0,0.0,0.0,0.0,0.0,0.0,0.0,0.0,0.0,0.0,0.0,0.0,0.0,0.0,0.0,0.0,0.0,0.0,0.0,0.0,0.0,0.0,0.0,0.0,0.0,0.0,0.0,0.0,0.0,0.0,0.0,0.0,0.0,0.0,0.0,0.0,0.0,0.0,0.0,0.0,0.0,0.0,0.0,0.0,0.0,0.0,0.0,0.0,0.0,0.0,0.0,0.0,0.0,0.0,0.0,0.0,0.0,0.0,0.0,0.0,0.0,0.0,0.0,0.0,0.0,0.0,0.0,0.0,0.0,0.0,0.0,0.0,0.0,0.0,0.0,0.0,0.0,0.0,0.0,0.0,0.0,0.0,0.0,0.0,0.0,0.0,0.0,0.0,0.0,0.0,0.0,0.0,0.0,0.0,0.0,0.0,0.0,0.0,0.0,0.0,0.0,0.0,0.0,0.0,0.0,0.0,0.0,0.0,0.0,0.0,0.0,0.0,0.0,0.0,0.0,0.0,0.0,0.0,0.0,0.0,0.0,0.0,0.0,0.0,0.0,0.0,0.0,0.0,0.0,0.0,0.0,0.0,0.0,0.0,0.0,0.0,0.0,0.0,0.0,0.0,0.0,0.0,0.0,0.0,0.0,0.0,0.0,0.0,0.0,0.0,0.0,0.0,0.0,0.0,0.0,0.0,0.0,0.0,0.0,0.0,0.0,0.0,0.0,0.0,0.0,0.0,0.0,0.0,0.0,0.0,0.0,0.0,0.0,0.0,0.0,0.0,0.0,0.0,0.0,0.0,0.0,0.0,0.0,0.0,0.0,0.0,0.0,0.0,0.0,0.0,0.0,0.0,0.0,0.0,0.0,0.0,0.0,0.0,0.0,0.0,0.0,0.0,0.0,0.0,0.0,0.0,0.0,0.0,0.0,934.2214,306.68353,0.99859536,933.03296,461.32523,0.99967194,780.2035,447.062,0.99967194,672.4683,619.2466,0.91576165,778.5672,580.4741,0.99183714,1085.8624,475.58847,0.999732,1136.4385,694.0638,0.93787557,1135.8817,888.0212,0.94988894,918.31006,932.77814,0.9880923,814.51056,933.19244,0.98846155,818.71936,1243.2274,0.04779799,809.42035,1590.7909,0.021194333,1022.10956,932.36383,0.9880923,1019.57916,1278.9707,0.03439029,996.8567,1596.3433,0.013269176,905.9083,282.5794,0.997861,967.5389,283.9637,0.9939563,872.5442,299.7125,0.9947321,985.29675,301.76126,0.99642533,983.9073,1707.5029,0.012785932,983.9073,1707.5029,0.012785932,990.57654,1640.2249,0.014220428,842.8442,1692.5197,0.011239018,842.8442,1692.5197,0.011239018,805.5693,1644.174,0.015921261,1142.0681,890.68854,1.0,1115.9945,902.36566,1.0,1107.5537,927.80066,1.0,1105.1656,953.0324,1.0,1101.941,973.4417,1.0,1135.5399,951.88574,1.0,1130.1615,983.9026,1.0,1124.0719,1001.6967,1.0,1119.0049,1014.98157,1.0,1147.4562,953.0387,1.0,1141.7096,984.6917,1.0,1133.8625,1002.68823,1.0,1126.3545,1016.23364,1.0,1152.1735,951.9527,1.0,1146.4902,981.2617,1.0,1139.0232,997.95264,1.0,1131.6567,1011.1915,1.0,1151.9106,950.54205,1.0,1146.5426,975.6681,1.0,1140.2974,991.01324,1.0,1133.2523,1002.84534,1.0,769.6751,573.07263,1.0,805.7855,580.1153,1.0,835.01575,594.1571,1.0,856.7307,611.5011,1.0,873.85455,626.52765,1.0,824.95514,574.7065,1.0,838.17566,597.1294,1.0,845.52435,618.1584,1.0,849.4601,637.18787,1.0,803.662,575.8866,1.0,813.85754,604.69495,1.0,822.71313,630.94196,1.0,827.52075,652.2308,1.0,783.7311,582.00275,1.0,789.4969,612.37994,1.0,798.99396,636.2379,1.0,805.19934,654.3989,1.0,766.52856,590.75696,1.0,768.9879,616.14,1.0,776.83124,634.74695,1.0,782.24817,649.09875,1.0
0.0,0.0,0.0,0.0,0.0,0.0,0.0,0.0,0.0,0.0,0.0,0.0,0.0,0.0,0.0,0.0,0.0,0.0,0.0,0.0,0.0,0.0,0.0,0.0,0.0,0.0,0.0,0.0,0.0,0.0,0.0,0.0,0.0,0.0,0.0,0.0,0.0,0.0,0.0,0.0,0.0,0.0,0.0,0.0,0.0,0.0,0.0,0.0,0.0,0.0,0.0,0.0,0.0,0.0,0.0,0.0,0.0,0.0,0.0,0.0,0.0,0.0,0.0,0.0,0.0,0.0,0.0,0.0,0.0,0.0,0.0,0.0,0.0,0.0,0.0,0.0,0.0,0.0,0.0,0.0,0.0,0.0,0.0,0.0,0.0,0.0,0.0,0.0,0.0,0.0,0.0,0.0,0.0,0.0,0.0,0.0,0.0,0.0,0.0,0.0,0.0,0.0,0.0,0.0,0.0,0.0,0.0,0.0,0.0,0.0,0.0,0.0,0.0,0.0,0.0,0.0,0.0,0.0,0.0,0.0,0.0,0.0,0.0,0.0,0.0,0.0,0.0,0.0,0.0,0.0,0.0,0.0,0.0,0.0,0.0,0.0,0.0,0.0,0.0,0.0,0.0,0.0,0.0,0.0,0.0,0.0,0.0,0.0,0.0,0.0,0.0,0.0,0.0,0.0,0.0,0.0,0.0,0.0,0.0,0.0,0.0,0.0,0.0,0.0,0.0,0.0,0.0,0.0,0.0,0.0,0.0,0.0,0.0,0.0,0.0,0.0,0.0,0.0,0.0,0.0,0.0,0.0,0.0,0.0,0.0,0.0,0.0,0.0,0.0,0.0,0.0,0.0,0.0,0.0,0.0,0.0,0.0,0.0,0.0,0.0,0.0,0.0,0.0,0.0,0.0,0.0,0.0,0.0,0.0,0.0,934.0678,303.34323,0.99860585,932.8883,461.22153,0.99967605,779.9495,448.55396,0.99967605,671.26,629.31744,0.9152884,771.2832,607.64435,0.99157244,1085.8271,473.8891,0.99973834,1136.9225,693.3273,0.9401205,1136.6794,884.3046,0.95003194,918.1987,932.75635,0.98855,814.4473,933.15436,0.9888971,818.3367,1242.1229,0.04986162,809.33105,1587.6785,0.021840872,1021.9501,932.3584,0.98855,1019.412,1275.0199,0.035862565,998.5748,1591.2725,0.013688733,905.8362,278.2007,0.9978788,967.4527,279.70923,0.9939984,872.724,297.52365,0.9946922,985.20715,298.88428,0.99644005,986.689,1700.9202,0.013032605,986.689,1700.9202,0.013032605,992.6955,1634.6941,0.014436877,843.5705,1692.2322,0.01148464,843.5705,1692.2322,0.01148464,805.43225,1639.3026,0.01603503,1141.8978,889.69684,1.0,1115.6456,901.7142,1.0,1107.3397,926.7344,1.0,1105.7518,951.6709,1.0,1103.0264,971.7969,1.0,1135.2812,951.129,1.0,1129.8408,982.8909,1.0,1123.7358,1000.6376,1.0,1118.4792,1014.0122,1.0,1147.2582,952.20825,1.0,1141.8325,984.1307,1.0,1134.1825,1002.34094,1.0,1126.5972,1016.08014,1.0,1152.2291,950.91376,1.0,1146.8419,980.78754,1.0,1139.3845,997.7281,1.0,1131.9841,1010.99335,1.0,1152.51,949.26373,1.0,1147.3309,974.5716,1.0,1140.9867,989.95844,1.0,1133.7112,1001.8571,1.0,756.73,600.3417,1.0,792.25006,601.9152,1.0,825.09564,618.09,1.0,849.77515,637.6227,1.0,867.5406,653.20465,1.0,814.0676,604.6052,1.0,828.77496,633.369,1.0,838.461,654.07916,1.0,843.95435,671.2067,1.0,794.5108,610.1593,1.0,806.1273,644.25696,1.0,815.4847,668.13184,1.0,821.03784,686.7223,1.0,776.82007,617.99396,1.0,788.8101,649.65784,1.0,798.5209,669.2727,1.0,803.66364,684.3393,1.0,761.9295,625.78766,1.0,771.5911,650.98615,1.0,779.8152,666.7216,1.0,784.97107,679.42914,1.0
0.0,0.0,0.0,0.0,0.0,0.0,0.0,0.0,0.0,0.0,0.0,0.0,0.0,0.0,0.0,0.0,0.0,0.0,0.0,0.0,0.0,0.0,0.0,0.0,0.0,0.0,0.0,0.0,0.0,0.0,0.0,0.0,0.0,0.0,0.0,0.0,0.0,0.0,0.0,0.0,0.0,0.0,0.0,0.0,0.0,0.0,0.0,0.0,0.0,0.0,0.0,0.0,0.0,0.0,0.0,0.0,0.0,0.0,0.0,0.0,0.0,0.0,0.0,0.0,0.0,0.0,0.0,0.0,0.0,0.0,0.0,0.0,0.0,0.0,0.0,0.0,0.0,0.0,0.0,0.0,0.0,0.0,0.0,0.0,0.0,0.0,0.0,0.0,0.0,0.0,0.0,0.0,0.0,0.0,0.0,0.0,0.0,0.0,0.0,0.0,0.0,0.0,0.0,0.0,0.0,0.0,0.0,0.0,0.0,0.0,0.0,0.0,0.0,0.0,0.0,0.0,0.0,0.0,0.0,0.0,0.0,0.0,0.0,0.0,0.0,0.0,0.0,0.0,0.0,0.0,0.0,0.0,0.0,0.0,0.0,0.0,0.0,0.0,0.0,0.0,0.0,0.0,0.0,0.0,0.0,0.0,0.0,0.0,0.0,0.0,0.0,0.0,0.0,0.0,0.0,0.0,0.0,0.0,0.0,0.0,0.0,0.0,0.0,0.0,0.0,0.0,0.0,0.0,0.0,0.0,0.0,0.0,0.0,0.0,0.0,0.0,0.0,0.0,0.0,0.0,0.0,0.0,0.0,0.0,0.0,0.0,0.0,0.0,0.0,0.0,0.0,0.0,0.0,0.0,0.0,0.0,0.0,0.0,0.0,0.0,0.0,0.0,0.0,0.0,0.0,0.0,0.0,0.0,0.0,0.0,934.00995,301.76648,0.99862677,932.79987,460.44055,0.9996767,779.8757,448.96884,0.9996767,667.96216,628.8952,0.9144013,763.9505,633.15204,0.99079776,1085.7241,471.9123,0.9997397,1137.2827,689.8156,0.942491,1137.1754,880.27185,0.94965005,917.4795,932.0677,0.98898643,814.05817,932.2637,0.98932296,817.5847,1240.5691,0.056991756,807.8566,1584.5928,0.023908313,1020.9009,931.8717,0.98898643,1018.5546,1272.4147,0.040571976,998.28296,1589.5518,0.014814246,905.7479,275.4395,0.9978969,967.4258,276.21143,0.9940704,872.88275,294.686,0.99468267,985.57715,296.27594,0.9964753,985.71765,1700.6731,0.01373418,985.71765,1700.6731,0.01373418,992.432,1632.648,0.015013363,842.70734,1691.8087,0.012351705,842.70734,1691.8087,0.012351705,803.97314,1635.0391,0.016765477,1142.2659,886.97955,1.0,1116.0023,899.25824,1.0,1107.4518,924.3117,1.0,1106.0411,948.9507,1.0,1102.7742,968.79755,1.0,1135.2466,949.142,1.0,1129.9033,980.43976,1.0,1123.5826,997.6467,1.0,1118.172,1010.5846,1.0,1147.671,949.895,1.0,1142.555,981.4949,1.0,1134.7478,999.41943,1.0,1127.3672,1012.94495,1.0,1153.103,948.2104,1.0,1148.0223,977.70074,1.0,1140.5609,994.3405,1.0,1133.4583,1007.2185,1.0,1153.7233,946.22626,1.0,1148.9194,971.4308,1.0,1142.4863,986.71857,1.0,1135.3143,998.3878,1.0,747.1582,627.0676,1.0,783.357,629.2383,1.0,814.4908,645.81085,1.0,837.5465,665.76105,1.0,854.6538,681.89545,1.0,801.8833,638.3005,1.0,815.6063,668.30334,1.0,826.3766,689.8861,1.0,833.86346,706.92804,1.0,782.6226,646.3468,1.0,793.78503,682.96356,1.0,804.726,707.58124,1.0,812.64355,726.45966,1.0,765.1173,655.1532,1.0,776.9008,689.6346,1.0,787.90686,711.61694,1.0,794.7007,728.2362,1.0,750.6999,662.71545,1.0,759.16315,690.22754,1.0,767.0258,708.2722,1.0,772.47815,723.03754,1.0
0.0,0.0,0.0,0.0,0.0,0.0,0.0,0.0,0.0,0.0,0.0,0.0,0.0,0.0,0.0,0.0,0.0,0.0,0.0,0.0,0.0,0.0,0.0,0.0,0.0,0.0,0.0,0.0,0.0,0.0,0.0,0.0,0.0,0.0,0.0,0.0,0.0,0.0,0.0,0.0,0.0,0.0,0.0,0.0,0.0,0.0,0.0,0.0,0.0,0.0,0.0,0.0,0.0,0.0,0.0,0.0,0.0,0.0,0.0,0.0,0.0,0.0,0.0,0.0,0.0,0.0,0.0,0.0,0.0,0.0,0.0,0.0,0.0,0.0,0.0,0.0,0.0,0.0,0.0,0.0,0.0,0.0,0.0,0.0,0.0,0.0,0.0,0.0,0.0,0.0,0.0,0.0,0.0,0.0,0.0,0.0,0.0,0.0,0.0,0.0,0.0,0.0,0.0,0.0,0.0,0.0,0.0,0.0,0.0,0.0,0.0,0.0,0.0,0.0,0.0,0.0,0.0,0.0,0.0,0.0,0.0,0.0,0.0,0.0,0.0,0.0,0.0,0.0,0.0,0.0,0.0,0.0,0.0,0.0,0.0,0.0,0.0,0.0,0.0,0.0,0.0,0.0,0.0,0.0,0.0,0.0,0.0,0.0,0.0,0.0,0.0,0.0,0.0,0.0,0.0,0.0,0.0,0.0,0.0,0.0,0.0,0.0,0.0,0.0,0.0,0.0,0.0,0.0,0.0,0.0,0.0,0.0,0.0,0.0,0.0,0.0,0.0,0.0,0.0,0.0,0.0,0.0,0.0,0.0,0.0,0.0,0.0,0.0,0.0,0.0,0.0,0.0,0.0,0.0,0.0,0.0,0.0,0.0,0.0,0.0,0.0,0.0,0.0,0.0,0.0,0.0,0.0,0.0,0.0,0.0,933.48676,298.2563,0.9986244,932.7207,460.11908,0.9996753,779.8641,449.8844,0.9996753,667.67676,627.9739,0.9137296,753.595,662.3328,0.9887579,1085.5773,470.35376,0.9997413,1139.2853,687.9423,0.9452145,1138.364,878.278,0.9493062,916.86316,931.87164,0.9896126,813.7877,932.18243,0.98991996,816.89874,1240.8564,0.063443236,806.91974,1584.7333,0.025001204,1019.9386,931.56085,0.9896126,1018.2751,1272.5692,0.046254087,997.23444,1589.7288,0.015479111,905.63226,272.15463,0.9978605,966.881,273.16498,0.99406135,873.07434,292.20035,0.994476,985.5684,293.32004,0.9964661,985.20514,1700.939,0.013994775,985.20514,1700.939,0.013994775,990.571,1631.7795,0.015162269,839.95135,1694.8611,0.012752419,839.95135,1694.8611,0.012752419,803.5262,1634.5377,0.016954413,1142.2075,885.19934,1.0,1116.0046,897.19305,1.0,1107.3558,921.46893,1.0,1105.7401,945.94214,1.0,1102.5852,965.95575,1.0,1135.3293,946.1048,1.0,1129.6241,978.06696,1.0,1122.9167,995.6449,1.0,1117.0577,1008.77496,1.0,1147.7396,947.2094,1.0,1142.6805,979.65356,1.0,1134.8074,998.23785,1.0,1127.147,1012.228,1.0,1152.8037,946.0491,1.0,1147.8265,976.3276,1.0,1140.449,993.566,1.0,1132.9745,1007.06476,1.0,1152.901,944.6509,1.0,1148.1282,970.2887,1.0,1141.8519,985.6871,1.0,1134.6792,997.3956,1.0,742.07306,663.2653,1.0,776.52454,662.7895,1.0,805.64075,679.02985,1.0,826.7495,701.20435,1.0,841.5821,717.9672,1.0,785.96094,677.41345,1.0,801.5556,710.0212,1.0,812.9262,730.5568,1.0,822.06464,745.94354,1.0,766.1972,687.5314,1.0,780.55865,725.4516,1.0,793.5991,747.72107,1.0,803.1285,762.5396,1.0,750.2688,696.91144,1.0,763.5753,733.20953,1.0,776.6563,755.6442,1.0,785.0336,770.4959,1.0,738.4269,703.0145,1.0,747.6429,732.5865,1.0,754.49536,750.47485,1.0,758.65765,763.11365,1.0
0.0,0.0,0.0,0.0,0.0,0.0,0.0,0.0,0.0,0.0,0.0,0.0,0.0,0.0,0.0,0.0,0.0,0.0,0.0,0.0,0.0,0.0,0.0,0.0,0.0,0.0,0.0,0.0,0.0,0.0,0.0,0.0,0.0,0.0,0.0,0.0,0.0,0.0,0.0,0.0,0.0,0.0,0.0,0.0,0.0,0.0,0.0,0.0,0.0,0.0,0.0,0.0,0.0,0.0,0.0,0.0,0.0,0.0,0.0,0.0,0.0,0.0,0.0,0.0,0.0,0.0,0.0,0.0,0.0,0.0,0.0,0.0,0.0,0.0,0.0,0.0,0.0,0.0,0.0,0.0,0.0,0.0,0.0,0.0,0.0,0.0,0.0,0.0,0.0,0.0,0.0,0.0,0.0,0.0,0.0,0.0,0.0,0.0,0.0,0.0,0.0,0.0,0.0,0.0,0.0,0.0,0.0,0.0,0.0,0.0,0.0,0.0,0.0,0.0,0.0,0.0,0.0,0.0,0.0,0.0,0.0,0.0,0.0,0.0,0.0,0.0,0.0,0.0,0.0,0.0,0.0,0.0,0.0,0.0,0.0,0.0,0.0,0.0,0.0,0.0,0.0,0.0,0.0,0.0,0.0,0.0,0.0,0.0,0.0,0.0,0.0,0.0,0.0,0.0,0.0,0.0,0.0,0.0,0.0,0.0,0.0,0.0,0.0,0.0,0.0,0.0,0.0,0.0,0.0,0.0,0.0,0.0,0.0,0.0,0.0,0.0,0.0,0.0,0.0,0.0,0.0,0.0,0.0,0.0,0.0,0.0,0.0,0.0,0.0,0.0,0.0,0.0,0.0,0.0,0.0,0.0,0.0,0.0,0.0,0.0,0.0,0.0,0.0,0.0,0.0,0.0,0.0,0.0,0.0,0.0,932.8966,296.53375,0.9986396,932.7445,460.11172,0.9996739,779.9254,450.46143,0.9996739,669.4377,627.8265,0.91575587,745.0302,694.2623,0.9875858,1085.5636,469.76202,0.9997342,1140.6874,686.5125,0.9477746,1138.8862,876.57056,0.94812346,916.255,931.92377,0.989988,813.34674,932.2083,0.99034595,816.89954,1240.4829,0.07120028,807.466,1584.3955,0.025404137,1019.16327,931.6393,0.989988,1017.22534,1272.7462,0.052049026,996.72925,1589.9524,0.015552892,905.36676,270.6696,0.99785286,966.2527,270.94116,0.9940887,873.29205,291.30154,0.99437904,985.63776,290.76324,0.99642456,981.3614,1701.3003,0.013763369,981.3614,1701.3003,0.013763369,990.45917,1631.9766,0.014864393,839.697,1694.4545,0.012863205,839.697,1694.4545,0.012863205,804.79095,1633.3856,0.016880188,1143.3223,882.76447,1.0,1116.7993,894.60144,1.0,1107.5785,919.37396,1.0,1105.8684,943.44257,1.0,1102.3351,963.13556,1.0,1135.8242,943.98285,1.0,1129.5999,975.74646,1.0,1122.3777,993.5412,1.0,1116.1926,1006.8956,1.0,1148.3811,945.1719,1.0,1143.0264,977.6072,1.0,1134.819,996.7298,1.0,1126.9479,1011.0976,1.0,1153.6224,944.01324,1.0,1148.2653,974.53284,1.0,1140.4025,992.1937,1.0,1132.5571,1005.93787,1.0,1153.7871,942.48505,1.0,1148.42,968.2178,1.0,1141.6003,983.8758,1.0,1134.1156,995.781,1.0,729.82324,698.11145,1.0,765.7521,698.3573,1.0,793.23895,714.6611,1.0,811.4792,736.7498,1.0,825.4578,753.36725,1.0,774.88354,720.2093,1.0,787.36176,752.1378,1.0,799.4847,772.6615,1.0,809.1767,787.4252,1.0,754.60034,731.4112,1.0,768.0481,768.65326,1.0,781.6982,790.8038,1.0,791.8173,804.7769,1.0,740.2234,741.13715,1.0,753.8671,776.3839,1.0,766.1888,796.10406,1.0,774.2878,808.04926,1.0,731.20483,747.01495,1.0,742.53455,775.3732,1.0,751.3,791.33026,1.0,757.72186,802.6502,1.0
0.0,0.0,0.0,0.0,0.0,0.0,0.0,0.0,0.0,0.0,0.0,0.0,0.0,0.0,0.0,0.0,0.0,0.0,0.0,0.0,0.0,0.0,0.0,0.0,0.0,0.0,0.0,0.0,0.0,0.0,0.0,0.0,0.0,0.0,0.0,0.0,0.0,0.0,0.0,0.0,0.0,0.0,0.0,0.0,0.0,0.0,0.0,0.0,0.0,0.0,0.0,0.0,0.0,0.0,0.0,0.0,0.0,0.0,0.0,0.0,0.0,0.0,0.0,0.0,0.0,0.0,0.0,0.0,0.0,0.0,0.0,0.0,0.0,0.0,0.0,0.0,0.0,0.0,0.0,0.0,0.0,0.0,0.0,0.0,0.0,0.0,0.0,0.0,0.0,0.0,0.0,0.0,0.0,0.0,0.0,0.0,0.0,0.0,0.0,0.0,0.0,0.0,0.0,0.0,0.0,0.0,0.0,0.0,0.0,0.0,0.0,0.0,0.0,0.0,0.0,0.0,0.0,0.0,0.0,0.0,0.0,0.0,0.0,0.0,0.0,0.0,0.0,0.0,0.0,0.0,0.0,0.0,0.0,0.0,0.0,0.0,0.0,0.0,0.0,0.0,0.0,0.0,0.0,0.0,0.0,0.0,0.0,0.0,0.0,0.0,0.0,0.0,0.0,0.0,0.0,0.0,0.0,0.0,0.0,0.0,0.0,0.0,0.0,0.0,0.0,0.0,0.0,0.0,0.0,0.0,0.0,0.0,0.0,0.0,0.0,0.0,0.0,0.0,0.0,0.0,0.0,0.0,0.0,0.0,0.0,0.0,0.0,0.0,0.0,0.0,0.0,0.0,0.0,0.0,0.0,0.0,0.0,0.0,0.0,0.0,0.0,0.0,0.0,0.0,0.0,0.0,0.0,0.0,0.0,0.0,932.50165,295.4564,0.99858886,932.7335,460.65726,0.9996633,779.91235,451.85208,0.9996633,670.1706,627.9024,0.92004377,732.98846,728.08936,0.98597026,1085.5547,469.46243,0.9997139,1142.4381,684.7432,0.9491307,1139.6644,875.0552,0.9425544,916.1531,932.0009,0.9903057,813.1974,932.21545,0.9907813,817.901,1240.4646,0.07801234,810.5523,1584.6055,0.025205204,1019.10876,931.7863,0.9903057,1018.0425,1274.6582,0.055745218,996.23224,1590.0538,0.0153143015,905.14624,269.51587,0.9977052,965.5495,269.2559,0.99379754,873.4409,290.34155,0.99392325,985.5616,288.97693,0.99610466,979.9797,1701.6234,0.013286004,979.9797,1701.6234,0.013286004,989.73145,1631.7491,0.0143239,840.62714,1698.295,0.012767563,840.62714,1698.295,0.012767563,808.9995,1633.417,0.016513381,1142.964,881.0508,1.0,1116.6602,892.88794,1.0,1107.5695,917.13184,1.0,1105.8445,941.1007,1.0,1102.3036,960.7154,1.0,1135.742,941.76843,1.0,1129.7527,973.8991,1.0,1122.6218,991.85095,1.0,1116.3384,1005.295,1.0,1148.4097,943.29956,1.0,1143.2756,976.5079,1.0,1135.1244,996.0959,1.0,1127.3422,1010.6163,1.0,1153.752,942.36334,1.0,1148.6089,973.38104,1.0,1140.7487,991.3555,1.0,1132.8883,1005.1973,1.0,1154.0807,940.85956,1.0,1148.8419,966.8287,1.0,1142.0887,982.81134,1.0,1134.6151,994.9505,1.0,716.8372,727.88403,1.0,751.8907,729.611,1.0,777.5783,745.7504,1.0,793.59674,769.0747,1.0,803.76416,787.0335,1.0,755.73596,756.2078,1.0,768.0598,789.5388,1.0,779.4288,808.9742,1.0,788.9222,821.94446,1.0,737.9785,767.1156,1.0,751.4592,801.7754,1.0,765.91223,821.29236,1.0,776.8341,832.3973,1.0,726.6623,775.44995,1.0,738.57556,808.1423,1.0,750.75037,824.8116,1.0,758.4143,833.6574,1.0,721.0184,779.418,1.0,732.04803,805.18835,1.0,741.37067,818.941,1.0,747.73566,827.3216,1.0
0.0,0.0,0.0,0.0,0.0,0.0,0.0,0.0,0.0,0.0,0.0,0.0,0.0,0.0,0.0,0.0,0.0,0.0,0.0,0.0,0.0,0.0,0.0,0.0,0.0,0.0,0.0,0.0,0.0,0.0,0.0,0.0,0.0,0.0,0.0,0.0,0.0,0.0,0.0,0.0,0.0,0.0,0.0,0.0,0.0,0.0,0.0,0.0,0.0,0.0,0.0,0.0,0.0,0.0,0.0,0.0,0.0,0.0,0.0,0.0,0.0,0.0,0.0,0.0,0.0,0.0,0.0,0.0,0.0,0.0,0.0,0.0,0.0,0.0,0.0,0.0,0.0,0.0,0.0,0.0,0.0,0.0,0.0,0.0,0.0,0.0,0.0,0.0,0.0,0.0,0.0,0.0,0.0,0.0,0.0,0.0,0.0,0.0,0.0,0.0,0.0,0.0,0.0,0.0,0.0,0.0,0.0,0.0,0.0,0.0,0.0,0.0,0.0,0.0,0.0,0.0,0.0,0.0,0.0,0.0,0.0,0.0,0.0,0.0,0.0,0.0,0.0,0.0,0.0,0.0,0.0,0.0,0.0,0.0,0.0,0.0,0.0,0.0,0.0,0.0,0.0,0.0,0.0,0.0,0.0,0.0,0.0,0.0,0.0,0.0,0.0,0.0,0.0,0.0,0.0,0.0,0.0,0.0,0.0,0.0,0.0,0.0,0.0,0.0,0.0,0.0,0.0,0.0,0.0,0.0,0.0,0.0,0.0,0.0,0.0,0.0,0.0,0.0,0.0,0.0,0.0,0.0,0.0,0.0,0.0,0.0,0.0,0.0,0.0,0.0,0.0,0.0,0.0,0.0,0.0,0.0,0.0,0.0,0.0,0.0,0.0,0.0,0.0,0.0,0.0,0.0,0.0,0.0,0.0,0.0,932.23065,293.5423,0.998596,932.7272,461.25595,0.99965596,779.83966,453.25558,0.99965596,671.8823,631.47943,0.92483073,727.32697,756.5434,0.98443305,1085.6146,469.25635,0.999705,1143.4174,683.4264,0.9512383,1140.4637,873.96344,0.93986094,916.2854,934.7017,0.990587,813.26874,934.3368,0.99113315,823.4728,1240.3864,0.08139613,815.58057,1584.7085,0.02465661,1019.30206,935.0667,0.990587,1020.09814,1275.9437,0.060540583,996.9255,1590.9811,0.015274184,904.7455,268.00006,0.99766475,964.9629,267.3825,0.9937996,873.44403,289.30444,0.9937453,985.4894,287.6133,0.9960232,980.6417,1701.8151,0.012955297,980.6417,1701.8151,0.012955297,990.48364,1632.2146,0.013893639,842.3,1698.7146,0.012497618,842.3,1698.7146,0.012497618,814.82916,1633.4292,0.016014991,1143.1565,879.06726,1.0,1116.9528,891.3302,1.0,1108.7985,916.0404,1.0,1107.5831,939.9486,1.0,1103.7749,959.53467,1.0,1136.4562,939.8043,1.0,1130.4308,971.9445,1.0,1123.2568,990.1213,1.0,1117.0745,1003.8549,1.0,1148.8046,941.3207,1.0,1143.7742,974.43524,1.0,1135.629,994.3397,1.0,1127.977,1009.3569,1.0,1153.9182,940.61505,1.0,1149.1062,971.6651,1.0,1141.2421,989.99817,1.0,1133.3987,1004.2413,1.0,1154.0497,939.5338,1.0,1149.2977,965.6986,1.0,1142.5808,981.90436,1.0,1135.1488,994.1903,1.0,711.7112,751.31287,1.0,745.10406,758.56433,1.0,766.1835,777.8205,1.0,777.24084,803.3302,1.0,784.471,822.1786,1.0,740.03064,788.16003,1.0,748.88245,820.66266,1.0,758.95825,839.6803,1.0,768.0461,852.3873,1.0,723.57227,797.08417,1.0,731.8386,830.6465,1.0,743.63086,850.0062,1.0,752.7034,861.1246,1.0,714.7319,803.97394,1.0,721.8179,834.1825,1.0,732.4942,850.31946,1.0,739.8238,859.6579,1.0,711.5637,807.6094,1.0,717.81866,832.2862,1.0,725.1413,845.8491,1.0,730.7875,854.2247,1.0
0.0,0.0,0.0,0.0,0.0,0.0,0.0,0.0,0.0,0.0,0.0,0.0,0.0,0.0,0.0,0.0,0.0,0.0,0.0,0.0,0.0,0.0,0.0,0.0,0.0,0.0,0.0,0.0,0.0,0.0,0.0,0.0,0.0,0.0,0.0,0.0,0.0,0.0,0.0,0.0,0.0,0.0,0.0,0.0,0.0,0.0,0.0,0.0,0.0,0.0,0.0,0.0,0.0,0.0,0.0,0.0,0.0,0.0,0.0,0.0,0.0,0.0,0.0,0.0,0.0,0.0,0.0,0.0,0.0,0.0,0.0,0.0,0.0,0.0,0.0,0.0,0.0,0.0,0.0,0.0,0.0,0.0,0.0,0.0,0.0,0.0,0.0,0.0,0.0,0.0,0.0,0.0,0.0,0.0,0.0,0.0,0.0,0.0,0.0,0.0,0.0,0.0,0.0,0.0,0.0,0.0,0.0,0.0,0.0,0.0,0.0,0.0,0.0,0.0,0.0,0.0,0.0,0.0,0.0,0.0,0.0,0.0,0.0,0.0,0.0,0.0,0.0,0.0,0.0,0.0,0.0,0.0,0.0,0.0,0.0,0.0,0.0,0.0,0.0,0.0,0.0,0.0,0.0,0.0,0.0,0.0,0.0,0.0,0.0,0.0,0.0,0.0,0.0,0.0,0.0,0.0,0.0,0.0,0.0,0.0,0.0,0.0,0.0,0.0,0.0,0.0,0.0,0.0,0.0,0.0,0.0,0.0,0.0,0.0,0.0,0.0,0.0,0.0,0.0,0.0,0.0,0.0,0.0,0.0,0.0,0.0,0.0,0.0,0.0,0.0,0.0,0.0,0.0,0.0,0.0,0.0,0.0,0.0,0.0,0.0,0.0,0.0,0.0,0.0,0.0,0.0,0.0,0.0,0.0,0.0,932.13617,289.5172,0.9986286,933.0425,461.3582,0.9996575,779.83905,453.54718,0.9996575,675.43896,633.5474,0.93024445,723.32,780.1772,0.98407197,1086.246,469.1692,0.9997009,1143.9047,683.23663,0.9538547,1141.2837,872.90063,0.93956125,916.50665,935.7577,0.99090916,813.4261,935.4611,0.9915294,825.92206,1240.2269,0.09216399,816.27545,1584.8182,0.025271818,1019.5872,936.0543,0.99090916,1020.6695,1277.8195,0.070122436,997.2413,1594.1942,0.015832527,904.6043,264.0217,0.9976792,964.84827,262.3314,0.9939408,873.50073,286.5982,0.99378467,986.03033,284.46323,0.9960661,981.7948,1706.4083,0.01302381,981.7948,1706.4083,0.01302381,990.7435,1634.0865,0.013803641,842.04047,1701.25,0.012790158,842.04047,1701.25,0.012790158,815.4924,1633.3387,0.01594845,1142.9423,877.4367,1.0,1117.3353,890.13983,1.0,1109.7643,915.06744,1.0,1108.3381,939.0005,1.0,1104.6543,958.8246,1.0,1138.3607,938.036,1.0,1131.8685,970.5745,1.0,1124.4628,989.2381,1.0,1118.1447,1003.40106,1.0,1150.5087,939.4729,1.0,1144.8085,973.64417,1.0,1136.3234,994.23065,1.0,1128.4456,1009.5812,1.0,1155.2184,938.7631,1.0,1150.0563,970.5648,1.0,1141.9734,989.4705,1.0,1133.8009,1004.0854,1.0,1154.8198,937.6872,1.0,1150.0155,964.21924,1.0,1143.2023,980.8355,1.0,1135.345,993.39386,1.0,711.276,771.35034,1.0,741.5593,786.2817,1.0,757.86383,807.39624,1.0,764.8452,833.13525,1.0,770.0909,853.284,1.0,728.28265,814.91974,1.0,732.467,846.0431,1.0,740.97595,867.27136,1.0,749.3579,883.0922,1.0,712.5779,820.64655,1.0,713.08856,851.5991,1.0,721.5698,874.2764,1.0,728.5134,889.4187,1.0,705.10065,825.49725,1.0,703.7578,853.2275,1.0,711.9218,873.27625,1.0,718.27167,887.4312,1.0,703.3739,827.90326,1.0,702.022,851.0991,1.0,706.61414,867.57196,1.0,711.2107,879.96344,1.0
0.0,0.0,0.0,0.0,0.0,0.0,0.0,0.0,0.0,0.0,0.0,0.0,0.0,0.0,0.0,0.0,0.0,0.0,0.0,0.0,0.0,0.0,0.0,0.0,0.0,0.0,0.0,0.0,0.0,0.0,0.0,0.0,0.0,0.0,0.0,0.0,0.0,0.0,0.0,0.0,0.0,0.0,0.0,0.0,0.0,0.0,0.0,0.0,0.0,0.0,0.0,0.0,0.0,0.0,0.0,0.0,0.0,0.0,0.0,0.0,0.0,0.0,0.0,0.0,0.0,0.0,0.0,0.0,0.0,0.0,0.0,0.0,0.0,0.0,0.0,0.0,0.0,0.0,0.0,0.0,0.0,0.0,0.0,0.0,0.0,0.0,0.0,0.0,0.0,0.0,0.0,0.0,0.0,0.0,0.0,0.0,0.0,0.0,0.0,0.0,0.0,0.0,0.0,0.0,0.0,0.0,0.0,0.0,0.0,0.0,0.0,0.0,0.0,0.0,0.0,0.0,0.0,0.0,0.0,0.0,0.0,0.0,0.0,0.0,0.0,0.0,0.0,0.0,0.0,0.0,0.0,0.0,0.0,0.0,0.0,0.0,0.0,0.0,0.0,0.0,0.0,0.0,0.0,0.0,0.0,0.0,0.0,0.0,0.0,0.0,0.0,0.0,0.0,0.0,0.0,0.0,0.0,0.0,0.0,0.0,0.0,0.0,0.0,0.0,0.0,0.0,0.0,0.0,0.0,0.0,0.0,0.0,0.0,0.0,0.0,0.0,0.0,0.0,0.0,0.0,0.0,0.0,0.0,0.0,0.0,0.0,0.0,0.0,0.0,0.0,0.0,0.0,0.0,0.0,0.0,0.0,0.0,0.0,0.0,0.0,0.0,0.0,0.0,0.0,0.0,0.0,0.0,0.0,0.0,0.0,931.5154,287.55182,0.99866337,932.9378,461.54953,0.99966013,779.4607,453.87415,0.99966013,680.548,638.05927,0.9354209,718.5916,802.67346,0.9842124,1086.4149,469.22488,0.9997006,1143.666,683.2384,0.9569076,1141.4731,872.7777,0.94222313,916.7581,937.3328,0.99122185,813.49036,937.46155,0.9918823,826.57434,1240.5494,0.11093814,816.86285,1586.2917,0.026889153,1020.0258,937.2041,0.99122185,1021.9477,1279.1713,0.083112374,998.80615,1595.8945,0.016830798,904.1462,261.65805,0.9977136,964.655,260.348,0.99413806,873.5317,284.37,0.9939219,986.01154,283.08862,0.9961776,983.25964,1709.7976,0.013352476,983.25964,1709.7976,0.013352476,992.5186,1634.9991,0.013923822,841.4042,1706.4523,0.0135384975,841.4042,1706.4523,0.0135384975,816.27185,1633.5002,0.01635418,1144.2565,876.65875,1.0,1118.3721,889.71625,1.0,1111.163,914.5855,1.0,1109.8467,938.74915,1.0,1106.212,958.7481,1.0,1140.585,937.3872,1.0,1133.4669,970.3985,1.0,1125.9095,989.14734,1.0,1119.6858,1003.3917,1.0,1152.4095,939.03217,1.0,1145.9121,973.68475,1.0,1137.2788,994.2013,1.0,1129.455,1009.6461,1.0,1156.6251,938.6104,1.0,1150.7834,970.78296,1.0,1142.7316,989.8564,1.0,1134.7064,1004.6097,1.0,1155.6774,937.7021,1.0,1150.3906,964.40247,1.0,1143.5297,981.10913,1.0,1135.8331,993.8056,1.0,712.08606,789.6513,1.0,738.5075,808.8464,1.0,751.47186,831.57355,1.0,756.38055,857.6841,1.0,760.10486,878.2626,1.0,720.09576,835.91016,1.0,723.5454,865.954,1.0,730.70685,887.31067,1.0,738.3171,904.46564,1.0,704.534,840.3158,1.0,704.04736,869.9058,1.0,711.0779,892.8089,1.0,717.37,908.46545,1.0,696.934,844.2755,1.0,694.3554,870.3097,1.0,700.5057,891.64636,1.0,706.3498,907.11536,1.0,695.5968,846.30273,1.0,692.82324,869.12103,1.0,696.1864,886.1042,1.0,700.38525,899.2897,1.0
0.0,0.0,0.0,0.0,0.0,0.0,0.0,0.0,0.0,0.0,0.0,0.0,0.0,0.0,0.0,0.0,0.0,0.0,0.0,0.0,0.0,0.0,0.0,0.0,0.0,0.0,0.0,0.0,0.0,0.0,0.0,0.0,0.0,0.0,0.0,0.0,0.0,0.0,0.0,0.0,0.0,0.0,0.0,0.0,0.0,0.0,0.0,0.0,0.0,0.0,0.0,0.0,0.0,0.0,0.0,0.0,0.0,0.0,0.0,0.0,0.0,0.0,0.0,0.0,0.0,0.0,0.0,0.0,0.0,0.0,0.0,0.0,0.0,0.0,0.0,0.0,0.0,0.0,0.0,0.0,0.0,0.0,0.0,0.0,0.0,0.0,0.0,0.0,0.0,0.0,0.0,0.0,0.0,0.0,0.0,0.0,0.0,0.0,0.0,0.0,0.0,0.0,0.0,0.0,0.0,0.0,0.0,0.0,0.0,0.0,0.0,0.0,0.0,0.0,0.0,0.0,0.0,0.0,0.0,0.0,0.0,0.0,0.0,0.0,0.0,0.0,0.0,0.0,0.0,0.0,0.0,0.0,0.0,0.0,0.0,0.0,0.0,0.0,0.0,0.0,0.0,0.0,0.0,0.0,0.0,0.0,0.0,0.0,0.0,0.0,0.0,0.0,0.0,0.0,0.0,0.0,0.0,0.0,0.0,0.0,0.0,0.0,0.0,0.0,0.0,0.0,0.0,0.0,0.0,0.0,0.0,0.0,0.0,0.0,0.0,0.0,0.0,0.0,0.0,0.0,0.0,0.0,0.0,0.0,0.0,0.0,0.0,0.0,0.0,0.0,0.0,0.0,0.0,0.0,0.0,0.0,0.0,0.0,0.0,0.0,0.0,0.0,0.0,0.0,0.0,0.0,0.0,0.0,0.0,0.0,930.91174,287.14795,0.9986499,932.82855,461.6574,0.99965894,779.0736,454.03873,0.99965894,687.1885,643.2839,0.9399532,712.774,817.91235,0.9843879,1086.5835,469.2761,0.99969465,1142.901,683.2501,0.9595767,1141.4921,872.7981,0.9444697,916.88885,939.19556,0.99139404,813.5201,939.6246,0.9921321,826.6127,1241.1733,0.123788156,816.88654,1589.7733,0.027881412,1020.25757,938.76654,0.99139404,1022.4392,1283.207,0.089675635,998.9162,1601.6642,0.017017186,903.56464,260.73752,0.9976562,964.46826,259.47754,0.99411494,873.53467,282.9313,0.99386406,985.8944,282.06104,0.99613875,982.3887,1716.8823,0.0131972125,982.3887,1716.8823,0.0131972125,992.7886,1639.6112,0.0136752045,838.1197,1709.9403,0.013965984,838.1197,1709.9403,0.013965984,816.3724,1636.5593,0.016517075,1144.9646,876.37866,1.0,1119.493,889.5777,1.0,1112.7927,914.6306,1.0,1111.5566,938.90906,1.0,1107.7681,958.91455,1.0,1142.2583,937.943,1.0,1134.9639,970.8459,1.0,1127.2083,989.2754,1.0,1120.9268,1003.2061,1.0,1153.6221,939.6277,1.0,1147.0504,974.1385,1.0,1138.1748,994.24457,1.0,1130.2468,1009.4727,1.0,1157.5807,939.15576,1.0,1151.7366,971.32184,1.0,1143.5865,990.25824,1.0,1135.5427,1004.9937,1.0,1156.4667,938.2078,1.0,1151.2152,964.9641,1.0,1144.2834,981.5845,1.0,1136.571,994.232,1.0,714.5623,807.5218,1.0,736.0949,826.9929,1.0,746.41833,850.3528,1.0,749.3928,877.07715,1.0,751.5118,898.19653,1.0,711.1737,857.50323,1.0,716.1491,889.25806,1.0,724.4129,909.2987,1.0,732.0674,924.99994,1.0,697.027,860.9583,1.0,700.3218,891.771,1.0,707.23865,912.85406,1.0,713.5611,926.475,1.0,691.4613,864.0395,1.0,692.0501,890.9944,1.0,696.57526,910.98193,1.0,701.6918,925.00183,1.0,692.00586,866.22656,1.0,690.8056,889.9699,1.0,693.19196,906.24347,1.0,696.683,918.48444,1.0
0.0,0.0,0.0,0.0,0.0,0.0,0.0,0.0,0.0,0.0,0.0,0.0,0.0,0.0,0.0,0.0,0.0,0.0,0.0,0.0,0.0,0.0,0.0,0.0,0.0,0.0,0.0,0.0,0.0,0.0,0.0,0.0,0.0,0.0,0.0,0.0,0.0,0.0,0.0,0.0,0.0,0.0,0.0,0.0,0.0,0.0,0.0,0.0,0.0,0.0,0.0,0.0,0.0,0.0,0.0,0.0,0.0,0.0,0.0,0.0,0.0,0.0,0.0,0.0,0.0,0.0,0.0,0.0,0.0,0.0,0.0,0.0,0.0,0.0,0.0,0.0,0.0,0.0,0.0,0.0,0.0,0.0,0.0,0.0,0.0,0.0,0.0,0.0,0.0,0.0,0.0,0.0,0.0,0.0,0.0,0.0,0.0,0.0,0.0,0.0,0.0,0.0,0.0,0.0,0.0,0.0,0.0,0.0,0.0,0.0,0.0,0.0,0.0,0.0,0.0,0.0,0.0,0.0,0.0,0.0,0.0,0.0,0.0,0.0,0.0,0.0,0.0,0.0,0.0,0.0,0.0,0.0,0.0,0.0,0.0,0.0,0.0,0.0,0.0,0.0,0.0,0.0,0.0,0.0,0.0,0.0,0.0,0.0,0.0,0.0,0.0,0.0,0.0,0.0,0.0,0.0,0.0,0.0,0.0,0.0,0.0,0.0,0.0,0.0,0.0,0.0,0.0,0.0,0.0,0.0,0.0,0.0,0.0,0.0,0.0,0.0,0.0,0.0,0.0,0.0,0.0,0.0,0.0,0.0,0.0,0.0,0.0,0.0,0.0,0.0,0.0,0.0,0.0,0.0,0.0,0.0,0.0,0.0,0.0,0.0,0.0,0.0,0.0,0.0,0.0,0.0,0.0,0.0,0.0,0.0,930.5339,287.0397,0.99856496,932.56494,461.73404,0.9996538,778.42346,454.21347,0.9996538,694.0562,648.292,0.9436563,709.0406,828.5932,0.9841968,1086.7064,469.2546,0.9996883,1142.45,683.1237,0.9618303,1141.5198,872.82635,0.9459072,917.02136,939.5922,0.99160886,813.5192,940.063,0.99238396,827.82886,1241.4404,0.12940127,817.2099,1591.4717,0.028092602,1020.5235,939.12146,0.99160886,1023.17145,1284.4164,0.092417255,998.9632,1604.2501,0.016909579,903.25916,260.56375,0.99744797,963.9387,259.34137,0.99373925,873.48016,282.39386,0.9933888,985.57434,281.5334,0.9958292,982.28955,1721.4108,0.012879181,982.28955,1721.4108,0.012879181,992.8204,1641.717,0.013294189,836.80023,1712.1234,0.014043573,836.80023,1712.1234,0.014043573,816.8346,1638.0253,0.016363919,1146.0836,875.86237,1.0,1120.6915,889.24365,1.0,1114.246,914.54065,1.0,1113.2688,939.0948,1.0,1109.5358,959.15125,1.0,1143.6565,938.5111,1.0,1136.4424,971.2314,1.0,1128.7722,989.514,1.0,1122.6266,1003.3195,1.0,1154.9608,939.9257,1.0,1148.343,974.113,1.0,1139.3813,994.0937,1.0,1131.3972,1009.46466,1.0,1158.952,939.1798,1.0,1152.995,971.1362,1.0,1144.7845,989.97656,1.0,1136.7228,1004.76184,1.0,1157.9161,938.0758,1.0,1152.543,964.8161,1.0,1145.508,981.2609,1.0,1137.7511,993.81335,1.0,714.29395,824.9259,1.0,734.1549,843.92365,1.0,742.3236,867.3354,1.0,743.61633,893.9103,1.0,744.3166,914.88873,1.0,703.5713,877.72656,1.0,708.4251,911.43286,1.0,719.1687,930.8002,1.0,729.3715,943.5278,1.0,690.8753,881.3924,1.0,697.9593,914.6853,1.0,708.5347,934.9919,1.0,718.2428,946.9206,1.0,686.8296,884.31006,1.0,690.88446,913.9206,1.0,698.9605,933.24524,1.0,708.0732,945.4379,1.0,688.47894,886.2885,1.0,688.4664,911.0236,1.0,692.3206,927.3453,1.0,697.5079,939.0922,1.0
0.0,0.0,0.0,0.0,0.0,0.0,0.0,0.0,0.0,0.0,0.0,0.0,0.0,0.0,0.0,0.0,0.0,0.0,0.0,0.0,0.0,0.0,0.0,0.0,0.0,0.0,0.0,0.0,0.0,0.0,0.0,0.0,0.0,0.0,0.0,0.0,0.0,0.0,0.0,0.0,0.0,0.0,0.0,0.0,0.0,0.0,0.0,0.0,0.0,0.0,0.0,0.0,0.0,0.0,0.0,0.0,0.0,0.0,0.0,0.0,0.0,0.0,0.0,0.0,0.0,0.0,0.0,0.0,0.0,0.0,0.0,0.0,0.0,0.0,0.0,0.0,0.0,0.0,0.0,0.0,0.0,0.0,0.0,0.0,0.0,0.0,0.0,0.0,0.0,0.0,0.0,0.0,0.0,0.0,0.0,0.0,0.0,0.0,0.0,0.0,0.0,0.0,0.0,0.0,0.0,0.0,0.0,0.0,0.0,0.0,0.0,0.0,0.0,0.0,0.0,0.0,0.0,0.0,0.0,0.0,0.0,0.0,0.0,0.0,0.0,0.0,0.0,0.0,0.0,0.0,0.0,0.0,0.0,0.0,0.0,0.0,0.0,0.0,0.0,0.0,0.0,0.0,0.0,0.0,0.0,0.0,0.0,0.0,0.0,0.0,0.0,0.0,0.0,0.0,0.0,0.0,0.0,0.0,0.0,0.0,0.0,0.0,0.0,0.0,0.0,0.0,0.0,0.0,0.0,0.0,0.0,0.0,0.0,0.0,0.0,0.0,0.0,0.0,0.0,0.0,0.0,0.0,0.0,0.0,0.0,0.0,0.0,0.0,0.0,0.0,0.0,0.0,0.0,0.0,0.0,0.0,0.0,0.0,0.0,0.0,0.0,0.0,0.0,0.0,0.0,0.0,0.0,0.0,0.0,0.0,929.6851,286.7056,0.9985377,932.25,461.73526,0.99965256,777.7705,454.8895,0.99965256,699.9598,654.6664,0.9470514,708.1104,838.8936,0.98409474,1086.7295,468.58102,0.99968785,1142.1462,682.3204,0.9638994,1141.9224,872.82635,0.9475124,918.069,939.65405,0.9917614,814.55994,940.11566,0.99258506,829.93195,1241.4852,0.1325222,818.93256,1593.8577,0.02793811,1021.57794,939.1925,0.9917614,1024.6455,1285.4309,0.09337339,999.9644,1607.1562,0.016507663,902.59485,260.65402,0.99736226,962.8699,259.01474,0.993626,873.27234,282.3395,0.99321395,985.1559,281.02234,0.9957183,983.06854,1724.2125,0.012424484,983.06854,1724.2125,0.012424484,994.32056,1644.7607,0.0127881775,837.4451,1713.1509,0.013946137,837.4451,1713.1509,0.013946137,818.9471,1640.845,0.016049128,1146.9814,875.6877,1.0,1122.1493,889.4195,1.0,1116.1318,914.5041,1.0,1115.0743,939.08594,1.0,1111.1227,959.09753,1.0,1145.6462,938.0799,1.0,1138.0245,970.8727,1.0,1130.3761,989.4738,1.0,1124.5421,1003.6183,1.0,1156.7025,939.8692,1.0,1149.4163,973.9907,1.0,1140.32,994.12213,1.0,1132.4082,1009.7825,1.0,1160.4342,939.5427,1.0,1154.0365,971.2648,1.0,1145.7648,990.1936,1.0,1137.7585,1005.00226,1.0,1159.1118,938.74023,1.0,1153.5228,965.2219,1.0,1146.4789,981.6275,1.0,1138.8398,994.08307,1.0,711.3316,840.48395,1.0,731.17206,856.24585,1.0,738.4593,879.6607,1.0,738.9614,906.1792,1.0,739.33624,927.8087,1.0,697.6959,892.3752,1.0,701.7526,928.4569,1.0,714.10944,947.56116,1.0,726.63684,958.77985,1.0,685.74756,896.6715,1.0,692.27924,934.09546,1.0,705.10284,956.183,1.0,717.4272,969.2963,1.0,682.49615,900.23047,1.0,686.9049,934.12665,1.0,697.6443,954.83984,1.0,709.652,967.36646,1.0,684.82227,902.8713,1.0,685.68054,930.6297,1.0,691.346,948.08923,1.0,698.13556,960.33405,1.0
0.0,0.0,0.0,0.0,0.0,0.0,0.0,0.0,0.0,0.0,0.0,0.0,0.0,0.0,0.0,0.0,0.0,0.0,0.0,0.0,0.0,0.0,0.0,0.0,0.0,0.0,0.0,0.0,0.0,0.0,0.0,0.0,0.0,0.0,0.0,0.0,0.0,0.0,0.0,0.0,0.0,0.0,0.0,0.0,0.0,0.0,0.0,0.0,0.0,0.0,0.0,0.0,0.0,0.0,0.0,0.0,0.0,0.0,0.0,0.0,0.0,0.0,0.0,0.0,0.0,0.0,0.0,0.0,0.0,0.0,0.0,0.0,0.0,0.0,0.0,0.0,0.0,0.0,0.0,0.0,0.0,0.0,0.0,0.0,0.0,0.0,0.0,0.0,0.0,0.0,0.0,0.0,0.0,0.0,0.0,0.0,0.0,0.0,0.0,0.0,0.0,0.0,0.0,0.0,0.0,0.0,0.0,0.0,0.0,0.0,0.0,0.0,0.0,0.0,0.0,0.0,0.0,0.0,0.0,0.0,0.0,0.0,0.0,0.0,0.0,0.0,0.0,0.0,0.0,0.0,0.0,0.0,0.0,0.0,0.0,0.0,0.0,0.0,0.0,0.0,0.0,0.0,0.0,0.0,0.0,0.0,0.0,0.0,0.0,0.0,0.0,0.0,0.0,0.0,0.0,0.0,0.0,0.0,0.0,0.0,0.0,0.0,0.0,0.0,0.0,0.0,0.0,0.0,0.0,0.0,0.0,0.0,0.0,0.0,0.0,0.0,0.0,0.0,0.0,0.0,0.0,0.0,0.0,0.0,0.0,0.0,0.0,0.0,0.0,0.0,0.0,0.0,0.0,0.0,0.0,0.0,0.0,0.0,0.0,0.0,0.0,0.0,0.0,0.0,0.0,0.0,0.0,0.0,0.0,0.0,929.38654,285.37967,0.998375,932.0725,461.49747,0.99965036,777.4846,455.14505,0.99965036,704.6142,659.4435,0.9500775,708.1394,848.4378,0.9838707,1086.6604,467.8499,0.9996864,1141.0846,681.2732,0.9658794,1142.3467,872.4305,0.9490222,918.8175,939.4307,0.9920443,815.44073,939.9367,0.992892,830.8958,1241.4999,0.13820499,819.67645,1594.9583,0.028662296,1022.1943,938.92474,0.9920443,1025.8907,1287.5791,0.09623057,1002.1914,1608.1066,0.016211407,902.3185,260.36758,0.9970186,962.3678,258.19864,0.9929082,873.11847,282.04,0.9925482,984.9786,280.42145,0.99525535,984.90845,1724.6768,0.012029025,984.90845,1724.6768,0.012029025,997.425,1645.8157,0.012279943,837.9427,1713.2012,0.014167339,837.9427,1713.2012,0.014167339,819.9263,1642.1138,0.01578903,1147.9252,874.9565,1.0,1123.5408,888.85376,1.0,1117.4706,914.22644,1.0,1116.3593,938.8702,1.0,1112.569,958.9834,1.0,1147.4546,937.49506,1.0,1139.5343,970.33014,1.0,1131.9667,989.14685,1.0,1126.4312,1003.5881,1.0,1158.2065,939.21027,1.0,1150.7164,973.1238,1.0,1141.7123,993.3729,1.0,1134.1257,1009.3099,1.0,1161.6917,938.94324,1.0,1155.5449,970.43567,1.0,1147.4497,989.70776,1.0,1139.7073,1004.9785,1.0,1160.3057,938.2509,1.0,1155.2444,964.66174,1.0,1148.5182,981.3243,1.0,1141.204,994.1093,1.0,709.7145,852.49884,1.0,729.40936,866.6892,1.0,735.30414,890.6244,1.0,734.76056,917.57355,1.0,734.84753,939.5465,1.0,693.4484,905.6552,1.0,698.39606,942.0497,1.0,710.374,960.8949,1.0,722.0383,972.84955,1.0,682.4569,910.1256,1.0,687.3192,948.06085,1.0,700.1623,970.3184,1.0,712.6192,983.9717,1.0,680.17896,913.2642,1.0,683.7484,947.7832,1.0,694.78674,968.8462,1.0,706.791,982.28864,1.0,683.1238,915.75745,1.0,684.00934,943.9524,1.0,690.2467,961.68604,1.0,697.3377,974.39594,1.0
0.0,0.0,0.0,0.0,0.0,0.0,0.0,0.0,0.0,0.0,0.0,0.0,0.0,0.0,0.0,0.0,0.0,0.0,0.0,0.0,0.0,0.0,0.0,0.0,0.0,0.0,0.0,0.0,0.0,0.0,0.0,0.0,0.0,0.0,0.0,0.0,0.0,0.0,0.0,0.0,0.0,0.0,0.0,0.0,0.0,0.0,0.0,0.0,0.0,0.0,0.0,0.0,0.0,0.0,0.0,0.0,0.0,0.0,0.0,0.0,0.0,0.0,0.0,0.0,0.0,0.0,0.0,0.0,0.0,0.0,0.0,0.0,0.0,0.0,0.0,0.0,0.0,0.0,0.0,0.0,0.0,0.0,0.0,0.0,0.0,0.0,0.0,0.0,0.0,0.0,0.0,0.0,0.0,0.0,0.0,0.0,0.0,0.0,0.0,0.0,0.0,0.0,0.0,0.0,0.0,0.0,0.0,0.0,0.0,0.0,0.0,0.0,0.0,0.0,0.0,0.0,0.0,0.0,0.0,0.0,0.0,0.0,0.0,0.0,0.0,0.0,0.0,0.0,0.0,0.0,0.0,0.0,0.0,0.0,0.0,0.0,0.0,0.0,0.0,0.0,0.0,0.0,0.0,0.0,0.0,0.0,0.0,0.0,0.0,0.0,0.0,0.0,0.0,0.0,0.0,0.0,0.0,0.0,0.0,0.0,0.0,0.0,0.0,0.0,0.0,0.0,0.0,0.0,0.0,0.0,0.0,0.0,0.0,0.0,0.0,0.0,0.0,0.0,0.0,0.0,0.0,0.0,0.0,0.0,0.0,0.0,0.0,0.0,0.0,0.0,0.0,0.0,0.0,0.0,0.0,0.0,0.0,0.0,0.0,0.0,0.0,0.0,0.0,0.0,0.0,0.0,0.0,0.0,0.0,0.0,929.3778,284.49353,0.9982437,931.9439,461.34598,0.9996471,777.27637,455.22043,0.9996471,707.6312,664.5164,0.95255756,708.34045,857.14606,0.98319036,1086.6115,467.47153,0.99968964,1140.3569,680.6471,0.9677567,1142.6412,872.1785,0.95063126,919.18115,939.0278,0.99234766,815.9347,939.702,0.9931829,830.783,1241.5118,0.14169973,819.18866,1595.447,0.029134778,1022.4276,938.3535,0.99234766,1026.7289,1288.7314,0.09857959,1003.2438,1609.2222,0.016042566,902.19025,260.03928,0.9967223,962.10974,257.75516,0.9923534,872.9067,281.8143,0.9919106,984.82385,280.03848,0.9949058,985.94653,1724.9323,0.011746134,985.94653,1724.9323,0.011746134,998.6471,1647.0997,0.011852478,837.1682,1713.1016,0.014323828,837.1682,1713.1016,0.014323828,819.7065,1642.7454,0.015498469,1148.8193,874.8043,1.0,1124.4585,888.7407,1.0,1118.4844,914.206,1.0,1117.366,938.6643,1.0,1113.7563,958.7214,1.0,1148.6721,937.2773,1.0,1140.751,970.1473,1.0,1133.2162,988.9282,1.0,1127.557,1003.30194,1.0,1159.4207,939.0008,1.0,1151.7089,973.2473,1.0,1142.5356,993.5909,1.0,1134.6862,1009.3897,1.0,1162.8536,938.76324,1.0,1156.3566,970.64966,1.0,1148.0239,989.99603,1.0,1139.9236,1005.27356,1.0,1161.3904,938.07764,1.0,1155.8977,964.6691,1.0,1148.933,981.3333,1.0,1141.4031,994.0246,1.0,708.72754,860.97766,1.0,728.2824,875.08044,1.0,733.3278,899.0231,1.0,732.16003,926.23395,1.0,731.71716,948.16907,1.0,691.76953,914.985,1.0,697.0547,950.718,1.0,707.9586,969.79144,1.0,718.28296,982.52374,1.0,681.2706,919.57544,1.0,686.492,956.64166,1.0,698.69977,978.76056,1.0,710.2043,992.785,1.0,679.10046,922.548,1.0,682.95526,956.7933,1.0,693.48975,977.88354,1.0,704.3516,992.1098,1.0,681.95667,924.825,1.0,683.50543,952.9939,1.0,689.83,970.8592,1.0,696.55316,984.0134,1.0
0.0,0.0,0.0,0.0,0.0,0.0,0.0,0.0,0.0,0.0,0.0,0.0,0.0,0.0,0.0,0.0,0.0,0.0,0.0,0.0,0.0,0.0,0.0,0.0,0.0,0.0,0.0,0.0,0.0,0.0,0.0,0.0,0.0,0.0,0.0,0.0,0.0,0.0,0.0,0.0,0.0,0.0,0.0,0.0,0.0,0.0,0.0,0.0,0.0,0.0,0.0,0.0,0.0,0.0,0.0,0.0,0.0,0.0,0.0,0.0,0.0,0.0,0.0,0.0,0.0,0.0,0.0,0.0,0.0,0.0,0.0,0.0,0.0,0.0,0.0,0.0,0.0,0.0,0.0,0.0,0.0,0.0,0.0,0.0,0.0,0.0,0.0,0.0,0.0,0.0,0.0,0.0,0.0,0.0,0.0,0.0,0.0,0.0,0.0,0.0,0.0,0.0,0.0,0.0,0.0,0.0,0.0,0.0,0.0,0.0,0.0,0.0,0.0,0.0,0.0,0.0,0.0,0.0,0.0,0.0,0.0,0.0,0.0,0.0,0.0,0.0,0.0,0.0,0.0,0.0,0.0,0.0,0.0,0.0,0.0,0.0,0.0,0.0,0.0,0.0,0.0,0.0,0.0,0.0,0.0,0.0,0.0,0.0,0.0,0.0,0.0,0.0,0.0,0.0,0.0,0.0,0.0,0.0,0.0,0.0,0.0,0.0,0.0,0.0,0.0,0.0,0.0,0.0,0.0,0.0,0.0,0.0,0.0,0.0,0.0,0.0,0.0,0.0,0.0,0.0,0.0,0.0,0.0,0.0,0.0,0.0,0.0,0.0,0.0,0.0,0.0,0.0,0.0,0.0,0.0,0.0,0.0,0.0,0.0,0.0,0.0,0.0,0.0,0.0,0.0,0.0,0.0,0.0,0.0,0.0,929.36053,284.38647,0.9981928,931.7759,461.15686,0.99964476,777.09814,455.2784,0.99964476,708.966,668.59106,0.95507854,708.4271,864.6324,0.98275435,1086.4536,467.03528,0.9996954,1140.1663,680.2583,0.9695914,1143.0513,872.14655,0.9525637,919.645,938.8595,0.992608,816.538,939.6149,0.99343026,830.65533,1241.6824,0.14468469,819.0016,1596.1879,0.029566258,1022.75195,938.10406,0.992608,1029.3328,1289.9854,0.10110088,1004.50964,1610.8405,0.016084079,902.0424,259.98425,0.99658203,961.8705,257.8144,0.99216187,872.6161,281.74127,0.9915847,984.32025,279.98187,0.994792,988.44904,1726.3331,0.011609865,988.44904,1726.3331,0.011609865,999.3681,1648.884,0.011579096,836.6641,1713.7499,0.01450704,836.6641,1713.7499,0.01450704,819.7672,1643.6826,0.015363505,1149.2511,874.16833,1.0,1124.5979,888.3273,1.0,1118.8538,913.82336,1.0,1117.9532,938.3493,1.0,1114.5076,958.5036,1.0,1149.3022,936.2865,1.0,1141.0063,969.7713,1.0,1133.3506,988.73,1.0,1127.7051,1003.3131,1.0,1160.1566,938.2189,1.0,1151.9778,973.01184,1.0,1142.6843,993.49884,1.0,1134.9121,1009.41516,1.0,1163.584,938.1263,1.0,1156.5812,970.4483,1.0,1148.0531,989.9336,1.0,1139.9783,1005.25433,1.0,1162.0381,937.5597,1.0,1156.2112,964.4044,1.0,1149.0835,981.14307,1.0,1141.4242,993.76715,1.0,708.2049,866.19824,1.0,727.65546,881.66675,1.0,731.80383,905.7009,1.0,730.03064,932.4503,1.0,729.21466,953.629,1.0,690.8241,921.3475,1.0,696.8708,956.80695,1.0,707.0109,976.0888,1.0,716.24347,989.5317,1.0,680.4509,925.2649,1.0,686.8287,961.91895,1.0,698.07434,984.11456,1.0,708.3231,999.11597,1.0,678.41595,927.73334,1.0,683.2059,961.91705,1.0,692.6185,983.1818,1.0,701.9588,998.2994,1.0,681.5325,929.7588,1.0,683.7079,957.9073,1.0,689.65314,975.8151,1.0,695.62787,989.4991,1.0
0.0,0.0,0.0,0.0,0.0,0.0,0.0,0.0,0.0,0.0,0.0,0.0,0.0,0.0,0.0,0.0,0.0,0.0,0.0,0.0,0.0,0.0,0.0,0.0,0.0,0.0,0.0,0.0,0.0,0.0,0.0,0.0,0.0,0.0,0.0,0.0,0.0,0.0,0.0,0.0,0.0,0.0,0.0,0.0,0.0,0.0,0.0,0.0,0.0,0.0,0.0,0.0,0.0,0.0,0.0,0.0,0.0,0.0,0.0,0.0,0.0,0.0,0.0,0.0,0.0,0.0,0.0,0.0,0.0,0.0,0.0,0.0,0.0,0.0,0.0,0.0,0.0,0.0,0.0,0.0,0.0,0.0,0.0,0.0,0.0,0.0,0.0,0.0,0.0,0.0,0.0,0.0,0.0,0.0,0.0,0.0,0.0,0.0,0.0,0.0,0.0,0.0,0.0,0.0,0.0,0.0,0.0,0.0,0.0,0.0,0.0,0.0,0.0,0.0,0.0,0.0,0.0,0.0,0.0,0.0,0.0,0.0,0.0,0.0,0.0,0.0,0.0,0.0,0.0,0.0,0.0,0.0,0.0,0.0,0.0,0.0,0.0,0.0,0.0,0.0,0.0,0.0,0.0,0.0,0.0,0.0,0.0,0.0,0.0,0.0,0.0,0.0,0.0,0.0,0.0,0.0,0.0,0.0,0.0,0.0,0.0,0.0,0.0,0.0,0.0,0.0,0.0,0.0,0.0,0.0,0.0,0.0,0.0,0.0,0.0,0.0,0.0,0.0,0.0,0.0,0.0,0.0,0.0,0.0,0.0,0.0,0.0,0.0,0.0,0.0,0.0,0.0,0.0,0.0,0.0,0.0,0.0,0.0,0.0,0.0,0.0,0.0,0.0,0.0,0.0,0.0,0.0,0.0,0.0,0.0,929.3563,284.45627,0.99811214,931.64246,461.0194,0.9996428,776.9887,455.32275,0.9996428,709.94293,671.5345,0.9574004,708.4615,869.37244,0.9823405,1086.2961,466.71606,0.9996978,1140.064,680.06024,0.9711737,1143.4235,872.14026,0.95370126,920.0347,938.8124,0.9928278,817.00635,939.5855,0.9936561,830.363,1241.8419,0.14716808,818.80615,1596.4783,0.029632803,1023.0631,938.0393,0.9928278,1031.6705,1290.7645,0.10234338,1006.5105,1611.3705,0.015928123,901.9623,260.0476,0.9963893,961.7485,257.96057,0.99178946,872.34534,281.7366,0.9911914,983.96246,280.01288,0.99453944,989.9332,1726.9441,0.011355352,989.9332,1726.9441,0.011355352,1001.9198,1649.4895,0.011213709,836.6197,1714.0836,0.014516052,836.6197,1714.0836,0.014516052,819.6909,1643.8915,0.015111743,1149.2167,872.7957,1.0,1124.7574,887.32324,1.0,1119.1666,912.79266,1.0,1118.6029,937.48895,1.0,1115.0729,957.64966,1.0,1149.8054,934.80206,1.0,1141.0957,968.6006,1.0,1133.3497,987.5562,1.0,1127.841,1002.08606,1.0,1160.6139,936.74274,1.0,1152.259,971.8824,1.0,1143.0535,992.34045,1.0,1135.4984,1008.28394,1.0,1164.0083,936.7029,1.0,1157.0419,969.16565,1.0,1148.5826,988.6429,1.0,1140.7391,1003.88617,1.0,1162.4288,936.10956,1.0,1156.8658,962.9589,1.0,1149.8544,979.5409,1.0,1142.3066,991.9635,1.0,707.50183,870.627,1.0,726.18646,886.3669,1.0,729.2181,909.6282,1.0,726.1432,935.4027,1.0,725.0587,956.3503,1.0,690.323,926.17285,1.0,696.3742,961.35046,1.0,705.8036,980.8084,1.0,713.9081,994.77985,1.0,680.2343,929.8215,1.0,686.7644,965.9403,1.0,696.6688,988.49054,1.0,705.72375,1004.4202,1.0,678.3257,932.0091,1.0,683.28534,965.5929,1.0,691.1687,986.89655,1.0,699.1564,1002.7131,1.0,681.5407,933.8655,1.0,683.69684,961.17474,1.0,688.7549,978.72284,1.0,694.01733,992.67804,1.0
0.0,0.0,0.0,0.0,0.0,0.0,0.0,0.0,0.0,0.0,0.0,0.0,0.0,0.0,0.0,0.0,0.0,0.0,0.0,0.0,0.0,0.0,0.0,0.0,0.0,0.0,0.0,0.0,0.0,0.0,0.0,0.0,0.0,0.0,0.0,0.0,0.0,0.0,0.0,0.0,0.0,0.0,0.0,0.0,0.0,0.0,0.0,0.0,0.0,0.0,0.0,0.0,0.0,0.0,0.0,0.0,0.0,0.0,0.0,0.0,0.0,0.0,0.0,0.0,0.0,0.0,0.0,0.0,0.0,0.0,0.0,0.0,0.0,0.0,0.0,0.0,0.0,0.0,0.0,0.0,0.0,0.0,0.0,0.0,0.0,0.0,0.0,0.0,0.0,0.0,0.0,0.0,0.0,0.0,0.0,0.0,0.0,0.0,0.0,0.0,0.0,0.0,0.0,0.0,0.0,0.0,0.0,0.0,0.0,0.0,0.0,0.0,0.0,0.0,0.0,0.0,0.0,0.0,0.0,0.0,0.0,0.0,0.0,0.0,0.0,0.0,0.0,0.0,0.0,0.0,0.0,0.0,0.0,0.0,0.0,0.0,0.0,0.0,0.0,0.0,0.0,0.0,0.0,0.0,0.0,0.0,0.0,0.0,0.0,0.0,0.0,0.0,0.0,0.0,0.0,0.0,0.0,0.0,0.0,0.0,0.0,0.0,0.0,0.0,0.0,0.0,0.0,0.0,0.0,0.0,0.0,0.0,0.0,0.0,0.0,0.0,0.0,0.0,0.0,0.0,0.0,0.0,0.0,0.0,0.0,0.0,0.0,0.0,0.0,0.0,0.0,0.0,0.0,0.0,0.0,0.0,0.0,0.0,0.0,0.0,0.0,0.0,0.0,0.0,0.0,0.0,0.0,0.0,0.0,0.0,929.2978,284.64865,0.9980072,931.4886,460.9579,0.99963975,776.807,455.37283,0.99963975,711.0746,673.69794,0.95922977,708.7356,871.6548,0.9815882,1086.1702,466.54294,0.99969906,1139.925,679.70935,0.9725266,1143.6162,872.1515,0.9543572,920.3668,938.7113,0.99306023,817.3395,939.5258,0.9938807,830.06006,1241.9971,0.14885534,818.55334,1596.4424,0.029631848,1023.3941,937.8967,0.99306023,1032.5133,1290.8502,0.10406198,1007.71985,1611.3326,0.015876979,901.80676,260.09457,0.9961565,961.59247,258.27887,0.99132544,872.0264,281.7564,0.9907111,983.485,280.06363,0.9942288,990.83905,1726.9213,0.011189279,990.83905,1726.9213,0.011189279,1003.5036,1649.5055,0.010914105,836.6151,1714.0013,0.014500922,836.6151,1714.0013,0.014500922,819.4752,1643.6193,0.01480206,1149.2225,871.74194,1.0,1124.9691,886.3532,1.0,1119.6116,911.8806,1.0,1119.3845,936.6001,1.0,1115.7029,956.57336,1.0,1150.1669,933.3678,1.0,1141.6232,967.2291,1.0,1133.816,986.3933,1.0,1128.0823,1001.00366,1.0,1160.85,935.42633,1.0,1152.867,970.7585,1.0,1143.7527,991.3271,1.0,1136.0596,1007.433,1.0,1164.119,935.6607,1.0,1157.5519,968.2567,1.0,1149.106,987.77435,1.0,1141.1344,1002.9344,1.0,1162.5293,935.2596,1.0,1157.2347,962.19763,1.0,1150.2189,978.8635,1.0,1142.5962,991.325,1.0,706.1259,872.96625,1.0,724.5423,888.68726,1.0,726.77423,911.3339,1.0,722.7061,936.42596,1.0,720.9165,957.4006,1.0,689.7288,928.95435,1.0,695.5693,964.22424,1.0,704.4702,984.1772,1.0,711.8978,998.7331,1.0,680.54535,932.2805,1.0,687.50696,968.09985,1.0,696.66693,991.06866,1.0,705.36487,1007.88947,1.0,679.194,934.29694,1.0,685.2152,967.35504,1.0,692.631,988.6901,1.0,700.33606,1004.9239,1.0,682.6166,935.97296,1.0,685.83954,963.05865,1.0,691.07635,980.6118,1.0,696.6407,994.70496,1.0
0.0,0.0,0.0,0.0,0.0,0.0,0.0,0.0,0.0,0.0,0.0,0.0,0.0,0.0,0.0,0.0,0.0,0.0,0.0,0.0,0.0,0.0,0.0,0.0,0.0,0.0,0.0,0.0,0.0,0.0,0.0,0.0,0.0,0.0,0.0,0.0,0.0,0.0,0.0,0.0,0.0,0.0,0.0,0.0,0.0,0.0,0.0,0.0,0.0,0.0,0.0,0.0,0.0,0.0,0.0,0.0,0.0,0.0,0.0,0.0,0.0,0.0,0.0,0.0,0.0,0.0,0.0,0.0,0.0,0.0,0.0,0.0,0.0,0.0,0.0,0.0,0.0,0.0,0.0,0.0,0.0,0.0,0.0,0.0,0.0,0.0,0.0,0.0,0.0,0.0,0.0,0.0,0.0,0.0,0.0,0.0,0.0,0.0,0.0,0.0,0.0,0.0,0.0,0.0,0.0,0.0,0.0,0.0,0.0,0.0,0.0,0.0,0.0,0.0,0.0,0.0,0.0,0.0,0.0,0.0,0.0,0.0,0.0,0.0,0.0,0.0,0.0,0.0,0.0,0.0,0.0,0.0,0.0,0.0,0.0,0.0,0.0,0.0,0.0,0.0,0.0,0.0,0.0,0.0,0.0,0.0,0.0,0.0,0.0,0.0,0.0,0.0,0.0,0.0,0.0,0.0,0.0,0.0,0.0,0.0,0.0,0.0,0.0,0.0,0.0,0.0,0.0,0.0,0.0,0.0,0.0,0.0,0.0,0.0,0.0,0.0,0.0,0.0,0.0,0.0,0.0,0.0,0.0,0.0,0.0,0.0,0.0,0.0,0.0,0.0,0.0,0.0,0.0,0.0,0.0,0.0,0.0,0.0,0.0,0.0,0.0,0.0,0.0,0.0,0.0,0.0,0.0,0.0,0.0,0.0,929.22614,284.82047,0.99796134,931.26843,460.81805,0.9996389,776.5788,455.43588,0.9996389,712.1209,675.09735,0.96104574,709.01965,872.8692,0.9811181,1085.958,466.20023,0.9997031,1139.85,679.24304,0.97391194,1143.8605,871.9808,0.9555256,920.7563,938.4022,0.99325895,817.7665,939.251,0.9940692,830.4111,1242.0707,0.15078413,818.5677,1596.3608,0.029688688,1023.7461,937.55347,0.99325895,1033.6528,1290.9457,0.106066264,1008.8047,1611.3116,0.015909677,901.6247,260.12192,0.9960407,961.4144,258.53912,0.9911286,871.7188,281.77362,0.99047333,982.9084,280.121,0.9941014,991.86755,1726.761,0.011094129,991.86755,1726.761,0.011094129,1004.4125,1649.5183,0.010680926,836.8389,1713.8663,0.01452785,836.8389,1713.8663,0.01452785,819.4114,1643.1956,0.0145499585,1150.2311,870.7208,1.0,1125.769,885.2833,1.0,1120.3463,910.848,1.0,1120.1665,935.60846,1.0,1116.5225,955.514,1.0,1150.9867,932.1285,1.0,1142.6995,965.8543,1.0,1134.8794,985.1766,1.0,1129.0833,999.9378,1.0,1161.6506,934.2264,1.0,1153.7598,969.32947,1.0,1144.6809,990.04584,1.0,1137.0393,1006.5285,1.0,1164.9142,934.63727,1.0,1158.2769,967.10455,1.0,1149.8245,986.8411,1.0,1141.8264,1002.3065,1.0,1163.3649,934.4909,1.0,1157.8726,961.42316,1.0,1150.8162,978.32733,1.0,1143.3018,991.1292,1.0,705.8811,874.6196,1.0,723.16724,890.1879,1.0,724.5609,912.4729,1.0,720.1381,936.8598,1.0,718.0901,957.47845,1.0,689.1937,930.88525,1.0,694.9078,966.01807,1.0,703.4567,986.42444,1.0,710.4229,1001.3675,1.0,681.5526,933.9453,1.0,688.8226,969.05334,1.0,697.4211,991.8461,1.0,705.8537,1008.762,1.0,681.2609,935.88556,1.0,688.57135,968.0818,1.0,695.79254,988.99994,1.0,703.33716,1005.2045,1.0,685.4929,937.4555,1.0,690.1689,963.97363,1.0,696.06995,980.97485,1.0,702.2983,994.7646,1.0
0.0,0.0,0.0,0.0,0.0,0.0,0.0,0.0,0.0,0.0,0.0,0.0,0.0,0.0,0.0,0.0,0.0,0.0,0.0,0.0,0.0,0.0,0.0,0.0,0.0,0.0,0.0,0.0,0.0,0.0,0.0,0.0,0.0,0.0,0.0,0.0,0.0,0.0,0.0,0.0,0.0,0.0,0.0,0.0,0.0,0.0,0.0,0.0,0.0,0.0,0.0,0.0,0.0,0.0,0.0,0.0,0.0,0.0,0.0,0.0,0.0,0.0,0.0,0.0,0.0,0.0,0.0,0.0,0.0,0.0,0.0,0.0,0.0,0.0,0.0,0.0,0.0,0.0,0.0,0.0,0.0,0.0,0.0,0.0,0.0,0.0,0.0,0.0,0.0,0.0,0.0,0.0,0.0,0.0,0.0,0.0,0.0,0.0,0.0,0.0,0.0,0.0,0.0,0.0,0.0,0.0,0.0,0.0,0.0,0.0,0.0,0.0,0.0,0.0,0.0,0.0,0.0,0.0,0.0,0.0,0.0,0.0,0.0,0.0,0.0,0.0,0.0,0.0,0.0,0.0,0.0,0.0,0.0,0.0,0.0,0.0,0.0,0.0,0.0,0.0,0.0,0.0,0.0,0.0,0.0,0.0,0.0,0.0,0.0,0.0,0.0,0.0,0.0,0.0,0.0,0.0,0.0,0.0,0.0,0.0,0.0,0.0,0.0,0.0,0.0,0.0,0.0,0.0,0.0,0.0,0.0,0.0,0.0,0.0,0.0,0.0,0.0,0.0,0.0,0.0,0.0,0.0,0.0,0.0,0.0,0.0,0.0,0.0,0.0,0.0,0.0,0.0,0.0,0.0,0.0,0.0,0.0,0.0,0.0,0.0,0.0,0.0,0.0,0.0,0.0,0.0,0.0,0.0,0.0,0.0,929.0574,285.08398,0.9979907,931.01263,460.7229,0.9996437,776.38885,455.57074,0.9996437,712.867,675.8604,0.963009,709.15625,873.7382,0.98110706,1085.6364,465.8751,0.9997101,1139.9232,678.79517,0.9753503,1144.6284,871.5016,0.9571459,921.275,938.0203,0.99342495,818.45056,938.8517,0.9942433,830.8411,1242.1636,0.15421067,818.7321,1596.2637,0.029798152,1024.0995,937.189,0.99342495,1035.2168,1291.1447,0.10754636,1010.52905,1611.1466,0.015744273,901.42255,260.29025,0.99607855,961.2301,258.80408,0.99124706,871.45654,281.81738,0.9905704,982.4425,280.15787,0.9941733,992.2578,1726.2654,0.010892953,992.2578,1726.2654,0.010892953,1006.3613,1649.2484,0.010379656,837.1716,1713.3098,0.014587393,837.1716,1713.3098,0.014587393,819.45856,1642.8374,0.014376082,1151.5723,870.441,1.0,1126.9918,884.5803,1.0,1121.4,909.88995,1.0,1121.2059,934.4908,1.0,1117.7509,954.3837,1.0,1151.9684,931.53107,1.0,1143.8281,965.02875,1.0,1136.074,984.301,1.0,1130.2335,999.0355,1.0,1162.4884,933.74994,1.0,1154.5089,968.85297,1.0,1145.388,989.6877,1.0,1137.6855,1006.18634,1.0,1165.716,934.2273,1.0,1158.8508,966.6442,1.0,1150.3601,986.5262,1.0,1142.3021,1002.14465,1.0,1164.0789,934.00635,1.0,1158.3378,960.8857,1.0,1151.2256,977.81946,1.0,1143.6863,990.6549,1.0,706.19775,876.4378,1.0,722.3625,891.3915,1.0,723.1227,913.4302,1.0,718.757,937.1547,1.0,716.7411,957.2395,1.0,689.5069,933.37354,1.0,695.78827,967.1421,1.0,704.1934,987.4502,1.0,710.94965,1002.32446,1.0,682.97015,936.3235,1.0,690.87354,969.9743,1.0,699.25977,992.24786,1.0,707.39575,1008.89935,1.0,683.2339,938.1456,1.0,691.0977,969.18353,1.0,698.09985,989.5476,1.0,705.31354,1005.664,1.0,687.8345,939.53516,1.0,692.9676,965.1048,1.0,698.92993,981.2553,1.0,705.23303,994.5903,1.0
0.0,0.0,0.0,0.0,0.0,0.0,0.0,0.0,0.0,0.0,0.0,0.0,0.0,0.0,0.0,0.0,0.0,0.0,0.0,0.0,0.0,0.0,0.0,0.0,0.0,0.0,0.0,0.0,0.0,0.0,0.0,0.0,0.0,0.0,0.0,0.0,0.0,0.0,0.0,0.0,0.0,0.0,0.0,0.0,0.0,0.0,0.0,0.0,0.0,0.0,0.0,0.0,0.0,0.0,0.0,0.0,0.0,0.0,0.0,0.0,0.0,0.0,0.0,0.0,0.0,0.0,0.0,0.0,0.0,0.0,0.0,0.0,0.0,0.0,0.0,0.0,0.0,0.0,0.0,0.0,0.0,0.0,0.0,0.0,0.0,0.0,0.0,0.0,0.0,0.0,0.0,0.0,0.0,0.0,0.0,0.0,0.0,0.0,0.0,0.0,0.0,0.0,0.0,0.0,0.0,0.0,0.0,0.0,0.0,0.0,0.0,0.0,0.0,0.0,0.0,0.0,0.0,0.0,0.0,0.0,0.0,0.0,0.0,0.0,0.0,0.0,0.0,0.0,0.0,0.0,0.0,0.0,0.0,0.0,0.0,0.0,0.0,0.0,0.0,0.0,0.0,0.0,0.0,0.0,0.0,0.0,0.0,0.0,0.0,0.0,0.0,0.0,0.0,0.0,0.0,0.0,0.0,0.0,0.0,0.0,0.0,0.0,0.0,0.0,0.0,0.0,0.0,0.0,0.0,0.0,0.0,0.0,0.0,0.0,0.0,0.0,0.0,0.0,0.0,0.0,0.0,0.0,0.0,0.0,0.0,0.0,0.0,0.0,0.0,0.0,0.0,0.0,0.0,0.0,0.0,0.0,0.0,0.0,0.0,0.0,0.0,0.0,0.0,0.0,0.0,0.0,0.0,0.0,0.0,0.0,928.98035,284.9186,0.9980346,930.78656,460.73746,0.99964964,776.19147,455.75845,0.99964964,713.56726,676.1217,0.96491045,709.19574,874.14154,0.98118997,1085.3816,465.71646,0.99971855,1140.0427,678.19806,0.97676796,1145.9476,870.6025,0.9590569,921.7852,938.0367,0.9935953,819.05176,938.7466,0.9944088,830.8787,1242.3246,0.15776755,819.0686,1595.8959,0.029896636,1024.5187,937.3267,0.9935953,1036.6617,1291.4279,0.11010511,1012.0422,1610.5447,0.01563271,901.2719,260.46414,0.99615306,961.1038,259.00558,0.9914563,871.27704,281.8659,0.99074626,982.1413,280.13174,0.99431527,992.3419,1725.0048,0.010753807,992.3419,1725.0048,0.010753807,1008.44,1647.9978,0.0101369405,837.76996,1712.703,0.014660487,837.76996,1712.703,0.014660487,819.8509,1642.137,0.0142466305,1152.8533,870.7606,1.0,1128.197,884.4222,1.0,1122.5115,909.5134,1.0,1122.2799,933.7961,1.0,1118.9486,953.4836,1.0,1152.9858,931.5175,1.0,1144.8805,965.0598,1.0,1136.92,984.2678,1.0,1130.7693,998.88635,1.0,1163.4712,933.91864,1.0,1155.5322,969.21313,1.0,1146.2966,990.1823,1.0,1138.3004,1006.5595,1.0,1166.6162,934.511,1.0,1159.6481,967.1198,1.0,1151.0857,987.2342,1.0,1142.8687,1002.87787,1.0,1164.8121,934.217,1.0,1158.9059,961.1857,1.0,1151.7255,978.276,1.0,1144.0645,991.1343,1.0,705.8465,877.0451,1.0,722.405,891.96985,1.0,723.3387,914.0451,1.0,719.59503,937.47876,1.0,717.8253,957.07007,1.0,691.0469,935.0162,1.0,698.5007,967.4296,1.0,707.0432,987.46655,1.0,713.8273,1002.2204,1.0,684.883,937.6667,1.0,693.79486,970.2157,1.0,702.3843,992.1401,1.0,710.5387,1008.83295,1.0,685.1413,939.25476,1.0,693.5209,969.5881,1.0,700.73645,989.6271,1.0,708.02673,1005.6301,1.0,689.5119,940.4189,1.0,694.8251,965.62823,1.0,700.73914,981.5489,1.0,706.98346,994.63904,1.0
0.0,0.0,0.0,0.0,0.0,0.0,0.0,0.0,0.0,0.0,0.0,0.0,0.0,0.0,0.0,0.0,0.0,0.0,0.0,0.0,0.0,0.0,0.0,0.0,0.0,0.0,0.0,0.0,0.0,0.0,0.0,0.0,0.0,0.0,0.0,0.0,0.0,0.0,0.0,0.0,0.0,0.0,0.0,0.0,0.0,0.0,0.0,0.0,0.0,0.0,0.0,0.0,0.0,0.0,0.0,0.0,0.0,0.0,0.0,0.0,0.0,0.0,0.0,0.0,0.0,0.0,0.0,0.0,0.0,0.0,0.0,0.0,0.0,0.0,0.0,0.0,0.0,0.0,0.0,0.0,0.0,0.0,0.0,0.0,0.0,0.0,0.0,0.0,0.0,0.0,0.0,0.0,0.0,0.0,0.0,0.0,0.0,0.0,0.0,0.0,0.0,0.0,0.0,0.0,0.0,0.0,0.0,0.0,0.0,0.0,0.0,0.0,0.0,0.0,0.0,0.0,0.0,0.0,0.0,0.0,0.0,0.0,0.0,0.0,0.0,0.0,0.0,0.0,0.0,0.0,0.0,0.0,0.0,0.0,0.0,0.0,0.0,0.0,0.0,0.0,0.0,0.0,0.0,0.0,0.0,0.0,0.0,0.0,0.0,0.0,0.0,0.0,0.0,0.0,0.0,0.0,0.0,0.0,0.0,0.0,0.0,0.0,0.0,0.0,0.0,0.0,0.0,0.0,0.0,0.0,0.0,0.0,0.0,0.0,0.0,0.0,0.0,0.0,0.0,0.0,0.0,0.0,0.0,0.0,0.0,0.0,0.0,0.0,0.0,0.0,0.0,0.0,0.0,0.0,0.0,0.0,0.0,0.0,0.0,0.0,0.0,0.0,0.0,0.0,0.0,0.0,0.0,0.0,0.0,0.0,929.1421,284.39984,0.9980835,930.6679,460.72986,0.99965614,776.0577,455.93884,0.99965614,714.16815,676.92816,0.9665426,709.16754,874.0008,0.98110473,1085.2781,465.52087,0.9997289,1140.0881,677.45703,0.9780664,1147.342,869.2355,0.9609495,922.22046,938.06805,0.99376315,819.3991,938.7771,0.99455994,831.72504,1242.4022,0.1605743,819.6384,1595.6085,0.029931046,1025.0419,937.359,0.99376315,1038.0964,1291.6772,0.11204736,1013.69855,1609.7417,0.015496904,901.24493,260.4957,0.9962362,961.07715,259.00735,0.991694,871.191,281.91656,0.99093246,981.9964,280.08752,0.9944811,992.4548,1723.6503,0.010617602,992.4548,1723.6503,0.010617602,1010.705,1646.328,0.009900175,839.3249,1712.5555,0.014721028,839.3249,1712.5555,0.014721028,820.36237,1641.4612,0.0140913455,1154.0596,870.52277,1.0,1129.4888,884.30365,1.0,1123.7422,909.1347,1.0,1123.3944,933.4281,1.0,1119.9838,953.0766,1.0,1154.1393,931.39044,1.0,1146.1025,964.95154,1.0,1138.1692,984.2181,1.0,1132.1221,998.9595,1.0,1164.8582,933.7737,1.0,1156.826,968.90955,1.0,1147.6683,990.08484,1.0,1139.7755,1006.73083,1.0,1168.1422,934.3136,1.0,1160.9803,966.829,1.0,1152.5417,987.232,1.0,1144.4253,1003.18933,1.0,1166.4204,933.9864,1.0,1160.2722,960.91675,1.0,1153.1995,978.24866,1.0,1145.7288,991.3346,1.0,706.31744,876.4999,1.0,723.26715,891.83246,1.0,724.65265,914.4749,1.0,722.13525,938.1255,1.0,721.3226,957.5679,1.0,693.59314,935.29694,1.0,701.68524,967.21497,1.0,710.3362,987.3616,1.0,717.0937,1002.4714,1.0,688.12805,937.654,1.0,697.38007,969.56134,1.0,705.9758,991.16815,1.0,714.1243,1007.81036,1.0,688.71454,939.04034,1.0,697.4662,968.7191,1.0,704.82983,988.41046,1.0,712.3069,1004.1567,1.0,693.27924,940.10785,1.0,698.69415,964.8132,1.0,704.7435,980.5317,1.0,711.163,993.37964,1.0
0.0,0.0,0.0,0.0,0.0,0.0,0.0,0.0,0.0,0.0,0.0,0.0,0.0,0.0,0.0,0.0,0.0,0.0,0.0,0.0,0.0,0.0,0.0,0.0,0.0,0.0,0.0,0.0,0.0,0.0,0.0,0.0,0.0,0.0,0.0,0.0,0.0,0.0,0.0,0.0,0.0,0.0,0.0,0.0,0.0,0.0,0.0,0.0,0.0,0.0,0.0,0.0,0.0,0.0,0.0,0.0,0.0,0.0,0.0,0.0,0.0,0.0,0.0,0.0,0.0,0.0,0.0,0.0,0.0,0.0,0.0,0.0,0.0,0.0,0.0,0.0,0.0,0.0,0.0,0.0,0.0,0.0,0.0,0.0,0.0,0.0,0.0,0.0,0.0,0.0,0.0,0.0,0.0,0.0,0.0,0.0,0.0,0.0,0.0,0.0,0.0,0.0,0.0,0.0,0.0,0.0,0.0,0.0,0.0,0.0,0.0,0.0,0.0,0.0,0.0,0.0,0.0,0.0,0.0,0.0,0.0,0.0,0.0,0.0,0.0,0.0,0.0,0.0,0.0,0.0,0.0,0.0,0.0,0.0,0.0,0.0,0.0,0.0,0.0,0.0,0.0,0.0,0.0,0.0,0.0,0.0,0.0,0.0,0.0,0.0,0.0,0.0,0.0,0.0,0.0,0.0,0.0,0.0,0.0,0.0,0.0,0.0,0.0,0.0,0.0,0.0,0.0,0.0,0.0,0.0,0.0,0.0,0.0,0.0,0.0,0.0,0.0,0.0,0.0,0.0,0.0,0.0,0.0,0.0,0.0,0.0,0.0,0.0,0.0,0.0,0.0,0.0,0.0,0.0,0.0,0.0,0.0,0.0,0.0,0.0,0.0,0.0,0.0,0.0,0.0,0.0,0.0,0.0,0.0,0.0,929.2096,284.61923,0.99812937,930.62146,460.71658,0.9996615,776.0364,456.11337,0.9996615,714.5974,678.229,0.96779007,709.1844,873.8253,0.9807839,1085.2065,465.3198,0.9997386,1140.19,676.917,0.9792119,1148.7054,868.1878,0.962493,922.7347,938.2249,0.9939252,819.8521,938.9658,0.9947084,832.8008,1242.5945,0.16311367,820.04364,1595.7023,0.030005056,1025.6172,937.484,0.9939252,1039.1338,1292.6791,0.11321568,1015.5009,1609.3948,0.01528264,901.1789,260.71716,0.9963146,961.0174,259.29755,0.9919027,871.0669,282.10535,0.99110687,981.7799,280.14883,0.99462193,992.58374,1723.2764,0.010425014,992.58374,1723.2764,0.010425014,1013.2607,1645.6182,0.00963105,840.77295,1712.5234,0.014789682,840.77295,1712.5234,0.014789682,820.5387,1641.407,0.013930559,1154.8124,870.72046,1.0,1130.6527,884.5617,1.0,1125.1073,909.05334,1.0,1124.8278,933.44617,1.0,1121.2218,953.2187,1.0,1155.2247,931.5954,1.0,1147.3672,964.9594,1.0,1139.815,984.2668,1.0,1134.1027,999.1447,1.0,1166.0111,933.95294,1.0,1157.8794,968.87714,1.0,1148.8315,990.0002,1.0,1141.0576,1006.67004,1.0,1169.4095,934.3623,1.0,1162.1877,966.76666,1.0,1153.7714,986.9844,1.0,1145.6672,1002.8825,1.0,1167.7744,933.9559,1.0,1161.5331,960.85156,1.0,1154.5486,978.1049,1.0,1147.1299,991.1427,1.0,708.33734,876.1649,1.0,725.24396,891.423,1.0,727.06885,914.7198,1.0,725.6468,938.8652,1.0,725.80414,958.43945,1.0,696.8471,935.6022,1.0,705.659,967.101,1.0,714.26685,987.2087,1.0,720.9328,1002.8118,1.0,691.97015,937.9539,1.0,701.6994,969.30383,1.0,710.38934,990.4766,1.0,718.37573,1006.96686,1.0,692.96967,939.1266,1.0,702.1738,968.0807,1.0,709.6987,987.4059,1.0,717.14703,1002.9837,1.0,697.9182,940.05237,1.0,703.4463,964.0711,1.0,709.78467,979.2919,1.0,716.38226,991.79346,1.0
0.0,0.0,0.0,0.0,0.0,0.0,0.0,0.0,0.0,0.0,0.0,0.0,0.0,0.0,0.0,0.0,0.0,0.0,0.0,0.0,0.0,0.0,0.0,0.0,0.0,0.0,0.0,0.0,0.0,0.0,0.0,0.0,0.0,0.0,0.0,0.0,0.0,0.0,0.0,0.0,0.0,0.0,0.0,0.0,0.0,0.0,0.0,0.0,0.0,0.0,0.0,0.0,0.0,0.0,0.0,0.0,0.0,0.0,0.0,0.0,0.0,0.0,0.0,0.0,0.0,0.0,0.0,0.0,0.0,0.0,0.0,0.0,0.0,0.0,0.0,0.0,0.0,0.0,0.0,0.0,0.0,0.0,0.0,0.0,0.0,0.0,0.0,0.0,0.0,0.0,0.0,0.0,0.0,0.0,0.0,0.0,0.0,0.0,0.0,0.0,0.0,0.0,0.0,0.0,0.0,0.0,0.0,0.0,0.0,0.0,0.0,0.0,0.0,0.0,0.0,0.0,0.0,0.0,0.0,0.0,0.0,0.0,0.0,0.0,0.0,0.0,0.0,0.0,0.0,0.0,0.0,0.0,0.0,0.0,0.0,0.0,0.0,0.0,0.0,0.0,0.0,0.0,0.0,0.0,0.0,0.0,0.0,0.0,0.0,0.0,0.0,0.0,0.0,0.0,0.0,0.0,0.0,0.0,0.0,0.0,0.0,0.0,0.0,0.0,0.0,0.0,0.0,0.0,0.0,0.0,0.0,0.0,0.0,0.0,0.0,0.0,0.0,0.0,0.0,0.0,0.0,0.0,0.0,0.0,0.0,0.0,0.0,0.0,0.0,0.0,0.0,0.0,0.0,0.0,0.0,0.0,0.0,0.0,0.0,0.0,0.0,0.0,0.0,0.0,0.0,0.0,0.0,0.0,0.0,0.0,929.221,285.0711,0.9981182,930.54486,460.73672,0.9996581,776.01886,456.26895,0.9996581,715.1424,679.35223,0.9684301,709.5799,875.0136,0.97957283,1085.0708,465.20447,0.9997436,1140.3406,676.7403,0.98017406,1149.814,867.92834,0.96338904,923.4507,938.7615,0.9940584,820.4863,939.3717,0.99481595,832.76886,1242.9613,0.1643491,820.5873,1595.7823,0.029929532,1026.4152,938.15125,0.9940584,1039.6592,1294.5936,0.11575543,1017.4993,1609.5906,0.0152156865,901.1105,261.10086,0.99627984,960.94885,259.72083,0.99187845,870.9571,282.38034,0.99104,981.5926,280.2515,0.99461955,992.9127,1723.2518,0.010304628,992.9127,1723.2518,0.010304628,1016.52985,1645.6904,0.009431765,841.8094,1712.4573,0.014747542,841.8094,1712.4573,0.014747542,821.13055,1641.3474,0.01372913,1155.4392,871.57855,1.0,1131.3121,885.2952,1.0,1126.0378,909.9089,1.0,1125.962,934.2789,1.0,1122.3229,953.9378,1.0,1156.257,931.9382,1.0,1148.3695,965.4706,1.0,1140.8623,984.6926,1.0,1135.2363,999.4041,1.0,1167.0913,934.4244,1.0,1158.8986,969.50885,1.0,1149.8435,990.3952,1.0,1142.0038,1006.87134,1.0,1170.53,934.9223,1.0,1163.2328,967.65955,1.0,1154.643,987.6483,1.0,1146.4209,1003.30994,1.0,1168.8251,934.65216,1.0,1162.4983,961.667,1.0,1155.3574,978.7691,1.0,1147.8414,991.6888,1.0,710.8848,876.8929,1.0,727.7955,891.45856,1.0,730.00824,914.34406,1.0,728.9238,938.3592,1.0,729.5718,958.0257,1.0,700.9854,936.0865,1.0,710.1218,967.0678,1.0,718.3928,986.8842,1.0,724.8168,1002.64667,1.0,695.6821,938.71545,1.0,705.4685,969.91864,1.0,714.0454,990.98126,1.0,721.8031,1007.53876,1.0,696.27893,939.8943,1.0,705.5985,968.7743,1.0,713.3029,988.1704,1.0,720.6326,1003.99023,1.0,701.0466,940.7422,1.0,706.81525,964.60034,1.0,713.1996,979.6916,1.0,719.6802,992.1516,1.0
0.0,0.0,0.0,0.0,0.0,0.0,0.0,0.0,0.0,0.0,0.0,0.0,0.0,0.0,0.0,0.0,0.0,0.0,0.0,0.0,0.0,0.0,0.0,0.0,0.0,0.0,0.0,0.0,0.0,0.0,0.0,0.0,0.0,0.0,0.0,0.0,0.0,0.0,0.0,0.0,0.0,0.0,0.0,0.0,0.0,0.0,0.0,0.0,0.0,0.0,0.0,0.0,0.0,0.0,0.0,0.0,0.0,0.0,0.0,0.0,0.0,0.0,0.0,0.0,0.0,0.0,0.0,0.0,0.0,0.0,0.0,0.0,0.0,0.0,0.0,0.0,0.0,0.0,0.0,0.0,0.0,0.0,0.0,0.0,0.0,0.0,0.0,0.0,0.0,0.0,0.0,0.0,0.0,0.0,0.0,0.0,0.0,0.0,0.0,0.0,0.0,0.0,0.0,0.0,0.0,0.0,0.0,0.0,0.0,0.0,0.0,0.0,0.0,0.0,0.0,0.0,0.0,0.0,0.0,0.0,0.0,0.0,0.0,0.0,0.0,0.0,0.0,0.0,0.0,0.0,0.0,0.0,0.0,0.0,0.0,0.0,0.0,0.0,0.0,0.0,0.0,0.0,0.0,0.0,0.0,0.0,0.0,0.0,0.0,0.0,0.0,0.0,0.0,0.0,0.0,0.0,0.0,0.0,0.0,0.0,0.0,0.0,0.0,0.0,0.0,0.0,0.0,0.0,0.0,0.0,0.0,0.0,0.0,0.0,0.0,0.0,0.0,0.0,0.0,0.0,0.0,0.0,0.0,0.0,0.0,0.0,0.0,0.0,0.0,0.0,0.0,0.0,0.0,0.0,0.0,0.0,0.0,0.0,0.0,0.0,0.0,0.0,0.0,0.0,0.0,0.0,0.0,0.0,0.0,0.0,929.36914,285.41553,0.99810266,930.45654,460.78894,0.99965465,776.0104,456.45813,0.99965465,715.7762,680.993,0.9688806,710.7208,877.1773,0.9779802,1084.9026,465.11972,0.99974793,1140.3292,676.63586,0.9810062,1150.2733,867.8304,0.96388197,924.34503,938.6796,0.9941898,821.3354,939.3767,0.9949356,833.09424,1244.8761,0.17050628,821.73083,1597.4565,0.030772846,1027.3546,937.98254,0.9941898,1039.929,1296.3534,0.11961915,1020.2644,1609.7645,0.015178277,901.11633,261.47348,0.99623907,960.91925,260.16162,0.9918389,870.9068,282.65942,0.990962,981.51013,280.35724,0.9946023,992.59827,1722.8217,0.010190237,992.59827,1722.8217,0.010190237,1020.89044,1645.4392,0.009224774,844.25494,1713.0413,0.015076034,844.25494,1713.0413,0.015076034,822.23065,1642.8259,0.013741735,1155.8711,872.2259,1.0,1131.3541,886.1872,1.0,1126.3684,911.11255,1.0,1126.743,935.6339,1.0,1123.4191,955.27765,1.0,1156.8544,932.0264,1.0,1148.8961,966.1738,1.0,1141.36,985.6358,1.0,1135.6262,1000.49066,1.0,1167.7871,934.5898,1.0,1159.4897,970.42303,1.0,1150.409,991.4892,1.0,1142.5743,1008.117,1.0,1171.286,935.1902,1.0,1163.7825,968.4999,1.0,1155.1075,988.64166,1.0,1146.8412,1004.3798,1.0,1169.5962,934.9395,1.0,1163.1815,962.2171,1.0,1155.8103,979.33405,1.0,1148.1375,992.2016,1.0,713.8866,877.30615,1.0,729.949,891.3025,1.0,731.4884,913.74316,1.0,730.0679,937.1985,1.0,730.37366,956.8893,1.0,704.0208,936.61194,1.0,712.4652,967.16614,1.0,720.4418,986.9411,1.0,726.85803,1002.88947,1.0,699.06396,939.0932,1.0,707.61053,970.2381,1.0,715.6398,991.6329,1.0,723.2849,1008.57,1.0,699.7095,940.0976,1.0,707.6624,969.096,1.0,714.972,989.0616,1.0,722.02167,1005.6655,1.0,704.4933,940.91876,1.0,709.409,964.96027,1.0,715.1254,980.4631,1.0,721.02057,993.4666,1.0
0.0,0.0,0.0,0.0,0.0,0.0,0.0,0.0,0.0,0.0,0.0,0.0,0.0,0.0,0.0,0.0,0.0,0.0,0.0,0.0,0.0,0.0,0.0,0.0,0.0,0.0,0.0,0.0,0.0,0.0,0.0,0.0,0.0,0.0,0.0,0.0,0.0,0.0,0.0,0.0,0.0,0.0,0.0,0.0,0.0,0.0,0.0,0.0,0.0,0.0,0.0,0.0,0.0,0.0,0.0,0.0,0.0,0.0,0.0,0.0,0.0,0.0,0.0,0.0,0.0,0.0,0.0,0.0,0.0,0.0,0.0,0.0,0.0,0.0,0.0,0.0,0.0,0.0,0.0,0.0,0.0,0.0,0.0,0.0,0.0,0.0,0.0,0.0,0.0,0.0,0.0,0.0,0.0,0.0,0.0,0.0,0.0,0.0,0.0,0.0,0.0,0.0,0.0,0.0,0.0,0.0,0.0,0.0,0.0,0.0,0.0,0.0,0.0,0.0,0.0,0.0,0.0,0.0,0.0,0.0,0.0,0.0,0.0,0.0,0.0,0.0,0.0,0.0,0.0,0.0,0.0,0.0,0.0,0.0,0.0,0.0,0.0,0.0,0.0,0.0,0.0,0.0,0.0,0.0,0.0,0.0,0.0,0.0,0.0,0.0,0.0,0.0,0.0,0.0,0.0,0.0,0.0,0.0,0.0,0.0,0.0,0.0,0.0,0.0,0.0,0.0,0.0,0.0,0.0,0.0,0.0,0.0,0.0,0.0,0.0,0.0,0.0,0.0,0.0,0.0,0.0,0.0,0.0,0.0,0.0,0.0,0.0,0.0,0.0,0.0,0.0,0.0,0.0,0.0,0.0,0.0,0.0,0.0,0.0,0.0,0.0,0.0,0.0,0.0,0.0,0.0,0.0,0.0,0.0,0.0,929.43335,286.44498,0.9981492,930.4255,460.9165,0.99966186,776.0194,456.752,0.99966186,716.8696,682.31744,0.9702298,712.0112,877.57135,0.9781481,1084.8315,465.081,0.99975497,1140.323,676.59924,0.98199487,1150.6605,867.8259,0.96509165,924.9933,938.5377,0.9943356,822.19946,939.33777,0.99510306,833.6368,1248.6195,0.18362811,822.043,1600.9833,0.032764893,1027.7871,937.7377,0.9943356,1040.2605,1298.3777,0.12486014,1021.1892,1609.3047,0.015162205,901.10333,262.1135,0.9963363,960.89624,261.1124,0.992041,870.81976,283.04718,0.99121827,981.3734,280.5439,0.994734,990.0568,1721.6187,0.010101023,990.0568,1721.6187,0.010101023,1022.9101,1644.1757,0.009028605,845.6769,1714.5642,0.015938459,845.6769,1714.5642,0.015938459,822.18274,1646.3754,0.014100039,1156.4636,873.26184,1.0,1131.8837,887.39606,1.0,1127.031,912.44275,1.0,1127.6853,936.99426,1.0,1124.6079,956.72614,1.0,1157.7673,933.5536,1.0,1149.4719,967.9195,1.0,1141.5891,987.2509,1.0,1135.4069,1001.9103,1.0,1168.531,935.74915,1.0,1159.8939,971.8519,1.0,1150.3657,992.5891,1.0,1142.1924,1008.77423,1.0,1171.8112,936.112,1.0,1163.9685,969.664,1.0,1154.9496,989.4659,1.0,1146.4178,1004.6965,1.0,1169.898,935.7201,1.0,1163.4214,963.2421,1.0,1155.8749,980.12634,1.0,1147.9747,992.69135,1.0,716.54565,877.4108,1.0,730.8228,891.2235,1.0,731.16376,913.46735,1.0,728.5874,936.3983,1.0,728.1243,955.9847,1.0,703.94556,936.65796,1.0,712.2755,967.0268,1.0,720.5866,986.5822,1.0,727.1618,1002.5306,1.0,700.44745,938.9336,1.0,708.22943,969.8492,1.0,715.9999,991.4467,1.0,723.4199,1008.4916,1.0,702.22906,939.62036,1.0,709.0779,968.3624,1.0,715.7714,988.45306,1.0,722.2331,1005.2912,1.0,707.53125,940.4248,1.0,711.46826,964.44305,1.0,716.6639,979.91547,1.0,722.04846,993.10345,1.0
0.0,0.0,0.0,0.0,0.0,0.0,0.0,0.0,0.0,0.0,0.0,0.0,0.0,0.0,0.0,0.0,0.0,0.0,0.0,0.0,0.0,0.0,0.0,0.0,0.0,0.0,0.0,0.0,0.0,0.0,0.0,0.0,0.0,0.0,0.0,0.0,0.0,0.0,0.0,0.0,0.0,0.0,0.0,0.0,0.0,0.0,0.0,0.0,0.0,0.0,0.0,0.0,0.0,0.0,0.0,0.0,0.0,0.0,0.0,0.0,0.0,0.0,0.0,0.0,0.0,0.0,0.0,0.0,0.0,0.0,0.0,0.0,0.0,0.0,0.0,0.0,0.0,0.0,0.0,0.0,0.0,0.0,0.0,0.0,0.0,0.0,0.0,0.0,0.0,0.0,0.0,0.0,0.0,0.0,0.0,0.0,0.0,0.0,0.0,0.0,0.0,0.0,0.0,0.0,0.0,0.0,0.0,0.0,0.0,0.0,0.0,0.0,0.0,0.0,0.0,0.0,0.0,0.0,0.0,0.0,0.0,0.0,0.0,0.0,0.0,0.0,0.0,0.0,0.0,0.0,0.0,0.0,0.0,0.0,0.0,0.0,0.0,0.0,0.0,0.0,0.0,0.0,0.0,0.0,0.0,0.0,0.0,0.0,0.0,0.0,0.0,0.0,0.0,0.0,0.0,0.0,0.0,0.0,0.0,0.0,0.0,0.0,0.0,0.0,0.0,0.0,0.0,0.0,0.0,0.0,0.0,0.0,0.0,0.0,0.0,0.0,0.0,0.0,0.0,0.0,0.0,0.0,0.0,0.0,0.0,0.0,0.0,0.0,0.0,0.0,0.0,0.0,0.0,0.0,0.0,0.0,0.0,0.0,0.0,0.0,0.0,0.0,0.0,0.0,0.0,0.0,0.0,0.0,0.0,0.0,929.43195,287.76755,0.9982179,930.445,460.99866,0.999671,776.1214,456.95358,0.999671,717.7353,682.79865,0.9715367,712.7023,877.4366,0.97839403,1084.7686,465.04373,0.99976236,1140.4965,676.6173,0.9828428,1151.2108,867.7964,0.966051,925.656,938.3745,0.99445444,822.9165,939.2547,0.99525386,834.0565,1250.1163,0.19302595,821.7896,1603.3296,0.034067985,1028.3955,937.4944,0.99445444,1041.0435,1299.3518,0.12757428,1021.63544,1608.1132,0.01498127,901.11035,262.8526,0.9964712,960.886,262.0552,0.9923273,870.80756,283.41342,0.99154866,981.27563,280.77206,0.9949118,987.9896,1719.5405,0.0099290535,987.9896,1719.5405,0.0099290535,1023.6102,1642.1332,0.0088088345,845.332,1716.1609,0.016510595,845.332,1716.1609,0.016510595,821.66113,1649.1533,0.014361145,1157.0895,874.0479,1.0,1132.8611,888.21173,1.0,1127.809,913.3526,1.0,1128.2106,938.0108,1.0,1125.1171,957.9407,1.0,1158.4144,934.5883,1.0,1149.8425,968.90643,1.0,1141.9115,988.07336,1.0,1135.7932,1002.6896,1.0,1168.9542,936.95905,1.0,1159.9143,972.7529,1.0,1150.3265,993.28455,1.0,1142.0977,1009.481,1.0,1172.0681,937.48303,1.0,1163.9441,970.5811,1.0,1154.8605,990.0472,1.0,1146.3453,1005.1359,1.0,1170.0289,937.24945,1.0,1163.4768,964.4275,1.0,1155.9662,981.1561,1.0,1148.1532,993.68945,1.0,716.51013,877.45483,1.0,730.89886,891.51605,1.0,731.0784,913.78906,1.0,727.7046,936.3515,1.0,727.0883,955.66156,1.0,703.33954,936.3821,1.0,712.00745,966.73456,1.0,720.2108,986.3691,1.0,726.4724,1002.51263,1.0,699.61676,938.63245,1.0,708.1011,969.54736,1.0,716.04596,991.1558,1.0,723.36993,1008.2596,1.0,701.12744,939.4356,1.0,708.72565,968.34467,1.0,715.60266,988.5153,1.0,722.0999,1005.39325,1.0,706.1508,940.2842,1.0,710.5321,964.5336,1.0,715.8021,980.16174,1.0,721.1178,993.4778,1.0
0.0,0.0,0.0,0.0,0.0,0.0,0.0,0.0,0.0,0.0,0.0,0.0,0.0,0.0,0.0,0.0,0.0,0.0,0.0,0.0,0.0,0.0,0.0,0.0,0.0,0.0,0.0,0.0,0.0,0.0,0.0,0.0,0.0,0.0,0.0,0.0,0.0,0.0,0.0,0.0,0.0,0.0,0.0,0.0,0.0,0.0,0.0,0.0,0.0,0.0,0.0,0.0,0.0,0.0,0.0,0.0,0.0,0.0,0.0,0.0,0.0,0.0,0.0,0.0,0.0,0.0,0.0,0.0,0.0,0.0,0.0,0.0,0.0,0.0,0.0,0.0,0.0,0.0,0.0,0.0,0.0,0.0,0.0,0.0,0.0,0.0,0.0,0.0,0.0,0.0,0.0,0.0,0.0,0.0,0.0,0.0,0.0,0.0,0.0,0.0,0.0,0.0,0.0,0.0,0.0,0.0,0.0,0.0,0.0,0.0,0.0,0.0,0.0,0.0,0.0,0.0,0.0,0.0,0.0,0.0,0.0,0.0,0.0,0.0,0.0,0.0,0.0,0.0,0.0,0.0,0.0,0.0,0.0,0.0,0.0,0.0,0.0,0.0,0.0,0.0,0.0,0.0,0.0,0.0,0.0,0.0,0.0,0.0,0.0,0.0,0.0,0.0,0.0,0.0,0.0,0.0,0.0,0.0,0.0,0.0,0.0,0.0,0.0,0.0,0.0,0.0,0.0,0.0,0.0,0.0,0.0,0.0,0.0,0.0,0.0,0.0,0.0,0.0,0.0,0.0,0.0,0.0,0.0,0.0,0.0,0.0,0.0,0.0,0.0,0.0,0.0,0.0,0.0,0.0,0.0,0.0,0.0,0.0,0.0,0.0,0.0,0.0,0.0,0.0,0.0,0.0,0.0,0.0,0.0,0.0,929.50336,289.33264,0.9982569,930.5573,461.01105,0.9996767,776.35675,457.0172,0.9996767,718.54425,682.6606,0.972938,713.0065,876.7989,0.9789743,1084.7578,465.00485,0.99976766,1140.8165,676.6479,0.98380864,1151.8153,867.7978,0.9675772,926.52826,938.3596,0.9945411,823.80615,939.2891,0.99537414,834.0892,1252.4247,0.20837629,822.01587,1605.6626,0.036600396,1029.2504,937.43005,0.9945411,1041.8032,1300.6483,0.13327703,1022.6592,1606.4098,0.01517953,901.1514,263.82462,0.9965481,960.88806,263.235,0.99249053,870.82825,284.06696,0.9917626,981.2487,281.09305,0.9950224,986.5754,1717.1233,0.009980817,986.5754,1717.1233,0.009980817,1025.4791,1639.3541,0.00872937,846.23065,1718.3289,0.01763416,846.23065,1718.3289,0.01763416,821.84595,1650.9529,0.014958264,1157.5498,874.4698,1.0,1133.1216,888.68854,1.0,1128.1927,914.1335,1.0,1128.5419,938.853,1.0,1125.3007,958.7965,1.0,1158.5297,935.4862,1.0,1150.0192,969.37683,1.0,1142.0735,988.62396,1.0,1136.0319,1003.3669,1.0,1168.9498,937.8365,1.0,1159.8059,973.2946,1.0,1150.1589,993.74866,1.0,1141.8595,1010.01996,1.0,1172.0206,938.3527,1.0,1163.8555,971.12177,1.0,1154.7007,990.3345,1.0,1146.2219,1005.31665,1.0,1170.1089,938.07904,1.0,1163.5443,965.14044,1.0,1156.0654,981.6975,1.0,1148.3198,994.09937,1.0,716.29346,878.36597,1.0,730.9946,892.30994,1.0,731.30566,914.43097,1.0,727.62335,937.0963,1.0,726.8686,956.0895,1.0,703.31036,936.63947,1.0,712.4086,967.1369,1.0,720.5391,986.6669,1.0,726.6804,1002.5583,1.0,698.53796,939.1088,1.0,707.9905,970.01294,1.0,716.0835,991.32794,1.0,723.36847,1008.24884,1.0,699.31934,940.2265,1.0,707.8585,969.0037,1.0,714.8037,988.9937,1.0,721.3341,1005.67645,1.0,703.88495,941.19543,1.0,708.7103,965.5257,1.0,714.0169,981.12585,1.0,719.37213,994.3847,1.0
0.0,0.0,0.0,0.0,0.0,0.0,0.0,0.0,0.0,0.0,0.0,0.0,0.0,0.0,0.0,0.0,0.0,0.0,0.0,0.0,0.0,0.0,0.0,0.0,0.0,0.0,0.0,0.0,0.0,0.0,0.0,0.0,0.0,0.0,0.0,0.0,0.0,0.0,0.0,0.0,0.0,0.0,0.0,0.0,0.0,0.0,0.0,0.0,0.0,0.0,0.0,0.0,0.0,0.0,0.0,0.0,0.0,0.0,0.0,0.0,0.0,0.0,0.0,0.0,0.0,0.0,0.0,0.0,0.0,0.0,0.0,0.0,0.0,0.0,0.0,0.0,0.0,0.0,0.0,0.0,0.0,0.0,0.0,0.0,0.0,0.0,0.0,0.0,0.0,0.0,0.0,0.0,0.0,0.0,0.0,0.0,0.0,0.0,0.0,0.0,0.0,0.0,0.0,0.0,0.0,0.0,0.0,0.0,0.0,0.0,0.0,0.0,0.0,0.0,0.0,0.0,0.0,0.0,0.0,0.0,0.0,0.0,0.0,0.0,0.0,0.0,0.0,0.0,0.0,0.0,0.0,0.0,0.0,0.0,0.0,0.0,0.0,0.0,0.0,0.0,0.0,0.0,0.0,0.0,0.0,0.0,0.0,0.0,0.0,0.0,0.0,0.0,0.0,0.0,0.0,0.0,0.0,0.0,0.0,0.0,0.0,0.0,0.0,0.0,0.0,0.0,0.0,0.0,0.0,0.0,0.0,0.0,0.0,0.0,0.0,0.0,0.0,0.0,0.0,0.0,0.0,0.0,0.0,0.0,0.0,0.0,0.0,0.0,0.0,0.0,0.0,0.0,0.0,0.0,0.0,0.0,0.0,0.0,0.0,0.0,0.0,0.0,0.0,0.0,0.0,0.0,0.0,0.0,0.0,0.0,929.6688,290.78903,0.998284,930.6334,461.0221,0.9996777,776.5193,457.1725,0.9996777,719.4811,682.5479,0.9741373,713.11816,876.3698,0.97941166,1084.7476,464.87173,0.999771,1140.9587,676.6623,0.98470145,1152.2065,868.04364,0.9691147,926.798,938.365,0.99464726,824.1815,939.2034,0.995478,830.8279,1254.9266,0.22085606,820.7992,1606.5856,0.038567875,1029.4144,937.5265,0.99464726,1040.8608,1303.2275,0.13905583,1021.99524,1607.7687,0.015559863,901.273,264.5638,0.996596,960.969,264.23166,0.99260545,870.90594,284.3768,0.9918975,981.2846,281.44992,0.9951045,984.0842,1719.9153,0.01014128,984.0842,1719.9153,0.01014128,1025.4012,1640.5999,0.008728152,843.5245,1719.8217,0.018558493,843.5245,1719.8217,0.018558493,821.0809,1651.2484,0.015535017,1157.357,875.58636,1.0,1133.0106,889.691,1.0,1128.1891,914.78235,1.0,1128.4773,939.38086,1.0,1125.2987,959.2754,1.0,1158.656,936.6897,1.0,1149.925,970.334,1.0,1141.9469,989.34894,1.0,1136.0082,1003.9352,1.0,1169.0098,939.1242,1.0,1159.601,974.36005,1.0,1149.9052,994.58344,1.0,1141.7069,1010.57874,1.0,1172.0936,939.59924,1.0,1163.5919,972.21924,1.0,1154.3578,991.2343,1.0,1145.9496,1005.97217,1.0,1170.2119,939.3147,1.0,1163.3075,966.2544,1.0,1155.7711,982.67676,1.0,1148.0621,994.9652,1.0,715.2105,878.0183,1.0,730.8032,891.6513,1.0,731.42633,914.1497,1.0,728.08777,937.3311,1.0,727.22296,956.6714,1.0,703.3495,936.21436,1.0,712.6617,967.06213,1.0,720.6797,986.8132,1.0,726.72095,1002.88275,1.0,697.645,938.90515,1.0,707.62415,970.3361,1.0,715.7458,992.0836,1.0,723.10834,1009.1794,1.0,697.87085,940.0537,1.0,706.7972,969.03345,1.0,713.94666,989.4696,1.0,720.68884,1006.27515,1.0,702.2085,941.107,1.0,707.39404,965.37616,1.0,712.92883,981.291,1.0,718.4202,994.55176,1.0
0.0,0.0,0.0,0.0,0.0,0.0,0.0,0.0,0.0,0.0,0.0,0.0,0.0,0.0,0.0,0.0,0.0,0.0,0.0,0.0,0.0,0.0,0.0,0.0,0.0,0.0,0.0,0.0,0.0,0.0,0.0,0.0,0.0,0.0,0.0,0.0,0.0,0.0,0.0,0.0,0.0,0.0,0.0,0.0,0.0,0.0,0.0,0.0,0.0,0.0,0.0,0.0,0.0,0.0,0.0,0.0,0.0,0.0,0.0,0.0,0.0,0.0,0.0,0.0,0.0,0.0,0.0,0.0,0.0,0.0,0.0,0.0,0.0,0.0,0.0,0.0,0.0,0.0,0.0,0.0,0.0,0.0,0.0,0.0,0.0,0.0,0.0,0.0,0.0,0.0,0.0,0.0,0.0,0.0,0.0,0.0,0.0,0.0,0.0,0.0,0.0,0.0,0.0,0.0,0.0,0.0,0.0,0.0,0.0,0.0,0.0,0.0,0.0,0.0,0.0,0.0,0.0,0.0,0.0,0.0,0.0,0.0,0.0,0.0,0.0,0.0,0.0,0.0,0.0,0.0,0.0,0.0,0.0,0.0,0.0,0.0,0.0,0.0,0.0,0.0,0.0,0.0,0.0,0.0,0.0,0.0,0.0,0.0,0.0,0.0,0.0,0.0,0.0,0.0,0.0,0.0,0.0,0.0,0.0,0.0,0.0,0.0,0.0,0.0,0.0,0.0,0.0,0.0,0.0,0.0,0.0,0.0,0.0,0.0,0.0,0.0,0.0,0.0,0.0,0.0,0.0,0.0,0.0,0.0,0.0,0.0,0.0,0.0,0.0,0.0,0.0,0.0,0.0,0.0,0.0,0.0,0.0,0.0,0.0,0.0,0.0,0.0,0.0,0.0,0.0,0.0,0.0,0.0,0.0,0.0,930.30554,291.2053,0.99828035,930.80707,460.94586,0.9996719,776.8316,457.20892,0.9996719,720.26074,682.6201,0.9745212,713.45306,876.3329,0.9786363,1084.7826,464.68277,0.9997723,1141.4952,676.72253,0.9851772,1152.7485,868.2028,0.96953267,926.91315,937.40936,0.9946913,824.23206,938.0611,0.99549234,830.9102,1252.8362,0.21882068,820.39984,1604.3489,0.03802742,1029.5942,936.7576,0.9946913,1040.1888,1300.2798,0.1397555,1021.92206,1607.9064,0.01567724,901.7314,264.89343,0.99656767,961.3015,264.8203,0.992582,871.0488,284.5353,0.9918191,981.45593,281.72864,0.9950779,985.25916,1720.7512,0.010163485,985.25916,1720.7512,0.010163485,1024.9202,1641.2423,0.008666599,843.5616,1719.0402,0.018307704,843.5616,1719.0402,0.018307704,820.30615,1648.6958,0.015267525,1157.6794,876.3945,1.0,1132.852,890.00165,1.0,1127.8368,915.54596,1.0,1128.713,940.3223,1.0,1125.686,960.2077,1.0,1158.6605,938.10626,1.0,1149.5918,971.8074,1.0,1141.4248,990.4353,1.0,1135.2664,1004.5713,1.0,1169.0791,940.0257,1.0,1159.7491,975.0191,1.0,1150.0004,994.6533,1.0,1141.8936,1010.2166,1.0,1172.205,940.14215,1.0,1163.6802,972.5655,1.0,1154.5271,991.0556,1.0,1146.3296,1005.462,1.0,1170.2733,939.6866,1.0,1163.4476,966.7657,1.0,1155.9436,982.9082,1.0,1148.3214,994.9759,1.0,714.86694,877.5543,1.0,730.99023,891.315,1.0,731.9963,913.69434,1.0,728.86597,937.02496,1.0,728.0445,956.51245,1.0,703.8039,935.71655,1.0,712.86523,966.73425,1.0,720.63794,986.74554,1.0,726.4341,1002.99646,1.0,697.67615,938.5275,1.0,707.6251,970.04865,1.0,715.74396,991.8636,1.0,723.0777,1009.0889,1.0,697.5865,939.8755,1.0,706.5099,968.9917,1.0,713.7828,989.50885,1.0,720.62714,1006.35834,1.0,701.73553,940.91016,1.0,706.894,965.3427,1.0,712.4802,981.4292,1.0,718.08374,994.76825,1.0
0.0,0.0,0.0,0.0,0.0,0.0,0.0,0.0,0.0,0.0,0.0,0.0,0.0,0.0,0.0,0.0,0.0,0.0,0.0,0.0,0.0,0.0,0.0,0.0,0.0,0.0,0.0,0.0,0.0,0.0,0.0,0.0,0.0,0.0,0.0,0.0,0.0,0.0,0.0,0.0,0.0,0.0,0.0,0.0,0.0,0.0,0.0,0.0,0.0,0.0,0.0,0.0,0.0,0.0,0.0,0.0,0.0,0.0,0.0,0.0,0.0,0.0,0.0,0.0,0.0,0.0,0.0,0.0,0.0,0.0,0.0,0.0,0.0,0.0,0.0,0.0,0.0,0.0,0.0,0.0,0.0,0.0,0.0,0.0,0.0,0.0,0.0,0.0,0.0,0.0,0.0,0.0,0.0,0.0,0.0,0.0,0.0,0.0,0.0,0.0,0.0,0.0,0.0,0.0,0.0,0.0,0.0,0.0,0.0,0.0,0.0,0.0,0.0,0.0,0.0,0.0,0.0,0.0,0.0,0.0,0.0,0.0,0.0,0.0,0.0,0.0,0.0,0.0,0.0,0.0,0.0,0.0,0.0,0.0,0.0,0.0,0.0,0.0,0.0,0.0,0.0,0.0,0.0,0.0,0.0,0.0,0.0,0.0,0.0,0.0,0.0,0.0,0.0,0.0,0.0,0.0,0.0,0.0,0.0,0.0,0.0,0.0,0.0,0.0,0.0,0.0,0.0,0.0,0.0,0.0,0.0,0.0,0.0,0.0,0.0,0.0,0.0,0.0,0.0,0.0,0.0,0.0,0.0,0.0,0.0,0.0,0.0,0.0,0.0,0.0,0.0,0.0,0.0,0.0,0.0,0.0,0.0,0.0,0.0,0.0,0.0,0.0,0.0,0.0,0.0,0.0,0.0,0.0,0.0,0.0,930.59393,291.48495,0.9982668,931.0367,461.00388,0.9996642,777.09955,457.34653,0.9996642,720.4435,682.61285,0.974925,713.94653,876.2293,0.9781587,1084.9738,464.66122,0.9997745,1141.8888,677.0266,0.9856953,1153.3157,868.82336,0.970335,927.28375,937.25366,0.9946871,824.4948,937.92535,0.99544597,831.40704,1250.281,0.21572979,820.87256,1601.6796,0.037486877,1030.0726,936.58203,0.9946871,1041.5764,1296.8837,0.14021745,1021.7975,1608.0417,0.01593739,902.0489,265.16156,0.9965156,961.4602,265.08984,0.99254787,871.28674,284.84454,0.99164903,981.5191,281.80273,0.99506545,989.80005,1720.8588,0.010297362,989.80005,1720.8588,0.010297362,1023.1074,1642.3649,0.008752465,843.6196,1716.7837,0.01807849,843.6196,1716.7837,0.01807849,820.9309,1646.4956,0.01511069,1157.0345,877.1079,1.0,1132.4648,890.8675,1.0,1127.3125,916.32837,1.0,1128.4429,941.1443,1.0,1125.5953,961.23083,1.0,1158.14,938.2437,1.0,1149.2275,971.78436,1.0,1141.0515,990.3774,1.0,1134.926,1004.584,1.0,1168.7802,940.42694,1.0,1159.5286,975.1528,1.0,1149.8962,994.70337,1.0,1141.9769,1010.3052,1.0,1171.9623,940.714,1.0,1163.5199,972.8407,1.0,1154.5082,991.2693,1.0,1146.428,1005.6934,1.0,1170.1562,940.4603,1.0,1163.4176,967.31226,1.0,1155.9536,983.3357,1.0,1148.4542,995.2823,1.0,715.2035,877.46625,1.0,731.3752,891.527,1.0,732.5082,913.83057,1.0,729.9319,937.352,1.0,729.5885,956.6819,1.0,703.8811,935.9845,1.0,713.4055,967.1112,1.0,721.3479,986.95496,1.0,727.1409,1003.16223,1.0,697.6086,938.9226,1.0,707.4196,970.79474,1.0,715.46265,992.41266,1.0,722.46674,1009.38995,1.0,697.7369,940.0802,1.0,706.62964,969.2985,1.0,713.9257,989.5612,1.0,720.45184,1005.9119,1.0,702.3049,940.90015,1.0,707.383,965.2616,1.0,713.0284,981.2557,1.0,718.544,994.3668,1.0
0.0,0.0,0.0,0.0,0.0,0.0,0.0,0.0,0.0,0.0,0.0,0.0,0.0,0.0,0.0,0.0,0.0,0.0,0.0,0.0,0.0,0.0,0.0,0.0,0.0,0.0,0.0,0.0,0.0,0.0,0.0,0.0,0.0,0.0,0.0,0.0,0.0,0.0,0.0,0.0,0.0,0.0,0.0,0.0,0.0,0.0,0.0,0.0,0.0,0.0,0.0,0.0,0.0,0.0,0.0,0.0,0.0,0.0,0.0,0.0,0.0,0.0,0.0,0.0,0.0,0.0,0.0,0.0,0.0,0.0,0.0,0.0,0.0,0.0,0.0,0.0,0.0,0.0,0.0,0.0,0.0,0.0,0.0,0.0,0.0,0.0,0.0,0.0,0.0,0.0,0.0,0.0,0.0,0.0,0.0,0.0,0.0,0.0,0.0,0.0,0.0,0.0,0.0,0.0,0.0,0.0,0.0,0.0,0.0,0.0,0.0,0.0,0.0,0.0,0.0,0.0,0.0,0.0,0.0,0.0,0.0,0.0,0.0,0.0,0.0,0.0,0.0,0.0,0.0,0.0,0.0,0.0,0.0,0.0,0.0,0.0,0.0,0.0,0.0,0.0,0.0,0.0,0.0,0.0,0.0,0.0,0.0,0.0,0.0,0.0,0.0,0.0,0.0,0.0,0.0,0.0,0.0,0.0,0.0,0.0,0.0,0.0,0.0,0.0,0.0,0.0,0.0,0.0,0.0,0.0,0.0,0.0,0.0,0.0,0.0,0.0,0.0,0.0,0.0,0.0,0.0,0.0,0.0,0.0,0.0,0.0,0.0,0.0,0.0,0.0,0.0,0.0,0.0,0.0,0.0,0.0,0.0,0.0,0.0,0.0,0.0,0.0,0.0,0.0,0.0,0.0,0.0,0.0,0.0,0.0,930.86505,292.73425,0.9982553,931.41907,461.11917,0.9996664,777.47034,457.58563,0.9996664,720.6533,682.62054,0.975857,714.1369,876.08417,0.97870064,1085.3678,464.65274,0.9997774,1142.1261,677.6186,0.9863147,1153.5469,869.2201,0.9714873,927.5206,937.8085,0.9947107,824.86456,938.49414,0.99549234,831.0821,1251.3937,0.22389932,820.1728,1602.5325,0.03850674,1030.1768,937.1228,0.9947107,1042.2815,1297.4059,0.14188592,1021.60266,1608.2139,0.015975682,902.3528,266.1699,0.99648845,961.6865,265.97687,0.9925092,871.64154,285.65326,0.9916126,982.0303,282.13657,0.99504787,988.85724,1721.3215,0.010277759,988.85724,1721.3215,0.010277759,1022.635,1642.6583,0.008683084,843.0613,1717.4467,0.018557472,843.0613,1717.4467,0.018557472,820.16254,1647.2645,0.015356045,1156.8335,877.8008,1.0,1132.7828,890.97626,1.0,1127.5784,916.6344,1.0,1128.4165,941.5135,1.0,1125.5894,961.77216,1.0,1157.9775,939.4927,1.0,1148.6898,973.2353,1.0,1140.1106,991.75574,1.0,1133.5881,1005.80585,1.0,1168.4694,941.50836,1.0,1159.0288,976.24316,1.0,1149.0686,995.9352,1.0,1140.692,1011.33606,1.0,1171.566,941.46747,1.0,1163.1212,973.6289,1.0,1153.88,992.30505,1.0,1145.4706,1006.88544,1.0,1169.7012,940.7859,1.0,1163.011,967.73505,1.0,1155.4362,983.91077,1.0,1147.6841,996.081,1.0,714.145,876.41187,1.0,730.71844,890.7307,1.0,732.386,912.9207,1.0,730.048,936.8318,1.0,729.8517,956.86865,1.0,704.11,935.6776,1.0,713.744,967.0119,1.0,721.8147,986.5509,1.0,727.81006,1002.571,1.0,697.27704,938.64496,1.0,707.5559,970.48816,1.0,715.85443,992.01917,1.0,723.32916,1008.6625,1.0,696.9375,939.53357,1.0,706.1326,968.94305,1.0,713.71497,989.0989,1.0,720.63617,1005.1397,1.0,700.9703,940.26013,1.0,706.24695,964.86163,1.0,712.045,980.9465,1.0,717.60736,993.92944,1.0
0.0,0.0,0.0,0.0,0.0,0.0,0.0,0.0,0.0,0.0,0.0,0.0,0.0,0.0,0.0,0.0,0.0,0.0,0.0,0.0,0.0,0.0,0.0,0.0,0.0,0.0,0.0,0.0,0.0,0.0,0.0,0.0,0.0,0.0,0.0,0.0,0.0,0.0,0.0,0.0,0.0,0.0,0.0,0.0,0.0,0.0,0.0,0.0,0.0,0.0,0.0,0.0,0.0,0.0,0.0,0.0,0.0,0.0,0.0,0.0,0.0,0.0,0.0,0.0,0.0,0.0,0.0,0.0,0.0,0.0,0.0,0.0,0.0,0.0,0.0,0.0,0.0,0.0,0.0,0.0,0.0,0.0,0.0,0.0,0.0,0.0,0.0,0.0,0.0,0.0,0.0,0.0,0.0,0.0,0.0,0.0,0.0,0.0,0.0,0.0,0.0,0.0,0.0,0.0,0.0,0.0,0.0,0.0,0.0,0.0,0.0,0.0,0.0,0.0,0.0,0.0,0.0,0.0,0.0,0.0,0.0,0.0,0.0,0.0,0.0,0.0,0.0,0.0,0.0,0.0,0.0,0.0,0.0,0.0,0.0,0.0,0.0,0.0,0.0,0.0,0.0,0.0,0.0,0.0,0.0,0.0,0.0,0.0,0.0,0.0,0.0,0.0,0.0,0.0,0.0,0.0,0.0,0.0,0.0,0.0,0.0,0.0,0.0,0.0,0.0,0.0,0.0,0.0,0.0,0.0,0.0,0.0,0.0,0.0,0.0,0.0,0.0,0.0,0.0,0.0,0.0,0.0,0.0,0.0,0.0,0.0,0.0,0.0,0.0,0.0,0.0,0.0,0.0,0.0,0.0,0.0,0.0,0.0,0.0,0.0,0.0,0.0,0.0,0.0,0.0,0.0,0.0,0.0,0.0,0.0,931.5378,293.132,0.9982403,931.9629,461.14218,0.9996627,778.17175,457.6274,0.9996627,720.83014,682.5984,0.9765296,714.19934,876.1007,0.97896725,1085.754,464.65695,0.9997745,1142.1249,678.27954,0.9866101,1153.5437,870.0231,0.97180396,927.57935,938.02545,0.99466723,824.9292,938.8113,0.99546015,831.3822,1251.1665,0.22229207,821.0467,1602.3018,0.038299065,1030.2295,937.2396,0.99466723,1042.7954,1297.4446,0.14399433,1021.67914,1609.2322,0.016291644,903.0796,266.4283,0.9964539,962.3079,266.3689,0.9924525,872.34686,285.69165,0.99151754,982.84705,282.53104,0.99500763,994.2589,1722.4912,0.010417555,994.2589,1722.4912,0.010417555,1022.48126,1644.7043,0.008811451,843.84564,1717.3196,0.018423293,843.84564,1717.3196,0.018423293,821.1589,1647.1671,0.015311509,1156.476,878.19965,1.0,1132.1852,891.8152,1.0,1127.2402,917.6086,1.0,1128.0448,942.73724,1.0,1125.3229,962.95966,1.0,1157.6084,939.9575,1.0,1148.3301,973.6885,1.0,1139.94,992.0952,1.0,1133.704,1006.00104,1.0,1168.1934,941.9066,1.0,1158.8778,976.46515,1.0,1149.2603,995.7786,1.0,1141.2941,1010.93854,1.0,1171.4801,941.90405,1.0,1162.9894,973.9247,1.0,1154.0869,992.2273,1.0,1145.9963,1006.5505,1.0,1169.6212,941.32526,1.0,1162.845,968.17413,1.0,1155.4543,984.1029,1.0,1147.9792,996.02576,1.0,714.36456,876.33167,1.0,730.8989,890.8354,1.0,732.4683,913.322,1.0,730.2286,936.995,1.0,730.1646,956.59814,1.0,704.425,936.02936,1.0,713.8485,967.0425,1.0,721.58545,986.53357,1.0,727.38654,1002.60156,1.0,697.6701,938.9576,1.0,707.6161,970.5504,1.0,715.7269,991.851,1.0,722.99384,1008.6123,1.0,697.26825,939.98987,1.0,706.3682,969.0771,1.0,713.63855,989.0659,1.0,720.23676,1005.17664,1.0,701.45483,940.62756,1.0,706.7575,964.9846,1.0,712.3323,980.8545,1.0,717.70074,993.7504,1.0
0.0,0.0,0.0,0.0,0.0,0.0,0.0,0.0,0.0,0.0,0.0,0.0,0.0,0.0,0.0,0.0,0.0,0.0,0.0,0.0,0.0,0.0,0.0,0.0,0.0,0.0,0.0,0.0,0.0,0.0,0.0,0.0,0.0,0.0,0.0,0.0,0.0,0.0,0.0,0.0,0.0,0.0,0.0,0.0,0.0,0.0,0.0,0.0,0.0,0.0,0.0,0.0,0.0,0.0,0.0,0.0,0.0,0.0,0.0,0.0,0.0,0.0,0.0,0.0,0.0,0.0,0.0,0.0,0.0,0.0,0.0,0.0,0.0,0.0,0.0,0.0,0.0,0.0,0.0,0.0,0.0,0.0,0.0,0.0,0.0,0.0,0.0,0.0,0.0,0.0,0.0,0.0,0.0,0.0,0.0,0.0,0.0,0.0,0.0,0.0,0.0,0.0,0.0,0.0,0.0,0.0,0.0,0.0,0.0,0.0,0.0,0.0,0.0,0.0,0.0,0.0,0.0,0.0,0.0,0.0,0.0,0.0,0.0,0.0,0.0,0.0,0.0,0.0,0.0,0.0,0.0,0.0,0.0,0.0,0.0,0.0,0.0,0.0,0.0,0.0,0.0,0.0,0.0,0.0,0.0,0.0,0.0,0.0,0.0,0.0,0.0,0.0,0.0,0.0,0.0,0.0,0.0,0.0,0.0,0.0,0.0,0.0,0.0,0.0,0.0,0.0,0.0,0.0,0.0,0.0,0.0,0.0,0.0,0.0,0.0,0.0,0.0,0.0,0.0,0.0,0.0,0.0,0.0,0.0,0.0,0.0,0.0,0.0,0.0,0.0,0.0,0.0,0.0,0.0,0.0,0.0,0.0,0.0,0.0,0.0,0.0,0.0,0.0,0.0,0.0,0.0,0.0,0.0,0.0,0.0,931.7795,293.90823,0.9981853,932.2722,461.31906,0.9996538,778.4629,457.83432,0.9996538,721.19806,682.80896,0.9763265,714.5071,876.3438,0.9782468,1086.0815,464.80383,0.99977154,1142.0577,679.0571,0.98677963,1153.4144,871.01105,0.971662,927.61115,938.348,0.99468493,824.9447,939.0933,0.9954586,833.09,1250.5842,0.2174655,825.1818,1601.499,0.037560716,1030.2776,937.6027,0.99468493,1042.7866,1296.8688,0.14224017,1021.5978,1609.6787,0.016233593,903.66064,266.91934,0.9963309,962.5602,266.764,0.9922485,873.17004,285.90756,0.99118197,983.0856,282.7801,0.9948563,996.4606,1723.4034,0.010344866,996.4606,1723.4034,0.010344866,1022.18756,1645.6873,0.008793575,845.15356,1716.3134,0.018092992,845.15356,1716.3134,0.018092992,826.34283,1646.6455,0.015187688,1155.186,878.39813,1.0,1131.5731,892.30005,1.0,1127.0758,917.96497,1.0,1127.8993,943.092,1.0,1125.1155,963.3975,1.0,1157.4292,940.102,1.0,1148.6404,973.6266,1.0,1140.3452,992.1689,1.0,1134.0488,1006.19,1.0,1167.7743,942.1311,1.0,1158.941,976.4299,1.0,1149.5085,995.8431,1.0,1141.5397,1011.16425,1.0,1170.8796,942.25555,1.0,1162.9526,974.1593,1.0,1154.1149,992.42163,1.0,1146.0481,1006.76215,1.0,1168.9913,941.8381,1.0,1162.5961,968.6104,1.0,1155.3345,984.6038,1.0,1147.8578,996.6606,1.0,713.64844,876.1429,1.0,730.78357,890.25653,1.0,732.6799,912.76324,1.0,730.27185,936.7751,1.0,730.024,956.53436,1.0,704.14087,935.4938,1.0,713.60706,967.0919,1.0,721.53876,986.4582,1.0,727.4763,1002.3225,1.0,696.90845,938.4002,1.0,707.2051,970.36395,1.0,715.6239,991.8948,1.0,723.2656,1008.8503,1.0,696.13434,939.43915,1.0,705.83813,968.95856,1.0,713.4705,989.36383,1.0,720.6528,1005.8024,1.0,699.9644,940.2563,1.0,705.8304,965.0417,1.0,711.8641,981.212,1.0,717.8722,994.32355,1.0
0.0,0.0,0.0,0.0,0.0,0.0,0.0,0.0,0.0,0.0,0.0,0.0,0.0,0.0,0.0,0.0,0.0,0.0,0.0,0.0,0.0,0.0,0.0,0.0,0.0,0.0,0.0,0.0,0.0,0.0,0.0,0.0,0.0,0.0,0.0,0.0,0.0,0.0,0.0,0.0,0.0,0.0,0.0,0.0,0.0,0.0,0.0,0.0,0.0,0.0,0.0,0.0,0.0,0.0,0.0,0.0,0.0,0.0,0.0,0.0,0.0,0.0,0.0,0.0,0.0,0.0,0.0,0.0,0.0,0.0,0.0,0.0,0.0,0.0,0.0,0.0,0.0,0.0,0.0,0.0,0.0,0.0,0.0,0.0,0.0,0.0,0.0,0.0,0.0,0.0,0.0,0.0,0.0,0.0,0.0,0.0,0.0,0.0,0.0,0.0,0.0,0.0,0.0,0.0,0.0,0.0,0.0,0.0,0.0,0.0,0.0,0.0,0.0,0.0,0.0,0.0,0.0,0.0,0.0,0.0,0.0,0.0,0.0,0.0,0.0,0.0,0.0,0.0,0.0,0.0,0.0,0.0,0.0,0.0,0.0,0.0,0.0,0.0,0.0,0.0,0.0,0.0,0.0,0.0,0.0,0.0,0.0,0.0,0.0,0.0,0.0,0.0,0.0,0.0,0.0,0.0,0.0,0.0,0.0,0.0,0.0,0.0,0.0,0.0,0.0,0.0,0.0,0.0,0.0,0.0,0.0,0.0,0.0,0.0,0.0,0.0,0.0,0.0,0.0,0.0,0.0,0.0,0.0,0.0,0.0,0.0,0.0,0.0,0.0,0.0,0.0,0.0,0.0,0.0,0.0,0.0,0.0,0.0,0.0,0.0,0.0,0.0,0.0,0.0,0.0,0.0,0.0,0.0,0.0,0.0,932.9728,294.28595,0.9982328,932.5476,461.28656,0.9996552,778.81335,457.77533,0.9996552,721.3308,682.55206,0.97689885,714.5516,876.3496,0.97840446,1086.2819,464.7978,0.9997729,1142.017,679.15,0.98704535,1153.4042,871.2529,0.97196037,927.62933,938.2945,0.99471295,824.958,939.0026,0.9954834,833.4486,1250.4506,0.2179751,825.1381,1601.3065,0.03789343,1030.3007,937.58636,0.99471295,1042.8446,1296.8218,0.14482324,1020.87146,1611.0658,0.016722148,904.71075,267.2568,0.9964284,963.4363,267.21057,0.9924632,873.7153,285.99353,0.9913671,983.9521,283.05435,0.9949885,996.3568,1726.013,0.010637466,996.3568,1726.013,0.010637466,1019.3368,1647.2633,0.009030858,845.5279,1716.2272,0.018286845,845.5279,1716.2272,0.018286845,826.2098,1646.5476,0.015411204,1155.1351,878.96344,1.0,1131.3983,892.9123,1.0,1126.849,918.27515,1.0,1127.7919,943.22766,1.0,1125.1925,963.5503,1.0,1157.217,940.15314,1.0,1148.3805,973.92865,1.0,1140.1361,992.4602,1.0,1133.9303,1006.461,1.0,1167.7493,942.15546,1.0,1158.8717,976.65045,1.0,1149.3492,995.76025,1.0,1141.3893,1010.78864,1.0,1170.913,942.27057,1.0,1163.1138,974.3774,1.0,1154.2587,992.5466,1.0,1146.2092,1006.7264,1.0,1168.9335,941.935,1.0,1162.9088,968.95197,1.0,1155.6791,985.0236,1.0,1148.3635,997.0365,1.0,713.4117,876.4513,1.0,730.84796,890.646,1.0,732.4576,913.1678,1.0,730.1,937.0244,1.0,730.00543,956.41907,1.0,703.8135,935.47394,1.0,713.651,966.9028,1.0,721.7269,986.31683,1.0,727.66034,1002.26447,1.0,696.53784,938.5103,1.0,707.34186,970.3862,1.0,715.90784,991.7574,1.0,723.4732,1008.5053,1.0,695.9484,939.5539,1.0,706.0237,968.9591,1.0,713.9414,989.25854,1.0,721.10986,1005.4436,1.0,700.02673,940.33966,1.0,706.1035,964.9186,1.0,712.32294,981.029,1.0,718.2513,993.9722,1.0
0.0,0.0,0.0,0.0,0.0,0.0,0.0,0.0,0.0,0.0,0.0,0.0,0.0,0.0,0.0,0.0,0.0,0.0,0.0,0.0,0.0,0.0,0.0,0.0,0.0,0.0,0.0,0.0,0.0,0.0,0.0,0.0,0.0,0.0,0.0,0.0,0.0,0.0,0.0,0.0,0.0,0.0,0.0,0.0,0.0,0.0,0.0,0.0,0.0,0.0,0.0,0.0,0.0,0.0,0.0,0.0,0.0,0.0,0.0,0.0,0.0,0.0,0.0,0.0,0.0,0.0,0.0,0.0,0.0,0.0,0.0,0.0,0.0,0.0,0.0,0.0,0.0,0.0,0.0,0.0,0.0,0.0,0.0,0.0,0.0,0.0,0.0,0.0,0.0,0.0,0.0,0.0,0.0,0.0,0.0,0.0,0.0,0.0,0.0,0.0,0.0,0.0,0.0,0.0,0.0,0.0,0.0,0.0,0.0,0.0,0.0,0.0,0.0,0.0,0.0,0.0,0.0,0.0,0.0,0.0,0.0,0.0,0.0,0.0,0.0,0.0,0.0,0.0,0.0,0.0,0.0,0.0,0.0,0.0,0.0,0.0,0.0,0.0,0.0,0.0,0.0,0.0,0.0,0.0,0.0,0.0,0.0,0.0,0.0,0.0,0.0,0.0,0.0,0.0,0.0,0.0,0.0,0.0,0.0,0.0,0.0,0.0,0.0,0.0,0.0,0.0,0.0,0.0,0.0,0.0,0.0,0.0,0.0,0.0,0.0,0.0,0.0,0.0,0.0,0.0,0.0,0.0,0.0,0.0,0.0,0.0,0.0,0.0,0.0,0.0,0.0,0.0,0.0,0.0,0.0,0.0,0.0,0.0,0.0,0.0,0.0,0.0,0.0,0.0,0.0,0.0,0.0,0.0,0.0,0.0,933.18,294.62238,0.99818486,932.7571,461.2998,0.9996512,778.9877,457.79504,0.9996512,721.4368,682.4484,0.9768063,714.59375,876.2844,0.9776706,1086.5265,464.8046,0.99977016,1142.0385,679.1935,0.9869376,1153.3292,872.2194,0.97098887,927.779,938.2324,0.9947214,825.06354,938.8827,0.99549145,833.4229,1248.8488,0.21547341,824.53064,1600.6274,0.037697807,1030.4945,937.58215,0.9947214,1042.8383,1295.9215,0.14421627,1020.43695,1611.4165,0.016845006,905.135,267.46817,0.996324,963.7341,267.4386,0.99225575,874.3107,286.09137,0.9911175,984.43646,283.1671,0.9948425,996.32,1726.0167,0.010688062,996.32,1726.0167,0.010688062,1018.0155,1648.5835,0.009089446,845.1556,1714.3715,0.018198285,845.1556,1714.3715,0.018198285,825.2269,1646.2269,0.01535038,1155.424,878.23334,1.0,1131.4598,892.0122,1.0,1127.0094,918.125,1.0,1127.8951,943.04535,1.0,1125.2365,963.3087,1.0,1156.9926,940.28894,1.0,1148.3502,973.926,1.0,1140.1222,992.43164,1.0,1133.9775,1006.4641,1.0,1167.5714,942.14484,1.0,1158.9233,976.3864,1.0,1149.4365,995.54755,1.0,1141.4905,1010.5894,1.0,1170.8419,942.02106,1.0,1163.2035,973.83954,1.0,1154.4271,992.0281,1.0,1146.4083,1006.32806,1.0,1168.9626,941.302,1.0,1163.0494,968.1602,1.0,1155.8706,984.1537,1.0,1148.6086,996.1563,1.0,712.8654,876.4814,1.0,730.4608,890.20715,1.0,732.3502,912.5155,1.0,730.0919,936.3022,1.0,729.8797,955.9068,1.0,704.1888,935.2785,1.0,713.73926,966.2464,1.0,721.52905,985.80505,1.0,727.303,1001.8821,1.0,696.6086,938.3587,1.0,707.33905,969.72485,1.0,715.861,991.0626,1.0,723.5499,1008.0127,1.0,695.5458,939.6408,1.0,705.60565,968.76355,1.0,713.466,988.899,1.0,720.746,1005.3484,1.0,699.39844,940.43353,1.0,705.67065,964.8376,1.0,711.9771,980.7,1.0,718.0625,993.57794,1.0
