0,1,2,3,4,5,6,7,8,9,10,11,12,13,14,15,16,17,18,19,20,21,22,23,24,25,26,27,28,29,30,31,32,33,34,35,36,37,38,39,40,41,42,43,44,45,46,47,48,49,50,51,52,53,54,55,56,57,58,59,60,61,62,63,64,65,66,67,68,69,70,71,72,73,74,75,76,77,78,79,80,81,82,83,84,85,86,87,88,89,90,91,92,93,94,95,96,97,98,99,100,101,102,103,104,105,106,107,108,109,110,111,112,113,114,115,116,117,118,119,120,121,122,123,124,125,126,127,128,129,130,131,132,133,134,135,136,137,138,139,140,141,142,143,144,145,146,147,148,149,150,151,152,153,154,155,156,157,158,159,160,161,162,163,164,165,166,167,168,169,170,171,172,173,174,175,176,177,178,179,180,181,182,183,184,185,186,187,188,189,190,191,192,193,194,195,196,197,198,199,200,201,202,203,204,205,206,207,208,209,210,211,212,213,214,215,216,217,218,219,220,221,222,223,224,225,226,227,228,229,230,231,232,233,234,235,236,237,238,239,240,241,242,243,244,245,246,247,248,249,250,251,252,253,254,255,256,257,258,259,260,261,262,263,264,265,266,267,268,269,270,271,272,273,274,275,276,277,278,279,280,281,282,283,284,285,286,287,288,289,290,291,292,293,294,295,296,297,298,299,300,301,302,303,304,305,306,307,308,309,310,311,312,313,314,315,316,317,318,319,320,321,322,323,324,325,326,327,328,329,330,331,332,333,334,335,336,337,338,339,340,341,342,343,344,345,346,347,348,349,350,351,352,353,354,355,356,357,358,359,360,361,362,363,364,365,366,367,368,369,370,371,372,373,374,375,376,377,378,379,380,381,382,383,384,385,386,387,388,389,390,391,392,393,394,395,396,397,398,399,400,401,402,403,404,405,406,407,408,409,410
889.29663,257.82645,1.0,890.3605,270.42706,1.0,891.59906,283.45074,1.0,897.1005,305.21725,1.0,903.14703,318.75488,1.0,913.8622,332.85358,1.0,923.06885,339.8063,1.0,941.89246,348.5392,1.0,968.58026,351.7184,1.0,994.07104,346.34082,1.0,1010.4974,335.9853,1.0,1018.28876,328.26874,1.0,1026.9056,313.4516,1.0,1033.8408,292.14685,1.0,1035.77,277.80444,1.0,1036.0292,264.6387,1.0,1035.5922,251.94362,1.0,902.64294,237.64583,1.0,908.48584,231.45872,1.0,917.8848,227.22055,1.0,931.398,225.51866,1.0,947.6311,225.6722,1.0,979.9536,223.13467,1.0,995.5569,221.45486,1.0,1008.37695,222.17497,1.0,1017.579,226.02435,1.0,1023.1614,231.96858,1.0,965.0816,248.04184,1.0,965.9356,260.1254,1.0,966.6442,268.1183,1.0,967.0723,274.88885,1.0,954.4096,286.2763,1.0,958.8721,288.7183,1.0,966.8136,288.2427,1.0,974.33765,288.14355,1.0,978.5137,285.36655,1.0,917.0813,249.01483,1.0,923.55414,244.73163,1.0,934.2815,243.64288,1.0,945.78394,248.4311,1.0,936.3115,250.13025,1.0,926.41986,250.98334,1.0,981.6616,247.27826,1.0,992.5211,241.34636,1.0,1003.1112,241.66832,1.0,1009.2478,245.51978,1.0,1000.3341,248.11192,1.0,990.58044,248.11855,1.0,942.53766,314.02612,1.0,952.3475,304.99164,1.0,959.6579,301.7893,1.0,966.97455,302.72473,1.0,974.3574,301.40317,1.0,981.60736,304.31348,1.0,991.2348,313.14667,1.0,986.36383,317.0997,1.0,974.9441,321.0571,1.0,967.421,321.8145,1.0,960.0358,321.63147,1.0,948.1172,318.06604,1.0,944.76636,313.5544,1.0,961.4826,310.72186,1.0,966.98645,310.7181,1.0,972.97766,310.52597,1.0,989.0048,312.77203,1.0,973.1194,312.12454,1.0,967.2675,312.3166,1.0,961.4152,312.22653,1.0,930.10614,246.84308,1.0,996.56635,244.3529,1.0,965.8375,295.21082,0.99795306,971.5677,446.79437,0.9996171,814.6729,448.86832,0.9996171,768.9605,704.0624,0.96251076,777.17975,927.2415,0.9708543,1128.4624,444.7204,0.99980193,1185.1613,691.1048,0.98458546,1177.9803,916.8877,0.97068775,976.63684,955.5712,0.99366444,881.04877,955.2949,0.99451756,877.4865,1295.9916,0.27855116,857.9698,1659.7726,0.066389054,1072.2249,955.8475,0.99366444,1076.8832,1327.4226,0.21391352,1063.6365,1667.0851,0.036694374,927.84436,257.3198,0.99608976,996.86865,255.58705,0.9924415,904.8851,268.02383,0.9915138,1019.294,262.26334,0.9953961,1016.41113,1791.495,0.022874458,1016.41113,1791.495,0.022874458,1066.7742,1706.4005,0.016336279,875.34045,1781.1595,0.03325919,875.34045,1781.1595,0.03325919,858.3401,1707.8129,0.026674416,1177.0452,926.0609,1.0,1139.4191,939.04095,1.0,1121.628,970.06604,1.0,1114.3503,998.67883,1.0,1104.9968,1019.7758,1.0,1149.7352,1001.8512,1.0,1138.8396,1036.3818,1.0,1131.2856,1055.04,1.0,1125.56,1069.6666,1.0,1168.0852,1004.8474,1.0,1155.8612,1040.9149,1.0,1146.384,1061.652,1.0,1138.6731,1078.1938,1.0,1179.5654,1002.9078,1.0,1167.0145,1035.4578,1.0,1157.3804,1054.0785,1.0,1149.3074,1069.0531,1.0,1185.6885,998.7258,1.0,1173.692,1025.7582,1.0,1164.4993,1041.5255,1.0,1156.3495,1053.5397,1.0,771.5015,937.7493,1.0,811.39087,951.7291,1.0,830.7134,982.0882,1.0,839.8252,1012.1363,1.0,849.61957,1033.4781,1.0,801.5865,1018.8259,1.0,816.73956,1056.7905,1.0,825.20685,1077.5375,1.0,830.2583,1093.9124,1.0,780.24036,1022.023,1.0,799.30176,1059.7799,1.0,810.7952,1079.2904,1.0,817.6683,1094.979,1.0,766.62476,1019.4093,1.0,785.8329,1053.29,1.0,798.0674,1072.5107,1.0,806.015,1086.4348,1.0,759.4283,1015.126,1.0,776.73364,1043.0338,1.0,788.99945,1059.2682,1.0,798.4814,1071.1329,1.0
889.29663,257.82645,1.0,890.3605,270.42706,1.0,891.59906,283.45074,1.0,897.1005,305.21725,1.0,903.14703,318.75488,1.0,913.8622,332.85358,1.0,923.06885,339.8063,1.0,941.89246,348.5392,1.0,968.58026,351.7184,1.0,994.07104,346.34082,1.0,1010.4974,335.9853,1.0,1018.28876,328.26874,1.0,1026.9056,313.4516,1.0,1033.8408,292.14685,1.0,1035.77,277.80444,1.0,1036.0292,264.6387,1.0,1035.5922,251.94362,1.0,902.64294,237.64583,1.0,908.48584,231.45872,1.0,917.8848,227.22055,1.0,931.398,225.51866,1.0,947.6311,225.6722,1.0,979.9536,223.13467,1.0,995.5569,221.45486,1.0,1008.37695,222.17497,1.0,1017.579,226.02435,1.0,1023.1614,231.96858,1.0,965.0816,248.04184,1.0,965.9356,260.1254,1.0,966.6442,268.1183,1.0,967.0723,274.88885,1.0,954.4096,286.2763,1.0,958.8721,288.7183,1.0,966.8136,288.2427,1.0,974.33765,288.14355,1.0,978.5137,285.36655,1.0,917.0813,249.01483,1.0,923.55414,244.73163,1.0,934.2815,243.64288,1.0,945.78394,248.4311,1.0,936.3115,250.13025,1.0,926.41986,250.98334,1.0,981.6616,247.27826,1.0,992.5211,241.34636,1.0,1003.1112,241.66832,1.0,1009.2478,245.51978,1.0,1000.3341,248.11192,1.0,990.58044,248.11855,1.0,942.53766,314.02612,1.0,952.3475,304.99164,1.0,959.6579,301.7893,1.0,966.97455,302.72473,1.0,974.3574,301.40317,1.0,981.60736,304.31348,1.0,991.2348,313.14667,1.0,986.36383,317.0997,1.0,974.9441,321.0571,1.0,967.421,321.8145,1.0,960.0358,321.63147,1.0,948.1172,318.06604,1.0,944.76636,313.5544,1.0,961.4826,310.72186,1.0,966.98645,310.7181,1.0,972.97766,310.52597,1.0,989.0048,312.77203,1.0,973.1194,312.12454,1.0,967.2675,312.3166,1.0,961.4152,312.22653,1.0,930.10614,246.84308,1.0,996.56635,244.3529,1.0,965.04785,295.15308,0.99787873,971.5628,446.74536,0.99961334,814.67126,448.70587,0.99961334,768.3831,704.065,0.9640438,776.83496,927.5312,0.9721411,1128.4543,444.78488,0.999795,1184.894,691.14905,0.9852001,1177.9708,916.8861,0.9710478,976.34406,955.8619,0.993639,880.45526,955.35474,0.99453974,876.0888,1296.3755,0.2818911,858.14197,1661.7235,0.06713312,1072.2329,956.36896,0.993639,1077.06,1328.1805,0.21192838,1063.6049,1669.2302,0.037249487,927.8433,257.1745,0.99593174,996.1725,255.57324,0.99213207,904.70435,267.95938,0.99125946,1019.1958,262.25388,0.9951975,1017.307,1794.4546,0.023076292,1017.307,1794.4546,0.023076292,1066.6978,1710.142,0.016596822,875.1097,1783.5289,0.033596408,875.1097,1783.5289,0.033596408,859.17725,1711.3247,0.02726595,1175.464,927.49945,1.0,1138.4733,939.3624,1.0,1121.1338,969.83514,1.0,1114.1709,998.45056,1.0,1105.934,1019.1356,1.0,1148.1565,1002.20966,1.0,1138.4683,1036.299,1.0,1131.4451,1054.8508,1.0,1126.0533,1069.1913,1.0,1166.9187,1005.31854,1.0,1156.4838,1041.0138,1.0,1147.437,1060.8973,1.0,1139.995,1076.2863,1.0,1178.703,1003.26074,1.0,1167.4423,1035.8848,1.0,1157.5253,1053.0197,1.0,1148.8328,1066.5114,1.0,1184.6643,998.6267,1.0,1173.2465,1025.7087,1.0,1163.8851,1040.7184,1.0,1155.5079,1051.9204,1.0,770.8589,938.3368,1.0,810.67426,950.3101,1.0,829.9482,980.2112,1.0,838.40344,1011.01556,1.0,848.57526,1032.8367,1.0,800.1506,1017.69684,1.0,816.43353,1057.0256,1.0,825.85803,1078.4875,1.0,831.39764,1095.3679,1.0,779.29596,1021.22504,1.0,799.8382,1060.4257,1.0,812.3767,1081.0306,1.0,819.6557,1097.8096,1.0,766.53394,1019.01416,1.0,787.544,1054.2291,1.0,801.0034,1074.3649,1.0,809.1101,1089.4075,1.0,760.59595,1015.36316,1.0,779.056,1044.3877,1.0,792.71844,1061.2029,1.0,802.59607,1073.6691,1.0
889.29663,257.82645,1.0,890.3605,270.42706,1.0,891.59906,283.45074,1.0,897.1005,305.21725,1.0,903.14703,318.75488,1.0,913.8622,332.85358,1.0,923.06885,339.8063,1.0,941.89246,348.5392,1.0,968.58026,351.7184,1.0,994.07104,346.34082,1.0,1010.4974,335.9853,1.0,1018.28876,328.26874,1.0,1026.9056,313.4516,1.0,1033.8408,292.14685,1.0,1035.77,277.80444,1.0,1036.0292,264.6387,1.0,1035.5922,251.94362,1.0,902.64294,237.64583,1.0,908.48584,231.45872,1.0,917.8848,227.22055,1.0,931.398,225.51866,1.0,947.6311,225.6722,1.0,979.9536,223.13467,1.0,995.5569,221.45486,1.0,1008.37695,222.17497,1.0,1017.579,226.02435,1.0,1023.1614,231.96858,1.0,965.0816,248.04184,1.0,965.9356,260.1254,1.0,966.6442,268.1183,1.0,967.0723,274.88885,1.0,954.4096,286.2763,1.0,958.8721,288.7183,1.0,966.8136,288.2427,1.0,974.33765,288.14355,1.0,978.5137,285.36655,1.0,917.0813,249.01483,1.0,923.55414,244.73163,1.0,934.2815,243.64288,1.0,945.78394,248.4311,1.0,936.3115,250.13025,1.0,926.41986,250.98334,1.0,981.6616,247.27826,1.0,992.5211,241.34636,1.0,1003.1112,241.66832,1.0,1009.2478,245.51978,1.0,1000.3341,248.11192,1.0,990.58044,248.11855,1.0,942.53766,314.02612,1.0,952.3475,304.99164,1.0,959.6579,301.7893,1.0,966.97455,302.72473,1.0,974.3574,301.40317,1.0,981.60736,304.31348,1.0,991.2348,313.14667,1.0,986.36383,317.0997,1.0,974.9441,321.0571,1.0,967.421,321.8145,1.0,960.0358,321.63147,1.0,948.1172,318.06604,1.0,944.76636,313.5544,1.0,961.4826,310.72186,1.0,966.98645,310.7181,1.0,972.97766,310.52597,1.0,989.0048,312.77203,1.0,973.1194,312.12454,1.0,967.2675,312.3166,1.0,961.4152,312.22653,1.0,930.10614,246.84308,1.0,996.56635,244.3529,1.0,964.1239,295.12466,0.99792475,971.5526,446.74753,0.999621,814.6542,448.70728,0.999621,768.28796,704.3121,0.9662492,776.5559,927.7019,0.9739561,1128.451,444.78778,0.9997977,1184.7145,691.1884,0.9860608,1177.9373,916.8304,0.97257406,976.27655,955.9345,0.9937218,880.31793,955.4232,0.99464065,876.12354,1296.6187,0.29644763,858.2468,1664.6764,0.07177777,1072.2352,956.4458,0.9937218,1077.0527,1328.7404,0.22020777,1063.605,1670.5383,0.039489232,927.83777,257.04053,0.99601257,995.00073,255.54247,0.99230194,904.5529,267.921,0.99147964,1018.92676,262.24643,0.99531555,1017.284,1796.1638,0.024438698,1017.284,1796.1638,0.024438698,1066.6799,1711.8167,0.017356288,874.33484,1785.2759,0.03609285,874.33484,1785.2759,0.03609285,859.3665,1715.9642,0.02903252,1175.5508,927.9774,1.0,1138.6127,939.20306,1.0,1121.213,969.3777,1.0,1114.2245,998.2319,1.0,1106.2266,1019.178,1.0,1148.63,1002.46936,1.0,1138.7134,1036.2408,1.0,1131.643,1054.6238,1.0,1126.2358,1068.826,1.0,1167.3634,1005.2473,1.0,1156.6223,1040.3329,1.0,1147.5146,1059.8992,1.0,1140.015,1075.2126,1.0,1179.0822,1002.872,1.0,1167.6531,1034.8857,1.0,1157.598,1051.8634,1.0,1149.057,1065.2881,1.0,1185.1154,997.9835,1.0,1173.798,1024.8307,1.0,1164.407,1039.7603,1.0,1155.9065,1050.9559,1.0,770.8027,938.4283,1.0,810.7292,950.29095,1.0,829.935,980.1197,1.0,838.3308,1011.0557,1.0,848.57007,1032.8387,1.0,799.9615,1017.87866,1.0,816.4792,1057.39,1.0,825.9746,1078.8474,1.0,831.5896,1095.7833,1.0,779.2183,1021.4552,1.0,799.8465,1060.7195,1.0,812.59955,1081.3022,1.0,819.9302,1097.93,1.0,766.4276,1019.1662,1.0,787.5951,1054.4297,1.0,801.2707,1074.5428,1.0,809.3709,1089.5098,1.0,760.7489,1015.4022,1.0,779.1063,1044.6378,1.0,792.92206,1061.4684,1.0,802.73254,1073.8988,1.0
889.06903,257.73935,1.0,890.10626,270.37662,1.0,891.30774,283.48413,1.0,896.8337,305.30402,1.0,902.98486,318.79642,1.0,913.79565,332.78415,1.0,922.99396,339.73373,1.0,941.76984,348.4578,1.0,968.38214,351.65152,1.0,993.8763,346.2223,1.0,1010.29425,335.8191,1.0,1018.07745,328.09354,1.0,1026.6992,313.31052,1.0,1033.7213,292.00644,1.0,1035.6295,277.64032,1.0,1035.8684,264.4369,1.0,1035.4585,251.75177,1.0,902.4245,237.36734,1.0,908.3065,231.0633,1.0,917.77246,226.6987,1.0,931.35864,224.91577,1.0,947.62286,225.08156,1.0,979.6551,222.67027,1.0,995.21704,221.05742,1.0,1008.0449,221.88663,1.0,1017.30426,225.84113,1.0,1022.8985,231.80777,1.0,964.9317,247.78738,1.0,965.75836,259.9153,1.0,966.4099,267.93518,1.0,966.80206,274.70874,1.0,954.10443,286.1261,1.0,958.54944,288.5662,1.0,966.5174,288.11618,1.0,974.0913,288.0116,1.0,978.2184,285.2148,1.0,916.6313,248.74797,1.0,923.26227,244.28516,1.0,934.22546,243.18779,1.0,945.6955,248.1901,1.0,936.1518,249.94391,1.0,926.09393,250.78903,1.0,981.4488,247.05917,1.0,992.34955,240.9128,1.0,1003.1311,241.227,1.0,1009.2779,245.3114,1.0,1000.2249,247.98984,1.0,990.42004,247.972,1.0,942.15314,313.8974,1.0,952.0236,304.8831,1.0,959.3791,301.67404,1.0,966.7005,302.60483,1.0,974.13135,301.27734,1.0,981.4358,304.21524,1.0,991.1744,313.07697,1.0,986.21423,317.03546,1.0,974.702,320.97153,1.0,967.08356,321.7348,1.0,959.71796,321.55676,1.0,947.76483,317.96664,1.0,944.4056,313.45526,1.0,961.1948,310.57816,1.0,966.7243,310.53912,1.0,972.7182,310.37408,1.0,988.9893,312.70355,1.0,972.90967,312.09875,1.0,967.00885,312.2951,1.0,961.1072,312.2092,1.0,930.05396,246.53363,1.0,996.4487,244.07472,1.0,963.52545,295.08136,0.99789166,971.5615,446.73276,0.99962217,814.672,448.69098,0.99962217,768.24384,704.39746,0.9677554,776.41833,927.8839,0.9751595,1128.451,444.77454,0.9997956,1184.467,691.4311,0.9865903,1177.8972,916.84,0.97329503,975.7717,955.9651,0.9937351,879.3966,955.4558,0.994688,874.92377,1296.9252,0.29652947,858.28687,1667.1115,0.071720265,1072.1469,956.4744,0.9937351,1075.8121,1328.9653,0.21490885,1062.364,1671.0905,0.038905606,927.81744,256.9598,0.99591887,994.354,255.4871,0.9921158,904.3524,267.8913,0.99129486,1018.7351,262.21335,0.99519056,1017.3545,1796.8838,0.024043683,1017.3545,1796.8838,0.024043683,1064.8851,1712.8641,0.017181013,874.661,1787.3145,0.03598483,874.661,1787.3145,0.03598483,859.4683,1719.2509,0.029173702,1175.3081,928.0225,1.0,1138.2979,939.07227,1.0,1121.5537,970.0752,1.0,1114.2009,998.84656,1.0,1105.7365,1019.46234,1.0,1148.9921,1002.30896,1.0,1138.5416,1036.6345,1.0,1131.3738,1055.1771,1.0,1126.1388,1069.2307,1.0,1167.5942,1004.6146,1.0,1156.3077,1040.4327,1.0,1147.3038,1060.2731,1.0,1140.1556,1075.7264,1.0,1179.2184,1001.97015,1.0,1167.5361,1033.9558,1.0,1157.7485,1050.9702,1.0,1149.5266,1064.3446,1.0,1185.1593,996.72394,1.0,1173.8792,1023.18713,1.0,1164.8035,1037.6995,1.0,1156.5457,1048.4098,1.0,770.74506,938.52,1.0,810.72614,950.9976,1.0,829.86786,980.8986,1.0,838.3538,1011.59644,1.0,848.6674,1032.9208,1.0,799.6045,1017.5939,1.0,816.53735,1056.6359,1.0,826.1238,1077.7716,1.0,831.8453,1094.5139,1.0,778.9211,1021.35724,1.0,799.85046,1060.3112,1.0,812.4841,1080.5311,1.0,819.77026,1096.8628,1.0,766.28577,1019.31287,1.0,787.2743,1054.3219,1.0,800.6557,1074.3408,1.0,808.8812,1089.2169,1.0,760.3422,1015.7118,1.0,778.6685,1044.7324,1.0,792.2843,1061.6279,1.0,802.2558,1074.207,1.0
888.84143,257.65228,1.0,889.8521,270.32617,1.0,891.0164,283.51752,1.0,896.56683,305.39078,1.0,902.82263,318.83795,1.0,913.72906,332.7147,1.0,922.919,339.66116,1.0,941.6473,348.37634,1.0,968.18396,351.58463,1.0,993.6816,346.10376,1.0,1010.0911,335.6529,1.0,1017.8662,327.91833,1.0,1026.4928,313.16946,1.0,1033.6019,291.866,1.0,1035.489,277.47623,1.0,1035.7076,264.23508,1.0,1035.3247,251.55994,1.0,902.2061,237.08884,1.0,908.12726,230.66786,1.0,917.6601,226.17683,1.0,931.3193,224.31288,1.0,947.6147,224.4909,1.0,979.3566,222.20587,1.0,994.8772,220.65996,1.0,1007.7129,221.5983,1.0,1017.02954,225.65791,1.0,1022.63556,231.64697,1.0,964.78186,247.53293,1.0,965.5811,259.70523,1.0,966.17554,267.75208,1.0,966.53174,274.5286,1.0,953.79926,285.9759,1.0,958.2268,288.4141,1.0,966.2211,287.98962,1.0,973.8449,287.87964,1.0,977.9231,285.0631,1.0,916.1812,248.48111,1.0,922.9704,243.8387,1.0,934.1695,242.7327,1.0,945.607,247.94907,1.0,935.992,249.75755,1.0,925.76794,250.59473,1.0,981.23596,246.84009,1.0,992.178,240.47923,1.0,1003.151,240.78569,1.0,1009.3079,245.10304,1.0,1000.1157,247.86775,1.0,990.25964,247.82544,1.0,941.76855,313.76868,1.0,951.69977,304.77454,1.0,959.1002,301.55878,1.0,966.4265,302.4849,1.0,973.9053,301.15155,1.0,981.26416,304.11697,1.0,991.114,313.00726,1.0,986.06464,316.97122,1.0,974.4599,320.88596,1.0,966.7461,321.6551,1.0,959.4,321.48203,1.0,947.4125,317.86725,1.0,944.04474,313.35608,1.0,960.90704,310.43445,1.0,966.4621,310.3601,1.0,972.4587,310.22223,1.0,988.9739,312.6351,1.0,972.7,312.07297,1.0,966.75024,312.27362,1.0,960.7992,312.19186,1.0,930.0018,246.2242,1.0,996.3311,243.79655,1.0,963.19507,295.0902,0.9979581,971.57153,446.72403,0.9996292,814.69214,448.6906,0.9996292,768.2265,704.4919,0.96996677,776.4048,927.90356,0.97677916,1128.4509,444.75745,0.9998013,1184.3595,691.4622,0.98740107,1177.8519,916.8238,0.974892,975.617,955.9433,0.99385947,879.38165,955.4373,0.9947927,873.7197,1296.926,0.31225717,856.183,1667.09,0.07725923,1071.8524,956.44934,0.99385947,1075.1589,1328.976,0.23075984,1058.6847,1671.0892,0.042655814,927.7977,256.9567,0.9960369,993.902,255.51855,0.9923699,904.2332,267.88913,0.99156034,1018.52075,262.22217,0.99537224,1015.26434,1797.137,0.02632924,1015.26434,1797.137,0.02632924,1059.8999,1712.83,0.018279659,873.76117,1788.3254,0.03878119,873.76117,1788.3254,0.03878119,856.722,1719.1759,0.03083406,1175.4491,927.2202,1.0,1138.2476,938.8219,1.0,1121.5338,969.90704,1.0,1114.2108,998.6475,1.0,1105.7253,1019.2987,1.0,1149.095,1001.9371,1.0,1138.7102,1036.1868,1.0,1131.633,1054.8047,1.0,1126.3357,1068.9376,1.0,1167.8414,1004.16205,1.0,1156.6202,1039.9723,1.0,1147.7645,1060.0005,1.0,1140.5487,1075.6382,1.0,1179.6606,1001.3535,1.0,1168.0315,1033.269,1.0,1158.4086,1050.222,1.0,1150.2816,1063.4233,1.0,1185.592,995.9483,1.0,1174.36,1022.14825,1.0,1165.381,1036.5237,1.0,1157.2671,1047.068,1.0,771.0318,938.42816,1.0,810.9379,950.7918,1.0,830.01654,980.74207,1.0,838.5508,1011.4524,1.0,848.47034,1033.0997,1.0,799.5784,1017.7311,1.0,816.4791,1056.5636,1.0,826.1616,1077.4357,1.0,832.12604,1093.7682,1.0,778.7484,1021.3186,1.0,799.8445,1060.116,1.0,812.64545,1080.1775,1.0,820.182,1096.2084,1.0,765.8602,1019.01215,1.0,787.1796,1054.0017,1.0,800.7257,1073.8651,1.0,809.07184,1088.5345,1.0,759.76886,1015.0849,1.0,778.2097,1043.8551,1.0,792.07404,1060.6687,1.0,802.2375,1073.0808,1.0
888.61383,257.56522,1.0,889.59796,270.27573,1.0,890.7251,283.55087,1.0,896.30005,305.47754,1.0,902.6604,318.8795,1.0,913.6625,332.64523,1.0,922.8441,339.5886,1.0,941.52466,348.29492,1.0,967.98584,351.51773,1.0,993.4868,345.9852,1.0,1009.888,335.48672,1.0,1017.6549,327.74313,1.0,1026.2864,313.02838,1.0,1033.4825,291.7256,1.0,1035.3485,277.3121,1.0,1035.5469,264.03326,1.0,1035.1909,251.3681,1.0,901.9877,236.81033,1.0,907.94794,230.27243,1.0,917.54767,225.65498,1.0,931.2799,223.70999,1.0,947.60645,223.90027,1.0,979.05817,221.74146,1.0,994.53735,220.26251,1.0,1007.3808,221.30997,1.0,1016.7548,225.47469,1.0,1022.3727,231.48616,1.0,964.63196,247.27847,1.0,965.4038,259.49518,1.0,965.9412,267.56897,1.0,966.2615,274.34845,1.0,953.4941,285.82568,1.0,957.9042,288.26196,1.0,965.9249,287.8631,1.0,973.5985,287.74768,1.0,977.62775,284.91138,1.0,915.7312,248.21423,1.0,922.6786,243.39223,1.0,934.1135,242.27762,1.0,945.5185,247.70804,1.0,935.8323,249.5712,1.0,925.442,250.4004,1.0,981.0232,246.621,1.0,992.00635,240.04567,1.0,1003.17084,240.34438,1.0,1009.33795,244.89467,1.0,1000.00653,247.74565,1.0,990.09924,247.67888,1.0,941.38403,313.63995,1.0,951.3759,304.666,1.0,958.8214,301.44354,1.0,966.15247,302.36496,1.0,973.67914,301.02573,1.0,981.0926,304.01874,1.0,991.0536,312.93753,1.0,985.915,316.90698,1.0,974.21783,320.8004,1.0,966.4086,321.57535,1.0,959.08215,321.40732,1.0,947.0602,317.76785,1.0,943.68396,313.25693,1.0,960.61926,310.29074,1.0,966.19995,310.18112,1.0,972.1992,310.07034,1.0,988.9584,312.56662,1.0,972.4903,312.04715,1.0,966.4916,312.2521,1.0,960.49115,312.17453,1.0,929.94965,245.91476,1.0,996.21344,243.51839,1.0,963.0447,295.15622,0.99787784,971.58417,446.7175,0.9996237,814.7007,448.683,0.9996237,768.1878,704.6658,0.97145116,776.3802,928.41925,0.9778912,1128.4677,444.752,0.9997974,1184.1824,691.52985,0.9878548,1177.7765,916.8193,0.97542715,975.3672,956.1218,0.9938801,879.01056,955.4828,0.9948342,870.4462,1296.5168,0.3178266,855.7793,1666.3312,0.07974585,1071.7239,956.76086,0.9938801,1074.4392,1330.4453,0.23762509,1056.2316,1671.7681,0.044498943,927.79663,256.95755,0.9958968,993.74255,255.58957,0.99210405,904.09955,267.88824,0.99136746,1018.3413,262.2452,0.9952485,1011.78107,1798.9089,0.027291149,1011.78107,1798.9089,0.027291149,1057.8323,1712.8844,0.018894002,873.1387,1788.19,0.039936133,873.1387,1788.19,0.039936133,856.64435,1717.8959,0.031835224,1175.5864,927.0574,1.0,1138.261,938.63385,1.0,1121.6936,969.8534,1.0,1114.3954,998.81335,1.0,1105.5504,1019.49115,1.0,1149.1439,1002.39496,1.0,1138.6365,1036.5458,1.0,1131.4875,1054.9285,1.0,1126.2445,1068.7943,1.0,1168.0245,1004.4681,1.0,1156.6971,1040.0588,1.0,1147.7203,1059.725,1.0,1140.5072,1074.9852,1.0,1179.7667,1001.42194,1.0,1168.1643,1032.9973,1.0,1158.4634,1049.6844,1.0,1150.3137,1062.6458,1.0,1185.5996,995.7843,1.0,1174.5732,1021.6513,1.0,1165.5679,1035.8235,1.0,1157.4972,1046.0654,1.0,771.5155,938.3147,1.0,811.01794,951.0629,1.0,829.7834,980.80524,1.0,838.4566,1011.40106,1.0,848.3679,1033.0519,1.0,799.635,1017.8427,1.0,816.3887,1056.4828,1.0,825.71967,1077.3647,1.0,831.2489,1093.8822,1.0,778.89,1021.2923,1.0,799.8235,1059.8531,1.0,812.1263,1079.8923,1.0,819.08887,1096.134,1.0,766.3058,1018.812,1.0,787.1405,1053.6143,1.0,800.40295,1073.5042,1.0,808.36774,1088.1952,1.0,760.11084,1014.87213,1.0,778.1861,1043.5098,1.0,791.7719,1060.254,1.0,801.7584,1072.5746,1.0
888.67773,257.70325,1.0,889.65533,270.44397,1.0,890.72906,283.7494,1.0,896.15265,305.7066,1.0,902.4354,319.07733,1.0,913.3824,332.79718,1.0,922.55896,339.6478,1.0,941.18616,348.29492,1.0,967.6422,351.4295,1.0,993.18976,345.90353,1.0,1009.6413,335.47275,1.0,1017.4115,327.76324,1.0,1026.0264,313.05225,1.0,1033.1632,291.785,1.0,1034.9899,277.35797,1.0,1035.2417,264.09625,1.0,1034.9388,251.43233,1.0,902.0363,236.66362,1.0,908.04535,230.04146,1.0,917.69275,225.37964,1.0,931.4244,223.43028,1.0,947.7259,223.64012,1.0,979.0123,221.4815,1.0,994.3977,220.0301,1.0,1007.1929,221.1198,1.0,1016.56384,225.32552,1.0,1022.17804,231.36902,1.0,964.6213,247.06708,1.0,965.3404,259.32193,1.0,965.87366,267.42633,1.0,966.14404,274.25232,1.0,953.4886,285.7721,1.0,957.827,288.1779,1.0,965.75397,287.74976,1.0,973.2874,287.66785,1.0,977.22473,284.833,1.0,915.65643,248.14035,1.0,922.6517,243.24199,1.0,934.0858,242.09882,1.0,945.44025,247.54713,1.0,935.8241,249.47041,1.0,925.4349,250.34415,1.0,980.87146,246.40602,1.0,991.90326,239.8182,1.0,1003.0202,240.19807,1.0,1009.1847,244.84346,1.0,999.8527,247.67624,1.0,989.9463,247.54437,1.0,941.34216,313.58044,1.0,951.31396,304.51575,1.0,958.73676,301.2327,1.0,966.02,302.15585,1.0,973.49994,300.78726,1.0,980.8181,303.81326,1.0,990.5878,312.82794,1.0,985.63385,316.82672,1.0,974.0291,320.74814,1.0,966.2668,321.48972,1.0,959.0109,321.3198,1.0,946.9923,317.70926,1.0,943.6187,313.16666,1.0,960.52997,310.11072,1.0,966.0634,309.97116,1.0,972.01575,309.89328,1.0,988.53955,312.4565,1.0,972.3059,311.90134,1.0,966.35425,312.10474,1.0,960.40106,312.02567,1.0,929.89746,245.7817,1.0,996.10834,243.35431,1.0,962.97845,295.14584,0.99780554,971.5827,446.5519,0.9996215,814.6997,448.45923,0.9996215,768.17285,704.60065,0.97298884,776.31134,928.4122,0.9790409,1128.4657,444.64456,0.9997933,1184.0968,691.5985,0.98817074,1177.7374,916.70044,0.97573113,975.0176,955.8716,0.99384075,878.4998,955.1901,0.9948388,870.4913,1296.5273,0.32124186,856.05457,1667.4937,0.08171829,1071.5354,956.55304,0.99384075,1073.448,1330.1223,0.23924868,1054.3451,1672.3948,0.045438964,927.79767,256.8701,0.9957538,993.6611,255.5881,0.99177355,903.9889,267.84412,0.9911405,1018.0821,262.24628,0.9950723,1011.1963,1799.6721,0.027772104,1011.1963,1799.6721,0.027772104,1055.248,1713.7642,0.019191056,873.73804,1789.9789,0.040810175,873.73804,1789.9789,0.040810175,856.9947,1718.8733,0.032483898,1174.9341,926.7972,1.0,1138.1053,939.0075,1.0,1121.679,970.0683,1.0,1114.1368,999.0021,1.0,1105.1742,1019.5887,1.0,1149.0588,1002.3241,1.0,1138.4783,1036.6123,1.0,1131.3446,1054.8815,1.0,1126.0392,1068.7418,1.0,1167.9266,1004.3187,1.0,1156.3832,1040.1619,1.0,1147.3625,1059.6473,1.0,1140.1704,1074.7239,1.0,1179.8352,1001.1473,1.0,1168.0446,1032.7128,1.0,1158.4116,1049.3239,1.0,1150.3428,1062.1047,1.0,1185.8276,995.319,1.0,1174.7052,1020.91736,1.0,1165.6724,1034.7383,1.0,1157.5499,1044.8098,1.0,771.41205,938.2709,1.0,810.97675,950.9728,1.0,829.76575,980.9795,1.0,838.44867,1011.5268,1.0,848.33057,1033.16,1.0,800.03656,1017.8449,1.0,816.4185,1056.557,1.0,825.5786,1077.3682,1.0,830.82697,1093.8604,1.0,779.1929,1021.29755,1.0,799.8838,1059.9298,1.0,812.0931,1080.0056,1.0,818.91425,1096.2465,1.0,766.3688,1018.80914,1.0,787.1041,1053.6056,1.0,800.18304,1073.3721,1.0,808.1355,1087.95,1.0,759.918,1014.81836,1.0,777.6918,1043.2708,1.0,791.44037,1059.7909,1.0,801.41473,1071.9761,1.0
888.74164,257.84128,1.0,889.71265,270.6122,1.0,890.733,283.9479,1.0,896.0052,305.93567,1.0,902.21045,319.27518,1.0,913.10236,332.94916,1.0,922.2738,339.70703,1.0,940.8476,348.29492,1.0,967.2986,351.34128,1.0,992.89264,345.82187,1.0,1009.3946,335.4588,1.0,1017.168,327.78336,1.0,1025.7664,313.07608,1.0,1032.8439,291.84445,1.0,1034.6312,277.40387,1.0,1034.9365,264.15927,1.0,1034.6868,251.49655,1.0,902.08496,236.51692,1.0,908.1428,229.8105,1.0,917.8378,225.1043,1.0,931.5689,223.15056,1.0,947.8453,223.37999,1.0,978.96655,221.22154,1.0,994.25806,219.7977,1.0,1007.0049,220.92964,1.0,1016.37286,225.17633,1.0,1021.98346,231.25189,1.0,964.6106,246.8557,1.0,965.2769,259.14868,1.0,965.8061,267.2837,1.0,966.0266,274.15616,1.0,953.4831,285.71848,1.0,957.7499,288.0938,1.0,965.583,287.63644,1.0,972.9763,287.58804,1.0,976.82166,284.75464,1.0,915.58167,248.06647,1.0,922.62476,243.09175,1.0,934.05804,241.92003,1.0,945.362,247.38623,1.0,935.816,249.36961,1.0,925.4277,250.28787,1.0,980.7197,246.19102,1.0,991.8002,239.59076,1.0,1002.8695,240.05179,1.0,1009.0314,244.79227,1.0,999.6989,247.60681,1.0,989.7934,247.40985,1.0,941.30035,313.52094,1.0,951.252,304.36548,1.0,958.6521,301.02185,1.0,965.8876,301.94675,1.0,973.3207,300.5488,1.0,980.54364,303.6078,1.0,990.1221,312.71838,1.0,985.3527,316.7465,1.0,973.8404,320.6959,1.0,966.1249,321.40405,1.0,958.93964,321.23227,1.0,946.92444,317.65067,1.0,943.55347,313.0764,1.0,960.4407,309.9307,1.0,965.92694,309.7612,1.0,971.8323,309.71625,1.0,988.12067,312.34637,1.0,972.12146,311.7555,1.0,966.2169,311.95737,1.0,960.3109,311.87677,1.0,929.8453,245.64864,1.0,996.00323,243.19023,1.0,962.81116,295.06354,0.99775875,971.6301,446.50464,0.99961954,814.76324,448.37677,0.99961954,768.1631,704.5986,0.97433674,776.493,928.39526,0.9799453,1128.497,444.63254,0.9997918,1183.9325,691.6938,0.9885568,1177.6914,916.70526,0.97614413,974.7512,955.8039,0.9938925,878.2819,955.0069,0.99487,870.718,1295.5029,0.31911016,856.9484,1663.1709,0.08136835,1071.2206,956.6009,0.9938925,1074.0881,1329.2261,0.24229482,1054.4296,1671.7996,0.046196043,927.80493,256.7444,0.99564415,993.4335,255.5493,0.99157923,903.91034,267.71848,0.9909362,1017.93225,262.225,0.9949921,1016.7428,1799.2662,0.028121086,1016.7428,1799.2662,0.028121086,1054.677,1713.0123,0.019627383,875.32056,1787.1211,0.040482957,875.32056,1787.1211,0.040482957,857.8011,1713.6337,0.03253163,1175.2168,926.6491,1.0,1138.0488,939.3988,1.0,1121.4619,970.4936,1.0,1113.8474,999.78217,1.0,1104.7572,1020.58746,1.0,1149.227,1002.6174,1.0,1138.7021,1037.0502,1.0,1131.489,1054.9773,1.0,1125.9429,1068.4875,1.0,1168.1709,1004.34,1.0,1156.4237,1040.4371,1.0,1147.3252,1059.6302,1.0,1139.9755,1074.2548,1.0,1180.1758,1000.81946,1.0,1168.5161,1032.2218,1.0,1158.95,1048.751,1.0,1150.958,1061.1105,1.0,1186.3002,994.6261,1.0,1175.5541,1019.75287,1.0,1166.4055,1033.2042,1.0,1158.4165,1042.7283,1.0,771.6189,938.19025,1.0,810.9925,951.0538,1.0,829.66943,981.0585,1.0,838.44934,1011.7623,1.0,848.5034,1033.3094,1.0,799.5934,1017.7515,1.0,816.37134,1056.3597,1.0,825.62177,1077.0261,1.0,830.8099,1093.5038,1.0,778.6379,1021.10394,1.0,799.61847,1059.8359,1.0,812.0009,1079.8473,1.0,818.945,1095.835,1.0,765.6115,1018.4096,1.0,786.5673,1053.4453,1.0,799.8842,1073.1003,1.0,807.96216,1087.4862,1.0,759.1245,1014.37213,1.0,777.0693,1042.9292,1.0,790.75903,1059.2938,1.0,800.6452,1071.2991,1.0
888.80554,257.9793,1.0,889.76996,270.78046,1.0,890.73694,284.1464,1.0,895.8578,306.16473,1.0,901.9855,319.47302,1.0,912.82227,333.1011,1.0,921.9887,339.76624,1.0,940.5091,348.29492,1.0,966.955,351.25305,1.0,992.5955,345.7402,1.0,1009.1479,335.44485,1.0,1016.9246,327.80347,1.0,1025.5063,313.0999,1.0,1032.5245,291.9039,1.0,1034.2726,277.44974,1.0,1034.6313,264.22226,1.0,1034.4348,251.56076,1.0,902.13354,236.37021,1.0,908.2403,229.57954,1.0,917.9829,224.82896,1.0,931.71344,222.87085,1.0,947.96466,223.11984,1.0,978.9208,220.96158,1.0,994.1184,219.56529,1.0,1006.81696,220.73947,1.0,1016.1818,225.02716,1.0,1021.7888,231.13475,1.0,964.59985,246.6443,1.0,965.21344,258.97543,1.0,965.7385,267.14105,1.0,965.90924,274.06003,1.0,953.4776,285.66486,1.0,957.6727,288.00974,1.0,965.41205,287.52313,1.0,972.6652,287.5082,1.0,976.4186,284.6763,1.0,915.5069,247.99258,1.0,922.5979,242.9415,1.0,934.03033,241.74124,1.0,945.2837,247.22533,1.0,935.80786,249.26883,1.0,925.42053,250.2316,1.0,980.568,245.97603,1.0,991.697,239.3633,1.0,1002.7189,239.90549,1.0,1008.87805,244.74106,1.0,999.5451,247.5374,1.0,989.64044,247.27533,1.0,941.25854,313.46143,1.0,951.19006,304.21524,1.0,958.56744,300.811,1.0,965.7551,301.73764,1.0,973.1415,300.31033,1.0,980.2692,303.40234,1.0,989.6563,312.6088,1.0,985.0716,316.66626,1.0,973.6517,320.64362,1.0,965.983,321.3184,1.0,958.8684,321.14474,1.0,946.8566,317.5921,1.0,943.48816,312.98615,1.0,960.3514,309.7507,1.0,965.7904,309.5512,1.0,971.64874,309.53918,1.0,987.70184,312.23624,1.0,971.9371,311.60968,1.0,966.0796,311.81,1.0,960.2208,311.7279,1.0,929.7931,245.51558,1.0,995.89813,243.02615,1.0,962.66064,295.10455,0.9977713,971.6455,446.48572,0.9996188,814.793,448.3468,0.9996188,768.1523,704.63574,0.97577864,776.6508,928.40704,0.98096097,1128.498,444.62466,0.9997916,1183.8539,691.73035,0.9890548,1177.6686,916.6919,0.97694516,974.5446,955.786,0.99393463,878.17084,954.9481,0.99489814,870.73926,1295.5674,0.32462102,857.6858,1662.7899,0.083004944,1070.9185,956.62384,0.99393463,1074.4575,1328.7631,0.25237748,1055.0756,1671.84,0.048209127,927.7751,256.75937,0.9956533,993.3396,255.56944,0.9916182,903.8607,267.69272,0.99098814,1017.8057,262.23657,0.9950408,1018.7837,1799.3649,0.029155597,1018.7837,1799.3649,0.029155597,1055.143,1713.0095,0.020315258,875.1841,1786.695,0.041212667,875.1841,1786.695,0.041212667,859.3765,1713.0231,0.033416938,1175.0948,926.45386,1.0,1138.0978,939.28235,1.0,1121.4248,970.62317,1.0,1113.902,1000.0395,1.0,1104.6809,1020.5904,1.0,1148.8816,1002.50793,1.0,1138.4872,1036.641,1.0,1131.4226,1054.7546,1.0,1126.1455,1068.5769,1.0,1167.5505,1004.4601,1.0,1155.8724,1040.1925,1.0,1146.8091,1059.3705,1.0,1139.5259,1074.3208,1.0,1179.709,1001.1344,1.0,1168.7853,1032.5538,1.0,1159.0579,1049.0673,1.0,1150.8182,1061.6431,1.0,1186.1412,995.2742,1.0,1176.5588,1021.21857,1.0,1167.6887,1035.3395,1.0,1159.5217,1045.5942,1.0,771.8579,938.2474,1.0,811.1009,951.31055,1.0,829.7282,981.27155,1.0,838.4682,1011.8386,1.0,848.3056,1033.4438,1.0,799.57446,1017.6709,1.0,816.0656,1056.0125,1.0,825.1396,1076.3795,1.0,830.3381,1092.5459,1.0,778.77496,1020.9454,1.0,799.3384,1059.6024,1.0,811.6103,1079.3026,1.0,818.5741,1095.065,1.0,765.8026,1018.2032,1.0,786.62036,1052.8644,1.0,799.77106,1072.3281,1.0,807.9391,1086.3911,1.0,759.35614,1014.0433,1.0,777.36554,1042.1931,1.0,791.12537,1058.3527,1.0,801.2659,1070.1093,1.0
888.9402,257.85455,1.0,889.88617,270.6044,1.0,890.83215,283.93597,1.0,895.879,305.92963,1.0,901.94885,319.2609,1.0,912.6882,333.0007,1.0,921.81946,339.7605,1.0,940.3847,348.43805,1.0,966.9399,351.42355,1.0,992.7021,345.88788,1.0,1009.2857,335.54166,1.0,1017.11163,327.83737,1.0,1025.6813,313.08966,1.0,1032.5724,291.8328,1.0,1034.2933,277.40027,1.0,1034.6168,264.17828,1.0,1034.3812,251.55388,1.0,902.0951,236.40137,1.0,908.12634,229.64043,1.0,917.8154,224.87575,1.0,931.5584,222.90157,1.0,947.84064,223.15192,1.0,978.938,220.93298,1.0,994.17194,219.51686,1.0,1006.8902,220.71083,1.0,1016.1611,225.03328,1.0,1021.75226,231.17215,1.0,964.5697,246.68614,1.0,965.20074,259.03552,1.0,965.7147,267.187,1.0,965.9025,274.08875,1.0,953.5361,285.69254,1.0,957.6594,288.00284,1.0,965.3926,287.53058,1.0,972.66034,287.49854,1.0,976.3397,284.68387,1.0,915.561,248.04253,1.0,922.59467,242.96356,1.0,934.0085,241.7204,1.0,945.3303,247.20657,1.0,935.80334,249.26674,1.0,925.4144,250.25815,1.0,980.5261,245.9456,1.0,991.65955,239.29434,1.0,1002.654,239.84363,1.0,1008.7573,244.70097,1.0,999.4406,247.48445,1.0,989.6111,247.21826,1.0,941.1016,313.4726,1.0,951.0466,304.196,1.0,958.4302,300.76804,1.0,965.6282,301.6793,1.0,973.03467,300.327,1.0,980.1631,303.4078,1.0,989.57477,312.68314,1.0,984.9168,316.70782,1.0,973.5047,320.57584,1.0,965.86456,321.26837,1.0,958.7368,321.0802,1.0,946.7396,317.59128,1.0,943.38446,313.00098,1.0,960.2034,309.5398,1.0,965.6306,309.3507,1.0,971.54755,309.31894,1.0,987.5713,312.3058,1.0,971.82385,311.80453,1.0,965.95404,311.99356,1.0,960.0841,311.89963,1.0,929.8164,245.50986,1.0,995.8062,242.95692,1.0,962.60443,295.08905,0.99779695,971.69586,446.405,0.99962366,814.86194,448.2269,0.99962366,768.1455,704.6312,0.9771189,776.80676,928.41156,0.9819523,1128.5297,444.5831,0.99979335,1183.8226,691.74146,0.989409,1177.6516,916.68585,0.9775977,974.47577,955.4962,0.9939338,878.1482,954.5087,0.9949062,870.7677,1295.4731,0.32718995,857.6947,1662.8131,0.08312356,1070.8033,956.48376,0.9939338,1074.8877,1328.6663,0.25536925,1055.1212,1671.8644,0.04815734,927.7714,256.73428,0.9956965,993.27747,255.55998,0.9916928,903.77026,267.6296,0.99109554,1017.6366,262.23944,0.99510014,1018.9636,1799.3644,0.029089041,1018.9636,1799.3644,0.029089041,1055.0994,1713.0043,0.02032867,875.16846,1786.707,0.041206688,875.16846,1786.707,0.041206688,859.39777,1713.0178,0.033563334,1175.2479,926.42035,1.0,1137.9619,939.31476,1.0,1121.6523,970.6472,1.0,1114.121,1000.05096,1.0,1104.5408,1020.5975,1.0,1148.9285,1002.46564,1.0,1138.4241,1036.6941,1.0,1131.6543,1054.857,1.0,1126.8796,1068.7908,1.0,1167.7279,1004.45514,1.0,1156.2896,1039.9963,1.0,1147.6738,1058.9747,1.0,1141.1134,1073.7632,1.0,1179.9119,1001.1206,1.0,1169.087,1032.073,1.0,1159.7181,1048.1444,1.0,1152.0358,1060.403,1.0,1186.2446,995.2732,1.0,1176.7711,1020.8832,1.0,1168.0002,1034.6627,1.0,1160.0667,1044.6895,1.0,772.0039,938.17596,1.0,811.47296,951.3502,1.0,830.09125,981.3765,1.0,838.62976,1011.87994,1.0,848.26624,1033.3806,1.0,799.69806,1017.59216,1.0,816.18335,1056.0404,1.0,825.28094,1076.4202,1.0,830.58093,1092.5309,1.0,778.963,1020.89935,1.0,799.3635,1059.6135,1.0,811.7079,1079.2222,1.0,818.6773,1094.734,1.0,765.8951,1018.16376,1.0,786.6003,1052.6809,1.0,799.9396,1071.8685,1.0,808.1044,1085.6188,1.0,759.33563,1014.0229,1.0,777.20404,1041.6329,1.0,791.277,1057.3745,1.0,801.39655,1068.6906,1.0
889.07477,257.7298,1.0,890.0024,270.42834,1.0,890.92737,283.72556,1.0,895.9002,305.69452,1.0,901.91223,319.04874,1.0,912.55414,332.90033,1.0,921.6502,339.75473,1.0,940.2603,348.58118,1.0,966.9248,351.59406,1.0,992.8086,346.03552,1.0,1009.42346,335.63846,1.0,1017.29865,327.8713,1.0,1025.8562,313.07938,1.0,1032.6204,291.76172,1.0,1034.314,277.3508,1.0,1034.6023,264.1343,1.0,1034.3276,251.547,1.0,902.05664,236.43253,1.0,908.0124,229.70132,1.0,917.648,224.92255,1.0,931.4034,222.93228,1.0,947.7166,223.18398,1.0,978.9552,220.90437,1.0,994.2254,219.46843,1.0,1006.9635,220.68219,1.0,1016.1403,225.0394,1.0,1021.71564,231.20955,1.0,964.53955,246.728,1.0,965.18805,259.09558,1.0,965.691,267.23297,1.0,965.8958,274.1175,1.0,953.5945,285.72018,1.0,957.64606,287.9959,1.0,965.37317,287.53806,1.0,972.6554,287.4889,1.0,976.2609,284.69144,1.0,915.615,248.09247,1.0,922.59143,242.98563,1.0,933.98663,241.69954,1.0,945.37695,247.18782,1.0,935.79877,249.26465,1.0,925.40826,250.28471,1.0,980.4843,245.91519,1.0,991.6221,239.22539,1.0,1002.58905,239.78177,1.0,1008.63654,244.66087,1.0,999.33606,247.4315,1.0,989.5817,247.16118,1.0,940.9447,313.48376,1.0,950.9031,304.1768,1.0,958.2929,300.72507,1.0,965.5012,301.6209,1.0,972.92786,300.3437,1.0,980.05695,303.4133,1.0,989.4932,312.7575,1.0,984.762,316.74936,1.0,973.3577,320.50803,1.0,965.7461,321.21838,1.0,958.6052,321.01566,1.0,946.6226,317.59048,1.0,943.28076,313.01584,1.0,960.05554,309.32892,1.0,965.4709,309.15018,1.0,971.44635,309.0987,1.0,987.4408,312.3753,1.0,971.7107,311.9994,1.0,965.8285,312.17715,1.0,959.94745,312.07135,1.0,929.8398,245.50415,1.0,995.7143,242.88768,1.0,962.50726,294.28192,0.9978283,971.75134,446.30612,0.9996246,814.97876,448.14633,0.9996246,768.09485,704.59235,0.9782155,776.84406,928.121,0.9827401,1128.5239,444.4659,0.99979204,1183.7529,691.7506,0.9896835,1177.6532,916.65,0.9780599,974.3245,955.3119,0.9939696,878.0777,954.2295,0.9949419,870.9408,1294.0918,0.3277779,858.4444,1661.7019,0.083772585,1070.5713,956.3943,0.9939696,1074.9604,1328.2775,0.2566881,1055.1136,1671.8593,0.048506986,927.6484,255.99251,0.99575466,993.2653,254.9459,0.99178606,903.74225,267.37534,0.9912194,1017.621,261.92474,0.9951587,1019.9855,1799.872,0.029195879,1019.9855,1799.872,0.029195879,1054.7627,1713.0088,0.02059354,875.42395,1785.9038,0.041398358,875.42395,1785.9038,0.041398358,860.3772,1711.6583,0.0339608,1175.799,926.176,1.0,1138.5089,938.5237,1.0,1121.7985,970.1404,1.0,1114.1141,999.7983,1.0,1104.7667,1020.6596,1.0,1149.0724,1002.6219,1.0,1138.5143,1036.8491,1.0,1131.6284,1054.9664,1.0,1126.7495,1068.7341,1.0,1167.7283,1004.4653,1.0,1156.4441,1039.8986,1.0,1147.8058,1058.6144,1.0,1141.144,1073.2355,1.0,1179.8433,1001.0012,1.0,1169.0442,1031.8381,1.0,1159.6873,1047.9146,1.0,1151.8673,1060.3285,1.0,1186.0458,995.08466,1.0,1176.6289,1020.85065,1.0,1167.9287,1034.6783,1.0,1159.9971,1044.7839,1.0,772.7572,938.17694,1.0,811.9889,951.52576,1.0,830.3517,981.04236,1.0,838.9249,1011.8373,1.0,848.4296,1033.3649,1.0,799.68964,1017.5141,1.0,816.13794,1056.1971,1.0,825.0921,1076.5004,1.0,830.18176,1092.5739,1.0,778.7296,1020.777,1.0,799.33124,1059.9781,1.0,811.64874,1079.289,1.0,818.5197,1094.508,1.0,765.64685,1017.97125,1.0,786.37115,1052.5763,1.0,799.75275,1071.4584,1.0,808.0031,1084.6866,1.0,758.90906,1013.5,1.0,776.61273,1040.7974,1.0,790.78577,1056.1211,1.0,800.9694,1066.7079,1.0
889.2094,257.60504,1.0,890.1186,270.2523,1.0,891.0226,283.5151,1.0,895.9214,305.4594,1.0,901.8756,318.8366,1.0,912.42004,332.79993,1.0,921.48096,339.749,1.0,940.136,348.72427,1.0,966.90967,351.76453,1.0,992.91516,346.1832,1.0,1009.5613,335.73526,1.0,1017.4857,327.9052,1.0,1026.0312,313.06912,1.0,1032.6682,291.69064,1.0,1034.3346,277.3013,1.0,1034.5878,264.09033,1.0,1034.274,251.54012,1.0,902.0182,236.46368,1.0,907.8984,229.7622,1.0,917.4806,224.96933,1.0,931.24835,222.963,1.0,947.5926,223.21605,1.0,978.9724,220.87576,1.0,994.2789,219.42,1.0,1007.03674,220.65353,1.0,1016.1195,225.04553,1.0,1021.6791,231.24696,1.0,964.50946,246.76984,1.0,965.17535,259.15567,1.0,965.6672,267.27893,1.0,965.8891,274.1462,1.0,953.65295,285.74783,1.0,957.63275,287.98898,1.0,965.3537,287.5455,1.0,972.6505,287.47922,1.0,976.18207,284.699,1.0,915.669,248.14241,1.0,922.5882,243.00768,1.0,933.96484,241.67868,1.0,945.4235,247.16908,1.0,935.79425,249.26254,1.0,925.40216,250.31126,1.0,980.44244,245.88477,1.0,991.5846,239.15642,1.0,1002.5242,239.71992,1.0,1008.51575,244.62077,1.0,999.23157,247.37856,1.0,989.55237,247.1041,1.0,940.7878,313.49493,1.0,950.7596,304.15756,1.0,958.1557,300.6821,1.0,965.37427,301.56256,1.0,972.82104,300.36035,1.0,979.95087,303.4188,1.0,989.4117,312.83185,1.0,984.60724,316.79092,1.0,973.21075,320.44025,1.0,965.6277,321.1684,1.0,958.47363,320.95114,1.0,946.5056,317.5897,1.0,943.17706,313.0307,1.0,959.90765,309.11804,1.0,965.3111,308.94965,1.0,971.34515,308.87845,1.0,987.3103,312.44482,1.0,971.5975,312.19424,1.0,965.70294,312.36072,1.0,959.8108,312.24304,1.0,929.86316,245.49844,1.0,995.62244,242.81845,1.0,962.3789,294.19424,0.9978451,971.7988,446.2785,0.9996289,815.0636,448.08398,0.9996289,768.087,704.5918,0.97921616,776.8561,928.0634,0.9835535,1128.534,444.47302,0.99979216,1183.7369,691.9295,0.9899691,1177.6432,916.647,0.97853625,974.0943,955.03827,0.9939929,877.90344,953.91876,0.99497217,870.9148,1293.4958,0.3265948,858.3874,1661.3428,0.08345999,1070.2852,956.1578,0.9939929,1074.2762,1327.8112,0.25895295,1054.6719,1671.8748,0.048605993,927.6068,255.97368,0.99578464,993.2046,254.83101,0.99182284,903.7236,267.363,0.9912944,1017.59283,261.8787,0.99519426,1019.4851,1800.1282,0.029241042,1019.4851,1800.1282,0.029241042,1054.3944,1713.0569,0.020699855,874.30865,1785.4109,0.04125225,874.30865,1785.4109,0.04125225,860.38074,1711.3911,0.03407259,1175.4633,926.2115,1.0,1138.1011,938.2241,1.0,1121.5377,969.8433,1.0,1114.302,999.46265,1.0,1104.938,1020.25684,1.0,1149.1431,1002.3008,1.0,1138.6232,1036.8862,1.0,1131.6948,1055.3298,1.0,1126.8134,1069.3643,1.0,1168.3339,1004.33203,1.0,1156.6953,1040.5914,1.0,1147.5723,1059.9899,1.0,1140.6276,1074.9635,1.0,1180.6224,1000.9552,1.0,1169.619,1032.6923,1.0,1159.5859,1049.0265,1.0,1151.1523,1061.4138,1.0,1186.7554,994.98706,1.0,1176.8667,1021.4844,1.0,1167.6934,1035.6257,1.0,1159.2185,1045.7715,1.0,772.6656,937.43616,1.0,811.8382,951.0937,1.0,830.3943,981.0714,1.0,838.82214,1011.8329,1.0,848.4993,1033.3778,1.0,799.54126,1017.6241,1.0,816.031,1056.2737,1.0,824.807,1076.4143,1.0,829.9134,1092.4019,1.0,778.6212,1020.9227,1.0,799.09106,1059.8073,1.0,811.39215,1079.0819,1.0,818.3532,1094.1588,1.0,765.8399,1018.0093,1.0,786.40186,1052.1642,1.0,799.7041,1071.0283,1.0,808.1403,1084.1558,1.0,759.15295,1013.527,1.0,776.9246,1040.4576,1.0,791.0557,1055.7347,1.0,801.3946,1066.3156,1.0
889.1077,258.03238,1.0,890.02747,270.72064,1.0,890.93134,284.02493,1.0,895.9069,305.93552,1.0,901.97107,319.25555,1.0,912.6421,333.06372,1.0,921.72217,339.9796,1.0,940.31384,348.88406,1.0,966.9499,351.90555,1.0,992.8725,346.33096,1.0,1009.51385,335.89334,1.0,1017.4311,328.05087,1.0,1025.9811,313.27542,1.0,1032.657,291.9223,1.0,1034.3,277.50436,1.0,1034.5308,264.28265,1.0,1034.1954,251.70683,1.0,901.80927,236.59505,1.0,907.70636,229.80457,1.0,917.2647,224.94496,1.0,931.0166,222.8946,1.0,947.32733,223.13503,1.0,978.7044,220.80789,1.0,993.97363,219.35477,1.0,1006.7436,220.61098,1.0,1015.8879,225.039,1.0,1021.50916,231.27275,1.0,964.2742,246.7972,1.0,964.9385,259.1528,1.0,965.37445,267.24246,1.0,965.6084,274.09924,1.0,953.3823,285.75134,1.0,957.41583,288.0229,1.0,965.1422,287.57303,1.0,972.44464,287.50098,1.0,976.06805,284.70013,1.0,915.4207,248.24068,1.0,922.3601,243.06485,1.0,933.76685,241.75758,1.0,945.2205,247.27502,1.0,935.58716,249.37769,1.0,925.1653,250.41948,1.0,980.26483,245.99399,1.0,991.3574,239.25151,1.0,1002.3535,239.80698,1.0,1008.35815,244.7229,1.0,999.0714,247.4743,1.0,989.38403,247.20718,1.0,940.88257,313.56277,1.0,950.7522,304.30493,1.0,958.03076,300.88403,1.0,965.1862,301.75946,1.0,972.59,300.55038,1.0,979.6837,303.6373,1.0,989.403,312.92426,1.0,984.5549,316.8269,1.0,973.1557,320.45636,1.0,965.5679,321.191,1.0,958.45465,320.97925,1.0,946.5417,317.62457,1.0,943.20264,313.0962,1.0,959.84534,309.35706,1.0,965.22925,309.21594,1.0,971.22107,309.1399,1.0,987.2994,312.50693,1.0,971.4806,312.0784,1.0,965.6286,312.21802,1.0,959.7785,312.10495,1.0,929.6216,245.58353,1.0,995.35785,242.89742,1.0,962.30383,294.18338,0.9978209,971.83563,446.2702,0.99962616,815.127,448.07147,0.99962616,768.033,704.6015,0.98014814,776.8669,928.06274,0.9843134,1128.5442,444.46893,0.99978936,1183.7205,692.02954,0.99030805,1177.6013,916.83453,0.97911626,973.9797,955.02124,0.9939695,877.8076,953.8875,0.9949669,870.16736,1293.4027,0.33015326,857.8983,1660.6797,0.08499125,1070.1517,956.155,0.9939695,1074.0586,1328.3154,0.26292723,1054.1952,1671.9667,0.049358673,927.46466,256.00238,0.9957416,993.1829,254.70406,0.9917102,903.72205,267.37927,0.99125236,1017.58954,261.74533,0.9951446,1016.7477,1800.7136,0.029563619,1016.7477,1800.7136,0.029563619,1054.3365,1713.085,0.020967402,871.9853,1784.8777,0.041985646,871.9853,1784.8777,0.041985646,860.1622,1710.5013,0.034749903,1175.8058,925.80884,1.0,1138.4672,938.28125,1.0,1121.5538,969.889,1.0,1113.9519,999.70917,1.0,1104.624,1020.81055,1.0,1149.5631,1002.77625,1.0,1138.5177,1037.077,1.0,1131.2323,1055.1296,1.0,1126.1984,1068.8895,1.0,1168.3562,1004.4888,1.0,1156.0566,1040.0757,1.0,1147.0176,1058.674,1.0,1140.4148,1073.0658,1.0,1180.437,1000.6794,1.0,1169.1569,1031.376,1.0,1159.4512,1047.296,1.0,1151.6844,1059.3749,1.0,1186.6427,994.2412,1.0,1177.1891,1019.8156,1.0,1168.4633,1033.4423,1.0,1160.7249,1043.0204,1.0,773.09314,937.3387,1.0,812.1011,951.2449,1.0,830.5883,981.3763,1.0,839.36554,1012.03625,1.0,848.8422,1033.4243,1.0,799.61224,1017.6561,1.0,815.889,1056.5793,1.0,824.83,1076.7645,1.0,830.1594,1092.8046,1.0,778.72314,1020.80896,1.0,799.21136,1060.0187,1.0,811.8181,1079.184,1.0,819.0764,1094.2689,1.0,765.88666,1017.8772,1.0,786.95953,1052.3584,1.0,800.631,1071.0015,1.0,809.3382,1083.7836,1.0,759.4483,1013.3454,1.0,777.4387,1040.5271,1.0,791.9644,1055.7749,1.0,802.5938,1066.1035,1.0
889.006,258.45972,1.0,889.93634,271.18896,1.0,890.8401,284.53476,1.0,895.8925,306.4116,1.0,902.0665,319.67453,1.0,912.86414,333.3275,1.0,921.96344,340.2102,1.0,940.4917,349.04382,1.0,966.99005,352.0466,1.0,992.8299,346.47873,1.0,1009.4664,336.05142,1.0,1017.37646,328.19653,1.0,1025.931,313.48172,1.0,1032.6456,292.15393,1.0,1034.2655,277.7074,1.0,1034.4738,264.47495,1.0,1034.1167,251.87354,1.0,901.60034,236.72643,1.0,907.51434,229.84692,1.0,917.0488,224.92061,1.0,930.78485,222.82622,1.0,947.0621,223.054,1.0,978.43646,220.74002,1.0,993.66833,219.28954,1.0,1006.45044,220.5684,1.0,1015.6562,225.03247,1.0,1021.3393,231.29855,1.0,964.0389,246.82455,1.0,964.70166,259.14993,1.0,965.0817,267.20602,1.0,965.3277,274.0523,1.0,953.1117,285.75482,1.0,957.199,288.0568,1.0,964.93066,287.60052,1.0,972.23883,287.52274,1.0,975.9541,284.70123,1.0,915.1724,248.33894,1.0,922.1321,243.12201,1.0,933.56885,241.83649,1.0,945.01746,247.38097,1.0,935.38007,249.49281,1.0,924.92834,250.52771,1.0,980.0872,246.10323,1.0,991.13025,239.34659,1.0,1002.1828,239.89404,1.0,1008.20056,244.82501,1.0,998.91125,247.57005,1.0,989.21576,247.31027,1.0,940.9773,313.63058,1.0,950.74475,304.4523,1.0,957.9058,301.08597,1.0,964.9982,301.95636,1.0,972.35895,300.74045,1.0,979.41656,303.8558,1.0,989.3943,313.01666,1.0,984.50244,316.86285,1.0,973.10065,320.47247,1.0,965.50806,321.21365,1.0,958.43567,321.00735,1.0,946.5778,317.6595,1.0,943.22815,313.16165,1.0,959.783,309.5961,1.0,965.1474,309.4822,1.0,971.097,309.4013,1.0,987.28845,312.56903,1.0,971.36365,311.96252,1.0,965.5543,312.07535,1.0,959.7462,311.96686,1.0,929.38,245.66861,1.0,995.0933,242.97636,1.0,962.16693,294.3073,0.9978647,971.829,446.27304,0.99962974,815.13806,448.08817,0.99962974,768.0268,704.6612,0.9811281,776.8837,928.1476,0.9850473,1128.5199,444.45792,0.99979115,1183.7054,692.04095,0.990702,1177.53,916.8692,0.9797599,974.01086,954.7006,0.9940526,877.883,953.5807,0.99503875,870.0814,1293.5607,0.34107056,857.3584,1660.4951,0.08824933,1070.1388,955.8205,0.9940526,1073.9493,1328.3108,0.274964,1053.9531,1671.6829,0.05173928,927.25134,256.21338,0.99582976,993.0734,254.72183,0.9918802,903.7127,267.41293,0.9914474,1017.5762,261.7543,0.99525213,1015.204,1800.4485,0.030879477,1015.204,1800.4485,0.030879477,1043.9788,1712.5094,0.021676736,870.4188,1784.8619,0.043621667,870.4188,1784.8619,0.043621667,859.7501,1709.9824,0.035956115,1175.2266,925.81854,1.0,1137.9318,938.5921,1.0,1121.7008,970.24976,1.0,1114.1683,999.8764,1.0,1104.7972,1020.82733,1.0,1149.8177,1003.2401,1.0,1138.5422,1037.5651,1.0,1131.3357,1055.6158,1.0,1126.5695,1069.5303,1.0,1168.5598,1004.8676,1.0,1156.0227,1041.0607,1.0,1146.9661,1059.9015,1.0,1140.5309,1074.725,1.0,1180.7397,1000.90533,1.0,1169.2883,1031.761,1.0,1159.5269,1047.7533,1.0,1151.7792,1059.9167,1.0,1186.8732,994.147,1.0,1177.4059,1019.7713,1.0,1168.5214,1033.297,1.0,1160.6276,1042.8406,1.0,772.7013,937.4591,1.0,811.8614,950.8425,1.0,830.6993,980.64386,1.0,839.19977,1011.8981,1.0,848.87946,1033.3374,1.0,799.69336,1017.25836,1.0,816.14954,1056.7074,1.0,824.9581,1077.041,1.0,830.21936,1093.0277,1.0,778.92535,1020.66156,1.0,799.44135,1060.2207,1.0,811.98584,1079.4379,1.0,819.24615,1094.4003,1.0,766.24316,1017.9345,1.0,787.21356,1052.6338,1.0,800.8106,1071.1593,1.0,809.5191,1083.6825,1.0,759.70667,1013.7266,1.0,777.7326,1040.8109,1.0,792.2754,1056.0017,1.0,803.0019,1066.2073,1.0
888.9043,258.8871,1.0,889.8452,271.65732,1.0,890.74884,285.0446,1.0,895.87805,306.8877,1.0,902.162,320.09348,1.0,913.0862,333.5913,1.0,922.2047,340.44083,1.0,940.66956,349.20358,1.0,967.0302,352.18762,1.0,992.78723,346.62653,1.0,1009.4189,336.2095,1.0,1017.3219,328.3422,1.0,1025.881,313.68802,1.0,1032.6343,292.38556,1.0,1034.2308,277.91043,1.0,1034.4167,264.66724,1.0,1034.038,252.04025,1.0,901.3915,236.85779,1.0,907.3223,229.88928,1.0,916.83295,224.89624,1.0,930.5531,222.75781,1.0,946.7968,222.97298,1.0,978.16846,220.67215,1.0,993.3631,219.2243,1.0,1006.1573,220.52583,1.0,1015.4245,225.02594,1.0,1021.1694,231.32436,1.0,963.8036,246.85191,1.0,964.46484,259.14706,1.0,964.789,267.1696,1.0,965.047,274.00534,1.0,952.84106,285.75833,1.0,956.9821,288.0907,1.0,964.7192,287.62805,1.0,972.03296,287.5445,1.0,975.8401,284.70236,1.0,914.92413,248.43721,1.0,921.904,243.17917,1.0,933.37085,241.91539,1.0,944.8144,247.48692,1.0,935.173,249.60796,1.0,924.69147,250.63594,1.0,979.9096,246.21245,1.0,990.903,239.44168,1.0,1002.01215,239.98111,1.0,1008.04297,244.92714,1.0,998.75104,247.66579,1.0,989.0474,247.41336,1.0,941.0721,313.69843,1.0,950.73737,304.5997,1.0,957.7809,301.2879,1.0,964.8102,302.15326,1.0,972.12787,300.9305,1.0,979.1494,304.0743,1.0,989.3856,313.10907,1.0,984.4501,316.8988,1.0,973.0456,320.4886,1.0,965.44824,321.23627,1.0,958.4167,321.03546,1.0,946.61395,317.69437,1.0,943.2537,313.22714,1.0,959.72076,309.8351,1.0,965.06555,309.7485,1.0,970.9729,309.66275,1.0,987.2776,312.6311,1.0,971.24677,311.84668,1.0,965.48,311.93265,1.0,959.7139,311.82874,1.0,929.1384,245.7537,1.0,994.82874,243.05533,1.0,962.16364,294.22888,0.99790144,971.8345,446.26248,0.9996295,815.1483,448.0761,0.9996295,767.9531,704.70276,0.98175764,776.8731,928.1999,0.9854311,1128.5206,444.44888,0.9997912,1183.6925,692.13257,0.9908652,1177.5208,916.85315,0.9800989,973.62213,954.70514,0.99407655,877.34906,953.5702,0.99504244,869.8579,1292.407,0.3372335,857.4374,1655.061,0.08682074,1069.8953,955.8401,0.99407655,1074.127,1328.454,0.275707,1054.3278,1671.5016,0.0517021,927.277,256.1366,0.9958984,993.0662,254.69595,0.9920229,903.70166,267.40524,0.9915652,1017.55096,261.7519,0.9953308,1017.2257,1800.393,0.030812988,1017.2257,1800.393,0.030812988,1046.0801,1712.0332,0.021716502,872.0532,1779.2976,0.042813938,872.0532,1779.2976,0.042813938,859.75964,1703.6289,0.03550449,1175.7722,925.56274,1.0,1138.3002,938.7033,1.0,1121.5952,970.03674,1.0,1114.0839,999.8664,1.0,1104.7406,1021.12177,1.0,1149.5314,1003.2005,1.0,1138.2651,1037.5376,1.0,1131.1759,1055.4668,1.0,1126.625,1069.2493,1.0,1168.5691,1004.51715,1.0,1155.7799,1040.8514,1.0,1146.6628,1059.3818,1.0,1140.3463,1073.7609,1.0,1181.1575,1000.0383,1.0,1169.7473,1030.8254,1.0,1159.9155,1046.8577,1.0,1152.1692,1058.6946,1.0,1187.7756,992.6299,1.0,1178.1697,1018.1772,1.0,1169.225,1031.4242,1.0,1161.3198,1040.4623,1.0,773.04486,937.0883,1.0,812.2331,950.77484,1.0,830.8095,980.82477,1.0,839.17084,1012.32605,1.0,849.27576,1033.3596,1.0,799.3832,1016.97314,1.0,816.1314,1055.9592,1.0,825.34454,1075.7876,1.0,830.9288,1091.5715,1.0,778.8008,1020.4514,1.0,799.79834,1059.9186,1.0,812.7778,1078.9116,1.0,820.59314,1093.9103,1.0,766.2182,1017.87115,1.0,787.71014,1052.5276,1.0,801.62494,1071.076,1.0,810.928,1083.4741,1.0,760.18396,1013.5795,1.0,778.321,1040.6633,1.0,793.0157,1055.8425,1.0,804.13275,1066.097,1.0
888.5847,258.76898,1.0,889.64746,271.53668,1.0,890.6389,284.90628,1.0,895.85516,306.76895,1.0,902.1624,319.99948,1.0,913.0809,333.5497,1.0,922.20105,340.43002,1.0,940.6356,349.2169,1.0,966.96326,352.211,1.0,992.64496,346.5875,1.0,1009.22723,336.04773,1.0,1017.12305,328.13232,1.0,1025.779,313.37402,1.0,1032.6135,292.05695,1.0,1034.1818,277.61166,1.0,1034.2932,264.3694,1.0,1033.8877,251.76033,1.0,901.1941,236.9172,1.0,907.16473,230.01454,1.0,916.6999,225.09413,1.0,930.36145,223.00383,1.0,946.5542,223.17209,1.0,977.8409,220.9342,1.0,993.00336,219.46239,1.0,1005.76807,220.64212,1.0,1015.10236,225.01138,1.0,1020.86694,231.22408,1.0,963.5365,246.88713,1.0,964.20087,259.2669,1.0,964.58954,267.3854,1.0,964.8622,274.27618,1.0,952.572,285.95886,1.0,956.817,288.30563,1.0,964.5622,287.80338,1.0,971.9316,287.74445,1.0,975.7843,284.87955,1.0,914.5319,248.55261,1.0,921.5564,243.37721,1.0,933.08124,242.10103,1.0,944.5264,247.65205,1.0,934.8782,249.84816,1.0,924.33923,250.85559,1.0,979.77814,246.34258,1.0,990.77057,239.60136,1.0,1001.9409,240.09901,1.0,1008.0359,244.91777,1.0,998.69196,247.76367,1.0,988.8823,247.56793,1.0,940.8945,313.89386,1.0,950.5757,304.77567,1.0,957.66766,301.4534,1.0,964.77765,302.31293,1.0,972.1014,301.05008,1.0,979.18475,304.1589,1.0,989.3578,313.1624,1.0,984.42444,316.99286,1.0,972.9671,320.6611,1.0,965.36224,321.41687,1.0,958.3456,321.25424,1.0,946.5218,317.8889,1.0,943.14825,313.41986,1.0,959.6515,310.10358,1.0,964.9554,310.0118,1.0,970.86957,309.92035,1.0,987.2463,312.68594,1.0,971.1949,311.94766,1.0,965.37445,312.03928,1.0,959.64844,311.9724,1.0,928.92255,246.01108,1.0,994.70856,243.2312,1.0,961.8911,294.22046,0.99788254,971.84784,446.2545,0.9996328,815.1521,448.10373,0.9996328,768.0104,704.6874,0.98238117,776.89606,928.2923,0.9859789,1128.5437,444.40524,0.9997899,1183.6232,692.2213,0.9910091,1177.4352,917.13763,0.98019123,973.628,954.69904,0.9940824,877.38153,953.55145,0.99507546,869.30676,1292.4575,0.33769038,855.1922,1655.5283,0.08680187,1069.8744,955.8467,0.9940824,1073.7947,1328.6537,0.2744205,1053.4572,1671.6293,0.051399548,927.1181,256.1169,0.9958652,992.7943,254.60329,0.991922,903.6566,267.3601,0.9915409,1017.3982,261.71988,0.99527574,1013.86847,1800.5115,0.030596957,1013.86847,1800.5115,0.030596957,1046.4424,1712.0504,0.021601561,868.5603,1780.1979,0.042820767,868.5603,1780.1979,0.042820767,857.4996,1704.1725,0.035562437,1175.5964,925.88385,1.0,1138.1302,939.20435,1.0,1121.479,970.2438,1.0,1113.9232,999.7591,1.0,1104.9641,1020.8487,1.0,1149.2946,1003.12616,1.0,1138.3367,1037.1748,1.0,1131.2466,1055.0984,1.0,1126.5782,1069.0331,1.0,1168.23,1004.49255,1.0,1155.978,1040.6902,1.0,1147.0139,1059.5159,1.0,1140.814,1074.2277,1.0,1180.7305,1000.14124,1.0,1169.8745,1030.9868,1.0,1160.2761,1047.3131,1.0,1152.5891,1059.5267,1.0,1187.386,992.9601,1.0,1178.4941,1018.6496,1.0,1169.9141,1032.369,1.0,1162.1365,1041.9155,1.0,773.14734,936.74274,1.0,812.2443,950.6675,1.0,830.6328,980.82605,1.0,839.0006,1012.2839,1.0,849.3146,1033.2734,1.0,799.5909,1017.2076,1.0,816.2454,1055.6456,1.0,825.5664,1075.0154,1.0,831.4458,1090.5487,1.0,779.004,1020.6975,1.0,799.8414,1059.7186,1.0,812.8109,1078.4628,1.0,820.78046,1093.1682,1.0,766.5716,1017.95795,1.0,787.9461,1052.3108,1.0,801.9195,1070.5751,1.0,811.3893,1082.655,1.0,760.55835,1013.56067,1.0,778.59863,1040.0444,1.0,793.64996,1054.9185,1.0,804.9928,1064.6172,1.0
888.26514,258.65088,1.0,889.44977,271.41602,1.0,890.52893,284.76797,1.0,895.8323,306.65024,1.0,902.16284,319.90546,1.0,913.0755,333.50812,1.0,922.1974,340.41922,1.0,940.6017,349.23016,1.0,966.8963,352.23434,1.0,992.5027,346.54846,1.0,1009.0356,335.886,1.0,1016.9242,327.92245,1.0,1025.677,313.06,1.0,1032.5927,291.72833,1.0,1034.1327,277.3129,1.0,1034.1697,264.07153,1.0,1033.7373,251.48042,1.0,900.99677,236.97662,1.0,907.00714,230.13982,1.0,916.5669,225.29202,1.0,930.16986,223.24986,1.0,946.31165,223.37122,1.0,977.51324,221.19627,1.0,992.6436,219.70047,1.0,1005.37885,220.7584,1.0,1014.7802,224.99684,1.0,1020.5646,231.1238,1.0,963.26935,246.92233,1.0,963.9369,259.38678,1.0,964.39,267.6012,1.0,964.6774,274.54706,1.0,952.30304,286.1594,1.0,956.6519,288.5206,1.0,964.40515,287.9787,1.0,971.83026,287.9444,1.0,975.72845,285.05676,1.0,914.1398,248.668,1.0,921.2088,243.57524,1.0,932.7916,242.28667,1.0,944.23846,247.8172,1.0,934.58344,250.08838,1.0,923.98706,251.07526,1.0,979.64667,246.4727,1.0,990.6381,239.76105,1.0,1001.8697,240.2169,1.0,1008.0289,244.9084,1.0,998.6329,247.86154,1.0,988.7173,247.72252,1.0,940.71686,314.08926,1.0,950.414,304.95163,1.0,957.55444,301.61887,1.0,964.7452,302.4726,1.0,972.0749,301.16965,1.0,979.2201,304.2435,1.0,989.32996,313.2158,1.0,984.3988,317.0869,1.0,972.88855,320.83362,1.0,965.2763,321.59744,1.0,958.2745,321.47302,1.0,946.4296,318.0834,1.0,943.0428,313.61258,1.0,959.5822,310.372,1.0,964.8452,310.27515,1.0,970.76624,310.17795,1.0,987.2149,312.74075,1.0,971.14307,312.0486,1.0,965.2689,312.1459,1.0,959.583,312.11612,1.0,928.7067,246.26846,1.0,994.5883,243.40709,1.0,961.80225,294.19305,0.9978546,971.83075,446.2641,0.99963224,815.1503,448.12833,0.99963224,768.0154,704.8709,0.98287076,777.19183,928.2823,0.9863116,1128.5111,444.3999,0.9997882,1183.6101,692.23724,0.991102,1177.4493,917.0644,0.98012716,973.7321,954.68976,0.9940691,877.55536,953.54144,0.9950793,870.492,1292.4529,0.33669892,856.01874,1657.3335,0.08729238,1069.9089,955.838,0.9940691,1073.7705,1328.596,0.27370015,1053.6409,1672.5344,0.051348966,927.0452,256.09003,0.9958069,992.6749,254.51794,0.99178493,903.646,267.34995,0.99145645,1017.38605,261.699,0.9952159,1015.08887,1801.8167,0.03055872,1015.08887,1801.8167,0.03055872,1047.7758,1712.9872,0.021640427,870.0717,1781.9944,0.043023482,870.0717,1781.9944,0.043023482,858.2133,1707.1323,0.03572487,1175.246,925.9215,1.0,1137.7303,938.939,1.0,1121.6431,970.52185,1.0,1114.0386,999.9549,1.0,1104.9215,1021.0447,1.0,1150.0938,1003.4291,1.0,1138.6708,1038.1678,1.0,1131.286,1056.1594,1.0,1126.6104,1069.9576,1.0,1168.9288,1004.966,1.0,1155.7545,1042.9641,1.0,1145.9447,1062.1439,1.0,1139.3235,1076.9409,1.0,1181.3217,1000.6573,1.0,1169.7351,1032.3063,1.0,1159.3677,1048.4154,1.0,1151.2693,1060.1821,1.0,1187.7534,993.1072,1.0,1178.4038,1019.005,1.0,1169.3752,1032.5911,1.0,1161.4022,1041.5955,1.0,773.36475,936.1055,1.0,812.2178,950.4561,1.0,830.77014,981.0426,1.0,839.2936,1012.23975,1.0,849.49036,1033.119,1.0,799.89624,1017.06555,1.0,816.25165,1055.4282,1.0,825.53845,1074.8534,1.0,831.58026,1090.3866,1.0,779.3436,1020.4359,1.0,799.8809,1059.3085,1.0,812.8896,1078.097,1.0,820.9573,1092.8405,1.0,766.7475,1017.6499,1.0,787.8375,1052.0563,1.0,801.91693,1070.3218,1.0,811.48724,1082.4695,1.0,760.8609,1013.24023,1.0,778.5483,1039.9166,1.0,793.5151,1055.0149,1.0,804.8955,1064.8525,1.0
887.94556,258.5328,1.0,889.2521,271.29535,1.0,890.419,284.62967,1.0,895.8094,306.5315,1.0,902.16327,319.81146,1.0,913.0702,333.46655,1.0,922.1938,340.40845,1.0,940.56775,349.24347,1.0,966.82935,352.25772,1.0,992.3604,346.50943,1.0,1008.8439,335.72424,1.0,1016.72534,327.7126,1.0,1025.5751,312.746,1.0,1032.5719,291.3997,1.0,1034.0836,277.01416,1.0,1034.0461,263.77365,1.0,1033.587,251.2005,1.0,900.79944,237.03606,1.0,906.8495,230.26508,1.0,916.4339,225.48993,1.0,929.9782,223.49588,1.0,946.06903,223.57034,1.0,977.1856,221.45834,1.0,992.2839,219.93855,1.0,1004.9897,220.87471,1.0,1014.45807,224.98228,1.0,1020.26215,231.02351,1.0,963.0022,246.95755,1.0,963.6729,259.50662,1.0,964.1905,267.817,1.0,964.4927,274.8179,1.0,952.034,286.35992,1.0,956.4868,288.73557,1.0,964.24817,288.15402,1.0,971.7289,288.14435,1.0,975.67267,285.23395,1.0,913.74756,248.7834,1.0,920.8612,243.77328,1.0,932.5021,242.4723,1.0,943.95044,247.98235,1.0,934.28864,250.3286,1.0,923.6349,251.2949,1.0,979.51526,246.60283,1.0,990.5057,239.92075,1.0,1001.79846,240.3348,1.0,1008.02185,244.89903,1.0,998.5737,247.95941,1.0,988.5522,247.8771,1.0,940.53925,314.2847,1.0,950.2523,305.1276,1.0,957.4412,301.78436,1.0,964.71265,302.63226,1.0,972.0484,301.2892,1.0,979.25543,304.3281,1.0,989.3022,313.26913,1.0,984.37317,317.181,1.0,972.81006,321.00613,1.0,965.19037,321.77805,1.0,958.2034,321.6918,1.0,946.3375,318.27792,1.0,942.9373,313.80533,1.0,959.513,310.64044,1.0,964.73505,310.53845,1.0,970.6629,310.43555,1.0,987.1836,312.7956,1.0,971.0912,312.1496,1.0,965.1634,312.2525,1.0,959.5175,312.2598,1.0,928.4909,246.52586,1.0,994.46814,243.58296,1.0,961.78424,294.25058,0.99778575,971.79584,446.25452,0.99962646,815.08136,448.11298,0.99962646,768.0069,705.1038,0.9831333,777.08765,928.409,0.98651624,1128.5104,444.39606,0.99978507,1183.6013,692.2613,0.9910757,1177.4966,916.8888,0.980014,973.5,955.3098,0.9940083,877.17395,953.9366,0.99503076,870.49146,1293.1859,0.3309332,858.3161,1657.6661,0.08558077,1069.826,956.683,0.9940083,1074.3812,1328.7015,0.27080253,1054.0106,1672.7389,0.051018804,927.13153,256.1077,0.9956728,992.6588,254.57219,0.99154526,903.5811,267.34366,0.99122053,1017.3281,261.71384,0.9950822,1015.3516,1801.7599,0.030411923,1015.3516,1801.7599,0.030411923,1049.3536,1713.1941,0.02152524,873.70996,1782.0145,0.04224889,873.70996,1782.0145,0.04224889,861.0,1707.3655,0.035225775,1175.6245,924.84424,1.0,1137.5737,939.68805,1.0,1121.8696,971.1632,1.0,1114.2451,1000.2756,1.0,1104.5475,1021.07214,1.0,1150.9169,1002.8271,1.0,1139.1969,1037.5657,1.0,1131.435,1055.6707,1.0,1126.3463,1069.0668,1.0,1169.8511,1004.0976,1.0,1156.4281,1041.8506,1.0,1146.7263,1060.0894,1.0,1140.5118,1074.1012,1.0,1181.7023,999.92816,1.0,1170.1344,1031.2281,1.0,1160.3557,1046.9681,1.0,1152.8981,1058.1958,1.0,1187.5569,992.6882,1.0,1178.1458,1017.83167,1.0,1169.4838,1031.0952,1.0,1161.7922,1039.4095,1.0,773.60626,936.0261,1.0,812.50287,950.8091,1.0,830.71234,981.05676,1.0,839.18726,1012.2412,1.0,849.42377,1033.2911,1.0,800.01825,1016.5022,1.0,815.9538,1054.4774,1.0,825.06287,1074.022,1.0,831.01935,1089.975,1.0,779.1936,1020.33093,1.0,799.6034,1058.8582,1.0,812.45386,1077.9021,1.0,820.4327,1092.9939,1.0,766.4556,1017.7674,1.0,787.50684,1052.0222,1.0,801.3634,1070.5835,1.0,810.8464,1083.0745,1.0,760.4247,1013.43555,1.0,778.14703,1040.0809,1.0,792.92395,1055.0798,1.0,804.2058,1065.117,1.0
887.9957,258.67853,1.0,889.31305,271.45712,1.0,890.48065,284.80774,1.0,895.9062,306.69,1.0,902.2371,319.9483,1.0,913.07526,333.57648,1.0,922.12366,340.47684,1.0,940.4513,349.22745,1.0,966.652,352.17868,1.0,992.31146,346.4614,1.0,1008.8624,335.7496,1.0,1016.7708,327.79065,1.0,1025.6057,312.9066,1.0,1032.5698,291.58072,1.0,1034.0902,277.17538,1.0,1034.1112,263.91693,1.0,1033.6655,251.3425,1.0,900.9459,237.15472,1.0,907.0017,230.35953,1.0,916.52655,225.53262,1.0,930.0192,223.49825,1.0,946.0879,223.55325,1.0,977.17816,221.45085,1.0,992.27435,219.9919,1.0,1004.9375,221.00822,1.0,1014.37134,225.17648,1.0,1020.1921,231.21936,1.0,962.9907,246.92325,1.0,963.6712,259.44144,1.0,964.1637,267.72867,1.0,964.4372,274.69855,1.0,952.0797,286.32037,1.0,956.4686,288.69125,1.0,964.22864,288.0684,1.0,971.66315,288.0816,1.0,975.5526,285.18216,1.0,913.809,248.9122,1.0,920.9093,243.84514,1.0,932.524,242.52994,1.0,943.91754,248.04295,1.0,934.3322,250.43268,1.0,923.7036,251.39609,1.0,979.5754,246.6195,1.0,990.45483,239.93953,1.0,1001.74994,240.37166,1.0,1007.98645,244.97653,1.0,998.4985,248.01727,1.0,988.5228,247.93105,1.0,940.6117,314.26288,1.0,950.3017,305.15634,1.0,957.4587,301.80405,1.0,964.6862,302.6752,1.0,972.0189,301.32306,1.0,979.18756,304.35376,1.0,989.1644,313.2524,1.0,984.2919,317.107,1.0,972.78485,320.9147,1.0,965.1663,321.66425,1.0,958.20215,321.58636,1.0,946.3501,318.21817,1.0,942.98517,313.78064,1.0,959.50684,310.62723,1.0,964.7287,310.4871,1.0,970.6567,310.37692,1.0,987.09155,312.78116,1.0,971.08997,312.12244,1.0,965.1623,312.26434,1.0,959.51575,312.24677,1.0,928.50037,246.63664,1.0,994.28674,243.64574,1.0,961.78503,294.49524,0.99779725,971.7895,446.23065,0.99963105,815.0654,448.0968,0.99963105,768.10785,704.6307,0.9836331,777.0163,927.7599,0.98692334,1128.5135,444.36453,0.9997864,1183.5905,692.29126,0.9911588,1177.4388,916.92004,0.9799282,973.89557,954.4948,0.9940814,877.54553,953.5029,0.9951159,873.17523,1294.0217,0.33921722,860.5543,1661.0049,0.08897378,1070.2456,955.48676,0.9940814,1074.516,1327.483,0.2761886,1054.4772,1672.7006,0.052537527,927.2805,256.15857,0.9957048,992.6371,254.9019,0.99159694,903.52374,267.3447,0.99128604,1017.15546,261.8946,0.995113,1015.41724,1801.791,0.031327188,1015.41724,1801.791,0.031327188,1042.9604,1713.2546,0.021973394,875.532,1785.7047,0.043966822,875.532,1785.7047,0.043966822,863.19336,1711.7493,0.03646346,1175.2799,924.8905,1.0,1137.2891,939.78375,1.0,1122.0151,971.47,1.0,1114.4196,1000.5834,1.0,1104.1897,1021.2829,1.0,1150.9868,1003.1301,1.0,1139.1447,1037.7357,1.0,1131.5797,1055.5758,1.0,1126.7634,1069.0056,1.0,1169.9698,1004.3717,1.0,1156.1455,1041.6376,1.0,1146.5804,1059.5824,1.0,1140.5897,1073.4956,1.0,1181.9263,1000.0906,1.0,1169.9021,1031.0966,1.0,1160.0902,1046.7954,1.0,1152.7738,1057.9601,1.0,1187.8751,992.77325,1.0,1178.1642,1017.7019,1.0,1169.3297,1030.8422,1.0,1161.6362,1039.0518,1.0,774.1306,937.31964,1.0,812.8087,951.37085,1.0,831.0732,981.276,1.0,839.6622,1012.35077,1.0,849.56964,1033.4512,1.0,800.6448,1016.6391,1.0,816.5752,1055.3541,1.0,825.5045,1074.9374,1.0,831.0686,1090.6025,1.0,779.66986,1020.31586,1.0,800.1999,1059.6558,1.0,812.9682,1078.4316,1.0,820.5848,1092.8597,1.0,766.71436,1017.73425,1.0,787.781,1052.2731,1.0,801.9343,1070.1528,1.0,811.25195,1081.804,1.0,760.2834,1013.1548,1.0,778.06506,1039.3308,1.0,793.1692,1053.8738,1.0,804.36804,1063.1857,1.0
888.0459,258.82425,1.0,889.3741,271.61887,1.0,890.54224,284.9858,1.0,896.00305,306.8485,1.0,902.3109,320.08517,1.0,913.0804,333.68643,1.0,922.05347,340.54526,1.0,940.33484,349.21143,1.0,966.4746,352.09967,1.0,992.26245,346.4134,1.0,1008.881,335.775,1.0,1016.8163,327.8687,1.0,1025.6365,313.06717,1.0,1032.5679,291.76172,1.0,1034.0968,277.33664,1.0,1034.1764,264.06018,1.0,1033.7441,251.48451,1.0,901.0924,237.27339,1.0,907.15393,230.45398,1.0,916.6192,225.57533,1.0,930.06024,223.50061,1.0,946.10675,223.53615,1.0,977.17065,221.44337,1.0,992.2648,220.04526,1.0,1004.8854,221.14174,1.0,1014.28455,225.3707,1.0,1020.122,231.4152,1.0,962.97925,246.88896,1.0,963.66943,259.37628,1.0,964.13684,267.64032,1.0,964.38165,274.5792,1.0,952.1254,286.28082,1.0,956.45044,288.6469,1.0,964.20917,287.9828,1.0,971.5975,288.0189,1.0,975.43256,285.1304,1.0,913.8705,249.04099,1.0,920.9574,243.91699,1.0,932.5459,242.58755,1.0,943.88464,248.10358,1.0,934.3758,250.53677,1.0,923.7724,251.49728,1.0,979.63556,246.63618,1.0,990.404,239.95833,1.0,1001.70135,240.40852,1.0,1007.9511,245.05405,1.0,998.42316,248.07513,1.0,988.49347,247.98499,1.0,940.68414,314.2411,1.0,950.3511,305.1851,1.0,957.47614,301.82373,1.0,964.6597,302.71814,1.0,971.9894,301.3569,1.0,979.1196,304.37943,1.0,989.02673,313.2357,1.0,984.2106,317.03302,1.0,972.7597,320.8233,1.0,965.14233,321.5504,1.0,958.2009,321.48096,1.0,946.36273,318.15842,1.0,943.03296,313.75598,1.0,959.50073,310.61398,1.0,964.72235,310.4357,1.0,970.6505,310.31833,1.0,986.99945,312.76672,1.0,971.0887,312.09528,1.0,965.16125,312.27618,1.0,959.514,312.2337,1.0,928.5098,246.74744,1.0,994.1053,243.70851,1.0,961.7773,294.21783,0.9977194,971.815,446.2167,0.9996272,815.0667,448.08606,0.9996272,768.05817,704.63556,0.9830833,776.8382,927.7969,0.9864324,1128.5634,444.34732,0.99978375,1183.5863,692.2719,0.99101406,1177.4832,916.5858,0.9793837,973.5353,954.984,0.9940193,876.81726,953.5505,0.9950679,871.5472,1293.1027,0.32679757,860.59064,1660.2996,0.08501693,1070.2533,956.4176,0.9940193,1074.0609,1328.9407,0.2632395,1054.4733,1672.3326,0.049909305,927.31915,255.97067,0.99551505,992.6287,254.76562,0.9912225,903.5021,267.21957,0.9908753,1017.1446,261.85318,0.99484694,1015.20056,1800.0159,0.029772926,1015.20056,1800.0159,0.029772926,1045.3071,1712.5365,0.021083133,879.3236,1782.5498,0.04189433,879.3236,1782.5498,0.04189433,863.1802,1710.9778,0.034986924,1175.9261,924.4994,1.0,1137.5409,939.5384,1.0,1122.2214,971.4743,1.0,1114.8059,1000.8196,1.0,1104.728,1021.59344,1.0,1151.7621,1003.76685,1.0,1139.347,1037.949,1.0,1131.7476,1055.443,1.0,1127.0585,1068.5393,1.0,1170.684,1004.3549,1.0,1156.4042,1041.608,1.0,1146.6707,1059.3057,1.0,1140.6017,1073.0374,1.0,1182.7776,999.3005,1.0,1170.1941,1030.2278,1.0,1160.0485,1045.9047,1.0,1152.5178,1056.7935,1.0,1188.7178,991.3753,1.0,1178.731,1016.25653,1.0,1169.4784,1029.3696,1.0,1161.4756,1037.4388,1.0,773.71716,936.7453,1.0,812.5756,950.41003,1.0,830.97833,980.72833,1.0,839.60535,1012.2307,1.0,849.7081,1033.3629,1.0,800.2506,1016.5033,1.0,816.5025,1055.1659,1.0,825.6459,1074.9598,1.0,831.2996,1090.9001,1.0,779.37756,1020.3863,1.0,800.1237,1059.4679,1.0,813.0282,1078.5305,1.0,820.8139,1093.438,1.0,766.7589,1017.93524,1.0,788.0493,1052.3718,1.0,802.1355,1070.6637,1.0,811.5483,1082.8445,1.0,760.7958,1013.68427,1.0,778.83405,1040.0682,1.0,793.9842,1054.8156,1.0,805.263,1064.5958,1.0
888.096,258.97,1.0,889.43506,271.7806,1.0,890.6039,285.16388,1.0,896.0999,307.00702,1.0,902.38477,320.22202,1.0,913.08545,333.7964,1.0,921.98334,340.61365,1.0,940.2184,349.1954,1.0,966.29724,352.02063,1.0,992.21344,346.36536,1.0,1008.89954,335.80038,1.0,1016.8617,327.94678,1.0,1025.6671,313.22772,1.0,1032.5659,291.94275,1.0,1034.1033,277.49786,1.0,1034.2415,264.20346,1.0,1033.8226,251.62651,1.0,901.23895,237.39206,1.0,907.3061,230.54843,1.0,916.71185,225.61803,1.0,930.10126,223.50298,1.0,946.1256,223.51906,1.0,977.1632,221.43588,1.0,992.25525,220.0986,1.0,1004.8332,221.27525,1.0,1014.1978,225.56491,1.0,1020.0519,231.61105,1.0,962.9678,246.85466,1.0,963.66766,259.3111,1.0,964.11005,267.55197,1.0,964.3262,274.45984,1.0,952.17114,286.24127,1.0,956.43225,288.60257,1.0,964.18964,287.8972,1.0,971.53174,287.95615,1.0,975.3125,285.0786,1.0,913.93195,249.16977,1.0,921.0055,243.98885,1.0,932.5679,242.64519,1.0,943.85175,248.1642,1.0,934.4194,250.64085,1.0,923.8411,251.59846,1.0,979.69574,246.65285,1.0,990.35315,239.97713,1.0,1001.65283,240.44537,1.0,1007.9158,245.13155,1.0,998.3479,248.133,1.0,988.4641,248.03894,1.0,940.7566,314.2193,1.0,950.40045,305.21384,1.0,957.4936,301.84344,1.0,964.63324,302.76108,1.0,971.9599,301.39072,1.0,979.05176,304.40512,1.0,988.889,313.21896,1.0,984.12933,316.959,1.0,972.7345,320.7319,1.0,965.1183,321.4366,1.0,958.1997,321.37552,1.0,946.37537,318.09863,1.0,943.0808,313.73132,1.0,959.49457,310.60074,1.0,964.716,310.3843,1.0,970.64435,310.2597,1.0,986.90735,312.7523,1.0,971.08746,312.06815,1.0,965.1602,312.28802,1.0,959.51215,312.22067,1.0,928.5193,246.85822,1.0,993.9239,243.77129,1.0,961.742,294.44962,0.9976914,971.83765,446.12332,0.9996279,815.0803,447.93646,0.9996279,768.19635,704.31805,0.98354137,776.837,927.56195,0.9867198,1128.595,444.3102,0.9997836,1183.5851,692.3459,0.991128,1177.4796,916.6741,0.979416,973.7892,954.7486,0.9940662,877.1096,953.48895,0.99511427,873.0931,1293.1085,0.33468035,860.5254,1661.1964,0.087466754,1070.4688,956.0083,0.9940662,1074.0515,1328.773,0.26817355,1053.5255,1672.0142,0.050542008,927.30225,256.07373,0.99545753,992.6174,254.82837,0.99108326,903.4825,267.22015,0.9907941,1017.1319,261.87134,0.99479145,1014.9044,1800.0398,0.030085538,1014.9044,1800.0398,0.030085538,1045.668,1712.0269,0.02129016,878.3252,1784.206,0.042966794,878.3252,1784.206,0.042966794,862.86896,1711.5752,0.035728615,1175.5299,924.67645,1.0,1137.9171,939.78033,1.0,1122.249,971.41766,1.0,1114.5903,1000.97925,1.0,1104.9083,1021.9394,1.0,1151.473,1003.84863,1.0,1139.4,1038.3245,1.0,1131.9467,1055.8347,1.0,1127.0128,1068.8597,1.0,1170.4624,1004.33716,1.0,1156.6661,1041.0477,1.0,1147.1614,1058.5089,1.0,1140.894,1071.6147,1.0,1182.7826,999.2612,1.0,1170.6895,1030.2205,1.0,1160.8245,1045.7598,1.0,1153.3223,1056.3357,1.0,1188.9067,991.5143,1.0,1179.0242,1016.2367,1.0,1169.61,1028.9312,1.0,1161.4944,1036.7007,1.0,773.5333,936.00806,1.0,812.51874,950.0855,1.0,831.2519,980.6025,1.0,839.9363,1011.99536,1.0,849.7662,1033.289,1.0,800.51843,1016.3346,1.0,816.8025,1054.9774,1.0,826.36993,1074.9681,1.0,832.4957,1091.0557,1.0,779.64685,1020.2556,1.0,800.15796,1059.269,1.0,813.14923,1078.5183,1.0,821.1889,1093.4126,1.0,766.9736,1017.74536,1.0,788.0306,1052.1659,1.0,802.1405,1070.681,1.0,811.61743,1083.0294,1.0,760.8447,1013.5012,1.0,778.86,1040.103,1.0,793.8906,1055.038,1.0,805.2464,1065.0785,1.0
887.956,258.92844,1.0,889.31256,271.80182,1.0,890.56586,285.20297,1.0,896.2182,307.17178,1.0,902.60046,320.43784,1.0,913.3554,334.01627,1.0,922.23895,340.84808,1.0,940.368,349.4244,1.0,966.3923,352.26404,1.0,992.1503,346.62708,1.0,1008.747,336.11087,1.0,1016.72955,328.29498,1.0,1025.5907,313.60083,1.0,1032.6793,292.28845,1.0,1034.2916,277.82864,1.0,1034.4382,264.48965,1.0,1034.0187,251.83875,1.0,901.24097,237.15633,1.0,907.37994,230.31058,1.0,916.8655,225.43582,1.0,930.2686,223.39375,1.0,946.30884,223.48283,1.0,977.4348,221.59236,1.0,992.4999,220.2177,1.0,1005.0623,221.30911,1.0,1014.41254,225.52415,1.0,1020.213,231.56844,1.0,963.0886,246.83942,1.0,963.7444,259.34537,1.0,964.2214,267.64612,1.0,964.4812,274.5875,1.0,952.26904,286.39258,1.0,956.5659,288.75336,1.0,964.3351,288.0704,1.0,971.6325,288.12305,1.0,975.4622,285.23883,1.0,913.8835,248.98866,1.0,921.0702,243.87788,1.0,932.69946,242.61461,1.0,943.94745,248.17975,1.0,934.43024,250.59145,1.0,923.79456,251.50192,1.0,979.69415,246.76755,1.0,990.527,240.0509,1.0,1001.80707,240.48116,1.0,1008.0783,245.12523,1.0,998.51544,248.16275,1.0,988.56213,248.11383,1.0,940.8692,314.39795,1.0,950.48303,305.36285,1.0,957.62787,302.02646,1.0,964.76306,302.9109,1.0,972.1518,301.55707,1.0,979.2224,304.55276,1.0,988.8681,313.39758,1.0,984.18915,317.21252,1.0,972.82874,321.0044,1.0,965.2493,321.71985,1.0,958.30676,321.63376,1.0,946.4726,318.35684,1.0,943.21356,313.91483,1.0,959.6487,310.65805,1.0,964.8363,310.45837,1.0,970.75946,310.32135,1.0,986.8282,312.9203,1.0,971.14075,312.37082,1.0,965.2663,312.57162,1.0,959.6269,312.51633,1.0,928.5663,246.77771,1.0,994.04596,243.80305,1.0,961.74615,293.83066,0.9976621,971.8749,446.10675,0.99962384,815.09717,447.93027,0.99962384,768.17303,704.38226,0.9836683,776.76013,927.68463,0.9867255,1128.6526,444.28323,0.9997836,1183.5881,692.2999,0.9911132,1177.6453,916.35077,0.979386,973.7281,955.71924,0.9941019,877.0802,953.88824,0.99513286,873.00543,1293.303,0.33176133,860.5237,1661.194,0.08696023,1070.376,957.5503,0.9941019,1074.4314,1329.3848,0.26541582,1053.9911,1672.025,0.05028362,927.31384,255.42303,0.9953836,992.632,254.4177,0.99098897,903.46747,267.04926,0.990616,1017.1764,261.6337,0.9947481,1018.1852,1800.1077,0.02988839,1018.1852,1800.1077,0.02988839,1047.2799,1712.0195,0.02123762,878.4092,1784.3676,0.042596992,878.4092,1784.3676,0.042596992,862.88306,1711.5686,0.035533775,1175.7987,924.1202,1.0,1137.9597,939.16925,1.0,1122.4115,971.4123,1.0,1114.8625,1000.98566,1.0,1105.0157,1022.0648,1.0,1151.4985,1003.743,1.0,1139.5894,1038.077,1.0,1132.0836,1055.6703,1.0,1127.066,1068.8356,1.0,1170.5546,1004.19745,1.0,1157.0106,1040.6954,1.0,1147.6494,1058.4253,1.0,1141.5663,1071.7294,1.0,1182.979,999.0771,1.0,1170.8674,1029.6405,1.0,1161.0298,1045.2552,1.0,1153.7225,1055.9519,1.0,1189.1182,991.243,1.0,1179.1693,1015.8031,1.0,1169.9658,1028.6411,1.0,1161.9739,1036.5792,1.0,774.1532,936.31213,1.0,812.67444,950.7725,1.0,830.8918,980.86725,1.0,839.6472,1011.8966,1.0,849.67377,1033.0355,1.0,800.38666,1016.26654,1.0,816.3813,1055.1516,1.0,825.4904,1075.5381,1.0,831.0565,1092.0593,1.0,779.4986,1020.29694,1.0,799.94495,1059.4447,1.0,812.6307,1079.0564,1.0,820.2014,1094.5366,1.0,766.6044,1017.777,1.0,787.7103,1052.223,1.0,801.56934,1070.9109,1.0,810.75397,1083.5271,1.0,760.2792,1013.4842,1.0,778.3273,1039.7318,1.0,793.3217,1054.2681,1.0,804.475,1064.0553,1.0
887.8159,258.8869,1.0,889.19,271.82303,1.0,890.52783,285.24203,1.0,896.3364,307.33652,1.0,902.81616,320.65366,1.0,913.6254,334.23615,1.0,922.4946,341.08252,1.0,940.5175,349.6534,1.0,966.48737,352.50745,1.0,992.0872,346.8888,1.0,1008.5944,336.42136,1.0,1016.5975,328.6432,1.0,1025.5142,313.97394,1.0,1032.7927,292.63416,1.0,1034.48,278.1594,1.0,1034.635,264.77585,1.0,1034.2147,252.05098,1.0,901.243,236.9206,1.0,907.45374,230.07272,1.0,917.0191,225.25363,1.0,930.43604,223.28455,1.0,946.49207,223.44661,1.0,977.7064,221.74884,1.0,992.7445,220.33679,1.0,1005.29144,221.34297,1.0,1014.62726,225.48338,1.0,1020.3741,231.52582,1.0,963.2095,246.82416,1.0,963.82104,259.37967,1.0,964.3327,267.7403,1.0,964.6362,274.71515,1.0,952.36694,286.54385,1.0,956.6996,288.9041,1.0,964.4806,288.24365,1.0,971.7332,288.28995,1.0,975.612,285.39905,1.0,913.83496,248.80754,1.0,921.1348,243.76692,1.0,932.83105,242.58403,1.0,944.04315,248.1953,1.0,934.44104,250.54202,1.0,923.748,251.40536,1.0,979.6926,246.88225,1.0,990.70087,240.12468,1.0,1001.9613,240.51694,1.0,1008.24084,245.11891,1.0,998.683,248.1925,1.0,988.66016,248.18872,1.0,940.9819,314.5766,1.0,950.5656,305.51187,1.0,957.7621,302.20947,1.0,964.8929,303.06067,1.0,972.3436,301.72342,1.0,979.39307,304.70044,1.0,988.84717,313.5762,1.0,984.249,317.46603,1.0,972.9229,321.27692,1.0,965.3804,322.00308,1.0,958.4139,321.892,1.0,946.56976,318.61502,1.0,943.3463,314.09836,1.0,959.8028,310.7154,1.0,964.9566,310.53244,1.0,970.8746,310.383,1.0,986.749,313.08832,1.0,971.19403,312.6735,1.0,965.37244,312.85522,1.0,959.74164,312.81198,1.0,928.6133,246.6972,1.0,994.168,243.83482,1.0,961.7403,293.957,0.9976525,971.8781,445.98285,0.9996256,815.10004,447.80682,0.9996256,768.3694,704.06665,0.98368,776.8181,927.23193,0.98672044,1128.6561,444.15887,0.99978375,1183.5818,692.28674,0.99096507,1177.6963,916.3506,0.9787561,973.8102,955.27515,0.9940796,877.21405,953.5855,0.9951252,873.4676,1293.149,0.32639128,860.72705,1661.6501,0.084933266,1070.4062,956.9648,0.9940796,1074.535,1328.2745,0.25868064,1054.2235,1672.1595,0.04863966,927.3069,255.48041,0.9953585,992.6248,254.43976,0.99091166,903.45044,267.0539,0.99052954,1017.13586,261.63623,0.9946868,1018.6298,1800.476,0.02894449,1018.6298,1800.476,0.02894449,1048.5563,1712.2493,0.02065039,878.4728,1784.9672,0.04162099,878.4728,1784.9672,0.04162099,862.96295,1712.1177,0.034824,1176.5591,923.6063,1.0,1138.408,938.8641,1.0,1122.5161,971.1163,1.0,1115.3031,1000.6991,1.0,1105.3977,1021.8651,1.0,1151.5248,1003.67847,1.0,1139.8759,1037.952,1.0,1132.3872,1055.6356,1.0,1127.5378,1068.8007,1.0,1170.6313,1003.96906,1.0,1157.2699,1040.4674,1.0,1147.8114,1058.0442,1.0,1141.6298,1071.3562,1.0,1182.95,998.91406,1.0,1171.0391,1029.4043,1.0,1161.2349,1044.9055,1.0,1153.8052,1055.8981,1.0,1189.042,991.13586,1.0,1179.4042,1016.0199,1.0,1170.4075,1029.085,1.0,1162.3536,1037.4167,1.0,773.67914,936.1584,1.0,812.6699,950.3201,1.0,831.2005,980.72565,1.0,839.99677,1011.8594,1.0,849.8827,1033.2365,1.0,800.4187,1016.2289,1.0,816.89,1054.9376,1.0,826.3651,1074.8464,1.0,832.35596,1091.0061,1.0,779.34863,1020.1379,1.0,800.13025,1059.3021,1.0,813.11597,1078.5479,1.0,821.0973,1093.4801,1.0,766.6656,1017.6291,1.0,787.8657,1052.0664,1.0,802.10266,1070.4305,1.0,811.5909,1082.6387,1.0,760.39886,1013.2883,1.0,778.70917,1039.6537,1.0,793.8772,1054.3301,1.0,805.2475,1064.0955,1.0
887.67584,258.84537,1.0,889.06744,271.84424,1.0,890.4898,285.28113,1.0,896.4547,307.50128,1.0,903.03186,320.86948,1.0,913.8954,334.45605,1.0,922.7503,341.31696,1.0,940.6671,349.88242,1.0,966.5824,352.75082,1.0,992.0241,347.15048,1.0,1008.4419,336.73184,1.0,1016.46533,328.9914,1.0,1025.4377,314.34705,1.0,1032.9061,292.97986,1.0,1034.6683,278.49017,1.0,1034.8318,265.06204,1.0,1034.4108,252.26321,1.0,901.245,236.68486,1.0,907.5276,229.83488,1.0,917.1727,225.07143,1.0,930.6034,223.17532,1.0,946.6753,223.4104,1.0,977.978,221.90532,1.0,992.98914,220.45589,1.0,1005.52057,221.37683,1.0,1014.842,225.44263,1.0,1020.5352,231.4832,1.0,963.33026,246.80891,1.0,963.89777,259.41394,1.0,964.44403,267.83444,1.0,964.79126,274.8428,1.0,952.46484,286.69516,1.0,956.83325,289.05487,1.0,964.62604,288.4169,1.0,971.834,288.45685,1.0,975.7618,285.5593,1.0,913.78644,248.62643,1.0,921.1995,243.65598,1.0,932.96265,242.55345,1.0,944.13885,248.21085,1.0,934.4519,250.49261,1.0,923.7014,251.30882,1.0,979.69104,246.99693,1.0,990.8747,240.19846,1.0,1002.1155,240.55272,1.0,1008.4034,245.11258,1.0,998.85046,248.22224,1.0,988.75824,248.26361,1.0,941.09454,314.75525,1.0,950.6482,305.6609,1.0,957.89636,302.3925,1.0,965.0227,303.21048,1.0,972.5355,301.88977,1.0,979.5638,304.84808,1.0,988.8263,313.75482,1.0,984.30884,317.71954,1.0,973.01715,321.54944,1.0,965.5114,322.28632,1.0,958.52094,322.15024,1.0,946.667,318.87323,1.0,943.47906,314.2819,1.0,959.9569,310.77274,1.0,965.0769,310.6065,1.0,970.98975,310.44464,1.0,986.66986,313.25632,1.0,971.24725,312.97617,1.0,965.4786,313.13882,1.0,959.8564,313.10764,1.0,928.6602,246.6167,1.0,994.2901,243.8666,1.0,961.7345,293.71918,0.9976361,971.9211,445.9417,0.99962664,815.1402,447.7647,0.99962664,768.34686,704.0701,0.9838504,776.85345,927.23834,0.9868569,1128.702,444.11874,0.99978405,1183.5558,692.15295,0.99100417,1177.7114,916.2496,0.9788356,973.77966,955.235,0.99409413,877.2121,953.52295,0.9951408,873.7355,1293.0548,0.32594076,860.9665,1661.4829,0.08476913,1070.3473,956.9471,0.99409413,1075.0751,1327.6029,0.25431466,1055.4084,1670.8203,0.048136644,927.30316,255.26726,0.99530673,992.6268,254.26393,0.990823,903.4402,267.0198,0.9903779,1017.1566,261.55725,0.9946247,1024.2513,1798.9146,0.028645776,1024.2513,1798.9146,0.028645776,1050.1838,1711.0239,0.020561043,880.9284,1784.9695,0.041415345,880.9284,1784.9695,0.041415345,863.0394,1711.4917,0.03467528,1175.9243,924.15454,1.0,1138.049,939.05054,1.0,1122.5039,971.0738,1.0,1115.29,1000.52203,1.0,1105.5859,1021.44867,1.0,1151.2269,1003.6581,1.0,1139.8433,1037.8717,1.0,1132.3158,1055.4639,1.0,1127.4105,1068.539,1.0,1170.1924,1004.1629,1.0,1157.1895,1040.7379,1.0,1147.6707,1058.3698,1.0,1141.3394,1071.8042,1.0,1182.4525,999.31696,1.0,1170.9705,1029.7448,1.0,1161.1481,1045.0286,1.0,1153.6198,1055.7637,1.0,1188.5548,991.6907,1.0,1178.968,1016.2062,1.0,1169.8523,1028.9744,1.0,1161.7959,1036.9421,1.0,774.0288,935.78894,1.0,812.5371,950.10657,1.0,830.99133,980.7577,1.0,840.1703,1011.9327,1.0,849.81525,1033.1781,1.0,800.31433,1016.0408,1.0,816.6098,1055.0282,1.0,825.92847,1075.0425,1.0,831.8061,1091.2797,1.0,779.4481,1020.04126,1.0,800.1937,1059.3802,1.0,813.01056,1078.574,1.0,820.87146,1093.5375,1.0,766.73114,1017.5243,1.0,788.0802,1052.1091,1.0,802.1453,1070.414,1.0,811.5706,1082.636,1.0,760.57416,1013.1971,1.0,778.9067,1039.5829,1.0,794.0275,1054.2125,1.0,805.3116,1063.8405,1.0
887.5107,258.82797,1.0,888.8646,271.80527,1.0,890.23303,285.271,1.0,896.1304,307.47797,1.0,902.65674,320.9218,1.0,913.5288,334.63022,1.0,922.417,341.5376,1.0,940.3833,350.21295,1.0,966.2877,353.16205,1.0,991.84314,347.58362,1.0,1008.3787,337.0814,1.0,1016.4776,329.24182,1.0,1025.5464,314.4961,1.0,1033.0016,293.03357,1.0,1034.8102,278.50412,1.0,1034.9596,265.0507,1.0,1034.4714,252.19337,1.0,901.2171,236.80145,1.0,907.53455,230.02985,1.0,917.212,225.36057,1.0,930.64465,223.57767,1.0,946.6432,223.85704,1.0,977.9826,222.30363,1.0,993.005,220.73595,1.0,1005.57544,221.49043,1.0,1014.9536,225.44006,1.0,1020.6775,231.45024,1.0,963.20135,247.08702,1.0,963.75323,259.7328,1.0,964.27264,268.2053,1.0,964.57715,275.25232,1.0,952.23914,287.02548,1.0,956.65485,289.40533,1.0,964.37854,288.786,1.0,971.65784,288.81436,1.0,975.6651,285.887,1.0,913.6758,248.78123,1.0,921.0918,243.88133,1.0,932.7519,242.82294,1.0,943.93146,248.39809,1.0,934.2754,250.59506,1.0,923.5828,251.41754,1.0,979.74677,247.24992,1.0,990.9573,240.49434,1.0,1002.2329,240.79951,1.0,1008.6124,245.27774,1.0,999.05896,248.387,1.0,988.8859,248.4321,1.0,940.80896,315.04266,1.0,950.3734,306.01202,1.0,957.61456,302.78613,1.0,964.781,303.65976,1.0,972.23004,302.2894,1.0,979.312,305.21173,1.0,988.6984,314.00998,1.0,983.99615,318.00476,1.0,972.6451,321.8472,1.0,965.1603,322.56586,1.0,958.1977,322.41034,1.0,946.4235,319.12405,1.0,943.1795,314.57422,1.0,959.6276,311.2631,1.0,964.7896,311.0784,1.0,970.62463,310.93134,1.0,986.53644,313.56934,1.0,970.92377,313.21017,1.0,965.1364,313.35706,1.0,959.5446,313.34335,1.0,928.3202,246.68869,1.0,994.657,244.00728,1.0,961.7277,293.68256,0.9976559,971.9458,445.89407,0.9996243,815.1848,447.68143,0.9996243,768.3025,704.0954,0.9839581,777.1924,927.7138,0.986781,1128.7068,444.1067,0.99978244,1183.5503,692.14746,0.9908985,1177.7173,916.28253,0.97828627,973.77057,955.1818,0.994018,877.23254,953.4345,0.9950734,873.67804,1292.1476,0.3156336,861.041,1660.0632,0.081742205,1070.3086,956.92914,0.994018,1075.0768,1327.5194,0.24785031,1055.2804,1670.918,0.04687073,927.2688,255.20424,0.9953344,992.61096,254.15308,0.9908662,903.4347,267.01343,0.9904061,1017.16504,261.52432,0.99464023,1024.1185,1799.3021,0.027849745,1024.1185,1799.3021,0.027849745,1050.2548,1711.1492,0.020202938,880.8915,1784.6913,0.039884403,880.8915,1784.6913,0.039884403,863.1737,1709.8077,0.033778913,1176.1487,923.9907,1.0,1138.2755,939.04816,1.0,1122.7185,971.0005,1.0,1115.456,1000.4319,1.0,1105.8097,1021.5155,1.0,1151.9491,1003.53815,1.0,1139.8793,1037.7341,1.0,1132.2085,1055.3715,1.0,1127.1326,1068.5972,1.0,1170.8661,1003.9327,1.0,1157.1749,1040.6177,1.0,1147.5219,1058.2665,1.0,1141.2214,1071.8722,1.0,1183.0322,998.87036,1.0,1171.021,1029.6377,1.0,1161.1663,1045.2202,1.0,1153.5167,1056.3214,1.0,1189.0458,991.11536,1.0,1179.4756,1016.3008,1.0,1170.4381,1029.5167,1.0,1162.3682,1038.0687,1.0,774.3054,935.5672,1.0,812.8669,950.0803,1.0,831.2067,981.17847,1.0,840.0082,1012.5049,1.0,849.6152,1033.286,1.0,800.2688,1016.0914,1.0,817.1709,1055.4022,1.0,826.4932,1075.3656,1.0,832.2184,1091.2958,1.0,779.3837,1019.874,1.0,800.5445,1059.6439,1.0,813.6226,1078.3896,1.0,821.32294,1092.8414,1.0,766.77356,1017.21655,1.0,788.52704,1051.8724,1.0,803.0572,1069.5735,1.0,812.45483,1081.0255,1.0,760.59735,1012.6431,1.0,778.9659,1038.6078,1.0,794.36975,1052.7509,1.0,805.7907,1061.7008,1.0
887.3456,258.81055,1.0,888.6618,271.76633,1.0,889.97626,285.26086,1.0,895.8061,307.45462,1.0,902.2817,320.97418,1.0,913.1622,334.80438,1.0,922.0836,341.7582,1.0,940.09955,350.54346,1.0,965.99304,353.57327,1.0,991.6622,348.01672,1.0,1008.31555,337.4309,1.0,1016.4899,329.49222,1.0,1025.655,314.64514,1.0,1033.0969,293.08725,1.0,1034.952,278.5181,1.0,1035.0874,265.0393,1.0,1034.5322,252.12355,1.0,901.1892,236.91806,1.0,907.54156,230.22481,1.0,917.2513,225.64969,1.0,930.6859,223.98001,1.0,946.6111,224.30367,1.0,977.9872,222.70193,1.0,993.0209,221.01599,1.0,1005.6304,221.60403,1.0,1015.06525,225.43748,1.0,1020.81976,231.41728,1.0,963.0724,247.36513,1.0,963.60876,260.05164,1.0,964.1013,268.57617,1.0,964.36304,275.6618,1.0,952.01337,287.3558,1.0,956.47644,289.75583,1.0,964.13104,289.15515,1.0,971.4817,289.17184,1.0,975.5684,286.2147,1.0,913.5651,248.93605,1.0,920.98413,244.10669,1.0,932.54114,243.09242,1.0,943.7241,248.58533,1.0,934.0989,250.69751,1.0,923.4643,251.52628,1.0,979.8025,247.5029,1.0,991.0399,240.7902,1.0,1002.35034,241.0463,1.0,1008.8214,245.4429,1.0,999.2674,248.55174,1.0,989.0137,248.6006,1.0,940.5234,315.33005,1.0,950.09863,306.36313,1.0,957.3327,303.17978,1.0,964.53925,304.10904,1.0,971.9245,302.68903,1.0,979.0603,305.57535,1.0,988.57056,314.26517,1.0,983.6835,318.28995,1.0,972.2731,322.14493,1.0,964.80914,322.84537,1.0,957.8744,322.6704,1.0,946.1801,319.37488,1.0,942.8799,314.86658,1.0,959.29834,311.75348,1.0,964.5023,311.5503,1.0,970.2595,311.41806,1.0,986.4031,313.8824,1.0,970.60034,313.44415,1.0,964.7942,313.5753,1.0,959.23285,313.57907,1.0,927.98016,246.76068,1.0,995.0238,244.14796,1.0,961.7189,293.50818,0.9977114,971.95264,445.87335,0.9996252,815.22614,447.67203,0.9996252,768.2839,704.0952,0.9841396,777.40814,927.78754,0.98678064,1128.6792,444.07468,0.99978435,1183.5486,692.13007,0.9909442,1177.7238,916.3162,0.9784283,973.6483,955.1569,0.99403423,877.2286,953.3912,0.99506587,873.6009,1290.9143,0.30838054,861.10736,1659.4911,0.079881474,1070.068,956.9227,0.99403423,1075.0996,1327.3688,0.243851,1055.7,1670.9062,0.046008665,927.22107,255.01253,0.9954331,992.60547,253.97269,0.99107295,903.4315,266.99323,0.9905593,1017.17334,261.44046,0.99475795,1025.7051,1799.4637,0.027336346,1025.7051,1799.4637,0.027336346,1050.7812,1711.145,0.019960683,881.0988,1784.5209,0.038905997,881.0988,1784.5209,0.038905997,863.1886,1709.1008,0.03313867,1176.3506,923.55963,1.0,1138.6953,938.70526,1.0,1123.178,970.73553,1.0,1115.6635,1000.3727,1.0,1105.5999,1021.53107,1.0,1152.3218,1003.16235,1.0,1140.0422,1037.3944,1.0,1132.4688,1055.0435,1.0,1127.4462,1068.4955,1.0,1171.5309,1003.9421,1.0,1157.9459,1040.237,1.0,1148.432,1058.1761,1.0,1141.7137,1072.1378,1.0,1183.7618,999.2832,1.0,1171.4396,1030.2764,1.0,1161.493,1046.3945,1.0,1153.6361,1058.3076,1.0,1189.3547,992.0548,1.0,1179.3546,1017.70825,1.0,1170.0962,1031.2797,1.0,1161.8107,1040.5798,1.0,774.7803,935.8929,1.0,813.337,950.4688,1.0,831.5031,981.18994,1.0,840.0057,1012.6757,1.0,849.35657,1033.583,1.0,800.66974,1016.0049,1.0,817.4864,1055.5852,1.0,826.76166,1075.6178,1.0,832.4398,1091.5546,1.0,779.6164,1019.58704,1.0,800.5006,1059.7323,1.0,813.2845,1078.7566,1.0,820.95935,1093.3224,1.0,766.69305,1016.89667,1.0,788.17944,1051.7726,1.0,802.29346,1069.8711,1.0,811.64,1081.7542,1.0,760.37305,1012.296,1.0,778.5477,1038.222,1.0,793.87476,1052.4084,1.0,805.167,1061.5146,1.0
887.1804,258.79312,1.0,888.4589,271.7274,1.0,889.7195,285.2507,1.0,895.4818,307.4313,1.0,901.90656,321.02652,1.0,912.79553,334.97855,1.0,921.7503,341.97885,1.0,939.81573,350.874,1.0,965.69836,353.98447,1.0,991.4812,348.44986,1.0,1008.2524,337.78043,1.0,1016.5022,329.74265,1.0,1025.7635,314.7942,1.0,1033.1923,293.14096,1.0,1035.0939,278.53204,1.0,1035.2153,265.02795,1.0,1034.5929,252.05371,1.0,901.1613,237.03465,1.0,907.5485,230.41975,1.0,917.2906,225.93883,1.0,930.7272,224.38235,1.0,946.57904,224.7503,1.0,977.99176,223.10025,1.0,993.0368,221.29605,1.0,1005.68524,221.71764,1.0,1015.1769,225.43492,1.0,1020.96204,231.38431,1.0,962.9435,247.64325,1.0,963.4643,260.3705,1.0,963.93,268.94702,1.0,964.1489,276.07132,1.0,951.78766,287.68613,1.0,956.29803,290.1063,1.0,963.88354,289.5243,1.0,971.30554,289.52936,1.0,975.47174,286.54242,1.0,913.4544,249.09085,1.0,920.87646,244.33205,1.0,932.3304,243.3619,1.0,943.5167,248.77255,1.0,933.92236,250.79996,1.0,923.3457,251.635,1.0,979.8582,247.75589,1.0,991.1225,241.08609,1.0,1002.4677,241.29309,1.0,1009.0304,245.60808,1.0,999.4758,248.71649,1.0,989.14136,248.7691,1.0,940.2378,315.61746,1.0,949.82385,306.71426,1.0,957.0509,303.57346,1.0,964.2975,304.55832,1.0,971.619,303.08865,1.0,978.8086,305.93896,1.0,988.44275,314.52032,1.0,983.3708,318.57513,1.0,971.90106,322.4427,1.0,964.458,323.12488,1.0,957.55115,322.9305,1.0,945.9367,319.62573,1.0,942.5803,315.1589,1.0,958.96906,312.24387,1.0,964.215,312.0222,1.0,969.8944,311.9048,1.0,986.26965,314.1954,1.0,970.27686,313.67816,1.0,964.45197,313.79352,1.0,958.9211,313.81476,1.0,927.6401,246.83267,1.0,995.3906,244.28867,1.0,961.699,293.49414,0.997673,971.98193,445.86255,0.9996172,815.27203,447.66156,0.9996172,768.29333,703.9844,0.98411036,777.5451,927.7577,0.98667437,1128.6919,444.06354,0.9997812,1183.5355,692.1633,0.99089384,1177.728,916.40753,0.978481,973.677,955.12054,0.9939718,877.27094,953.3826,0.99499726,873.6767,1290.9158,0.30188873,861.38916,1659.4928,0.078206815,1070.083,956.85846,0.9939718,1075.8091,1326.7489,0.23803107,1055.7057,1670.9585,0.04496894,927.21344,254.98264,0.99534076,992.5861,253.91058,0.9909127,903.4401,266.98547,0.990357,1017.1702,261.40265,0.9946629,1025.6552,1800.0924,0.02666336,1025.6552,1800.0924,0.02666336,1050.8767,1711.2087,0.019598627,880.5182,1784.6268,0.03803114,880.5182,1784.6268,0.03803114,863.67816,1709.128,0.032663014,1175.8895,924.3921,1.0,1138.651,939.1088,1.0,1122.8278,970.7761,1.0,1115.7279,1000.66144,1.0,1105.8086,1021.60535,1.0,1151.7698,1002.7319,1.0,1139.6267,1036.9476,1.0,1132.2124,1054.7355,1.0,1127.3739,1068.5156,1.0,1170.5824,1004.1626,1.0,1156.7968,1040.6826,1.0,1147.5812,1059.5082,1.0,1141.1952,1074.446,1.0,1182.6678,1000.0214,1.0,1170.3766,1031.2565,1.0,1160.6282,1047.7621,1.0,1153.0597,1060.2601,1.0,1188.693,993.3978,1.0,1179.0972,1019.18396,1.0,1170.1587,1033.0853,1.0,1162.2238,1042.8484,1.0,774.9354,935.82355,1.0,813.3528,950.4686,1.0,831.3058,981.0272,1.0,839.57153,1012.60693,1.0,849.43427,1033.8585,1.0,800.56616,1016.1503,1.0,817.364,1055.594,1.0,826.45526,1075.1876,1.0,831.92346,1090.9712,1.0,779.55707,1019.6651,1.0,800.2766,1059.765,1.0,812.879,1078.4674,1.0,820.264,1092.79,1.0,766.64514,1016.59686,1.0,787.87506,1051.0295,1.0,801.8009,1068.7424,1.0,810.9769,1080.103,1.0,760.1736,1011.51355,1.0,778.1715,1036.7251,1.0,793.5071,1050.2773,1.0,804.675,1058.5535,1.0
887.0336,259.04047,1.0,888.3002,271.8875,1.0,889.5625,285.2872,1.0,895.30396,307.3523,1.0,901.7357,320.8837,1.0,912.6065,334.86163,1.0,921.5484,341.86426,1.0,939.62305,350.9005,1.0,965.5397,354.12878,1.0,991.39795,348.46112,1.0,1008.2136,337.64114,1.0,1016.4344,329.5649,1.0,1025.6486,314.56775,1.0,1033.0786,292.98456,1.0,1034.941,278.45734,1.0,1035.0857,265.06006,1.0,1034.5402,252.20561,1.0,900.80457,237.56963,1.0,907.0599,230.96909,1.0,916.7664,226.45248,1.0,930.26196,224.82779,1.0,946.2262,225.18318,1.0,977.7699,223.42209,1.0,992.8828,221.61453,1.0,1005.57275,222.08847,1.0,1015.089,225.83405,1.0,1020.8848,231.78053,1.0,962.7534,248.19753,1.0,963.25543,260.86365,1.0,963.69727,269.34784,1.0,963.9271,276.39984,1.0,951.75385,287.94962,1.0,956.1373,290.37805,1.0,963.6849,289.82693,1.0,971.0492,289.79422,1.0,975.13007,286.827,1.0,913.3525,249.54103,1.0,920.6858,244.74974,1.0,932.16736,243.7317,1.0,943.43805,249.18878,1.0,933.8032,251.25427,1.0,923.2163,252.10588,1.0,979.6579,248.12167,1.0,990.87244,241.36835,1.0,1002.2233,241.56595,1.0,1008.74005,245.90572,1.0,999.2168,249.07645,1.0,988.91614,249.15216,1.0,940.24335,315.86053,1.0,949.6913,307.01944,1.0,956.83307,303.8655,1.0,963.9761,304.86838,1.0,971.2366,303.43652,1.0,978.37274,306.32266,1.0,988.0371,314.95782,1.0,983.1043,319.0816,1.0,971.68024,323.08688,1.0,964.15424,323.79984,1.0,957.1831,323.61102,1.0,945.6618,320.05374,1.0,942.56586,315.43576,1.0,958.7216,312.6895,1.0,963.9487,312.49774,1.0,969.6305,312.37738,1.0,985.8806,314.63715,1.0,969.9672,314.072,1.0,964.1885,314.191,1.0,958.702,314.18445,1.0,927.58734,247.32343,1.0,995.10925,244.67018,1.0,961.69556,293.49124,0.99771225,972.0028,445.85153,0.999622,815.3109,447.64954,0.999622,768.2742,704.00555,0.9843973,777.71185,927.9102,0.9868868,1128.6947,444.0535,0.99978286,1183.5315,692.16437,0.9909467,1177.7335,916.4079,0.97851634,973.7309,955.09015,0.99391055,877.3921,953.33466,0.9949506,873.3819,1290.7266,0.29568818,860.0876,1658.6193,0.07581603,1070.0697,956.84564,0.99391055,1075.7056,1326.8507,0.23440929,1055.4487,1670.9564,0.043743357,927.2115,254.97636,0.99541825,992.57434,253.84998,0.99104285,903.46014,266.9827,0.9905213,1017.1607,261.35892,0.99474096,1024.4813,1799.7848,0.02603026,1024.4813,1799.7848,0.02603026,1050.9604,1711.2098,0.01923553,880.00903,1783.0715,0.036950115,880.00903,1783.0715,0.036950115,861.6329,1708.4316,0.03182973,1176.1624,924.1004,1.0,1138.5607,938.9205,1.0,1123.19,970.9988,1.0,1115.9376,1000.6405,1.0,1105.9442,1021.14874,1.0,1151.9304,1003.1256,1.0,1139.8995,1036.8845,1.0,1132.4575,1054.6244,1.0,1127.428,1068.2007,1.0,1170.9271,1004.227,1.0,1157.4686,1039.9656,1.0,1148.2756,1058.1418,1.0,1141.665,1072.4662,1.0,1183.0979,999.913,1.0,1171.0793,1030.5782,1.0,1161.3398,1046.7634,1.0,1153.6772,1058.854,1.0,1189.0475,993.0031,1.0,1179.4069,1018.41534,1.0,1170.4824,1032.1053,1.0,1162.5127,1041.7322,1.0,775.1753,936.1697,1.0,813.7344,951.3319,1.0,831.25775,981.97516,1.0,838.93787,1013.4845,1.0,848.4421,1034.5114,1.0,800.556,1016.166,1.0,817.2127,1056.0896,1.0,826.2378,1075.5381,1.0,831.5154,1091.2467,1.0,779.53253,1019.6236,1.0,800.1799,1060.2087,1.0,812.6438,1078.7113,1.0,819.8871,1092.644,1.0,766.48645,1016.5303,1.0,787.7827,1051.2275,1.0,801.8969,1068.4014,1.0,810.99286,1079.1611,1.0,759.8822,1011.36945,1.0,777.6522,1036.368,1.0,793.037,1049.2559,1.0,804.2092,1057.0004,1.0
886.88684,259.28778,1.0,888.14136,272.0476,1.0,889.4056,285.32367,1.0,895.12616,307.27325,1.0,901.5649,320.7409,1.0,912.4175,334.74475,1.0,921.3465,341.74966,1.0,939.43036,350.92706,1.0,965.381,354.2731,1.0,991.31464,348.4724,1.0,1008.17487,337.50186,1.0,1016.36664,329.3872,1.0,1025.5334,314.34134,1.0,1032.9651,292.8282,1.0,1034.7882,278.3826,1.0,1034.956,265.0922,1.0,1034.4875,252.35753,1.0,900.4479,238.10461,1.0,906.5712,231.51842,1.0,916.24225,226.96614,1.0,929.79675,225.27321,1.0,945.8734,225.61606,1.0,977.54803,223.74391,1.0,992.7288,221.93303,1.0,1005.4602,222.4593,1.0,1015.0011,226.23318,1.0,1020.8077,232.17674,1.0,962.5634,248.75182,1.0,963.04663,261.35678,1.0,963.46454,269.7487,1.0,963.7053,276.7284,1.0,951.72003,288.2131,1.0,955.97656,290.6498,1.0,963.4862,290.12958,1.0,970.79285,290.05905,1.0,974.7884,287.11157,1.0,913.25055,249.99121,1.0,920.4951,245.16743,1.0,932.00433,244.10152,1.0,943.3594,249.60501,1.0,933.6841,251.70859,1.0,923.0869,252.57677,1.0,979.4575,248.48746,1.0,990.62244,241.6506,1.0,1001.97894,241.8388,1.0,1008.4497,246.20335,1.0,998.9577,249.4364,1.0,988.69086,249.5352,1.0,940.24896,316.1036,1.0,949.55865,307.32465,1.0,956.61523,304.1576,1.0,963.65466,305.17844,1.0,970.85406,303.7844,1.0,977.9369,306.7064,1.0,987.6315,315.3953,1.0,982.8379,319.58804,1.0,971.4595,323.73105,1.0,963.85046,324.47476,1.0,956.81506,324.29153,1.0,945.38696,320.48175,1.0,942.55133,315.7126,1.0,958.47424,313.1352,1.0,963.68243,312.9733,1.0,969.3666,312.84995,1.0,985.4915,315.0789,1.0,969.6576,314.46585,1.0,963.925,314.58853,1.0,958.483,314.55417,1.0,927.5346,247.81418,1.0,994.8278,245.0517,1.0,961.6872,293.4341,0.9977278,971.9984,445.8176,0.99962354,815.3185,447.638,0.99962354,768.23126,704.00946,0.9846555,777.71924,928.03284,0.9870112,1128.6783,443.9972,0.9997822,1183.5728,692.142,0.99085456,1177.7356,916.369,0.97829574,974.0675,955.1026,0.9938528,877.9569,953.36676,0.9949274,874.0242,1290.4967,0.2921771,861.1413,1658.6377,0.074927844,1070.1781,956.83844,0.9938528,1075.9569,1326.9879,0.23172194,1055.7888,1671.3796,0.043080714,927.18835,254.87457,0.9954565,992.556,253.68968,0.9910973,903.4721,266.94144,0.9906081,1017.1573,261.27582,0.9947686,1024.4105,1799.8381,0.02564312,1024.4105,1799.8381,0.02564312,1051.991,1711.6559,0.01901651,881.1273,1783.035,0.036495656,881.1273,1783.035,0.036495656,862.6186,1708.6084,0.031474218,1176.5654,923.8212,1.0,1138.7727,938.19635,1.0,1122.9987,969.8567,1.0,1115.6815,999.31134,1.0,1106.2468,1020.0545,1.0,1152.3489,1001.4278,1.0,1140.4564,1035.922,1.0,1132.8778,1054.2057,1.0,1127.5875,1068.1007,1.0,1171.4375,1002.8476,1.0,1158.0793,1039.8357,1.0,1148.4683,1058.8584,1.0,1141.3267,1073.6722,1.0,1183.4617,998.8578,1.0,1171.4731,1030.7206,1.0,1161.6045,1047.4581,1.0,1153.563,1059.8319,1.0,1189.1622,992.2124,1.0,1179.5233,1018.24915,1.0,1170.5319,1032.4738,1.0,1162.315,1042.373,1.0,775.4011,936.7989,1.0,813.8217,952.65704,1.0,830.95953,983.2434,1.0,838.0454,1014.7508,1.0,846.43567,1035.893,1.0,800.0353,1016.858,1.0,817.19574,1056.7927,1.0,826.65735,1076.3402,1.0,832.37476,1092.0305,1.0,779.0562,1020.10364,1.0,799.86194,1060.8099,1.0,812.75793,1079.3174,1.0,820.3716,1093.1733,1.0,766.42633,1016.79565,1.0,787.02405,1052.1049,1.0,801.31146,1069.5201,1.0,810.6594,1080.3591,1.0,760.2459,1011.4405,1.0,777.42865,1037.1726,1.0,792.6409,1051.1064,1.0,804.03784,1059.3608,1.0
886.74,259.5351,1.0,887.9826,272.20773,1.0,889.2486,285.36014,1.0,894.94836,307.19424,1.0,901.394,320.59808,1.0,912.2284,334.62784,1.0,921.1446,341.63507,1.0,939.23773,350.9536,1.0,965.2223,354.41745,1.0,991.2313,348.4837,1.0,1008.1361,337.36258,1.0,1016.2988,329.20947,1.0,1025.4185,314.11493,1.0,1032.8514,292.67178,1.0,1034.6353,278.30786,1.0,1034.8264,265.12433,1.0,1034.4348,252.50943,1.0,900.0911,238.63959,1.0,906.08264,232.06775,1.0,915.71814,227.4798,1.0,929.33154,225.71864,1.0,945.5206,226.04893,1.0,977.3262,224.06575,1.0,992.5749,222.25151,1.0,1005.3477,222.83014,1.0,1014.9132,226.63231,1.0,1020.7305,232.57295,1.0,962.3734,249.3061,1.0,962.83777,261.8499,1.0,963.2319,270.1495,1.0,963.4835,277.05695,1.0,951.68616,288.4766,1.0,955.81586,290.92157,1.0,963.28754,290.43222,1.0,970.5365,290.3239,1.0,974.4467,287.39615,1.0,913.14856,250.44138,1.0,920.30444,245.58511,1.0,931.84125,244.47133,1.0,943.2807,250.02122,1.0,933.565,252.16289,1.0,922.95746,253.04765,1.0,979.25714,248.85324,1.0,990.37244,241.93286,1.0,1001.7345,242.11165,1.0,1008.15936,246.50099,1.0,998.69867,249.79636,1.0,988.46564,249.91826,1.0,940.2545,316.34668,1.0,949.426,307.62985,1.0,956.3974,304.44965,1.0,963.3332,305.4885,1.0,970.4716,304.13226,1.0,977.501,307.0901,1.0,987.22577,315.83276,1.0,982.5714,320.0945,1.0,971.2387,324.37524,1.0,963.5467,325.14972,1.0,956.447,324.97205,1.0,945.11206,320.90976,1.0,942.53687,315.9894,1.0,958.2268,313.58087,1.0,963.41614,313.44885,1.0,969.10266,313.32254,1.0,985.1025,315.52063,1.0,969.34796,314.8597,1.0,963.6615,314.98602,1.0,958.2639,314.92386,1.0,927.4819,248.30493,1.0,994.54645,245.43321,1.0,961.6816,293.53375,0.9977058,971.997,445.7093,0.9996209,815.3238,447.558,0.9996209,768.2016,703.9678,0.9847507,777.46967,928.2882,0.98704267,1128.6703,443.8606,0.99978185,1183.5715,691.8003,0.99083513,1177.7834,915.8284,0.9783046,974.3311,954.96484,0.99386716,878.001,953.3631,0.99494225,874.0397,1290.8844,0.2943224,861.35046,1658.8143,0.07585417,1070.6613,956.5666,0.99386716,1076.84,1326.9672,0.23413986,1056.979,1671.2225,0.043445136,927.1586,254.95311,0.99541456,992.5559,253.73627,0.9910316,903.45715,266.97995,0.9905382,1017.154,261.26535,0.9947384,1024.3859,1799.9955,0.025853097,1024.3859,1799.9955,0.025853097,1054.1018,1711.3344,0.019117203,881.1469,1783.3876,0.036900163,881.1469,1783.3876,0.036900163,862.9429,1708.6813,0.03173041,1176.7808,923.2626,1.0,1139.1117,937.1211,1.0,1122.6942,968.2292,1.0,1115.2603,997.2458,1.0,1106.0968,1017.63934,1.0,1150.7383,999.9351,1.0,1139.9482,1034.9569,1.0,1132.7822,1053.558,1.0,1127.6523,1067.711,1.0,1169.8195,1001.69434,1.0,1157.3822,1038.9991,1.0,1148.1376,1058.8274,1.0,1141.1984,1074.133,1.0,1182.0685,998.31696,1.0,1170.272,1030.623,1.0,1160.6042,1047.8204,1.0,1152.8367,1060.6232,1.0,1188.3792,992.31146,1.0,1178.2988,1018.59827,1.0,1169.2762,1032.964,1.0,1161.352,1043.0939,1.0,774.90454,937.75995,1.0,813.01385,953.88385,1.0,829.745,984.28046,1.0,836.38696,1015.87756,1.0,844.70074,1037.3241,1.0,798.5924,1017.2021,1.0,816.21045,1057.2188,1.0,826.06726,1076.6622,1.0,832.3053,1092.5364,1.0,777.8851,1020.06134,1.0,798.68414,1060.4156,1.0,812.05994,1079.0154,1.0,820.3248,1092.7825,1.0,765.86615,1016.7669,1.0,786.24194,1052.0992,1.0,800.74817,1069.8126,1.0,810.49963,1080.7739,1.0,760.20166,1012.04333,1.0,777.1111,1038.9894,1.0,792.3041,1053.4972,1.0,804.07263,1062.2118,1.0
886.85284,259.73514,1.0,888.09216,272.47745,1.0,889.33026,285.7174,1.0,894.9685,307.6277,1.0,901.37354,321.05646,1.0,912.11456,335.06564,1.0,920.9445,342.07098,1.0,938.89496,351.3017,1.0,964.84186,354.78574,1.0,990.86194,349.02756,1.0,1007.8398,338.02646,1.0,1016.0399,329.90622,1.0,1025.2292,314.816,1.0,1032.7778,293.31833,1.0,1034.6262,278.8953,1.0,1034.8269,265.64032,1.0,1034.4896,252.97302,1.0,900.22974,238.57727,1.0,906.2985,231.97212,1.0,915.95245,227.39166,1.0,929.5265,225.67438,1.0,945.6619,226.04967,1.0,977.3564,224.2585,1.0,992.6199,222.51324,1.0,1005.39716,223.11356,1.0,1014.952,226.94193,1.0,1020.7898,232.90915,1.0,962.3079,249.35742,1.0,962.6833,261.92056,1.0,962.9897,270.26212,1.0,963.238,277.1986,1.0,951.3363,288.66214,1.0,955.5287,291.15152,1.0,963.0327,290.6299,1.0,970.3093,290.6203,1.0,974.3336,287.6826,1.0,913.0474,250.3964,1.0,920.3063,245.58743,1.0,931.8906,244.52083,1.0,943.25525,250.06345,1.0,933.5225,252.17923,1.0,922.8951,253.0326,1.0,979.13745,249.09209,1.0,990.39624,242.26031,1.0,1001.75586,242.50725,1.0,1008.2522,246.93361,1.0,998.7517,250.17537,1.0,988.4298,250.22952,1.0,940.0551,316.6485,1.0,949.22156,307.9295,1.0,956.224,304.73798,1.0,963.21204,305.78348,1.0,970.38104,304.42358,1.0,977.43695,307.42822,1.0,987.1959,316.2427,1.0,982.5212,320.45627,1.0,971.0453,324.65344,1.0,963.3216,325.39658,1.0,956.2413,325.1844,1.0,944.9327,321.13504,1.0,942.37115,316.29065,1.0,958.0801,313.87598,1.0,963.2424,313.77664,1.0,968.9518,313.68378,1.0,985.0657,315.86392,1.0,969.19977,315.1304,1.0,963.4895,315.2556,1.0,958.0703,315.15927,1.0,927.5124,248.30453,1.0,994.5863,245.74419,1.0,961.65564,294.669,0.99776715,971.98083,445.5698,0.9996288,815.2982,447.53568,0.9996288,768.22565,703.9673,0.9848854,777.4301,928.59564,0.9871742,1128.6635,443.60394,0.99978757,1183.6029,691.09595,0.99099976,1177.8718,915.44745,0.9786301,975.0187,954.7831,0.99392927,878.65814,953.381,0.99499243,876.00604,1290.9489,0.2957196,862.33813,1659.5457,0.076568164,1071.3792,956.1851,0.99392927,1076.9873,1326.5868,0.23603806,1059.0194,1670.5171,0.043543767,927.14734,255.87611,0.9955288,992.5637,254.61897,0.9912871,903.3935,267.284,0.9907237,1017.13025,261.6805,0.9948866,1026.9452,1799.3379,0.02611139,1026.9452,1799.3379,0.02611139,1056.4393,1710.3956,0.01925042,885.48114,1783.5455,0.03730238,885.48114,1783.5455,0.03730238,863.3368,1709.8933,0.031847272,1176.8333,921.50507,1.0,1139.0586,933.84216,1.0,1120.8811,964.4371,1.0,1112.0504,992.66064,1.0,1102.652,1013.0558,1.0,1147.5651,997.507,1.0,1137.6277,1033.2391,1.0,1130.8152,1052.8721,1.0,1125.7421,1067.568,1.0,1166.3308,999.15515,1.0,1156.0244,1035.2407,1.0,1147.8906,1054.9226,1.0,1142.1384,1069.8054,1.0,1178.6034,995.9282,1.0,1168.7003,1027.2555,1.0,1160.2546,1045.0271,1.0,1153.5724,1058.8182,1.0,1185.1243,990.015,1.0,1176.1097,1015.19104,1.0,1168.3075,1029.5802,1.0,1161.4347,1039.7968,1.0,775.3346,938.6472,1.0,812.61664,954.97766,1.0,828.41797,985.4285,1.0,834.9159,1016.6808,1.0,842.7738,1038.8383,1.0,796.79785,1017.6576,1.0,814.7897,1057.4618,1.0,824.9941,1076.2128,1.0,831.8706,1091.6768,1.0,776.54065,1020.5437,1.0,797.48376,1060.9912,1.0,811.3862,1079.0558,1.0,819.9763,1092.0544,1.0,764.8161,1017.0649,1.0,784.58466,1053.2218,1.0,799.89233,1070.5038,1.0,810.3054,1080.5798,1.0,759.7974,1012.25745,1.0,775.73834,1040.5513,1.0,791.0233,1055.3055,1.0,802.7932,1063.8398,1.0
886.9657,259.93515,1.0,888.2018,272.74716,1.0,889.412,286.0747,1.0,894.9887,308.0611,1.0,901.353,321.51486,1.0,912.00073,335.50345,1.0,920.74445,342.5069,1.0,938.55225,351.64978,1.0,964.4614,355.15402,1.0,990.4925,349.5714,1.0,1007.54346,338.69034,1.0,1015.78107,330.603,1.0,1025.0402,315.5171,1.0,1032.7043,293.96487,1.0,1034.6171,279.4827,1.0,1034.8274,266.15634,1.0,1034.5444,253.43661,1.0,900.36835,238.51497,1.0,906.5144,231.87648,1.0,916.18677,227.30353,1.0,929.7215,225.63013,1.0,945.8032,226.05042,1.0,977.38654,224.45125,1.0,992.66486,222.77498,1.0,1005.44666,223.39699,1.0,1014.9908,227.25154,1.0,1020.84906,233.24536,1.0,962.24243,249.40874,1.0,962.5288,261.9912,1.0,962.74744,270.37473,1.0,962.9925,277.34024,1.0,950.98645,288.84772,1.0,955.2416,291.38147,1.0,962.77795,290.8276,1.0,970.0822,290.9167,1.0,974.22046,287.96902,1.0,912.9462,250.35141,1.0,920.30817,245.58975,1.0,931.93994,244.57033,1.0,943.22986,250.10565,1.0,933.48004,252.19557,1.0,922.8327,253.01753,1.0,979.0177,249.33093,1.0,990.42004,242.58777,1.0,1001.7772,242.90285,1.0,1008.3451,247.36623,1.0,998.8048,250.55437,1.0,988.394,250.54079,1.0,939.8557,316.95032,1.0,949.0171,308.2292,1.0,956.0506,305.0263,1.0,963.0908,306.07846,1.0,970.29047,304.71494,1.0,977.3729,307.76636,1.0,987.166,316.65265,1.0,982.47095,320.81802,1.0,970.85187,324.9316,1.0,963.0965,325.64346,1.0,956.0355,325.3967,1.0,944.75323,321.36032,1.0,942.20544,316.59192,1.0,957.9334,314.17105,1.0,963.06854,314.10443,1.0,968.80084,314.04504,1.0,985.0289,316.20724,1.0,969.0515,315.40112,1.0,963.31744,315.5252,1.0,957.8768,315.39468,1.0,927.5429,248.30414,1.0,994.62616,246.05516,1.0,961.5603,294.89426,0.99777216,971.9629,445.3352,0.99963266,815.2596,447.52405,0.99963266,768.2229,703.8738,0.9845844,777.4225,928.59827,0.9869024,1128.6663,443.1464,0.99978894,1183.8241,690.279,0.990859,1178.245,914.67505,0.9779557,975.81,954.543,0.9939266,878.9458,953.4361,0.9950102,878.8681,1290.7787,0.2881651,867.5234,1659.5021,0.074048094,1072.6742,955.65,0.9939266,1078.291,1325.3906,0.22716522,1060.4307,1668.3242,0.041916657,927.0545,256.23245,0.9955291,992.54663,254.93616,0.99130064,903.2467,267.47693,0.9906843,1017.086,261.90762,0.9948759,1029.4092,1796.7009,0.025172366,1029.4092,1796.7009,0.025172366,1057.7322,1708.4034,0.018759081,894.05865,1783.4784,0.036033135,894.05865,1783.4784,0.036033135,868.06213,1709.8945,0.031022474,1177.034,919.9046,1.0,1138.5929,929.8667,1.0,1119.0503,959.28265,1.0,1109.3503,987.23224,1.0,1099.5477,1007.53015,1.0,1144.0372,994.70996,1.0,1134.9291,1031.3762,1.0,1129.728,1051.713,1.0,1126.3416,1067.6643,1.0,1163.5663,997.74243,1.0,1153.4033,1034.8337,1.0,1145.4873,1056.5171,1.0,1139.5032,1073.0764,1.0,1176.13,995.72046,1.0,1166.0106,1028.8035,1.0,1157.5134,1047.9263,1.0,1150.8679,1063.2618,1.0,1182.3484,991.37537,1.0,1171.6996,1018.2529,1.0,1163.7393,1033.5774,1.0,1156.6705,1045.357,1.0,776.01794,938.0134,1.0,812.7134,955.33496,1.0,827.7489,986.0763,1.0,833.72894,1017.4005,1.0,841.6209,1040.1157,1.0,793.67017,1016.7963,1.0,810.6878,1055.5032,1.0,823.4671,1071.6869,1.0,833.543,1084.0623,1.0,773.74506,1019.0006,1.0,793.6007,1059.7906,1.0,809.1953,1077.5082,1.0,820.80054,1088.616,1.0,763.1334,1015.24585,1.0,780.78345,1052.6195,1.0,796.4424,1070.2311,1.0,808.7488,1080.0029,1.0,759.78625,1010.84515,1.0,772.88196,1041.2544,1.0,786.9517,1057.0404,1.0,798.6816,1066.1829,1.0
887.07855,260.1352,1.0,888.31134,273.01688,1.0,889.49365,286.432,1.0,895.00885,308.4945,1.0,901.3326,321.97324,1.0,911.8869,335.94125,1.0,920.54443,342.94278,1.0,938.2095,351.99786,1.0,964.081,355.52234,1.0,990.1231,350.11526,1.0,1007.2472,339.35422,1.0,1015.52216,331.29974,1.0,1024.8511,316.21817,1.0,1032.6307,294.61142,1.0,1034.608,280.07013,1.0,1034.8279,266.67233,1.0,1034.5991,253.90019,1.0,900.5069,238.45267,1.0,906.7303,231.78084,1.0,916.4211,227.2154,1.0,929.9165,225.58586,1.0,945.9446,226.05116,1.0,977.41675,224.644,1.0,992.70984,223.03673,1.0,1005.49615,223.6804,1.0,1015.0296,227.56116,1.0,1020.9084,233.58156,1.0,962.17694,249.46005,1.0,962.3743,262.0619,1.0,962.50525,270.48737,1.0,962.74695,277.4819,1.0,950.6366,289.03326,1.0,954.95447,291.61142,1.0,962.52313,291.0253,1.0,969.85504,291.2131,1.0,974.10736,288.25543,1.0,912.84503,250.30643,1.0,920.31,245.59207,1.0,931.98926,244.61983,1.0,943.2044,250.14787,1.0,933.4376,252.21191,1.0,922.7703,253.00247,1.0,978.898,249.56978,1.0,990.44385,242.91524,1.0,1001.7986,243.29845,1.0,1008.4379,247.79886,1.0,998.8579,250.93336,1.0,988.35815,250.85205,1.0,939.6563,317.25214,1.0,948.8126,308.52884,1.0,955.8772,305.31467,1.0,962.96967,306.37344,1.0,970.1999,305.0063,1.0,977.3089,308.1045,1.0,987.1361,317.0626,1.0,982.4207,321.17978,1.0,970.65845,325.2098,1.0,962.8714,325.89032,1.0,955.8298,325.609,1.0,944.57385,321.5856,1.0,942.0398,316.8932,1.0,957.7867,314.46616,1.0,962.8947,314.43222,1.0,968.64996,314.4063,1.0,984.99207,316.55054,1.0,968.9033,315.6718,1.0,963.14545,315.7948,1.0,957.68317,315.63013,1.0,927.5734,248.30373,1.0,994.666,246.36615,1.0,961.34924,294.98566,0.99778664,971.9447,445.19504,0.9996348,815.2221,447.57678,0.9996348,768.2252,703.9093,0.9844279,777.4223,928.6584,0.9868432,1128.6672,442.81326,0.99979,1184.2379,689.56134,0.99074423,1178.3695,913.7312,0.97770846,975.32135,956.38324,0.99384886,877.913,955.14777,0.99492717,877.3061,1290.7637,0.27957714,867.4877,1659.3281,0.07093151,1072.7297,957.6187,0.99384886,1079.013,1325.841,0.22084673,1061.2922,1668.4158,0.040656213,926.8817,256.38013,0.99553454,992.4494,255.03325,0.99132603,903.0459,267.55606,0.9906962,1017.0082,261.99762,0.99486834,1029.3992,1796.2854,0.02447806,1029.3992,1796.2854,0.02447806,1059.747,1708.701,0.018350376,893.515,1782.7645,0.03456263,893.515,1782.7645,0.03456263,868.02466,1709.6803,0.030016651,1175.2635,916.2896,1.0,1136.6229,926.6703,1.0,1117.3416,956.4104,1.0,1107.5381,984.2212,1.0,1096.6306,1004.1225,1.0,1140.4515,990.89215,1.0,1132.6808,1028.6694,1.0,1128.2968,1049.7325,1.0,1125.4115,1066.2788,1.0,1160.8951,993.682,1.0,1151.9149,1031.1522,1.0,1145.4556,1053.9097,1.0,1140.9512,1071.5386,1.0,1174.4503,991.42584,1.0,1164.9504,1025.1147,1.0,1157.8326,1046.1366,1.0,1152.511,1063.5028,1.0,1180.9788,986.83777,1.0,1169.8867,1013.05524,1.0,1162.601,1028.5267,1.0,1156.5074,1041.0251,1.0,778.76227,937.9571,1.0,814.18365,956.28235,1.0,828.27325,986.7199,1.0,832.6442,1017.3681,1.0,837.8248,1039.3844,1.0,791.8638,1013.3867,1.0,808.94934,1051.9098,1.0,823.29865,1065.0505,1.0,834.178,1072.5869,1.0,772.1569,1016.79865,1.0,791.21533,1058.1067,1.0,807.4687,1072.7754,1.0,819.2313,1080.0393,1.0,761.6894,1015.03894,1.0,777.3478,1053.6309,1.0,792.9225,1069.7272,1.0,805.3651,1077.4324,1.0,758.8325,1011.50684,1.0,769.4556,1041.539,1.0,782.3115,1057.1615,1.0,793.8032,1065.7168,1.0
887.01105,260.265,1.0,888.24896,273.13684,1.0,889.4,286.52686,1.0,894.86554,308.55896,1.0,901.1722,322.0476,1.0,911.73376,336.029,1.0,920.38635,343.0548,1.0,937.99493,352.2737,1.0,963.7661,355.98068,1.0,989.89185,350.53598,1.0,1007.12836,339.65286,1.0,1015.48395,331.57855,1.0,1025.0957,316.49194,1.0,1033.062,294.89136,1.0,1035.0574,280.35648,1.0,1035.2406,266.96713,1.0,1034.9264,254.15547,1.0,900.3804,238.47292,1.0,906.62805,231.80017,1.0,916.3259,227.2902,1.0,929.78906,225.70958,1.0,945.79095,226.21478,1.0,977.2647,224.70946,1.0,992.5587,223.02982,1.0,1005.43256,223.62442,1.0,1015.0885,227.48949,1.0,1021.02655,233.56367,1.0,962.0188,249.5204,1.0,962.23157,262.0786,1.0,962.3695,270.44785,1.0,962.60583,277.44702,1.0,950.47473,288.9627,1.0,954.802,291.58304,1.0,962.3677,291.0634,1.0,969.7232,291.18958,1.0,973.99,288.25757,1.0,912.8414,250.35233,1.0,920.2585,245.69139,1.0,931.82794,244.73558,1.0,942.977,250.20198,1.0,933.3015,252.2207,1.0,922.74677,253.01103,1.0,978.9226,249.6394,1.0,990.4099,243.05026,1.0,1001.7019,243.42183,1.0,1008.3593,247.85689,1.0,998.79663,250.98099,1.0,988.3619,250.91257,1.0,939.57733,317.361,1.0,948.52924,308.547,1.0,955.5444,305.35788,1.0,962.63184,306.45517,1.0,969.8617,305.05408,1.0,977.0374,308.1652,1.0,986.78577,317.25085,1.0,982.1009,321.37897,1.0,970.3955,325.44995,1.0,962.60974,326.09686,1.0,955.57153,325.81204,1.0,944.43195,321.74112,1.0,941.94507,316.969,1.0,957.4984,314.5708,1.0,962.5723,314.57095,1.0,968.29736,314.5141,1.0,984.6349,316.769,1.0,968.5967,315.84946,1.0,962.84674,315.93802,1.0,957.4167,315.77118,1.0,927.51685,248.41393,1.0,994.6405,246.5459,1.0,961.27936,294.93954,0.9978849,971.937,445.36337,0.9996454,815.0973,448.06818,0.9996454,769.1365,704.03516,0.9847657,778.5911,928.5761,0.98726386,1128.7766,442.65854,0.99979615,1184.7697,689.17896,0.99094653,1177.9507,912.7137,0.9782331,975.4135,955.9322,0.99389976,878.0484,955.14307,0.99497527,875.75024,1291.1486,0.28277257,863.9098,1660.318,0.071396835,1072.7787,956.7214,0.99389976,1078.1038,1326.114,0.22559863,1058.0989,1669.7462,0.04105868,926.80756,256.23044,0.9957433,992.31525,255.02908,0.9917216,902.84564,267.50003,0.9911025,1016.80914,262.00903,0.99509704,1019.1819,1797.5864,0.024879258,1019.1819,1797.5864,0.024879258,1057.9108,1710.1824,0.01849103,883.2777,1783.0582,0.03501853,883.2777,1783.0582,0.03501853,865.0513,1710.7659,0.030367604,1173.6459,916.02905,1.0,1135.1079,925.63025,1.0,1115.5825,954.5578,1.0,1105.9293,981.6433,1.0,1095.5653,1001.1955,1.0,1139.1227,988.9975,1.0,1132.1708,1027.0173,1.0,1128.232,1048.5371,1.0,1125.6454,1065.2627,1.0,1158.8197,993.2283,1.0,1150.2649,1034.025,1.0,1143.8383,1059.625,1.0,1139.0306,1079.1663,1.0,1171.6506,991.8084,1.0,1162.8269,1027.4683,1.0,1155.9088,1048.6632,1.0,1150.2773,1065.6934,1.0,1178.0984,986.9396,1.0,1167.9054,1014.65607,1.0,1161.3563,1031.2214,1.0,1155.6698,1044.3453,1.0,779.6791,933.6881,1.0,816.1751,952.3754,1.0,830.2178,984.08484,1.0,831.45245,1015.9514,1.0,833.84485,1037.7494,1.0,790.1764,1005.3322,1.0,808.1894,1044.7944,1.0,824.5143,1056.9647,1.0,835.89795,1062.0616,1.0,770.7677,1010.3234,1.0,787.9764,1053.4742,1.0,805.6548,1067.686,1.0,818.8439,1072.683,1.0,761.0352,1010.3176,1.0,775.91724,1049.7397,1.0,792.95685,1063.4496,1.0,806.312,1067.8557,1.0,759.16296,1008.0141,1.0,768.8706,1037.3502,1.0,781.99097,1050.8096,1.0,793.4781,1056.4456,1.0
886.9436,260.3948,1.0,888.18665,273.2568,1.0,889.3064,286.62173,1.0,894.72217,308.6234,1.0,901.01184,322.12198,1.0,911.5807,336.11676,1.0,920.2283,343.1668,1.0,937.78033,352.54956,1.0,963.4512,356.43903,1.0,989.6606,350.95667,1.0,1007.0095,339.9515,1.0,1015.4457,331.8574,1.0,1025.3402,316.76572,1.0,1033.4932,295.17126,1.0,1035.5066,280.64282,1.0,1035.6533,267.2619,1.0,1035.2537,254.41074,1.0,900.25385,238.49318,1.0,906.5259,231.8195,1.0,916.2307,227.36504,1.0,929.6616,225.8333,1.0,945.63727,226.3784,1.0,977.1126,224.77493,1.0,992.4076,223.02292,1.0,1005.369,223.56844,1.0,1015.14746,227.41783,1.0,1021.1447,233.54579,1.0,961.8607,249.58073,1.0,962.0888,262.09537,1.0,962.23376,270.4083,1.0,962.4648,277.41217,1.0,950.3128,288.89215,1.0,954.6496,291.5547,1.0,962.2122,291.10144,1.0,969.59143,291.16605,1.0,973.8727,288.25967,1.0,912.8377,250.39821,1.0,920.20703,245.79071,1.0,931.66656,244.85135,1.0,942.7496,250.2561,1.0,933.16547,252.22948,1.0,922.72327,253.01958,1.0,978.9472,249.70905,1.0,990.37604,243.18527,1.0,1001.6053,243.5452,1.0,1008.28064,247.91492,1.0,998.7353,251.02861,1.0,988.3656,250.9731,1.0,939.49835,317.46982,1.0,948.2459,308.56512,1.0,955.2116,305.40112,1.0,962.294,306.5369,1.0,969.52356,305.10184,1.0,976.76587,308.22592,1.0,986.4355,317.43912,1.0,981.781,321.57816,1.0,970.1325,325.69012,1.0,962.3481,326.30338,1.0,955.31335,326.01505,1.0,944.29004,321.89664,1.0,941.85034,317.04483,1.0,957.2101,314.67545,1.0,962.24994,314.7097,1.0,967.94476,314.62192,1.0,984.27765,316.9875,1.0,968.29004,316.02707,1.0,962.548,316.08127,1.0,957.15015,315.91223,1.0,927.4602,248.52412,1.0,994.6149,246.72566,1.0,961.26825,295.57043,0.99794513,971.93884,444.95712,0.9996484,815.099,447.99283,0.9996484,769.1156,703.42444,0.9846425,779.4314,926.9343,0.9871738,1128.7787,441.92145,0.99980056,1185.1466,688.17413,0.99104255,1177.8434,912.21814,0.9785156,975.399,955.6511,0.9938086,878.04913,954.9368,0.9948632,874.98224,1288.1962,0.2743794,863.9338,1659.2496,0.06912481,1072.7488,956.3654,0.9938086,1078.1841,1324.9991,0.22067754,1059.255,1669.5731,0.040286493,926.8003,256.55707,0.9958517,992.3077,255.61511,0.9919652,902.83527,267.68088,0.9912911,1016.793,262.42624,0.99522936,1019.23334,1797.2617,0.024499817,1019.23334,1797.2617,0.024499817,1059.8555,1710.1888,0.018314041,883.2737,1781.2946,0.03402977,883.2737,1781.2946,0.03402977,865.2349,1709.9915,0.029763862,1173.6155,914.731,1.0,1134.6425,924.9088,1.0,1115.257,953.9252,1.0,1105.6929,981.3759,1.0,1094.8611,1000.78754,1.0,1138.6459,988.7063,1.0,1131.9899,1026.7524,1.0,1128.504,1048.3859,1.0,1126.0991,1065.0687,1.0,1159.2611,992.45056,1.0,1151.1158,1031.3395,1.0,1144.8856,1054.8468,1.0,1140.1008,1072.6759,1.0,1172.4958,990.6683,1.0,1163.8754,1025.1257,1.0,1156.5736,1046.3038,1.0,1150.7706,1063.4473,1.0,1179.044,985.84644,1.0,1168.8933,1012.2075,1.0,1162.125,1028.1096,1.0,1156.2104,1040.7291,1.0,784.44995,928.1985,1.0,819.84045,945.4659,1.0,834.0169,976.05597,1.0,834.2379,1007.43756,1.0,834.19415,1027.2347,1.0,792.4057,995.52924,1.0,812.262,1035.7781,1.0,830.96735,1046.9572,1.0,844.6843,1050.8628,1.0,774.46954,1002.42316,1.0,789.86163,1046.673,1.0,810.04236,1063.0956,1.0,825.7161,1070.1266,1.0,767.27924,1004.1296,1.0,780.85486,1043.2395,1.0,799.23645,1058.1782,1.0,813.7047,1063.7765,1.0,768.4652,1002.7034,1.0,777.5718,1029.6675,1.0,790.2331,1041.5886,1.0,801.12195,1046.3138,1.0
886.8761,260.52463,1.0,888.1243,273.37677,1.0,889.2127,286.71658,1.0,894.5788,308.68784,1.0,900.8515,322.19638,1.0,911.42755,336.2045,1.0,920.0701,343.27884,1.0,937.56573,352.8254,1.0,963.1362,356.89737,1.0,989.4293,351.37738,1.0,1006.8907,340.25015,1.0,1015.4075,332.1362,1.0,1025.5848,317.0395,1.0,1033.9244,295.45117,1.0,1035.9559,280.92917,1.0,1036.0659,267.5567,1.0,1035.5809,254.666,1.0,900.1273,238.51343,1.0,906.42365,231.83885,1.0,916.13556,227.43987,1.0,929.5342,225.95702,1.0,945.48364,226.542,1.0,976.9606,224.8404,1.0,992.2565,223.01602,1.0,1005.3055,223.51245,1.0,1015.20636,227.34618,1.0,1021.26294,233.52792,1.0,961.7026,249.64108,1.0,961.9461,262.1121,1.0,962.0981,270.36877,1.0,962.32367,277.3773,1.0,950.15094,288.8216,1.0,954.4972,291.5263,1.0,962.05676,291.13953,1.0,969.4596,291.14255,1.0,973.7553,288.2618,1.0,912.834,250.4441,1.0,920.1555,245.89003,1.0,931.5052,244.96712,1.0,942.52216,250.31023,1.0,933.02936,252.23827,1.0,922.6997,253.02814,1.0,978.97186,249.77869,1.0,990.3421,243.3203,1.0,1001.5086,243.66858,1.0,1008.202,247.97295,1.0,998.674,251.07623,1.0,988.3693,251.03363,1.0,939.41943,317.57867,1.0,947.9626,308.58328,1.0,954.8788,305.44434,1.0,961.95624,306.61865,1.0,969.18536,305.14963,1.0,976.4943,308.28665,1.0,986.08514,317.62738,1.0,981.4611,321.77734,1.0,969.86957,325.93027,1.0,962.0864,326.50992,1.0,955.0552,326.21805,1.0,944.14813,322.05215,1.0,941.7556,317.12064,1.0,956.92175,314.78012,1.0,961.92755,314.8484,1.0,967.59216,314.72974,1.0,983.9205,317.20593,1.0,967.98346,316.2047,1.0,962.24927,316.2245,1.0,956.88367,316.05328,1.0,927.4036,248.63431,1.0,994.5894,246.90543,1.0,960.7383,296.5891,0.9979407,971.95557,444.96826,0.99964464,815.10236,448.03125,0.99964464,769.0723,701.80896,0.98433423,782.36035,919.75256,0.9871792,1128.8088,441.9053,0.99979985,1185.2919,687.84766,0.99128187,1177.643,912.18463,0.9790611,974.46405,956.83685,0.9937045,877.4596,955.429,0.99473804,874.6226,1287.5093,0.26748702,863.8009,1659.342,0.067273475,1071.4685,958.2447,0.9937045,1075.8032,1327.8336,0.21663487,1056.7988,1673.6666,0.039425705,926.7639,257.6272,0.99583167,992.1308,257.37433,0.9919274,902.7195,267.89896,0.9912316,1016.6004,263.98447,0.9952082,1017.0147,1798.1843,0.02404835,1017.0147,1798.1843,0.02404835,1057.9774,1715.419,0.018187169,880.9426,1779.2235,0.03327237,880.9426,1779.2235,0.03327237,865.2143,1711.0068,0.029363532,1173.477,916.81506,1.0,1135.5557,925.70184,1.0,1116.2767,953.9886,1.0,1106.9033,980.9228,1.0,1096.2382,1000.53827,1.0,1139.1703,991.02136,1.0,1132.0057,1027.9751,1.0,1128.0511,1048.8452,1.0,1125.3633,1065.0227,1.0,1159.0043,995.2303,1.0,1150.6023,1033.5471,1.0,1144.0497,1057.0835,1.0,1139.0012,1074.8088,1.0,1171.8484,993.7562,1.0,1163.317,1027.575,1.0,1156.313,1047.4933,1.0,1150.6018,1063.5541,1.0,1178.3364,989.0368,1.0,1168.745,1015.72156,1.0,1162.5015,1031.737,1.0,1156.8259,1044.7572,1.0,792.73834,917.5237,1.0,824.6792,930.4583,1.0,840.5125,957.05005,1.0,843.74396,987.2514,1.0,844.721,1005.1181,1.0,799.3184,980.04407,1.0,819.7649,1015.12616,1.0,840.02924,1023.734,1.0,856.1366,1025.5425,1.0,786.5927,990.8147,1.0,802.1651,1032.5168,1.0,824.11053,1046.6893,1.0,842.73944,1051.9089,1.0,783.3542,995.5582,1.0,800.3146,1030.6207,1.0,819.99896,1043.7115,1.0,836.39294,1049.5631,1.0,787.05524,995.402,1.0,801.4094,1020.3321,1.0,815.7573,1029.5328,1.0,828.54803,1033.9052,1.0
886.87134,260.0486,1.0,888.06964,272.94125,1.0,889.072,286.23734,1.0,894.1227,308.17868,1.0,900.1046,321.61832,1.0,910.2445,335.51205,1.0,918.6569,342.5806,1.0,935.84534,352.13242,1.0,961.3191,356.34085,1.0,987.7956,351.08997,1.0,1005.5764,340.295,1.0,1014.3575,332.35513,1.0,1024.9099,317.4133,1.0,1033.62,295.91934,1.0,1035.8323,281.40012,1.0,1036.115,268.00006,1.0,1035.7502,255.07555,1.0,900.07654,237.80792,1.0,906.37683,231.05605,1.0,916.14734,226.64468,1.0,929.6013,225.22887,1.0,945.4969,225.95241,1.0,976.7366,224.51189,1.0,992.0608,222.798,1.0,1005.16077,223.41954,1.0,1015.0295,227.37396,1.0,1021.1289,233.67516,1.0,961.3321,249.26654,1.0,961.3143,261.6368,1.0,961.3188,269.79755,1.0,961.4109,276.7382,1.0,949.1203,288.17844,1.0,953.44025,290.9662,1.0,961.0801,290.62686,1.0,968.55646,290.7077,1.0,972.927,287.82864,1.0,912.7947,249.72023,1.0,920.18866,245.05957,1.0,931.6118,244.25587,1.0,942.4475,249.82343,1.0,933.003,251.70935,1.0,922.6457,252.4039,1.0,978.7516,249.58208,1.0,990.1278,243.15657,1.0,1001.40015,243.62103,1.0,1008.15173,248.15073,1.0,998.42426,251.10397,1.0,988.1034,250.95227,1.0,938.07916,317.15286,1.0,946.73016,307.9722,1.0,953.71735,304.85068,1.0,960.8327,306.06464,1.0,968.2024,304.67798,1.0,975.5892,307.94995,1.0,985.20825,317.6175,1.0,980.453,321.66187,1.0,968.55945,325.63086,1.0,960.6965,326.1289,1.0,953.6422,325.7636,1.0,942.7431,321.57657,1.0,940.441,316.6779,1.0,955.6567,314.23816,1.0,960.696,314.3365,1.0,966.44037,314.286,1.0,983.00903,317.1509,1.0,966.8076,315.82394,1.0,961.06696,315.77762,1.0,955.67236,315.54224,1.0,927.4228,247.95274,1.0,994.4578,246.8255,1.0,960.6907,296.39313,0.99785656,972.1274,445.02237,0.99963975,815.1111,448.02823,0.99963975,768.4388,699.3662,0.9836075,787.10266,903.2699,0.98668325,1129.1437,442.01648,0.9997953,1185.5432,687.86194,0.9911328,1177.6465,911.6952,0.978306,974.3294,957.2768,0.9937406,877.20056,955.9432,0.9947582,874.1619,1287.8069,0.265283,862.91595,1661.1359,0.06602639,1071.4583,958.6105,0.9937406,1074.1688,1330.0345,0.2143776,1051.767,1676.3617,0.03833214,926.70184,257.36264,0.9956843,992.01324,257.1068,0.9915704,902.7483,267.86713,0.9909621,1016.5911,263.91687,0.9950155,1014.4459,1799.3456,0.02344559,1014.4459,1799.3456,0.02344559,1052.5117,1718.1973,0.017904986,879.3605,1779.4342,0.0326569,879.3605,1779.4342,0.0326569,864.4812,1712.8402,0.028755808,1173.4332,915.66626,1.0,1135.1221,925.9094,1.0,1116.4196,954.7991,1.0,1107.3572,981.7175,1.0,1097.2089,1001.55646,1.0,1139.8651,989.04065,1.0,1132.8933,1026.642,1.0,1128.7166,1048.0781,1.0,1125.6447,1064.5918,1.0,1159.9921,992.6703,1.0,1151.9434,1031.1978,1.0,1145.4725,1054.8298,1.0,1140.5306,1072.8151,1.0,1172.6642,990.79535,1.0,1163.9838,1024.9165,1.0,1156.8126,1045.7556,1.0,1150.9307,1062.7289,1.0,1178.5854,985.87024,1.0,1168.4534,1011.7494,1.0,1161.7205,1027.2885,1.0,1155.8392,1039.7511,1.0,799.90125,898.5532,1.0,828.3932,901.0734,1.0,849.0993,922.8635,1.0,857.12604,951.271,1.0,860.54767,968.83,1.0,809.41846,952.0854,1.0,831.2386,984.28485,1.0,855.71985,990.1723,1.0,874.6321,989.56915,1.0,801.66925,967.01245,1.0,818.87866,1006.7007,1.0,845.0101,1015.23065,1.0,864.25275,1015.02826,1.0,801.84076,974.6888,1.0,820.96796,1007.06616,1.0,844.3895,1013.66455,1.0,861.5481,1014.8222,1.0,805.86847,975.8589,1.0,824.1399,997.7766,1.0,842.3835,1001.9943,1.0,856.8775,1002.1813,1.0
886.8665,259.57257,1.0,888.01495,272.50574,1.0,888.9313,285.75812,1.0,893.66656,307.66956,1.0,899.3577,321.04022,1.0,909.0615,334.81958,1.0,917.24365,341.8824,1.0,934.1249,351.43942,1.0,959.50195,355.78433,1.0,986.1619,350.80255,1.0,1004.2621,340.33984,1.0,1013.30756,332.57407,1.0,1024.2351,317.78714,1.0,1033.3154,296.38754,1.0,1035.7086,281.87106,1.0,1036.164,268.44342,1.0,1035.9194,255.48509,1.0,900.0258,237.10242,1.0,906.33,230.27324,1.0,916.1591,225.8495,1.0,929.66846,224.50073,1.0,945.5101,225.36281,1.0,976.5125,224.1834,1.0,991.8651,222.57999,1.0,1005.01605,223.32663,1.0,1014.8526,227.40175,1.0,1020.99493,233.82239,1.0,960.96155,248.89198,1.0,960.6825,261.16156,1.0,960.53955,269.22632,1.0,960.49805,276.0991,1.0,948.08966,287.53528,1.0,952.38324,290.40607,1.0,960.1034,290.1142,1.0,967.6534,290.2729,1.0,972.0987,287.39548,1.0,912.7553,248.99637,1.0,920.22186,244.22911,1.0,931.71844,243.54462,1.0,942.37286,249.33662,1.0,932.9766,251.18044,1.0,922.5917,251.77966,1.0,978.5314,249.38545,1.0,989.91345,242.99286,1.0,1001.2917,243.57349,1.0,1008.1015,248.32849,1.0,998.17444,251.13171,1.0,987.8374,250.87093,1.0,936.73895,316.72705,1.0,945.49774,307.36108,1.0,952.55585,304.257,1.0,959.70917,305.51065,1.0,967.21936,304.2063,1.0,974.6841,307.61325,1.0,984.33136,317.60757,1.0,979.4448,321.5464,1.0,967.2493,325.33145,1.0,959.30646,325.74786,1.0,952.2292,325.30914,1.0,941.3381,321.10098,1.0,939.12634,316.2351,1.0,954.3916,313.6962,1.0,959.46436,313.8246,1.0,965.28864,313.8423,1.0,982.0976,317.09586,1.0,965.63184,315.44318,1.0,959.88464,315.33075,1.0,954.461,315.0312,1.0,927.44196,247.27116,1.0,994.32623,246.74556,1.0,960.6329,296.00284,0.9978954,972.47833,444.80682,0.99964184,815.52795,447.7112,0.99964184,765.14044,691.71674,0.9837452,797.50024,875.22314,0.98689914,1129.4287,441.9024,0.9997948,1185.7882,687.85944,0.9913631,1177.6443,911.5317,0.9787643,974.35846,955.46765,0.99384856,877.1918,954.18567,0.9948526,873.6389,1287.8234,0.28373623,863.0937,1661.1384,0.07064479,1071.5251,956.7497,0.99384856,1074.0927,1330.549,0.2285845,1051.825,1675.0944,0.04090547,926.4201,257.17413,0.99579364,991.76,256.36948,0.9917544,902.80695,267.84265,0.9912466,1016.58374,263.50244,0.995124,1010.0066,1797.0352,0.02511729,1010.0066,1797.0352,0.02511729,1054.1665,1715.5979,0.018899333,879.2923,1779.9923,0.03520437,879.2923,1779.9923,0.03520437,865.11523,1712.6926,0.030315086,1174.0405,917.20734,1.0,1136.0475,926.1093,1.0,1117.0283,954.63885,1.0,1107.7474,981.32587,1.0,1098.007,1001.0295,1.0,1140.5543,991.10925,1.0,1132.9225,1027.8302,1.0,1128.6306,1049.0378,1.0,1125.8699,1065.6552,1.0,1159.7178,995.25494,1.0,1151.1426,1033.9926,1.0,1144.6372,1058.8665,1.0,1139.8708,1078.1217,1.0,1171.821,993.958,1.0,1163.3866,1027.3723,1.0,1156.5061,1047.4875,1.0,1150.9714,1063.9281,1.0,1177.7855,989.278,1.0,1168.3763,1015.93915,1.0,1162.2445,1032.0248,1.0,1156.872,1045.0194,1.0,817.0556,876.9712,1.0,837.62177,868.2239,1.0,856.45306,880.877,1.0,869.9555,904.3589,1.0,877.9774,920.191,1.0,824.00415,914.5339,1.0,852.5188,938.27325,1.0,876.7561,938.7467,1.0,894.2176,936.2955,1.0,820.58594,933.213,1.0,844.05817,965.2554,1.0,870.53455,967.9902,1.0,889.4636,964.96674,1.0,823.7323,943.4427,1.0,843.8693,971.69354,1.0,868.1077,973.81964,1.0,886.4445,972.2374,1.0,828.9824,946.45306,1.0,846.8358,966.7519,1.0,864.8957,966.77686,1.0,879.4679,963.01904,1.0
886.86176,259.09653,1.0,887.96027,272.07022,1.0,888.7905,285.27887,1.0,893.2104,307.1604,1.0,898.6109,320.46216,1.0,907.87854,334.12714,1.0,915.8304,341.18417,1.0,932.4045,350.74643,1.0,957.6848,355.2278,1.0,984.52826,350.5151,1.0,1002.9478,340.38467,1.0,1012.25757,332.793,1.0,1023.56024,318.16095,1.0,1033.011,296.8557,1.0,1035.585,282.342,1.0,1036.2129,268.88675,1.0,1036.0886,255.89464,1.0,899.9751,236.39691,1.0,906.2832,229.49043,1.0,916.17084,225.0543,1.0,929.7356,223.77258,1.0,945.5233,224.77321,1.0,976.2885,223.85489,1.0,991.66943,222.36198,1.0,1004.87134,223.23372,1.0,1014.6757,227.42953,1.0,1020.86096,233.96964,1.0,960.59106,248.51744,1.0,960.0507,260.68628,1.0,959.7603,268.6551,1.0,959.5852,275.46,1.0,947.05896,286.89215,1.0,951.3263,289.84595,1.0,959.1267,289.60153,1.0,966.75024,289.83807,1.0,971.2704,286.9623,1.0,912.71594,248.27249,1.0,920.255,243.39867,1.0,931.825,242.83337,1.0,942.2982,248.84982,1.0,932.95026,250.65152,1.0,922.5376,251.15541,1.0,978.3111,249.18884,1.0,989.6991,242.82913,1.0,1001.18317,243.52596,1.0,1008.0513,248.50627,1.0,997.9246,251.15945,1.0,987.5715,250.78957,1.0,935.3987,316.30124,1.0,944.2653,306.75,1.0,951.3944,303.66333,1.0,958.58563,304.95663,1.0,966.2364,303.73465,1.0,973.77893,307.27655,1.0,983.45447,317.59766,1.0,978.4367,321.43088,1.0,965.9393,325.03204,1.0,957.91644,325.36685,1.0,950.8162,324.8547,1.0,939.93304,320.6254,1.0,937.8117,315.79236,1.0,953.12646,313.15424,1.0,958.2328,313.31265,1.0,964.13684,313.39856,1.0,981.1861,317.04083,1.0,964.456,315.06238,1.0,958.7024,314.88388,1.0,953.2497,314.5201,1.0,927.4611,246.5896,1.0,994.19464,246.66563,1.0,960.5094,295.80704,0.99776024,972.5376,444.7836,0.999596,815.7508,447.71512,0.999596,758.82135,686.819,0.9812938,813.77563,843.2334,0.98265773,1129.3243,441.85208,0.9997857,1185.8651,687.85645,0.99131423,1177.6354,911.5044,0.97795665,974.68146,953.01105,0.9939039,877.91815,951.3691,0.9948161,872.521,1285.9459,0.28982902,862.75916,1658.3174,0.0719095,1071.4447,954.6531,0.9939039,1074.7211,1330.2845,0.2318403,1052.104,1667.1134,0.04099231,926.1094,257.085,0.99548256,991.508,256.18118,0.99136424,902.8476,267.72937,0.9904626,1016.60547,263.4872,0.9948939,1010.17664,1787.6328,0.025066553,1010.17664,1787.6328,0.025066553,1054.6472,1705.9506,0.01899267,879.3029,1776.293,0.035559554,879.3029,1776.293,0.035559554,864.5359,1708.727,0.030610971,1173.0266,915.44763,1.0,1135.0576,925.6663,1.0,1116.7332,954.7977,1.0,1107.361,982.0075,1.0,1097.3407,1001.957,1.0,1140.3154,989.8708,1.0,1133.2965,1027.2091,1.0,1129.3649,1048.5376,1.0,1126.7363,1064.949,1.0,1159.9081,993.50604,1.0,1151.5662,1031.6525,1.0,1145.2487,1054.6517,1.0,1140.603,1072.2683,1.0,1172.1676,991.6676,1.0,1163.9457,1025.361,1.0,1157.1373,1045.8485,1.0,1151.7386,1062.5269,1.0,1178.1117,986.9437,1.0,1168.4788,1012.80963,1.0,1162.2106,1028.4574,1.0,1156.6755,1040.9343,1.0,835.5685,870.1158,1.0,850.54004,853.5864,1.0,867.5903,850.9122,1.0,884.63916,857.6458,1.0,898.6093,864.6736,1.0,843.0409,876.6029,1.0,869.302,874.9069,1.0,889.602,870.99304,1.0,904.9342,869.17975,1.0,843.5918,895.13354,1.0,872.29553,905.6319,1.0,897.3229,901.96313,1.0,915.03674,896.2057,1.0,848.167,908.9824,1.0,873.23456,920.93146,1.0,896.9625,915.819,1.0,914.1462,910.2863,1.0,852.6633,915.9281,1.0,874.45996,922.2081,1.0,891.58215,917.5525,1.0,904.53186,912.076,1.0
886.38184,258.3826,1.0,887.4154,271.36118,1.0,888.157,284.5557,1.0,892.43494,306.33728,1.0,897.6922,319.5793,1.0,906.7107,333.16492,1.0,914.41034,340.16742,1.0,930.5174,349.70026,1.0,955.4675,354.30743,1.0,982.34106,349.8938,1.0,1000.79663,340.03552,1.0,1010.1954,332.60544,1.0,1021.7409,318.23172,1.0,1031.7567,297.07693,1.0,1034.7067,282.62527,1.0,1035.6136,269.18396,1.0,1035.7672,256.18506,1.0,899.5185,235.4591,1.0,905.8567,228.58322,1.0,915.74066,224.17926,1.0,929.23724,222.92883,1.0,944.9532,223.94969,1.0,975.72516,223.08148,1.0,991.2173,221.71744,1.0,1004.50934,222.73369,1.0,1014.3283,227.08737,1.0,1020.5137,233.77042,1.0,959.75006,247.6178,1.0,959.04083,259.63608,1.0,958.6222,267.4749,1.0,958.33655,274.2102,1.0,945.8104,285.70245,1.0,950.03656,288.66772,1.0,957.7946,288.45853,1.0,965.4094,288.82654,1.0,969.9953,285.96536,1.0,912.04565,247.24506,1.0,919.6211,242.33882,1.0,931.23676,241.83115,1.0,941.63873,247.94423,1.0,932.2711,249.7293,1.0,921.8578,250.18317,1.0,977.22943,248.5613,1.0,988.8927,242.23357,1.0,1000.42426,243.08144,1.0,1007.25555,248.242,1.0,997.087,250.79143,1.0,986.58014,250.31862,1.0,934.21155,315.31464,1.0,942.99316,305.72635,1.0,950.0389,302.6764,1.0,957.1708,304.03006,1.0,964.7862,302.87735,1.0,972.22217,306.474,1.0,981.60657,316.99713,1.0,976.697,320.89957,1.0,964.2384,324.50003,1.0,956.16583,324.76202,1.0,949.09625,324.15466,1.0,938.4401,319.76532,1.0,936.64374,314.85132,1.0,951.7266,312.31284,1.0,956.7225,312.4899,1.0,962.53217,312.66348,1.0,979.2517,316.45926,1.0,962.8654,314.4867,1.0,957.1054,314.2813,1.0,951.7693,313.86584,1.0,926.8407,245.6213,1.0,993.32336,246.22444,1.0,960.3331,295.0346,0.99764127,972.6,444.8103,0.9995515,815.9196,447.629,0.9995515,754.1163,681.9482,0.97762316,824.3234,788.8845,0.97815883,1129.2803,441.99164,0.9997744,1185.7151,687.7536,0.9908605,1177.4474,911.0809,0.97592854,974.5889,949.3618,0.9938545,877.8504,948.771,0.99468315,871.5537,1275.4055,0.2945883,864.33,1645.1177,0.07169805,1071.3274,949.95264,0.9938545,1074.4784,1325.8881,0.23007606,1052.5382,1654.1045,0.040189203,925.7566,256.5395,0.9952138,991.3099,255.89192,0.9910363,902.8268,267.2281,0.98980105,1016.5992,263.47473,0.99468404,1010.41327,1770.1029,0.024475968,1010.41327,1770.1029,0.024475968,1055.5652,1692.6968,0.018765517,884.90405,1763.3029,0.03511798,884.90405,1763.3029,0.03511798,866.44946,1693.2998,0.030334719,1173.2236,915.9698,1.0,1135.4181,925.5287,1.0,1117.0675,954.8698,1.0,1107.692,981.594,1.0,1097.8545,1001.0397,1.0,1140.7666,991.1327,1.0,1133.1589,1027.7412,1.0,1128.9413,1048.6857,1.0,1126.2113,1065.0999,1.0,1160.0283,995.02234,1.0,1151.4976,1033.2648,1.0,1144.9977,1056.9554,1.0,1140.2365,1075.1738,1.0,1172.0864,993.47675,1.0,1163.6747,1026.9727,1.0,1156.7434,1047.0184,1.0,1151.1848,1063.469,1.0,1177.7793,988.74194,1.0,1168.5065,1015.28455,1.0,1162.4536,1031.1685,1.0,1157.013,1043.9135,1.0,842.4598,808.6116,1.0,854.91327,787.68634,1.0,877.98663,780.8397,1.0,901.7399,782.22437,1.0,919.3498,782.7535,1.0,868.7336,817.67053,1.0,898.3205,813.25226,1.0,918.11145,805.5897,1.0,932.1875,799.78357,1.0,872.7016,833.345,1.0,904.53107,834.1724,1.0,927.7941,826.18915,1.0,943.062,817.7776,1.0,877.7894,842.40607,1.0,906.68097,843.79254,1.0,927.5797,834.7893,1.0,941.5482,825.6445,1.0,881.9933,844.9152,1.0,905.88635,844.2945,1.0,921.3562,836.63525,1.0,932.3247,828.62366,1.0
885.9019,257.66867,1.0,886.87054,270.6521,1.0,887.5234,283.83252,1.0,891.6595,305.5142,1.0,896.77356,318.6965,1.0,905.54285,332.2027,1.0,912.99023,339.1507,1.0,928.6304,348.65408,1.0,953.25024,353.38702,1.0,980.15393,349.27246,1.0,998.64545,339.68634,1.0,1008.1331,332.41785,1.0,1019.9216,318.30246,1.0,1030.5023,297.2982,1.0,1033.8285,282.90857,1.0,1035.0143,269.4812,1.0,1035.4457,256.47546,1.0,899.06195,234.5213,1.0,905.4301,227.676,1.0,915.3105,223.30423,1.0,928.73883,222.08508,1.0,944.38306,223.12619,1.0,975.1618,222.30809,1.0,990.7651,221.0729,1.0,1004.1474,222.23367,1.0,1013.98096,226.74521,1.0,1020.16644,233.5712,1.0,958.90906,246.71817,1.0,958.03094,258.58585,1.0,957.4841,266.29474,1.0,957.08795,272.96042,1.0,944.5618,284.5128,1.0,948.7469,287.48947,1.0,956.46246,287.31555,1.0,964.0686,287.815,1.0,968.72015,284.96844,1.0,911.37537,246.21762,1.0,918.9872,241.27898,1.0,930.6485,240.82892,1.0,940.9793,247.03864,1.0,931.592,248.80707,1.0,921.178,249.21092,1.0,976.1477,247.93376,1.0,988.0863,241.63799,1.0,999.66534,242.6369,1.0,1006.45984,247.97774,1.0,996.24927,250.4234,1.0,985.58887,249.84767,1.0,933.0244,314.32806,1.0,941.72095,304.70267,1.0,948.68335,301.68948,1.0,955.7559,303.10345,1.0,963.33594,302.02008,1.0,970.6654,305.67142,1.0,979.75867,316.3966,1.0,974.9573,320.36826,1.0,962.5376,323.96805,1.0,954.4153,324.1572,1.0,947.37634,323.45465,1.0,936.94714,318.90524,1.0,935.47577,313.91028,1.0,950.3267,311.47147,1.0,955.2122,311.66718,1.0,960.9274,311.9284,1.0,977.3174,315.8777,1.0,961.2749,313.911,1.0,955.5085,313.67877,1.0,950.28894,313.21155,1.0,926.2203,244.65302,1.0,992.4521,245.78325,1.0,960.1202,294.25665,0.997444,972.51154,444.6195,0.99950975,815.8781,447.24417,0.99950975,752.0827,682.6137,0.9712439,837.14764,745.61566,0.97641605,1129.1449,441.99484,0.9997702,1185.5538,687.63806,0.9905313,1177.2136,910.0004,0.9756136,974.00006,947.1837,0.99361134,877.4937,947.1661,0.994244,870.4532,1270.4253,0.29152733,862.43964,1635.5328,0.06986857,1070.5065,947.2013,0.99361134,1074.6357,1319.2819,0.22266608,1052.6256,1641.3799,0.038534716,925.6652,256.07983,0.9948077,991.2063,255.66522,0.9904598,902.87646,266.60358,0.98878384,1016.63135,263.4695,0.994449,1011.16425,1757.848,0.023564905,1011.16425,1757.848,0.023564905,1055.61,1679.7942,0.018419601,885.0299,1752.7191,0.034016125,885.0299,1752.7191,0.034016125,862.6746,1683.5109,0.02978579,1172.4797,915.3651,1.0,1134.5336,925.8031,1.0,1116.4817,955.4028,1.0,1107.46,982.47424,1.0,1097.7769,1002.43524,1.0,1140.5686,990.42413,1.0,1133.3251,1027.6013,1.0,1129.2755,1048.5818,1.0,1126.598,1064.9121,1.0,1160.0459,994.18353,1.0,1151.7107,1032.0991,1.0,1145.5581,1054.8433,1.0,1141.0408,1072.276,1.0,1172.2408,992.46967,1.0,1164.1122,1026.154,1.0,1157.3616,1046.376,1.0,1152.0491,1063.0112,1.0,1178.2932,987.80756,1.0,1169.2646,1013.8608,1.0,1163.2074,1029.4369,1.0,1157.9265,1042.0444,1.0,849.351,747.10736,1.0,859.28644,721.7862,1.0,888.383,710.76733,1.0,918.84064,706.8029,1.0,940.0903,700.8333,1.0,894.4263,758.7382,1.0,927.339,751.59766,1.0,946.6209,740.18646,1.0,959.44073,730.38745,1.0,901.8114,771.5564,1.0,936.7666,762.713,1.0,958.26544,750.4151,1.0,971.0873,739.34955,1.0,907.4119,775.8297,1.0,940.1274,766.65356,1.0,958.1969,753.7597,1.0,968.9503,741.00256,1.0,911.3232,773.90234,1.0,937.3128,766.38086,1.0,951.13025,755.71796,1.0,960.11755,745.17126,1.0
885.422,256.9547,1.0,886.3257,269.94305,1.0,886.8898,283.10934,1.0,890.88403,304.69107,1.0,895.85486,317.81366,1.0,904.37494,331.24048,1.0,911.5701,338.13394,1.0,926.74335,347.6079,1.0,951.03296,352.4666,1.0,977.9668,348.65112,1.0,996.49426,339.33716,1.0,1006.0709,332.2303,1.0,1018.10223,318.3732,1.0,1029.248,297.5194,1.0,1032.9503,283.19186,1.0,1034.4149,269.7784,1.0,1035.1243,256.76587,1.0,898.6054,233.58351,1.0,905.00354,226.76877,1.0,914.88025,222.42918,1.0,928.2405,221.24133,1.0,943.813,222.30269,1.0,974.59845,221.53468,1.0,990.3129,220.42836,1.0,1003.7854,221.73364,1.0,1013.6336,226.40305,1.0,1019.81915,233.372,1.0,958.06805,245.81854,1.0,957.02106,257.53564,1.0,956.34595,265.11456,1.0,955.8393,271.71063,1.0,943.3133,283.3231,1.0,947.45715,286.31122,1.0,955.1304,286.17255,1.0,962.7278,286.80347,1.0,967.445,283.9715,1.0,910.7051,245.19019,1.0,918.3533,240.21915,1.0,930.06024,239.8267,1.0,940.3198,246.13303,1.0,930.91284,247.88484,1.0,920.49817,248.23868,1.0,975.06604,247.30623,1.0,987.27985,241.04242,1.0,998.90643,242.19238,1.0,1005.6641,247.71347,1.0,995.41156,250.05539,1.0,984.5976,249.37671,1.0,931.8373,313.34146,1.0,940.4488,303.67902,1.0,947.3278,300.70255,1.0,954.34106,302.17685,1.0,961.88574,301.16278,1.0,969.10864,304.86887,1.0,977.91077,315.79608,1.0,973.2176,319.83694,1.0,960.8368,323.43604,1.0,952.6647,323.55237,1.0,945.6564,322.75464,1.0,935.4542,318.04517,1.0,934.30786,312.96924,1.0,948.9268,310.63007,1.0,953.7019,310.84442,1.0,959.3227,311.19333,1.0,975.383,315.29614,1.0,959.6844,313.33533,1.0,953.9115,313.0762,1.0,948.80853,312.55725,1.0,925.59985,243.68474,1.0,991.5809,245.34206,1.0,959.7987,293.16495,0.9969819,972.46985,444.40814,0.99942154,815.882,447.26605,0.99942154,751.8679,688.7922,0.96170884,845.41626,706.726,0.97096664,1129.0576,441.5502,0.9997673,1185.3756,687.445,0.9900609,1176.6644,909.357,0.9743335,973.03436,947.2148,0.99359375,875.9982,947.1776,0.99394846,868.04913,1269.2473,0.28435856,856.7206,1631.5289,0.06691306,1070.0706,947.2519,0.99359375,1074.6243,1317.5039,0.21637358,1052.7148,1642.2097,0.03693985,925.51904,255.13521,0.993871,991.1855,255.09639,0.98919797,902.8689,265.4134,0.98657805,1016.64496,263.45145,0.9939713,1010.2351,1759.4061,0.022625651,1010.2351,1759.4061,0.022625651,1055.8174,1681.1183,0.017973213,884.04504,1746.3773,0.03249422,884.04504,1746.3773,0.03249422,854.4084,1679.4949,0.028809555,1172.1925,916.87305,1.0,1134.5398,926.6274,1.0,1116.6163,956.02423,1.0,1107.5983,983.0908,1.0,1097.7675,1002.8767,1.0,1140.8687,991.29956,1.0,1133.2734,1028.181,1.0,1128.8135,1049.1237,1.0,1125.9108,1065.6267,1.0,1159.8025,995.5243,1.0,1150.8002,1034.5687,1.0,1144.232,1058.9243,1.0,1139.513,1077.986,1.0,1171.7477,994.2244,1.0,1163.1708,1028.0325,1.0,1156.5643,1048.21,1.0,1151.3743,1064.7125,1.0,1177.6989,989.6687,1.0,1168.5747,1016.58124,1.0,1162.7998,1032.6062,1.0,1157.736,1045.4991,1.0,870.62836,695.2125,1.0,871.0498,666.5145,1.0,895.0269,647.4745,1.0,923.0478,640.2035,1.0,942.03973,637.98517,1.0,899.40106,680.2118,1.0,925.86456,662.0585,1.0,942.4423,647.5954,1.0,955.93646,636.4506,1.0,911.19556,696.2702,1.0,944.6664,679.7665,1.0,963.2533,664.8253,1.0,975.584,653.2284,1.0,921.3071,705.48126,1.0,954.1359,688.849,1.0,971.55066,672.1162,1.0,982.15344,657.60114,1.0,928.91437,708.623,1.0,955.21844,693.04364,1.0,965.2822,679.6568,1.0,970.01044,668.20844,1.0
885.301,256.31934,1.0,886.11176,269.34503,1.0,886.6548,282.5356,1.0,890.6355,304.0756,1.0,895.63727,317.10803,1.0,904.18744,330.45447,1.0,911.39075,337.3719,1.0,926.445,347.04752,1.0,950.6731,352.10062,1.0,977.7866,348.30084,1.0,996.3857,338.9386,1.0,1005.91974,331.78668,1.0,1018.02814,317.8291,1.0,1029.3325,296.93716,1.0,1033.0814,282.54916,1.0,1034.5828,269.1015,1.0,1035.2806,256.03427,1.0,898.46295,232.64632,1.0,904.87085,225.71637,1.0,914.7826,221.34639,1.0,928.20734,220.14098,1.0,943.7537,221.24374,1.0,974.5624,220.6728,1.0,990.33594,219.60347,1.0,1003.8031,220.95378,1.0,1013.7228,225.64026,1.0,1019.96704,232.60089,1.0,957.8414,244.96442,1.0,956.7253,256.56897,1.0,956.0159,264.05188,1.0,955.48096,270.55215,1.0,943.1193,282.35596,1.0,947.1789,285.3203,1.0,954.8349,285.16916,1.0,962.33545,285.81586,1.0,967.0214,283.00952,1.0,910.4526,244.25447,1.0,918.2438,239.37334,1.0,929.88104,239.04094,1.0,939.97235,245.28915,1.0,930.5325,246.98251,1.0,920.18805,247.2798,1.0,975.05676,246.54283,1.0,987.3474,240.4093,1.0,998.9301,241.52455,1.0,1005.7171,246.95581,1.0,995.4992,249.2409,1.0,984.68274,248.56468,1.0,931.7624,312.4317,1.0,940.06866,302.64163,1.0,946.9347,299.5523,1.0,953.8659,301.0744,1.0,961.3911,300.11136,1.0,968.5312,303.96387,1.0,977.0103,315.09778,1.0,972.55817,319.3024,1.0,960.2966,323.07,1.0,952.0429,323.22446,1.0,945.0176,322.3741,1.0,935.01337,317.38666,1.0,934.2558,312.09943,1.0,948.47,309.93832,1.0,953.1737,310.16193,1.0,958.74634,310.5237,1.0,974.48486,314.5908,1.0,959.0278,312.63144,1.0,953.30255,312.35904,1.0,948.2964,311.83112,1.0,925.7733,242.73042,1.0,991.8344,244.55551,1.0,958.6737,292.56992,0.9961329,971.9349,444.24045,0.9992586,814.8077,447.50174,0.9992586,752.0192,698.05023,0.9416918,863.1745,655.6186,0.96465033,1129.0621,440.9792,0.9997636,1184.8287,687.4831,0.9887039,1175.1926,908.78265,0.9730608,973.18524,946.5841,0.99310327,876.0403,947.30023,0.99310327,868.0798,1269.752,0.26818553,856.45233,1632.0748,0.0630066,1070.3302,945.868,0.99329674,1075.6112,1310.4755,0.20294689,1054.402,1640.5382,0.034898818,924.7982,254.52415,0.99220794,990.9185,254.8567,0.9868228,902.70526,264.70383,0.9823585,1016.6162,263.45816,0.9930842,1013.33813,1759.3622,0.021466034,1013.33813,1759.3622,0.021466034,1056.6216,1680.416,0.01732227,892.0777,1748.3187,0.030478409,892.0777,1748.3187,0.030478409,852.44574,1680.3099,0.027384551,1171.1254,915.67346,1.0,1133.2412,926.5222,1.0,1115.1057,955.91394,1.0,1106.6445,983.6146,1.0,1096.4481,1003.7366,1.0,1139.3037,989.45416,1.0,1133.2021,1026.8837,1.0,1129.638,1048.219,1.0,1127.2251,1065.1165,1.0,1158.979,993.18964,1.0,1150.6072,1031.9004,1.0,1144.3716,1055.5972,1.0,1139.6578,1074.3131,1.0,1171.9254,991.4187,1.0,1163.4865,1026.0454,1.0,1156.9133,1047.1356,1.0,1151.5027,1064.4686,1.0,1178.737,986.82874,1.0,1169.2677,1013.73425,1.0,1163.0403,1029.9677,1.0,1157.4371,1043.1597,1.0,891.9057,643.3177,1.0,882.81323,611.24286,1.0,901.6709,584.1817,1.0,927.25494,573.60406,1.0,943.98926,575.13696,1.0,904.37585,601.6853,1.0,924.39014,572.5193,1.0,938.26373,555.00433,1.0,952.4322,542.5138,1.0,920.5797,620.984,1.0,952.5662,596.81995,1.0,968.2411,579.23553,1.0,980.0807,567.1073,1.0,935.2024,635.1328,1.0,968.1444,611.04443,1.0,984.9044,590.4727,1.0,995.3565,574.19977,1.0,946.5056,643.3436,1.0,973.1241,619.7065,1.0,979.43427,603.59564,1.0,979.9033,591.24554,1.0
885.1801,255.68396,1.0,885.8978,268.74704,1.0,886.41986,281.9619,1.0,890.38696,303.46008,1.0,895.4197,316.40237,1.0,903.9999,329.66843,1.0,911.2113,336.60983,1.0,926.14667,346.4871,1.0,950.31323,351.73465,1.0,977.60645,347.95056,1.0,996.2771,338.54004,1.0,1005.7685,331.3431,1.0,1017.954,317.285,1.0,1029.4171,296.3549,1.0,1033.2125,281.90646,1.0,1034.7506,268.4246,1.0,1035.437,255.30264,1.0,898.3205,231.70914,1.0,904.7382,224.66399,1.0,914.68494,220.26358,1.0,928.17426,219.04063,1.0,943.6945,220.1848,1.0,974.5263,219.81094,1.0,990.3589,218.77856,1.0,1003.8208,220.17392,1.0,1013.812,224.87747,1.0,1020.1149,231.82979,1.0,957.6147,244.1103,1.0,956.42957,255.60228,1.0,955.6859,262.9892,1.0,955.12256,269.39368,1.0,942.9254,281.38882,1.0,946.90063,284.3294,1.0,954.53937,284.16577,1.0,961.9431,284.82828,1.0,966.59784,282.04752,1.0,910.2001,243.31876,1.0,918.1342,238.52753,1.0,929.70184,238.25517,1.0,939.62494,244.44528,1.0,930.15216,246.08018,1.0,919.8779,246.32094,1.0,975.0475,245.77942,1.0,987.41504,239.77617,1.0,998.95374,240.85672,1.0,1005.7701,246.19815,1.0,995.5868,248.42642,1.0,984.7679,247.75266,1.0,931.6875,311.52194,1.0,939.6886,301.60428,1.0,946.54156,298.40207,1.0,953.39075,299.97192,1.0,960.8965,299.05997,1.0,967.9538,303.05887,1.0,976.1099,314.39948,1.0,971.89874,318.76785,1.0,959.75635,322.70398,1.0,951.4212,322.89658,1.0,944.3788,321.99362,1.0,934.5726,316.72815,1.0,934.2038,311.2296,1.0,948.0131,309.24655,1.0,952.64557,309.47943,1.0,958.17004,309.8541,1.0,973.5868,313.88547,1.0,958.3712,311.92752,1.0,952.69354,311.64188,1.0,947.7842,311.10495,1.0,925.94684,241.77611,1.0,992.088,243.76897,1.0,958.0056,292.4035,0.99595106,971.8172,443.6039,0.99916065,814.5734,447.19534,0.99916065,753.11487,700.50543,0.9269771,875.66113,613.9713,0.9629815,1129.061,440.01248,0.9997611,1184.7311,687.4497,0.98726237,1174.2751,908.2604,0.9719655,973.24396,944.4572,0.9927641,876.0421,946.57434,0.9927641,868.0865,1270.1248,0.25402388,856.39526,1632.5522,0.06050945,1070.4458,942.3401,0.99324936,1076.6511,1306.8422,0.19242562,1056.5626,1633.4022,0.033396006,924.6966,254.02844,0.9919583,990.89905,254.84564,0.9863896,902.4248,264.14954,0.98146194,1016.26306,263.5957,0.9929633,1017.09906,1753.9966,0.020725792,1017.09906,1753.9966,0.020725792,1058.2511,1672.515,0.017103115,891.85156,1747.0457,0.029161477,891.85156,1747.0457,0.029161477,852.3058,1681.6224,0.02674252,1170.77,916.49255,1.0,1132.9825,926.63196,1.0,1114.6914,955.8419,1.0,1106.3318,983.4418,1.0,1096.0267,1003.3252,1.0,1140.1401,990.05066,1.0,1132.9724,1027.3053,1.0,1128.5525,1048.6926,1.0,1125.6104,1065.6292,1.0,1159.5924,994.2529,1.0,1150.7462,1034.4828,1.0,1143.9591,1060.427,1.0,1138.6967,1080.5569,1.0,1172.0334,992.8309,1.0,1163.416,1027.7472,1.0,1156.404,1048.6637,1.0,1150.599,1065.5154,1.0,1178.2179,988.2644,1.0,1168.5092,1015.5523,1.0,1162.2092,1031.812,1.0,1156.6862,1044.8994,1.0,885.23627,620.3591,1.0,906.1647,612.32184,1.0,927.683,595.6146,1.0,943.3509,579.76294,1.0,952.39404,565.3563,1.0,931.01953,598.64386,1.0,952.72253,580.2274,1.0,967.6067,564.28186,1.0,979.3427,549.00793,1.0,930.79047,596.30133,1.0,951.8354,576.47656,1.0,967.39014,558.1282,1.0,980.4121,541.95276,1.0,928.7935,591.9803,1.0,950.67786,573.8155,1.0,966.2278,556.2196,1.0,977.99506,540.6318,1.0,925.0415,586.93695,1.0,946.77106,571.896,1.0,961.1642,559.58545,1.0,972.5986,548.53705,1.0
885.0592,255.04857,1.0,885.6839,268.14905,1.0,886.1849,281.38818,1.0,890.1384,302.84457,1.0,895.2021,315.69675,1.0,903.8123,328.88242,1.0,911.0319,335.84778,1.0,925.8483,345.9267,1.0,949.95337,351.36865,1.0,977.4263,347.60028,1.0,996.1685,338.14148,1.0,1005.6173,330.8995,1.0,1017.8799,316.7409,1.0,1029.5017,295.77264,1.0,1033.3436,281.2638,1.0,1034.9186,267.7477,1.0,1035.5935,254.57101,1.0,898.17804,230.77196,1.0,904.6056,223.61159,1.0,914.5873,219.18079,1.0,928.1412,217.94028,1.0,943.6353,219.12585,1.0,974.49023,218.94907,1.0,990.3819,217.95366,1.0,1003.8385,219.39406,1.0,1013.90125,224.11469,1.0,1020.2628,231.05869,1.0,957.38806,243.2562,1.0,956.1338,254.6356,1.0,955.35596,261.9265,1.0,954.7642,268.2352,1.0,942.73145,280.4217,1.0,946.6224,283.3385,1.0,954.2439,283.16238,1.0,961.5508,283.8407,1.0,966.17426,281.0855,1.0,909.9476,242.38304,1.0,918.0247,237.68173,1.0,929.52264,237.46942,1.0,939.27747,243.60141,1.0,929.7718,245.17786,1.0,919.5678,245.36206,1.0,975.0382,245.016,1.0,987.4826,239.14305,1.0,998.9774,240.18889,1.0,1005.82306,245.44048,1.0,995.6744,247.61192,1.0,984.853,246.94061,1.0,931.61255,310.61218,1.0,939.3085,300.5669,1.0,946.14844,297.25183,1.0,952.9156,298.86945,1.0,960.40186,298.00858,1.0,967.3764,302.15387,1.0,975.2095,313.70117,1.0,971.2394,318.23334,1.0,959.2161,322.33795,1.0,950.79944,322.56866,1.0,943.74005,321.6131,1.0,934.1318,316.06964,1.0,934.15173,310.3598,1.0,947.5563,308.5548,1.0,952.1174,308.79694,1.0,957.5937,309.1845,1.0,972.68866,313.18015,1.0,957.71466,311.2236,1.0,952.08453,310.92468,1.0,947.27203,310.3788,1.0,926.1203,240.8218,1.0,992.3416,242.98244,1.0,956.93384,292.08197,0.99572206,971.834,442.87863,0.9990534,814.6056,446.68527,0.9990534,756.04224,700.42163,0.9144885,885.8771,577.92535,0.96297866,1129.0623,439.072,0.99975675,1184.6074,687.37726,0.98573005,1173.317,908.2271,0.97164273,974.11035,942.6019,0.9922493,877.06683,944.89404,0.9922493,870.33386,1265.2599,0.23805584,858.2388,1626.3373,0.057705186,1071.1538,940.3099,0.99305665,1076.1602,1303.1957,0.17960133,1056.8922,1625.9783,0.03172852,924.2297,253.91127,0.99162054,990.79236,254.83392,0.98583823,902.1615,264.17108,0.9804883,1016.2675,263.77737,0.9928125,1018.317,1745.3574,0.019858591,1018.317,1745.3574,0.019858591,1058.8665,1665.9514,0.016860006,895.3647,1737.2216,0.027718192,895.3647,1737.2216,0.027718192,853.2298,1677.8461,0.025991693,1170.2843,914.05304,1.0,1132.31,925.5043,1.0,1113.8328,954.617,1.0,1105.096,983.00867,1.0,1095.0057,1004.19434,1.0,1138.2423,987.2673,1.0,1132.2557,1026.2172,1.0,1128.9153,1048.3427,1.0,1126.4713,1065.5737,1.0,1158.8735,991.03204,1.0,1150.8872,1030.5916,1.0,1144.8629,1054.5657,1.0,1140.1984,1072.9109,1.0,1172.3058,989.3105,1.0,1163.8914,1024.5979,1.0,1157.1481,1046.4181,1.0,1151.7334,1063.9928,1.0,1178.9712,984.74945,1.0,1168.5266,1011.2262,1.0,1161.8428,1027.0958,1.0,1155.9966,1039.6189,1.0,896.00464,579.3311,1.0,901.6794,555.9576,1.0,919.14716,532.60583,1.0,937.82996,516.2818,1.0,950.9828,506.2751,1.0,926.18286,532.1551,1.0,944.5807,502.5167,1.0,957.7736,487.67767,1.0,968.0815,477.0506,1.0,936.914,537.8611,1.0,960.178,508.38223,1.0,973.64355,490.7979,1.0,983.3942,477.94354,1.0,944.80133,542.3949,1.0,969.04755,514.8717,1.0,982.8099,495.83847,1.0,991.9497,481.76773,1.0,948.9756,546.0346,1.0,967.4702,523.5771,1.0,972.1125,512.7017,1.0,973.3537,506.04672,1.0
885.4826,253.60663,1.0,886.00385,266.44568,1.0,886.32623,279.4656,1.0,890.08887,300.7658,1.0,894.99603,313.80417,1.0,903.3021,327.47104,1.0,910.3638,334.8048,1.0,925.35895,345.483,1.0,949.87604,351.3571,1.0,977.7001,347.41498,1.0,996.67914,337.57867,1.0,1006.10944,330.17206,1.0,1018.2858,315.84467,1.0,1029.778,294.87378,1.0,1033.5675,280.5532,1.0,1035.1937,267.23782,1.0,1035.8262,254.30077,1.0,898.6403,230.34096,1.0,904.9776,223.37144,1.0,914.84814,219.05453,1.0,928.3301,217.92268,1.0,943.8919,219.25952,1.0,975.0242,219.06084,1.0,991.064,217.97427,1.0,1004.661,219.45491,1.0,1014.5957,224.20732,1.0,1020.79706,231.20204,1.0,957.67633,243.47963,1.0,956.448,254.92186,1.0,955.6821,262.1745,1.0,955.1314,268.4134,1.0,943.4861,280.26007,1.0,947.18274,283.1528,1.0,954.5383,283.03622,1.0,961.6453,283.6137,1.0,966.0333,280.88455,1.0,910.6049,242.34866,1.0,918.4653,237.5804,1.0,929.9149,237.36601,1.0,939.76685,243.58853,1.0,930.22974,245.10913,1.0,919.9959,245.29292,1.0,975.32166,244.99808,1.0,987.79926,239.11694,1.0,999.25867,240.21684,1.0,1005.9968,245.48589,1.0,995.8623,247.63113,1.0,985.11395,246.93806,1.0,932.1851,310.45755,1.0,939.68555,300.12637,1.0,946.52734,296.90457,1.0,953.3756,298.43048,1.0,960.8543,297.64774,1.0,967.7792,301.7417,1.0,974.97107,313.63397,1.0,971.5724,318.95587,1.0,959.6027,323.71835,1.0,950.92535,324.01688,1.0,943.463,322.90884,1.0,933.9744,316.63452,1.0,935.0268,310.29037,1.0,948.0224,307.54175,1.0,952.5575,307.75525,1.0,957.924,308.17307,1.0,972.1377,313.12708,1.0,957.84705,312.72095,1.0,952.26935,312.48276,1.0,947.3608,311.83362,1.0,926.29846,240.83913,1.0,992.4637,243.05432,1.0,955.6861,289.95117,0.9955495,971.74866,442.36145,0.9989974,814.60144,445.94986,0.9989974,761.3955,700.3885,0.907786,898.53973,551.3342,0.965269,1128.8959,438.773,0.99975634,1184.5748,687.1269,0.983669,1173.1506,908.15485,0.97186786,974.1641,943.1869,0.9913778,877.0104,945.4407,0.9913778,871.86145,1262.9517,0.22087085,859.08844,1624.1687,0.05465676,1071.3179,940.93304,0.9926002,1074.5944,1301.5775,0.16627902,1057.6362,1624.2784,0.030158583,924.12164,252.5771,0.9914988,990.7777,254.16794,0.98546267,901.89136,263.4253,0.9801592,1016.43756,263.81592,0.9927852,1020.09656,1745.008,0.019064235,1020.09656,1745.008,0.019064235,1060.3555,1665.0387,0.01671054,900.2523,1734.4496,0.026179982,900.2523,1734.4496,0.026179982,853.33777,1677.4509,0.025191145,1169.8857,914.8668,1.0,1132.059,926.05927,1.0,1113.4263,955.3287,1.0,1105.102,983.0531,1.0,1094.8634,1003.349,1.0,1138.4951,989.9585,1.0,1131.9592,1027.3647,1.0,1128.1953,1048.5243,1.0,1125.5558,1065.1621,1.0,1158.7146,993.35754,1.0,1150.3334,1032.5159,1.0,1143.9264,1056.928,1.0,1139.0208,1075.4285,1.0,1172.0312,991.06647,1.0,1163.8175,1025.4357,1.0,1156.8317,1046.2665,1.0,1151.1199,1062.8695,1.0,1179.2817,985.57404,1.0,1169.9928,1011.92523,1.0,1163.7565,1027.7004,1.0,1158.1946,1040.3811,1.0,906.77295,538.30316,1.0,897.1941,499.5933,1.0,910.6113,469.59708,1.0,932.30896,452.8007,1.0,949.5716,447.19382,1.0,921.3462,465.66632,1.0,936.43884,424.80597,1.0,947.9406,411.07346,1.0,956.82025,405.09326,1.0,943.0376,479.42084,1.0,968.52057,440.28787,1.0,979.8969,423.46765,1.0,986.37634,413.93433,1.0,960.8091,492.80954,1.0,987.4172,455.92792,1.0,999.39197,435.45737,1.0,1005.9044,422.90372,1.0,972.9096,505.1323,1.0,988.16943,475.25812,1.0,983.0608,465.81802,1.0,974.1088,463.5564,1.0
885.90607,252.16469,1.0,886.32385,264.7423,1.0,886.4676,277.54303,1.0,890.0393,298.687,1.0,894.79,311.91156,1.0,902.79193,326.05966,1.0,909.6957,333.7618,1.0,924.8696,345.0393,1.0,949.79865,351.3455,1.0,977.97394,347.22964,1.0,997.18976,337.0159,1.0,1006.6015,329.44458,1.0,1018.69183,314.94843,1.0,1030.0542,293.9749,1.0,1033.7914,279.84262,1.0,1035.469,266.72797,1.0,1036.0588,254.0305,1.0,899.1026,229.90994,1.0,905.3496,223.1313,1.0,915.109,218.9283,1.0,928.519,217.90508,1.0,944.14856,219.39319,1.0,975.55804,219.17259,1.0,991.74615,217.99487,1.0,1005.4835,219.51578,1.0,1015.2902,224.29997,1.0,1021.33124,231.34538,1.0,957.9646,243.70308,1.0,956.7622,255.20811,1.0,956.0083,262.4225,1.0,955.4986,268.59158,1.0,944.24066,280.09845,1.0,947.74316,282.9671,1.0,954.8327,282.91003,1.0,961.7398,283.38672,1.0,965.89233,280.6836,1.0,911.26227,242.31427,1.0,918.9058,237.47908,1.0,930.3071,237.2626,1.0,940.25616,243.57565,1.0,930.6876,245.04042,1.0,920.424,245.22379,1.0,975.6051,244.98016,1.0,988.11584,239.09085,1.0,999.5399,240.2448,1.0,1006.17065,245.5313,1.0,996.05023,247.65034,1.0,985.3748,246.93553,1.0,932.7577,310.30292,1.0,940.0627,299.68585,1.0,946.90625,296.55728,1.0,953.83563,297.99152,1.0,961.3068,297.28693,1.0,968.18195,301.32956,1.0,974.7326,313.5668,1.0,971.90546,319.67844,1.0,959.98926,325.09872,1.0,951.0512,325.46512,1.0,943.186,324.2046,1.0,933.81714,317.19943,1.0,935.90186,310.22095,1.0,948.4885,306.5287,1.0,952.9976,306.71356,1.0,958.2544,307.16165,1.0,971.5867,313.074,1.0,957.97943,314.2183,1.0,952.45416,314.04083,1.0,947.4496,313.28845,1.0,926.4766,240.85646,1.0,992.58575,243.1262,1.0,955.1816,289.19308,0.9956556,971.3162,441.70938,0.99898475,813.9021,444.84467,0.99898475,766.03375,698.8515,0.9079339,903.99664,530.6006,0.96821195,1128.7303,438.5741,0.9997592,1184.5717,686.45184,0.9828598,1172.9097,907.9789,0.97328013,974.00256,942.1487,0.9905289,876.70184,945.00446,0.9905289,873.25116,1263.424,0.20393959,860.43005,1625.0057,0.05127153,1071.3033,939.29297,0.99208254,1074.5981,1301.8374,0.15317887,1060.2603,1625.8242,0.028271532,924.1016,251.40663,0.9918167,990.81036,254.15271,0.98590726,900.84515,262.85226,0.98085624,1017.5304,264.84055,0.99303484,1025.2296,1746.5975,0.01801556,1025.2296,1746.5975,0.01801556,1063.237,1666.7654,0.016382312,907.1686,1736.1354,0.024510555,907.1686,1736.1354,0.024510555,853.41547,1680.8025,0.024214486,1169.2694,914.8446,1.0,1131.4922,927.28186,1.0,1112.895,956.1544,1.0,1104.7585,983.8085,1.0,1094.6245,1004.04315,1.0,1138.4426,989.7827,1.0,1132.4003,1027.0992,1.0,1128.9236,1048.2792,1.0,1126.4401,1064.7332,1.0,1158.9446,992.6737,1.0,1151.1183,1030.9738,1.0,1145.3042,1054.0231,1.0,1140.7003,1071.4548,1.0,1172.382,990.19885,1.0,1164.1096,1024.713,1.0,1157.4216,1045.7267,1.0,1151.9126,1062.5178,1.0,1179.4644,984.9736,1.0,1169.4907,1011.1056,1.0,1162.894,1026.3315,1.0,1157.1254,1038.6256,1.0,910.2466,516.94434,1.0,899.15814,477.32318,1.0,914.20667,448.14352,1.0,934.361,433.8428,1.0,950.7691,428.4469,1.0,923.1751,440.7064,1.0,937.217,399.7406,1.0,948.87134,386.3039,1.0,956.41315,383.64276,1.0,946.587,452.304,1.0,969.8414,412.93387,1.0,979.58325,396.90323,1.0,984.04486,388.31342,1.0,964.3248,464.57364,1.0,989.25146,428.57642,1.0,999.32935,408.5857,1.0,1004.69183,395.84677,1.0,975.3574,476.97357,1.0,988.3875,446.88757,1.0,983.8181,440.04913,1.0,976.13293,441.06177,1.0
886.32947,250.72275,1.0,886.6438,263.0389,1.0,886.60895,275.62045,1.0,889.9898,296.60825,1.0,894.5839,310.01898,1.0,902.28174,324.6483,1.0,909.0275,332.71884,1.0,924.38025,344.5956,1.0,949.7213,351.33392,1.0,978.24774,347.04434,1.0,997.7003,336.4531,1.0,1007.0936,328.7171,1.0,1019.0978,314.0522,1.0,1030.3306,293.07602,1.0,1034.0153,279.13205,1.0,1035.7441,266.21808,1.0,1036.2914,253.76025,1.0,899.5649,229.47894,1.0,905.7216,222.89116,1.0,915.3699,218.80205,1.0,928.70795,217.88748,1.0,944.40515,219.52686,1.0,976.092,219.28436,1.0,992.4283,218.01547,1.0,1006.306,219.57663,1.0,1015.9847,224.39262,1.0,1021.8655,231.48874,1.0,958.25287,243.92651,1.0,957.0764,255.49437,1.0,956.3345,262.6705,1.0,955.8658,268.76978,1.0,944.9953,279.93686,1.0,948.3036,282.7814,1.0,955.1271,282.78387,1.0,961.83435,283.15973,1.0,965.7514,280.48264,1.0,911.9196,242.27988,1.0,919.3464,237.37775,1.0,930.6994,237.15921,1.0,940.74554,243.56277,1.0,931.1455,244.97171,1.0,920.8521,245.15465,1.0,975.88855,244.96223,1.0,988.4325,239.06476,1.0,999.82117,240.27277,1.0,1006.3444,245.57672,1.0,996.23816,247.66956,1.0,985.63574,246.93298,1.0,933.3302,310.14832,1.0,940.43976,299.2453,1.0,947.28516,296.21,1.0,954.29565,297.55255,1.0,961.7593,296.92612,1.0,968.5847,300.91742,1.0,974.4942,313.49963,1.0,972.23846,320.401,1.0,960.3758,326.4791,1.0,951.17706,326.91333,1.0,942.909,325.50034,1.0,933.6598,317.76434,1.0,936.7769,310.15152,1.0,948.95465,305.51562,1.0,953.43774,305.67184,1.0,958.5847,306.1502,1.0,971.03564,313.02097,1.0,958.1118,315.71564,1.0,952.6389,315.5989,1.0,947.5383,314.74326,1.0,926.6547,240.8738,1.0,992.7079,243.19809,1.0,955.1674,288.1213,0.9958279,971.0632,440.80066,0.9989702,813.6966,443.047,0.9989702,770.93774,696.2061,0.9077727,909.16547,506.35492,0.97088075,1128.4297,438.55432,0.99976325,1184.549,686.2546,0.9818877,1172.224,908.0881,0.9744905,973.7127,941.8148,0.9896739,876.1169,944.94037,0.9896739,874.1216,1262.1511,0.18742853,861.5788,1624.3274,0.047881946,1071.3086,938.6893,0.9915822,1073.4886,1302.4648,0.14132941,1060.2405,1624.8623,0.02658634,924.0876,250.7072,0.9922343,991.2711,253.97705,0.98653495,900.27655,262.57034,0.98178464,1019.72797,264.98566,0.9933678,1025.188,1745.0896,0.01704881,1025.188,1745.0896,0.01704881,1063.2605,1666.673,0.016194439,907.5598,1733.7197,0.02284717,907.5598,1733.7197,0.02284717,854.0476,1680.9454,0.023277279,1169.8165,915.4091,1.0,1131.3269,926.59015,1.0,1112.7239,956.0553,1.0,1104.6306,983.7287,1.0,1094.4758,1003.4395,1.0,1138.541,991.01495,1.0,1132.1613,1027.5919,1.0,1128.5089,1048.5963,1.0,1126.0968,1065.1151,1.0,1158.5804,994.0499,1.0,1150.4238,1032.2053,1.0,1144.2408,1056.1964,1.0,1139.4313,1074.8597,1.0,1171.542,991.4505,1.0,1163.3077,1025.4766,1.0,1156.5984,1046.4957,1.0,1151.0115,1063.7744,1.0,1178.4072,985.8288,1.0,1168.8035,1012.13446,1.0,1162.4856,1027.7372,1.0,1156.8024,1040.5847,1.0,913.33765,496.1671,1.0,900.6605,457.50955,1.0,915.41235,428.30914,1.0,935.97345,412.6749,1.0,951.8231,404.75607,1.0,926.5014,418.64832,1.0,938.0607,378.2118,1.0,945.8226,367.81348,1.0,950.3136,368.64896,1.0,949.84607,429.4678,1.0,971.0551,390.87366,1.0,979.0974,376.02597,1.0,982.78235,367.67847,1.0,967.3496,441.3825,1.0,990.0214,406.54678,1.0,998.23035,386.6176,1.0,1002.41064,373.4238,1.0,977.8631,453.84607,1.0,987.9597,424.2537,1.0,982.8806,415.79843,1.0,976.0351,414.67633,1.0
887.6592,250.31647,1.0,888.1553,262.25345,1.0,888.1585,274.52783,1.0,891.5825,294.9935,1.0,896.29517,308.15793,1.0,904.3213,322.63242,1.0,911.45636,330.44016,1.0,927.3809,341.78113,1.0,952.7168,348.0619,1.0,980.5925,343.8349,1.0,999.672,333.5346,1.0,1008.8394,325.95377,1.0,1020.1409,311.3284,1.0,1030.4978,290.68338,1.0,1033.6971,277.0921,1.0,1035.1157,264.5378,1.0,1035.6595,252.47752,1.0,900.25867,230.7795,1.0,906.05505,224.45279,1.0,915.4124,220.36987,1.0,928.6574,219.31758,1.0,944.4915,220.77956,1.0,976.4859,220.53786,1.0,992.79065,219.2574,1.0,1006.54565,220.69585,1.0,1016.11395,225.29681,1.0,1021.8936,231.98683,1.0,959.18933,244.91092,1.0,958.3985,256.8602,1.0,957.9214,264.34744,1.0,957.6055,270.57617,1.0,946.5646,281.08667,1.0,949.98145,283.80215,1.0,956.95557,283.77628,1.0,963.7439,284.05768,1.0,967.48254,281.42627,1.0,912.8407,243.62695,1.0,920.04626,238.72394,1.0,931.3614,238.25943,1.0,941.47687,244.53267,1.0,931.95795,246.08347,1.0,921.6958,246.42221,1.0,976.8577,245.60556,1.0,989.1642,239.71872,1.0,1000.4803,240.89195,1.0,1006.9053,246.0805,1.0,997.04834,248.39409,1.0,986.51605,247.60835,1.0,935.43835,310.95667,1.0,942.21924,299.91962,1.0,949.23114,296.875,1.0,956.5028,298.0056,1.0,964.07715,297.4145,1.0,970.9642,301.2167,1.0,976.8462,313.75595,1.0,975.07904,320.60687,1.0,963.2263,326.93558,1.0,953.80225,327.45654,1.0,945.1512,326.07397,1.0,935.56793,318.3134,1.0,938.99207,310.93045,1.0,951.0981,305.6217,1.0,955.84076,305.66864,1.0,961.0907,306.16415,1.0,973.458,313.3484,1.0,960.76855,316.95383,1.0,955.0413,316.87454,1.0,949.51935,316.0396,1.0,927.68866,241.97713,1.0,993.5715,243.74658,1.0,955.5589,283.79504,0.9958729,970.79456,439.7542,0.99892247,813.357,441.07748,0.99892247,775.6143,693.24554,0.90594834,909.6375,492.8633,0.9731023,1128.2322,438.43097,0.99976367,1184.4825,685.9029,0.98096126,1171.8977,907.62866,0.9754324,973.664,941.4601,0.98904085,875.82025,944.8073,0.98904085,876.45593,1261.1321,0.17210217,866.2042,1624.7932,0.044606823,1071.5078,938.1128,0.9912371,1073.986,1302.5544,0.12973844,1062.5974,1623.8068,0.024883647,924.2098,246.20604,0.99244225,992.24475,251.78111,0.9868162,899.6377,260.25262,0.98225296,1021.455,264.9041,0.99353474,1026.4891,1742.4865,0.016053315,1026.4891,1742.4865,0.016053315,1066.6515,1665.45,0.01570817,913.9973,1734.8018,0.02128293,913.9973,1734.8018,0.02128293,858.47375,1681.23,0.022136463,1167.8298,913.2791,1.0,1129.2943,925.2815,1.0,1110.8662,955.1417,1.0,1102.293,982.9765,1.0,1092.6031,1003.1194,1.0,1136.3136,988.23645,1.0,1131.1669,1025.961,1.0,1128.2363,1047.3427,1.0,1126.2808,1063.7296,1.0,1156.7725,990.8777,1.0,1150.6143,1029.4369,1.0,1145.4967,1053.0632,1.0,1141.4805,1070.9456,1.0,1169.876,988.2603,1.0,1162.7898,1023.17944,1.0,1156.3561,1044.6746,1.0,1151.1725,1062.3269,1.0,1176.1194,983.0138,1.0,1167.0386,1009.0882,1.0,1160.9519,1024.5449,1.0,1155.6571,1037.2876,1.0,914.85535,480.2117,1.0,901.0618,442.1786,1.0,915.18195,414.5558,1.0,937.01996,404.03445,1.0,952.8414,400.03482,1.0,928.1927,400.6647,1.0,936.8771,363.9622,1.0,940.8452,355.8673,1.0,942.4633,357.2513,1.0,950.7392,411.19742,1.0,969.0216,374.82465,1.0,974.2549,362.3219,1.0,975.41864,356.38342,1.0,966.67773,423.77344,1.0,987.4357,389.31287,1.0,993.48566,371.67325,1.0,995.0036,361.18713,1.0,975.4731,436.8226,1.0,982.6789,408.80887,1.0,975.5912,404.00867,1.0,967.1448,406.52124,1.0
888.98883,249.9102,1.0,889.66675,261.46796,1.0,889.70807,273.43524,1.0,893.17523,293.37875,1.0,898.0064,306.29688,1.0,906.3608,320.61652,1.0,913.8852,328.1615,1.0,930.38153,338.96667,1.0,955.7122,344.7899,1.0,982.93726,340.6255,1.0,1001.6437,330.61612,1.0,1010.5852,323.19043,1.0,1021.184,308.6046,1.0,1030.6652,288.29074,1.0,1033.379,275.05215,1.0,1034.4872,262.85757,1.0,1035.0277,251.1948,1.0,900.9524,232.08005,1.0,906.3885,226.0144,1.0,915.455,221.93771,1.0,928.6068,220.74767,1.0,944.5779,222.03226,1.0,976.8798,221.79137,1.0,993.153,220.49933,1.0,1006.7853,221.81508,1.0,1016.2432,226.201,1.0,1021.92175,232.48491,1.0,960.12585,245.89532,1.0,959.7206,258.22604,1.0,959.5083,266.0244,1.0,959.34534,272.38257,1.0,948.1339,282.23648,1.0,951.65924,284.82288,1.0,958.78406,284.76868,1.0,965.65344,284.95566,1.0,969.2136,282.36993,1.0,913.7618,244.97403,1.0,920.7462,240.07013,1.0,932.0234,239.35965,1.0,942.20825,245.50258,1.0,932.7703,247.19522,1.0,922.5395,247.68977,1.0,977.82684,246.24887,1.0,989.8958,240.37267,1.0,1001.13947,241.51115,1.0,1007.4661,246.5843,1.0,997.8585,249.1186,1.0,987.3964,248.28374,1.0,937.54645,311.765,1.0,943.99866,300.59393,1.0,951.1772,297.53998,1.0,958.70996,298.4587,1.0,966.395,297.90286,1.0,973.3437,301.51602,1.0,979.1982,314.01227,1.0,977.9197,320.81274,1.0,966.0768,327.39206,1.0,956.42737,327.99976,1.0,947.3934,326.64764,1.0,937.4761,318.86243,1.0,941.20715,311.7094,1.0,953.2415,305.72778,1.0,958.24384,305.66544,1.0,963.5966,306.1781,1.0,975.8803,313.67584,1.0,963.42535,318.19202,1.0,957.4437,318.15018,1.0,951.50037,317.33597,1.0,928.7226,243.08046,1.0,994.435,244.29506,1.0,955.7806,283.08203,0.99592346,970.60333,438.9951,0.9988692,813.1006,439.7093,0.9988692,778.88495,690.65894,0.90588576,907.0383,488.25204,0.9749376,1128.1061,438.2809,0.9997668,1184.5635,685.283,0.9810665,1170.7056,904.5698,0.97676903,973.6621,940.0284,0.9886975,875.8124,943.7483,0.9886975,879.42065,1261.3303,0.15885584,868.6207,1625.3263,0.041767646,1071.5118,936.3085,0.99111587,1075.2357,1303.3992,0.11972373,1064.0459,1623.4951,0.023318503,924.22876,245.12357,0.9926205,992.8608,251.14091,0.9871749,899.35065,259.0456,0.9825548,1022.58075,264.9146,0.99372566,1026.4092,1739.9098,0.015109523,1026.4092,1739.9098,0.015109523,1068.7062,1665.1049,0.015283734,914.7879,1735.6284,0.019933203,914.7879,1735.6284,0.019933203,860.747,1682.6969,0.021234944,1164.2457,909.1649,1.0,1125.9875,918.90955,1.0,1105.9517,947.8143,1.0,1095.8186,974.7387,1.0,1085.8513,995.1797,1.0,1130.4841,981.52936,1.0,1122.8164,1018.23926,1.0,1117.6794,1038.7991,1.0,1114.0176,1054.9573,1.0,1149.8962,984.6118,1.0,1143.1638,1022.07776,1.0,1137.3208,1045.2426,1.0,1133.3622,1063.9418,1.0,1162.6742,982.91815,1.0,1156.7898,1016.9396,1.0,1151.1353,1037.8105,1.0,1146.9901,1055.6478,1.0,1169.0914,979.15265,1.0,1162.0372,1006.73047,1.0,1157.0443,1023.2948,1.0,1152.4945,1036.8444,1.0,912.19147,471.40042,1.0,898.1671,434.38306,1.0,910.6683,406.11203,1.0,932.13336,396.73367,1.0,948.7806,395.81317,1.0,926.75037,390.49582,1.0,936.2181,351.13705,1.0,935.68646,353.828,1.0,935.4965,363.67456,1.0,949.373,400.2484,1.0,966.0112,360.888,1.0,969.14374,352.84442,1.0,970.1337,350.5674,1.0,964.4266,412.72308,1.0,983.55035,380.37003,1.0,988.01184,365.52524,1.0,989.59155,356.15143,1.0,972.2066,427.1806,1.0,978.14404,401.39493,1.0,971.1651,398.49878,1.0,963.744,402.25574,1.0
890.31854,249.50392,1.0,891.1782,260.68246,1.0,891.2577,272.34262,1.0,894.76794,291.764,1.0,899.7177,304.43582,1.0,908.40027,318.60065,1.0,916.31396,325.8828,1.0,933.3822,336.1522,1.0,958.7077,341.51788,1.0,985.28204,337.41608,1.0,1003.61536,327.6976,1.0,1012.331,320.4271,1.0,1022.2271,305.88083,1.0,1030.8325,285.8981,1.0,1033.0609,273.01218,1.0,1033.8588,261.1773,1.0,1034.3958,249.91208,1.0,901.6462,233.3806,1.0,906.7219,227.57603,1.0,915.49756,223.50555,1.0,928.5563,222.17776,1.0,944.66425,223.28496,1.0,977.2738,223.04488,1.0,993.5154,221.74124,1.0,1007.0249,222.9343,1.0,1016.3725,227.1052,1.0,1021.9499,232.983,1.0,961.0623,246.87973,1.0,961.0427,259.5919,1.0,961.09515,267.7014,1.0,961.08514,274.18896,1.0,949.70325,283.38632,1.0,953.3371,285.84363,1.0,960.61255,285.76108,1.0,967.563,285.85364,1.0,970.94476,283.3136,1.0,914.68286,246.3211,1.0,921.4461,241.41634,1.0,932.68536,240.45987,1.0,942.9396,246.47247,1.0,933.5827,248.30696,1.0,923.38324,248.95734,1.0,978.79596,246.8922,1.0,990.6275,241.02663,1.0,1001.79865,242.13036,1.0,1008.027,247.08809,1.0,998.6687,249.84312,1.0,988.27673,248.9591,1.0,939.6546,312.5734,1.0,945.77814,301.26825,1.0,953.12317,298.20496,1.0,960.9171,298.9118,1.0,968.7129,298.39127,1.0,975.72314,301.8153,1.0,981.5502,314.2686,1.0,980.76025,321.0186,1.0,968.9273,327.84854,1.0,959.05255,328.54297,1.0,949.6356,327.22128,1.0,939.3842,319.41147,1.0,943.4223,312.48834,1.0,955.38495,305.83386,1.0,960.64685,305.6622,1.0,966.10254,306.19205,1.0,978.3027,314.00327,1.0,966.0821,319.4302,1.0,959.84607,319.42584,1.0,953.48145,318.63232,1.0,929.75653,244.18379,1.0,995.2986,244.84355,1.0,955.7548,283.05624,0.9961292,970.59674,438.53043,0.99885875,813.0977,439.1363,0.99885875,779.7314,686.5304,0.90386033,905.6541,487.8768,0.9767289,1128.0957,437.92453,0.9997739,1185.094,684.0398,0.98073125,1166.9213,897.67285,0.97784895,973.6692,938.3187,0.9881621,875.8074,942.1927,0.9881621,878.35077,1261.2678,0.1469565,868.63367,1626.7106,0.039335128,1071.531,934.44476,0.9908265,1075.2422,1303.5211,0.11049943,1063.382,1624.0436,0.022035562,924.19025,245.05028,0.99304974,992.944,250.99751,0.9879168,899.2154,259.0586,0.98350245,1023.15424,264.97836,0.994091,1021.67426,1740.7854,0.0144110415,1021.67426,1740.7854,0.0144110415,1068.323,1665.5789,0.015008153,914.11694,1735.8645,0.018828051,914.11694,1735.8645,0.018828051,861.22675,1685.1388,0.020618713,1156.7466,896.0373,1.0,1118.4438,900.81836,1.0,1095.8153,926.3633,1.0,1082.5194,952.6033,1.0,1071.2428,971.3105,1.0,1120.7902,962.632,1.0,1104.7971,999.551,1.0,1094.5957,1019.3791,1.0,1087.0991,1035.2136,1.0,1138.6173,969.43866,1.0,1122.9635,1008.14307,1.0,1111.5546,1030.213,1.0,1103.0593,1048.236,1.0,1150.5659,970.8293,1.0,1137.7805,1006.0034,1.0,1127.1597,1026.8605,1.0,1119.1179,1043.697,1.0,1157.205,968.44116,1.0,1146.3387,996.85126,1.0,1137.5098,1013.9789,1.0,1130.1,1026.9675,1.0,907.92957,470.2481,1.0,896.9708,432.84933,1.0,910.82245,404.11584,1.0,930.9194,395.53918,1.0,946.4715,395.27255,1.0,925.18866,386.60944,1.0,934.9963,349.71408,1.0,934.9629,354.0698,1.0,932.86975,366.06226,1.0,947.8513,396.19363,1.0,967.7197,359.88718,1.0,972.06354,354.12302,1.0,972.5394,353.6325,1.0,962.84314,409.3007,1.0,982.46326,377.7793,1.0,986.16626,366.7081,1.0,986.7532,359.86804,1.0,971.3307,424.5204,1.0,976.86676,400.29095,1.0,971.1025,396.17706,1.0,964.5067,397.55344,1.0
889.5936,254.28432,1.0,890.9784,265.66907,1.0,891.56134,277.57062,1.0,895.8286,297.44717,1.0,901.17993,310.435,1.0,910.20435,324.97842,1.0,918.23755,332.47232,1.0,935.33344,342.87247,1.0,960.5428,348.1045,1.0,986.85077,343.60464,1.0,1005.0269,333.18613,1.0,1013.7379,325.36526,1.0,1023.59,309.96942,1.0,1032.2345,289.24634,1.0,1034.5347,276.0262,1.0,1035.4075,263.946,1.0,1035.9576,252.55156,1.0,900.5122,237.5922,1.0,905.72534,231.5787,1.0,914.7816,227.49315,1.0,928.18695,226.23361,1.0,944.667,227.45609,1.0,977.86224,227.1689,1.0,994.25037,225.52374,1.0,1007.96423,226.3383,1.0,1017.62854,230.21921,1.0,1023.2419,236.00612,1.0,961.4146,251.40045,1.0,961.4789,264.4892,1.0,961.65405,272.8445,1.0,961.7886,279.48602,1.0,950.1394,289.06516,1.0,953.99243,291.561,1.0,961.45123,291.42737,1.0,968.53467,291.37692,1.0,972.0598,288.71805,1.0,914.1952,250.51654,1.0,921.0492,245.66716,1.0,932.4132,244.80292,1.0,942.9882,250.88107,1.0,933.43036,252.86465,1.0,923.10333,253.49988,1.0,979.305,251.11192,1.0,991.0662,245.09291,1.0,1002.20807,246.04648,1.0,1008.63544,250.84087,1.0,999.29114,253.81207,1.0,988.80115,253.13066,1.0,939.8279,318.85892,1.0,946.54407,307.54153,1.0,954.01794,304.4329,1.0,961.8805,305.1042,1.0,969.8554,304.43466,1.0,976.9562,307.8081,1.0,982.8801,320.21805,1.0,982.35767,327.03217,1.0,970.4918,334.0163,1.0,960.5371,334.79156,1.0,951.02734,333.54636,1.0,940.2673,325.77316,1.0,943.6439,318.76294,1.0,956.2048,312.1222,1.0,961.6131,311.91702,1.0,967.19055,312.33444,1.0,979.5297,319.95908,1.0,967.52246,325.3311,1.0,961.1894,325.44507,1.0,954.7377,324.693,1.0,929.1087,248.58902,1.0,995.8697,248.90071,1.0,956.4508,283.13022,0.9961171,970.6256,438.2363,0.9988168,813.1607,438.76392,0.9988168,781.8058,684.39795,0.90478015,904.44525,486.55545,0.9785519,1128.0905,437.7087,0.99977964,1188.0332,679.9322,0.98106134,1160.8673,868.163,0.97941273,973.6504,936.3699,0.9871342,875.7654,941.1551,0.9871342,879.8778,1251.168,0.13485165,869.7842,1610.9377,0.036835317,1071.5354,931.58466,0.9903157,1076.1854,1291.23,0.1018825,1063.3733,1611.5056,0.02086482,924.65906,245.24695,0.99313974,993.31683,250.92088,0.9881766,899.2047,259.54318,0.98365074,1023.4986,264.98572,0.99424875,1018.7179,1731.6631,0.013739502,1018.7179,1731.6631,0.013739502,1068.485,1652.8008,0.014764973,913.50525,1721.6172,0.017632958,913.50525,1721.6172,0.017632958,862.6779,1667.7306,0.019889357,1146.8406,867.5673,1.0,1110.6282,862.58997,1.0,1085.31,882.50696,1.0,1068.7942,907.39044,1.0,1055.6251,925.94183,1.0,1106.8735,920.1858,1.0,1087.6012,961.17365,1.0,1071.1892,978.7075,1.0,1057.7976,989.6174,1.0,1123.7278,931.1333,1.0,1101.5282,971.934,1.0,1081.1034,985.0596,1.0,1064.5345,990.2317,1.0,1133.5327,936.6434,1.0,1113.2495,973.6334,1.0,1094.639,984.0713,1.0,1079.3922,987.36926,1.0,1137.0797,938.2851,1.0,1119.0267,969.31616,1.0,1102.8798,980.1534,1.0,1089.8673,984.19464,1.0,908.29877,469.39822,1.0,896.2857,431.75128,1.0,907.5624,403.20148,1.0,927.1692,393.10367,1.0,943.5155,393.38632,1.0,922.23236,386.19937,1.0,936.0643,348.32333,1.0,942.6709,344.41553,1.0,944.85046,349.33542,1.0,945.06055,396.79297,1.0,966.4237,360.06635,1.0,973.0468,352.0242,1.0,975.08136,350.08212,1.0,961.27155,409.94727,1.0,979.36145,378.30728,1.0,982.6963,367.17624,1.0,983.02985,360.76016,1.0,970.8846,424.40967,1.0,979.5553,398.29434,1.0,976.3168,392.98227,1.0,971.739,393.28775,1.0
888.8687,259.0647,1.0,890.7785,270.65567,1.0,891.865,282.7986,1.0,896.8893,303.13034,1.0,902.6422,316.43414,1.0,912.0084,331.3562,1.0,920.1612,339.06183,1.0,937.28467,349.59274,1.0,962.3778,354.6911,1.0,988.4195,349.79324,1.0,1006.4385,338.67462,1.0,1015.14484,330.30344,1.0,1024.953,314.058,1.0,1033.6365,292.59457,1.0,1036.0084,279.04022,1.0,1036.9562,266.71472,1.0,1037.5197,255.19104,1.0,899.37823,241.80377,1.0,904.72876,235.58138,1.0,914.0657,231.48074,1.0,927.8176,230.28946,1.0,944.66974,231.6272,1.0,978.4507,231.29294,1.0,994.9853,229.30624,1.0,1008.90356,229.7423,1.0,1018.8846,233.33322,1.0,1024.5339,239.02924,1.0,961.76685,255.92117,1.0,961.9151,269.38654,1.0,962.21295,277.98764,1.0,962.492,284.7831,1.0,950.5756,294.74402,1.0,954.64777,297.27838,1.0,962.2899,297.0937,1.0,969.50635,296.9002,1.0,973.17487,294.12253,1.0,913.7076,254.71196,1.0,920.6523,249.91797,1.0,932.14105,249.14597,1.0,943.0368,255.28969,1.0,933.278,257.42233,1.0,922.8234,258.04242,1.0,979.814,255.33167,1.0,991.505,249.1592,1.0,1002.61755,249.96262,1.0,1009.24396,254.59366,1.0,999.9136,257.781,1.0,989.3255,257.30222,1.0,940.0011,325.14444,1.0,947.31,313.8148,1.0,954.9128,310.6608,1.0,962.84393,311.2966,1.0,970.9979,310.47806,1.0,978.1893,313.8009,1.0,984.2101,326.1675,1.0,983.955,333.04575,1.0,972.0564,340.18405,1.0,962.02167,341.04013,1.0,952.4191,339.87143,1.0,941.1503,332.1349,1.0,943.86554,325.0375,1.0,957.02454,318.41055,1.0,962.5794,318.1718,1.0,968.27856,318.47684,1.0,980.7567,325.91492,1.0,968.9628,331.232,1.0,962.5327,331.4643,1.0,955.99396,330.75363,1.0,928.4609,252.99425,1.0,996.44086,252.95789,1.0,956.49225,283.69583,0.99620026,971.11487,437.54602,0.9987562,814.13995,437.93228,0.9987562,782.43536,681.6754,0.90463156,903.4188,483.65744,0.97956795,1128.0898,437.15976,0.9997869,1189.5803,677.65546,0.98106104,1142.581,816.50525,0.98057294,973.43805,936.104,0.98653746,875.6851,940.6345,0.98653746,877.71063,1242.9829,0.122981764,868.5554,1595.608,0.03384485,1071.1909,931.5735,0.99018544,1076.3488,1284.8607,0.09465339,1060.1409,1601.9354,0.019737983,924.68823,245.99219,0.9933539,993.30176,250.94539,0.9887,899.5802,259.75824,0.98409414,1023.6553,265.0053,0.9945372,1004.9232,1722.6711,0.013114515,1004.9232,1722.6711,0.013114515,1066.6675,1642.1815,0.014341447,902.695,1710.3876,0.01620864,902.695,1710.3876,0.01620864,862.5108,1648.6951,0.018672975,1140.7301,841.14606,1.0,1111.7015,826.3939,1.0,1084.9728,828.2824,1.0,1063.0765,836.20435,1.0,1046.5073,844.4794,1.0,1098.3878,860.71405,1.0,1061.9037,890.7585,1.0,1040.007,892.8703,1.0,1025.0396,890.9862,1.0,1110.0687,878.50854,1.0,1065.2522,904.9476,1.0,1041.2095,897.0422,1.0,1030.0122,884.36237,1.0,1113.8411,888.2192,1.0,1072.654,911.0515,1.0,1052.6653,902.5801,1.0,1043.3303,891.3968,1.0,1112.9575,890.5999,1.0,1081.0449,909.55396,1.0,1060.892,907.64685,1.0,1049.5303,901.5315,1.0,905.6256,466.92627,1.0,892.2116,427.9582,1.0,900.6761,396.58994,1.0,919.28845,379.6997,1.0,933.983,372.73068,1.0,915.45233,388.50827,1.0,932.57135,345.22678,1.0,938.9084,333.18185,1.0,941.60144,332.229,1.0,937.82263,399.03726,1.0,961.86414,356.21313,1.0,962.4805,346.60217,1.0,958.81415,347.50278,1.0,955.24133,411.68387,1.0,975.72534,374.57718,1.0,970.8512,365.6685,1.0,964.2754,365.91806,1.0,966.95905,425.62158,1.0,982.20667,396.25623,1.0,976.95703,390.00717,1.0,970.245,392.11115,1.0
888.1438,263.8451,1.0,890.5787,275.64224,1.0,892.1686,288.02658,1.0,897.94995,308.8135,1.0,904.10443,322.43332,1.0,913.81244,337.73398,1.0,922.0848,345.65134,1.0,939.2359,356.31302,1.0,964.2128,361.27774,1.0,989.98816,355.9818,1.0,1007.85004,344.16315,1.0,1016.55176,335.2416,1.0,1026.3159,318.1466,1.0,1035.0386,295.9428,1.0,1037.4822,282.05426,1.0,1038.5049,269.48343,1.0,1039.0815,257.8305,1.0,898.2442,246.01537,1.0,903.7322,239.58405,1.0,913.3497,235.46834,1.0,927.44836,234.34532,1.0,944.6725,235.79831,1.0,979.0391,235.41696,1.0,995.7202,233.08875,1.0,1009.8429,233.1463,1.0,1020.1406,236.44724,1.0,1025.826,242.05235,1.0,962.1191,260.4419,1.0,962.35126,274.28387,1.0,962.77185,283.13077,1.0,963.19543,290.08017,1.0,951.0118,300.42285,1.0,955.30304,302.99576,1.0,963.1286,302.76,1.0,970.478,302.4235,1.0,974.2899,299.527,1.0,913.2199,258.90738,1.0,920.2554,254.1688,1.0,931.8689,253.48901,1.0,943.08545,259.6983,1.0,933.1257,261.98004,1.0,922.5435,262.58496,1.0,980.323,259.5514,1.0,991.9438,253.22548,1.0,1003.02704,253.87874,1.0,1009.8524,258.34644,1.0,1000.536,261.74997,1.0,989.8499,261.4738,1.0,940.1744,331.42996,1.0,948.0759,320.08807,1.0,955.8076,316.88873,1.0,963.8073,317.48898,1.0,972.1405,316.52145,1.0,979.4223,319.7937,1.0,985.54,332.11697,1.0,985.5524,339.05933,1.0,973.621,346.3518,1.0,963.5062,347.28873,1.0,953.81085,346.1965,1.0,942.03345,338.4966,1.0,944.08716,331.3121,1.0,957.8443,324.6989,1.0,963.54565,324.42664,1.0,969.36664,324.61923,1.0,981.98376,331.87073,1.0,970.40314,337.13287,1.0,963.87604,337.48355,1.0,957.25024,336.8143,1.0,927.81305,257.39948,1.0,997.01196,257.01505,1.0,956.5116,284.9484,0.9958284,971.4501,436.84286,0.99863136,814.8437,437.35547,0.99863136,785.61176,680.89215,0.8929125,903.0288,475.37418,0.97776455,1128.0565,436.3303,0.9997791,1191.0782,676.6293,0.9714188,1129.7948,741.95605,0.9747499,973.5384,936.2911,0.98537064,875.68774,940.44885,0.98537064,878.0843,1236.9336,0.11175711,868.5818,1583.2118,0.030825365,1071.389,932.13336,0.989382,1078.4048,1279.4604,0.086718686,1058.6913,1594.8691,0.018250927,924.6621,248.90947,0.9929027,992.8791,251.12473,0.9881897,899.9813,262.1652,0.982814,1023.8196,264.98892,0.994346,1005.4295,1710.624,0.012199142,1005.4295,1710.624,0.012199142,1064.0165,1635.357,0.013526601,901.7758,1696.0148,0.014771642,901.7758,1696.0148,0.014771642,862.71405,1634.1089,0.017228836,1130.5059,756.87384,1.0,1112.2168,730.45483,1.0,1084.1034,718.3583,1.0,1057.6437,720.11444,1.0,1037.1597,722.4933,1.0,1092.7172,746.45886,1.0,1053.3339,757.3309,1.0,1032.4025,753.8351,1.0,1019.182,751.4165,1.0,1094.4935,768.5174,1.0,1044.8987,773.5207,1.0,1034.6686,764.02527,1.0,1037.1766,758.2502,1.0,1092.4319,783.3785,1.0,1046.275,785.42883,1.0,1038.7552,775.37244,1.0,1041.198,769.65375,1.0,1088.2096,792.1496,1.0,1051.6857,793.4261,1.0,1044.1207,786.91394,1.0,1044.9146,783.5261,1.0,901.6346,465.45773,1.0,885.3144,427.01724,1.0,890.6667,392.82224,1.0,909.4686,370.98145,1.0,924.9581,361.48767,1.0,904.7037,385.3281,1.0,917.09705,344.7672,1.0,924.75085,325.46133,1.0,932.5392,311.66602,1.0,928.83124,394.51215,1.0,949.28345,352.16846,1.0,939.16437,360.09158,1.0,930.51556,374.10107,1.0,948.7172,406.624,1.0,963.773,370.71606,1.0,953.4518,376.2602,1.0,946.53955,387.48615,1.0,963.01874,419.44595,1.0,977.448,388.05112,1.0,969.01666,389.81522,1.0,961.7866,398.9138,1.0
891.80743,267.57974,1.0,894.89325,279.77002,1.0,896.7492,292.4089,1.0,902.265,313.3602,1.0,907.8453,326.85226,1.0,916.45734,341.63452,1.0,923.9901,349.09494,1.0,940.1048,358.9159,1.0,964.6054,363.35376,1.0,990.8484,358.33716,1.0,1009.495,347.14102,1.0,1018.7466,338.60358,1.0,1029.2404,322.0427,1.0,1038.4419,300.02737,1.0,1040.924,286.00922,1.0,1041.8153,273.2464,1.0,1042.2695,261.23337,1.0,898.76044,248.50816,1.0,904.266,241.88959,1.0,913.9051,237.64749,1.0,927.92395,236.47215,1.0,944.91846,237.86087,1.0,979.3,237.42404,1.0,996.12244,235.13005,1.0,1010.4503,235.25699,1.0,1021.06256,238.62001,1.0,1027.2694,244.32135,1.0,962.24475,262.1505,1.0,962.21783,275.66086,1.0,962.408,284.32846,1.0,962.6989,291.20248,1.0,951.161,302.04263,1.0,955.4359,304.62527,1.0,963.3232,304.31378,1.0,970.89,304.00992,1.0,974.86633,301.11154,1.0,913.29456,261.10068,1.0,920.4284,256.30658,1.0,931.9834,255.65965,1.0,943.1518,261.68863,1.0,933.14526,264.02255,1.0,922.5638,264.5832,1.0,981.28644,261.44452,1.0,992.844,255.18857,1.0,1003.9791,255.81488,1.0,1011.06256,260.3273,1.0,1001.72644,263.5571,1.0,990.98083,263.29257,1.0,940.2446,332.95947,1.0,948.36273,321.9391,1.0,956.00385,318.80817,1.0,963.9779,319.4702,1.0,972.38684,318.4594,1.0,979.97864,321.60904,1.0,987.349,333.49124,1.0,986.45166,339.97876,1.0,973.9788,346.77856,1.0,963.7495,347.67145,1.0,954.175,346.64478,1.0,942.4974,339.50705,1.0,944.15295,332.78842,1.0,957.92706,326.49448,1.0,963.71454,326.21756,1.0,969.814,326.38928,1.0,983.7802,333.23535,1.0,970.9161,337.78766,1.0,964.1291,338.09033,1.0,957.43976,337.48883,1.0,927.7604,259.41537,1.0,997.91406,258.80786,1.0,956.36224,291.67264,0.99555784,970.7327,436.69,0.9985671,813.7997,437.06677,0.9985671,788.93884,679.1634,0.8829639,902.39386,468.70755,0.9720385,1127.6658,436.31326,0.99977666,1192.4727,677.08167,0.96392024,1111.0933,667.1125,0.96894574,973.5495,936.34766,0.98443735,875.37006,940.2371,0.98443735,877.9455,1234.4421,0.10140019,868.4222,1581.9518,0.027934005,1071.7289,932.4582,0.9886279,1080.3788,1274.5602,0.079261534,1056.1721,1594.677,0.016643258,923.7391,257.40915,0.9925306,993.0543,258.25006,0.98790354,899.98987,266.40393,0.9814005,1023.9623,270.98398,0.9942264,1005.122,1706.4147,0.011142159,1005.122,1706.4147,0.011142159,1008.5385,1636.8744,0.0124651585,898.6732,1690.9637,0.013389952,898.6732,1690.9637,0.013389952,862.7473,1631.938,0.015741918,1120.2815,672.60156,1.0,1112.7322,634.51575,1.0,1083.2341,608.4342,1.0,1052.2107,604.0245,1.0,1027.812,600.5072,1.0,1087.0466,632.2037,1.0,1044.7642,623.90326,1.0,1024.7981,614.79987,1.0,1013.3245,611.8468,1.0,1078.9182,658.52625,1.0,1024.545,642.0938,1.0,1028.1276,631.0083,1.0,1044.3411,632.138,1.0,1071.0226,678.5377,1.0,1019.896,659.8061,1.0,1024.8451,648.16486,1.0,1039.0658,647.9107,1.0,1063.4617,693.6993,1.0,1022.3265,677.29816,1.0,1027.3496,666.1811,1.0,1040.2987,665.52075,1.0,897.8676,454.46255,1.0,880.7416,416.79343,1.0,885.9735,381.52426,1.0,905.3459,359.92725,1.0,923.2093,354.36612,1.0,897.43604,372.33752,1.0,910.1647,331.2677,1.0,917.2424,309.70044,1.0,923.60547,292.80267,1.0,921.80035,381.91867,1.0,939.77246,343.4587,1.0,931.18353,351.9969,1.0,922.6658,365.0583,1.0,942.0735,394.4371,1.0,952.8863,362.04968,1.0,944.87274,368.06012,1.0,938.37006,378.65445,1.0,957.59863,406.94293,1.0,966.98193,377.0212,1.0,959.40607,381.65912,1.0,953.568,391.8428,1.0
895.47107,271.31442,1.0,899.2078,283.8978,1.0,901.32983,296.79123,1.0,906.58,317.90686,1.0,911.58606,331.2712,1.0,919.1023,345.5351,1.0,925.8954,352.53854,1.0,940.97375,361.51877,1.0,964.99805,365.4298,1.0,991.70856,360.69247,1.0,1011.14,350.11893,1.0,1020.9414,341.96555,1.0,1032.1647,325.93878,1.0,1041.8453,304.1119,1.0,1044.3656,289.96417,1.0,1045.1257,277.00937,1.0,1045.4575,264.6362,1.0,899.2766,251.00098,1.0,904.79974,244.19511,1.0,914.46045,239.82666,1.0,928.3996,238.59898,1.0,945.1644,239.92343,1.0,979.5609,239.4311,1.0,996.52466,237.17136,1.0,1011.05774,237.36766,1.0,1021.98456,240.79279,1.0,1028.7128,246.59036,1.0,962.37036,263.85916,1.0,962.08435,277.03784,1.0,962.0442,285.52618,1.0,962.20233,292.32483,1.0,951.31024,303.6624,1.0,955.5688,306.25476,1.0,963.5177,305.86755,1.0,971.302,305.59637,1.0,975.44275,302.6961,1.0,913.3692,263.29398,1.0,920.60144,258.4444,1.0,932.0979,257.8303,1.0,943.2182,263.679,1.0,933.16486,266.0651,1.0,922.58405,266.58142,1.0,982.24994,263.33768,1.0,993.7442,257.15167,1.0,1004.9312,257.75104,1.0,1012.2727,262.3082,1.0,1002.9169,265.36426,1.0,992.11176,265.1114,1.0,940.3149,334.48898,1.0,948.64954,323.7901,1.0,956.2,320.7276,1.0,964.14844,321.45142,1.0,972.6332,320.39737,1.0,980.535,323.42435,1.0,989.15796,334.8655,1.0,987.3509,340.89822,1.0,974.3367,347.20535,1.0,963.99274,348.05417,1.0,954.5391,347.09302,1.0,942.96136,340.51746,1.0,944.2188,334.26474,1.0,958.00977,328.29004,1.0,963.8834,328.00845,1.0,970.2614,328.15936,1.0,985.57666,334.59998,1.0,971.42896,338.4424,1.0,964.3822,338.69714,1.0,957.6293,338.16333,1.0,927.70764,261.43127,1.0,998.8161,260.60068,1.0,955.46844,299.92566,0.99505717,970.73627,434.91653,0.99855494,813.7969,435.12442,0.99855494,793.1667,676.71783,0.8648592,901.7706,456.5383,0.96743834,1127.6757,434.70865,0.9997657,1192.7299,677.1264,0.96017194,1102.9293,595.1689,0.966799,973.00214,935.42865,0.9844921,874.2698,939.13074,0.9844921,879.27203,1235.6112,0.0934634,867.5605,1585.2516,0.025617978,1071.7345,931.7266,0.98845804,1081.7466,1274.036,0.07352602,1052.1029,1593.9103,0.015324573,923.5801,266.1254,0.9919805,992.97845,266.6252,0.98716754,900.3919,271.5134,0.97992045,1023.98755,276.57526,0.9938101,1005.09375,1707.3081,0.0103260465,1005.09375,1707.3081,0.0103260465,988.9589,1643.4644,0.011641801,894.9365,1691.3417,0.012291566,894.9365,1691.3417,0.012291566,861.9441,1635.559,0.014595852,1108.6547,595.36444,1.0,1106.3835,556.1482,1.0,1081.3214,526.0016,1.0,1050.3564,515.03,1.0,1026.8655,510.40714,1.0,1087.4052,536.7637,1.0,1050.7295,517.26385,1.0,1031.4338,503.22678,1.0,1019.2332,494.6497,1.0,1075.974,559.3994,1.0,1026.2329,535.7581,1.0,1029.0474,534.50464,1.0,1043.5226,540.0752,1.0,1064.7985,579.732,1.0,1018.82983,556.3516,1.0,1024.8029,554.66656,1.0,1038.6172,558.5823,1.0,1053.9541,597.83344,1.0,1018.2544,576.83923,1.0,1024.344,574.2818,1.0,1037.1698,577.7248,1.0,896.12537,440.2018,1.0,878.9182,403.64194,1.0,884.67737,368.02487,1.0,905.4974,343.4552,1.0,924.4615,334.0413,1.0,894.098,359.39688,1.0,906.9988,317.404,1.0,913.80646,294.28705,1.0,919.7583,275.85376,1.0,918.1296,368.34067,1.0,937.7703,331.90305,1.0,929.92365,341.60077,1.0,920.9267,354.9039,1.0,938.6286,380.1299,1.0,950.22253,351.1271,1.0,941.9619,358.56464,1.0,934.8345,369.34302,1.0,954.7977,392.5949,1.0,963.8356,364.2663,1.0,956.2351,369.85727,1.0,950.5747,380.03964,1.0
899.1347,275.0491,1.0,903.52246,288.02554,1.0,905.9104,301.17355,1.0,910.8951,322.45352,1.0,915.32684,335.69016,1.0,921.7472,349.43564,1.0,927.8007,355.98215,1.0,941.8427,364.12164,1.0,965.3906,367.50583,1.0,992.5688,363.04782,1.0,1012.78503,353.0968,1.0,1023.1362,345.3275,1.0,1035.0891,329.83487,1.0,1045.2487,308.19644,1.0,1047.8074,293.91916,1.0,1048.4362,280.77234,1.0,1048.6455,268.03903,1.0,899.7928,253.49377,1.0,905.33356,246.50066,1.0,915.01587,242.00581,1.0,928.8752,240.72581,1.0,945.4104,241.986,1.0,979.82184,241.43817,1.0,996.9269,239.21266,1.0,1011.6652,239.47833,1.0,1022.9065,242.96556,1.0,1030.1561,248.85936,1.0,962.49603,265.5678,1.0,961.95087,278.41486,1.0,961.68036,286.72388,1.0,961.7058,293.44714,1.0,951.45953,305.28217,1.0,955.7016,307.88425,1.0,963.7123,307.4213,1.0,971.71405,307.1828,1.0,976.0192,304.28067,1.0,913.44385,265.48727,1.0,920.7745,260.5822,1.0,932.21246,260.00092,1.0,943.2846,265.6693,1.0,933.18445,268.10764,1.0,922.6043,268.57965,1.0,983.2134,265.2308,1.0,994.6444,259.11475,1.0,1005.8833,259.6872,1.0,1013.48285,264.28906,1.0,1004.1073,267.1714,1.0,993.2427,266.93018,1.0,940.38513,336.0185,1.0,948.9363,325.6411,1.0,956.39624,322.64703,1.0,964.319,323.43262,1.0,972.8795,322.33533,1.0,981.0913,325.2397,1.0,990.9669,336.23978,1.0,988.2502,341.81766,1.0,974.6945,347.63214,1.0,964.236,348.4369,1.0,954.90326,347.5413,1.0,943.4253,341.5279,1.0,944.2846,335.74106,1.0,958.09247,330.0856,1.0,964.0523,329.79938,1.0,970.7088,329.92944,1.0,987.3731,335.9646,1.0,971.94183,339.09717,1.0,964.63525,339.30392,1.0,957.8188,338.83783,1.0,927.6549,263.44717,1.0,999.7182,262.3935,1.0,956.0542,303.53183,0.99500024,970.78467,433.04962,0.99861044,814.03455,433.29044,0.99861044,794.59515,667.30615,0.8401707,901.4496,445.62692,0.9645295,1127.5348,432.8088,0.9997569,1191.8705,677.00055,0.95289475,1096.3546,532.8755,0.96245074,972.8374,930.85315,0.98477066,873.89575,932.6506,0.98477066,879.25037,1236.8585,0.08641919,867.5529,1582.2574,0.023566162,1071.779,929.0558,0.9883202,1081.941,1273.2886,0.068389304,1051.782,1589.6172,0.014176055,925.10956,268.6328,0.9921361,994.0134,270.56134,0.9872314,901.39233,272.89505,0.9804384,1024.0023,280.4433,0.9937414,1005.7391,1704.7821,0.009695733,1005.7391,1704.7821,0.009695733,1009.00476,1632.2357,0.010979736,895.76495,1686.7646,0.01134801,895.76495,1686.7646,0.01134801,861.9693,1631.5034,0.013595436,1097.0278,518.12726,1.0,1100.0349,477.78067,1.0,1079.4087,443.56903,1.0,1048.5022,426.03552,1.0,1025.919,420.30707,1.0,1087.7637,441.32364,1.0,1056.6948,410.62442,1.0,1038.0696,391.65375,1.0,1025.1418,377.45258,1.0,1073.0299,460.27258,1.0,1027.9207,429.42242,1.0,1029.9673,438.001,1.0,1042.7041,448.0124,1.0,1058.5742,480.92627,1.0,1017.76373,452.8972,1.0,1024.7605,461.16827,1.0,1038.1687,469.25388,1.0,1044.4465,501.96765,1.0,1014.18225,476.38028,1.0,1021.33826,482.38254,1.0,1034.0409,489.9288,1.0,895.7303,424.80954,1.0,879.61224,389.08102,1.0,886.1585,354.9467,1.0,904.7323,330.99347,1.0,923.4782,321.85995,1.0,893.0374,344.32993,1.0,906.08044,302.52454,1.0,913.9715,279.02194,1.0,921.19446,260.61307,1.0,916.53094,353.5545,1.0,939.0279,317.33347,1.0,932.9992,327.21808,1.0,923.8926,340.1273,1.0,937.5857,365.78247,1.0,952.1281,336.6942,1.0,945.15015,344.32788,1.0,938.1995,354.71237,1.0,954.30927,378.6235,1.0,965.3939,350.75928,1.0,958.09375,356.39847,1.0,952.2327,366.19217,1.0
902.79834,278.78378,1.0,907.83704,292.15332,1.0,910.491,305.55588,1.0,915.21014,327.00018,1.0,919.0677,340.1091,1.0,924.3921,353.3362,1.0,929.70605,359.42578,1.0,942.7116,366.72452,1.0,965.7832,369.58188,1.0,993.42896,365.40314,1.0,1014.43005,356.07468,1.0,1025.331,348.6895,1.0,1038.0135,333.73093,1.0,1048.6521,312.281,1.0,1051.249,297.8741,1.0,1051.7466,284.5353,1.0,1051.8335,271.44186,1.0,900.30896,255.98659,1.0,905.8674,248.80618,1.0,915.5713,244.18498,1.0,929.3508,242.85265,1.0,945.6564,244.04855,1.0,980.08276,243.44524,1.0,997.32916,241.25397,1.0,1012.27264,241.58902,1.0,1023.8284,245.13834,1.0,1031.5995,251.12837,1.0,962.62164,267.27643,1.0,961.81744,279.79184,1.0,961.3166,287.9216,1.0,961.2092,294.56946,1.0,951.60876,306.90195,1.0,955.8345,309.51373,1.0,963.9068,308.97507,1.0,972.12604,308.76926,1.0,976.59564,305.8652,1.0,913.51843,267.68057,1.0,920.94745,262.72,1.0,932.32697,262.17157,1.0,943.35095,267.65967,1.0,933.20404,270.15018,1.0,922.6246,270.57788,1.0,984.1768,267.12396,1.0,995.5446,261.07785,1.0,1006.8353,261.62332,1.0,1014.693,266.26996,1.0,1005.2978,268.97852,1.0,994.3736,268.749,1.0,940.4554,337.54797,1.0,949.2231,327.49213,1.0,956.59247,324.56647,1.0,964.4895,325.41382,1.0,973.12585,324.2733,1.0,981.64764,327.055,1.0,992.77594,337.61404,1.0,989.1494,342.73712,1.0,975.05237,348.05893,1.0,964.47925,348.8196,1.0,955.2674,347.98956,1.0,943.8893,342.53833,1.0,944.3504,337.21738,1.0,958.17523,331.88113,1.0,964.2212,331.5903,1.0,971.1562,331.69952,1.0,989.16956,337.32922,1.0,972.4547,339.75195,1.0,964.8883,339.9107,1.0,958.0083,339.51236,1.0,927.6022,265.46304,1.0,1000.62024,264.1863,1.0,961.98615,306.90933,0.99422795,971.00006,426.33054,0.99863243,816.0431,428.78842,0.99863243,797.29254,654.7071,0.8052626,901.12,430.66183,0.9573702,1125.9569,423.87265,0.99974227,1187.6996,664.9232,0.9422757,1095.3169,473.64932,0.9578466,973.33624,918.64233,0.9849865,874.36334,918.2661,0.9849865,882.8107,1234.9967,0.07983792,867.73773,1574.0292,0.021651201,1072.3091,919.0185,0.9882011,1081.9835,1265.6584,0.06286757,1051.355,1578.8027,0.0129971905,931.75665,272.1872,0.9913919,995.4586,274.76205,0.98568076,904.21844,276.4261,0.97898453,1023.673,281.1864,0.99275196,1005.9296,1695.155,0.00898425,1005.9296,1695.155,0.00898425,998.64935,1626.6414,0.0101892995,897.3983,1673.7682,0.010472307,897.3983,1673.7682,0.010472307,861.984,1621.5913,0.012612433,1107.9108,482.29367,1.0,1104.1232,436.9095,1.0,1087.1694,403.87857,1.0,1066.1324,386.35333,1.0,1046.6886,377.9798,1.0,1084.3938,395.21942,1.0,1064.9995,368.65085,1.0,1052.3008,351.49258,1.0,1042.5479,339.73923,1.0,1068.9103,406.00638,1.0,1034.1285,381.13214,1.0,1031.6066,379.40817,1.0,1037.3818,381.61487,1.0,1054.1631,420.8914,1.0,1020.09796,398.73608,1.0,1025.7574,401.9968,1.0,1037.3054,407.90262,1.0,1042.0215,438.36728,1.0,1014.74133,419.17715,1.0,1021.9573,421.5119,1.0,1034.0668,427.59995,1.0,896.52924,412.51343,1.0,881.7015,375.6967,1.0,889.8067,343.00125,1.0,909.4877,322.35754,1.0,929.33484,316.50897,1.0,893.4883,329.65753,1.0,907.4592,288.92673,1.0,916.14026,265.4474,1.0,923.4959,247.32845,1.0,916.4183,338.6705,1.0,940.16766,306.017,1.0,936.11865,316.4947,1.0,927.7762,329.7617,1.0,937.62,351.52188,1.0,952.9569,325.79,1.0,947.0912,333.82535,1.0,940.4488,344.0846,1.0,954.9447,365.22006,1.0,967.4389,339.65253,1.0,960.4758,345.9059,1.0,954.323,355.67627,1.0
906.462,282.51846,1.0,912.1516,296.2811,1.0,915.0716,309.93817,1.0,919.5252,331.54684,1.0,922.8085,344.52805,1.0,927.037,357.23676,1.0,931.6114,362.8694,1.0,943.58057,369.3274,1.0,966.1758,371.6579,1.0,994.2892,367.75848,1.0,1016.0751,359.05258,1.0,1027.5259,352.05148,1.0,1040.938,337.627,1.0,1052.0554,316.36554,1.0,1054.6907,301.82907,1.0,1055.0569,288.29828,1.0,1055.0215,274.8447,1.0,900.82513,258.4794,1.0,906.4012,251.11172,1.0,916.12665,246.36414,1.0,929.8264,244.97948,1.0,945.90234,246.11111,1.0,980.3437,245.4523,1.0,997.7314,243.29527,1.0,1012.88007,243.69969,1.0,1024.7504,247.31111,1.0,1033.0428,253.39738,1.0,962.7473,268.98508,1.0,961.68396,281.16882,1.0,960.95276,289.11932,1.0,960.71265,295.69177,1.0,951.758,308.52173,1.0,955.96735,311.14322,1.0,964.1014,310.52884,1.0,972.5381,310.35568,1.0,977.1721,307.44977,1.0,913.5931,269.87387,1.0,921.1205,264.85782,1.0,932.4415,264.3422,1.0,943.41736,269.65,1.0,933.22363,272.19272,1.0,922.64484,272.5761,1.0,985.14026,269.0171,1.0,996.4448,263.04092,1.0,1007.7874,263.55948,1.0,1015.90314,268.25082,1.0,1006.4882,270.78564,1.0,995.5045,270.56778,1.0,940.52563,339.07748,1.0,949.5099,329.34314,1.0,956.7887,326.4859,1.0,964.6601,327.39502,1.0,973.3722,326.21124,1.0,982.204,328.87033,1.0,994.5849,338.98834,1.0,990.04865,343.65656,1.0,975.4102,348.4857,1.0,964.72253,349.20233,1.0,955.63153,348.4378,1.0,944.3532,343.54877,1.0,944.41626,338.6937,1.0,958.25793,333.6767,1.0,964.3901,333.38123,1.0,971.6036,333.4696,1.0,990.966,338.69385,1.0,972.9676,340.4067,1.0,965.14136,340.51752,1.0,958.1978,340.18686,1.0,927.5495,267.47894,1.0,1001.52234,265.97913,1.0,968.0415,306.70792,0.99414617,972.49554,422.64145,0.9986137,820.88983,426.43796,0.9986137,800.13055,643.8893,0.7779029,900.54407,411.30905,0.9530623,1124.1012,418.84497,0.9996987,1182.6267,644.4895,0.9319029,1092.8685,428.98087,0.9532114,974.06647,915.4294,0.98543894,875.28204,915.31305,0.98543894,886.2575,1232.6499,0.07327683,873.1656,1561.1047,0.01991755,1072.8508,915.54565,0.98826516,1081.9196,1262.3755,0.05807652,1052.9824,1571.001,0.012013507,937.8695,271.4901,0.9915322,998.40283,273.9192,0.98546606,909.68304,278.36514,0.9795495,1023.7033,279.97366,0.9924519,1014.9424,1685.9779,0.008446586,1014.9424,1685.9779,0.008446586,998.38007,1624.324,0.009593529,907.274,1657.8494,0.009683167,907.274,1657.8494,0.009683167,867.7566,1609.0756,0.011755049,1110.2935,446.0126,1.0,1103.1744,400.27557,1.0,1084.6271,369.13345,1.0,1064.1824,355.40067,1.0,1045.7732,351.3387,1.0,1081.3706,351.97397,1.0,1061.8682,324.70386,1.0,1049.373,307.10416,1.0,1039.5762,294.73624,1.0,1066.8644,361.20343,1.0,1029.9258,339.13867,1.0,1027.9655,342.26666,1.0,1034.4065,346.1696,1.0,1053.8013,375.94235,1.0,1018.3777,357.11652,1.0,1022.0254,363.58655,1.0,1031.6307,368.6542,1.0,1043.0963,394.04858,1.0,1013.93933,379.99246,1.0,1019.6934,384.5216,1.0,1030.7812,389.6016,1.0,895.984,399.85855,1.0,883.60004,362.94977,1.0,891.9476,331.1519,1.0,910.9111,311.15347,1.0,930.2479,307.20905,1.0,894.8512,317.1023,1.0,909.3342,277.6592,1.0,919.1907,255.0178,1.0,926.95447,237.04173,1.0,917.0578,326.20734,1.0,943.54126,296.28604,1.0,940.81836,308.33667,1.0,931.7864,320.75024,1.0,938.2,339.82855,1.0,956.1577,318.57336,1.0,952.04285,327.6404,1.0,944.6022,336.7373,1.0,954.9265,354.38885,1.0,968.6927,333.49713,1.0,963.7873,341.29425,1.0,958.07336,350.00497,1.0
910.1256,286.25314,1.0,916.4662,300.40884,1.0,919.6522,314.3205,1.0,923.8402,336.0935,1.0,926.5493,348.947,1.0,929.6819,361.13733,1.0,933.51666,366.313,1.0,944.44946,371.93027,1.0,966.56836,373.73395,1.0,995.14935,370.1138,1.0,1017.72003,362.03046,1.0,1029.7207,355.41345,1.0,1043.8623,341.5231,1.0,1055.4589,320.4501,1.0,1058.1324,305.78403,1.0,1058.3673,292.06128,1.0,1058.2095,278.24756,1.0,901.3414,260.9722,1.0,906.935,253.41727,1.0,916.68207,248.5433,1.0,930.30206,247.10631,1.0,946.1483,248.17368,1.0,980.6046,247.45937,1.0,998.1336,245.33658,1.0,1013.48755,245.81038,1.0,1025.6724,249.48387,1.0,1034.4863,255.66638,1.0,962.8729,270.69373,1.0,961.5505,282.54584,1.0,960.5889,290.31702,1.0,960.2161,296.8141,1.0,951.9072,310.14148,1.0,956.1002,312.77274,1.0,964.2959,312.0826,1.0,972.9501,311.94214,1.0,977.74854,309.0343,1.0,913.6677,272.06714,1.0,921.2935,266.9956,1.0,932.556,266.51285,1.0,943.4837,271.64035,1.0,933.2432,274.23523,1.0,922.6651,274.57434,1.0,986.1037,270.91025,1.0,997.34503,265.00403,1.0,1008.7395,265.49564,1.0,1017.11334,270.23172,1.0,1007.67865,272.5928,1.0,996.63544,272.38657,1.0,940.5959,340.607,1.0,949.79663,331.19415,1.0,956.9849,328.40536,1.0,964.8306,329.37622,1.0,973.6185,328.1492,1.0,982.7603,330.68564,1.0,996.3939,340.3626,1.0,990.9479,344.576,1.0,975.76807,348.91248,1.0,964.96576,349.58505,1.0,955.99567,348.88608,1.0,944.8172,344.55917,1.0,944.48206,340.17,1.0,958.34064,335.47226,1.0,964.55896,335.17215,1.0,972.05096,335.2397,1.0,992.76245,340.0585,1.0,973.4805,341.0615,1.0,965.3945,341.1243,1.0,958.38727,340.8614,1.0,927.49677,269.49484,1.0,1002.4244,267.77194,1.0,978.97107,306.38766,0.9941074,971.4828,419.8947,0.99860686,821.26337,426.0755,0.99860686,802.4607,638.79065,0.74635386,900.1664,401.10495,0.9512075,1121.7021,413.71393,0.9996449,1177.9645,623.46844,0.91169345,1084.5173,393.75845,0.942408,974.7533,916.24316,0.98546135,875.3087,916.33105,0.98546135,886.50085,1233.3883,0.06666406,874.1431,1558.5483,0.01816176,1074.1979,916.1553,0.98787826,1080.8411,1263.2997,0.053084493,1052.6978,1572.1862,0.011010934,948.30505,271.4688,0.99172765,1006.02563,273.57184,0.98522794,913.4847,279.08438,0.98029757,1025.4712,279.72263,0.9921332,1015.8928,1687.9745,0.007870272,1015.8928,1687.9745,0.007870272,1024.3682,1617.2991,0.00893112,913.2381,1655.6428,0.008875259,913.2381,1655.6428,0.008875259,868.295,1606.0669,0.010842712,1104.782,417.62915,1.0,1095.7957,371.35193,1.0,1075.1946,337.859,1.0,1051.436,324.87238,1.0,1030.3394,324.42032,1.0,1074.2614,319.05063,1.0,1053.0026,288.1326,1.0,1039.7031,267.18033,1.0,1029.1952,250.35284,1.0,1062.9081,329.13354,1.0,1022.92395,309.41342,1.0,1025.217,322.67664,1.0,1036.5627,329.9007,1.0,1051.5237,344.44843,1.0,1014.40564,330.12033,1.0,1019.42334,342.8878,1.0,1030.478,347.94403,1.0,1041.3014,363.13733,1.0,1012.80865,353.0084,1.0,1019.4666,361.57605,1.0,1030.5825,366.26956,1.0,893.5333,392.8821,1.0,882.67413,354.74252,1.0,893.2759,323.6747,1.0,913.3532,305.66397,1.0,932.65356,301.63675,1.0,894.6755,309.23688,1.0,909.86304,271.0101,1.0,920.36255,248.38763,1.0,928.7068,230.82584,1.0,914.6669,318.48914,1.0,944.87714,290.16382,1.0,942.1993,301.7031,1.0,932.22235,313.68,1.0,934.355,333.21042,1.0,956.1906,312.258,1.0,952.0571,321.7621,1.0,944.2193,330.69562,1.0,950.68964,349.07938,1.0,967.55743,328.0379,1.0,962.8126,336.24127,1.0,956.6743,344.88885,1.0
913.78925,289.9878,1.0,920.7808,304.53662,1.0,924.23285,318.70282,1.0,928.1553,340.64017,1.0,930.2901,353.36594,1.0,932.3268,365.03787,1.0,935.422,369.7566,1.0,945.3184,374.53317,1.0,966.96094,375.80997,1.0,996.0096,372.46915,1.0,1019.36505,365.00833,1.0,1031.9155,358.77542,1.0,1046.7867,345.4192,1.0,1058.8622,324.53464,1.0,1061.5741,309.739,1.0,1061.6777,295.82425,1.0,1061.3975,281.6504,1.0,901.85754,263.465,1.0,907.46875,255.7228,1.0,917.2374,250.72246,1.0,930.77765,249.23314,1.0,946.3943,250.23624,1.0,980.8655,249.46643,1.0,998.5359,247.37788,1.0,1014.095,247.92105,1.0,1026.5942,251.65665,1.0,1035.9297,257.9354,1.0,962.9986,272.40234,1.0,961.41705,283.92282,1.0,960.2251,291.51474,1.0,959.71954,297.93643,1.0,952.0565,311.76126,1.0,956.23303,314.40222,1.0,964.4905,313.63638,1.0,973.36206,313.52856,1.0,978.32495,310.61887,1.0,913.7424,274.26044,1.0,921.46655,269.13342,1.0,932.67053,268.68347,1.0,943.5501,273.6307,1.0,933.2628,276.27777,1.0,922.68536,276.5726,1.0,987.06714,272.80338,1.0,998.24524,266.9671,1.0,1009.6916,267.4318,1.0,1018.3235,272.2126,1.0,1008.8691,274.39993,1.0,997.76636,274.20538,1.0,940.66614,342.1365,1.0,950.08344,333.04517,1.0,957.18115,330.3248,1.0,965.00116,331.35742,1.0,973.86487,330.08716,1.0,983.31665,332.50098,1.0,998.2029,341.73688,1.0,991.8471,345.49545,1.0,976.1259,349.33926,1.0,965.20905,349.96777,1.0,956.35974,349.33435,1.0,945.2811,345.5696,1.0,944.5479,341.64633,1.0,958.4234,337.26782,1.0,964.72784,336.96307,1.0,972.49835,337.00977,1.0,994.5589,341.42313,1.0,973.9934,341.71625,1.0,965.6475,341.73108,1.0,958.5768,341.5359,1.0,927.44403,271.51074,1.0,1003.3265,269.56476,1.0,979.8197,306.04617,0.9942498,972.05554,418.25198,0.9986212,824.00757,424.92316,0.9986212,802.1954,631.44403,0.7248394,899.85297,392.37564,0.9509214,1120.1035,411.5808,0.9995951,1175.5859,607.55536,0.8992846,1078.1759,376.22824,0.9351387,974.984,916.4213,0.98593307,875.2836,916.5189,0.98593307,889.05853,1233.6455,0.061240822,880.38635,1559.9075,0.016757376,1074.6843,916.3237,0.987966,1079.877,1263.7253,0.049277518,1053.2671,1572.7694,0.010262274,947.9621,272.85443,0.99210453,1007.54254,273.4683,0.9855044,914.819,281.73337,0.9813446,1027.1544,279.5573,0.99210423,1019.82263,1688.1095,0.007530083,1019.82263,1688.1095,0.007530083,1011.59875,1618.2415,0.008509845,918.4456,1657.5999,0.008260292,918.4456,1657.5999,0.008260292,876.0554,1608.6432,0.01017669,1091.7086,394.17233,1.0,1086.4019,354.25272,1.0,1070.1465,323.64108,1.0,1049.7517,308.8009,1.0,1030.427,305.33447,1.0,1067.5972,300.4009,1.0,1044.705,267.80875,1.0,1030.2566,249.20766,1.0,1019.98914,232.49612,1.0,1059.4517,310.3437,1.0,1013.30334,292.2826,1.0,1013.034,309.29614,1.0,1024.3573,317.98434,1.0,1050.2694,326.55627,1.0,1007.14417,314.96814,1.0,1010.57007,328.91446,1.0,1023.13556,333.73257,1.0,1041.5385,344.964,1.0,1007.8649,337.45,1.0,1011.3341,346.46536,1.0,1022.3762,350.98148,1.0,890.5716,388.694,1.0,880.97687,351.174,1.0,891.39166,320.20102,1.0,911.57074,303.1336,1.0,931.01746,299.62912,1.0,894.0201,305.20694,1.0,910.4375,267.1353,1.0,921.5026,244.68497,1.0,929.40485,227.07945,1.0,912.644,314.1092,1.0,944.5942,287.08582,1.0,942.81323,298.65112,1.0,932.0819,310.3903,1.0,931.3387,328.40024,1.0,956.6405,309.49008,1.0,952.533,319.32498,1.0,943.1796,328.00034,1.0,946.6173,344.2491,1.0,966.3136,326.40677,1.0,961.3331,334.8597,1.0,953.5385,342.7837,1.0
917.45294,293.72247,1.0,925.0954,308.66437,1.0,928.8134,323.08514,1.0,932.47034,345.18683,1.0,934.03094,357.78488,1.0,934.9717,368.93845,1.0,937.32733,373.2002,1.0,946.1874,377.13605,1.0,967.3535,377.88602,1.0,996.86975,374.82446,1.0,1021.0101,367.98624,1.0,1034.1104,362.13742,1.0,1049.7112,349.31528,1.0,1062.2656,328.61917,1.0,1065.0159,313.69397,1.0,1064.9882,299.58722,1.0,1064.5854,285.05322,1.0,902.3737,265.95782,1.0,908.00256,258.02832,1.0,917.79285,252.90163,1.0,931.2533,251.35997,1.0,946.64026,252.2988,1.0,981.1264,251.4735,1.0,998.9381,249.41919,1.0,1014.70245,250.03174,1.0,1027.5162,253.82942,1.0,1037.373,260.2044,1.0,963.1242,274.111,1.0,961.28357,285.29984,1.0,959.86127,292.71243,1.0,959.223,299.05875,1.0,952.20575,313.38104,1.0,956.3659,316.0317,1.0,964.685,315.19016,1.0,973.7741,315.11502,1.0,978.9014,312.2034,1.0,913.817,276.45374,1.0,921.6396,271.2712,1.0,932.7851,270.8541,1.0,943.61646,275.62103,1.0,933.2824,278.3203,1.0,922.7057,278.57083,1.0,988.0306,274.6965,1.0,999.14545,268.9302,1.0,1010.6437,269.36792,1.0,1019.5336,274.19348,1.0,1010.0595,276.20706,1.0,998.8973,276.02417,1.0,940.7364,343.666,1.0,950.37024,334.89618,1.0,957.3773,332.24423,1.0,965.17175,333.33865,1.0,974.1112,332.0251,1.0,983.873,334.3163,1.0,1000.01184,343.11115,1.0,992.7464,346.4149,1.0,976.48376,349.76605,1.0,965.45233,350.35052,1.0,956.7239,349.7826,1.0,945.7451,346.58005,1.0,944.6137,343.12265,1.0,958.5061,339.0634,1.0,964.8967,338.754,1.0,972.94574,338.77985,1.0,996.35535,342.78775,1.0,974.5063,342.371,1.0,965.9006,342.3379,1.0,958.7663,342.2104,1.0,927.39136,273.52664,1.0,1004.2285,271.35757,1.0,980.58405,305.79544,0.99420553,971.6693,417.95654,0.998593,825.35986,424.3646,0.998593,801.83386,627.31586,0.69615585,898.6263,391.78323,0.9466097,1117.9788,411.5485,0.999552,1174.1978,599.71436,0.8879528,1075.6157,372.28812,0.92801,975.32587,916.10864,0.9860966,875.43207,916.097,0.9860966,890.8068,1232.2996,0.05581792,881.197,1559.4764,0.015308586,1075.2197,916.12024,0.98786736,1078.2947,1261.7759,0.04517813,1053.0345,1572.1609,0.00942872,948.1398,272.9027,0.99220103,1007.74243,273.28433,0.98524284,915.32007,282.37433,0.9817259,1027.162,279.39743,0.9917694,1020.17615,1686.3337,0.0070341616,1020.17615,1686.3337,0.0070341616,1003.8999,1619.7241,0.0079346225,919.8228,1656.5781,0.007591574,919.8228,1656.5781,0.007591574,876.4515,1608.2887,0.009398694,1089.3213,381.91577,1.0,1082.2274,347.18994,1.0,1066.4819,317.178,1.0,1045.9104,302.58124,1.0,1026.4509,299.59653,1.0,1063.8691,293.37958,1.0,1041.2985,262.06174,1.0,1028.5537,242.91531,1.0,1019.4111,225.92418,1.0,1058.8303,302.7317,1.0,1012.0269,288.06985,1.0,1012.0698,304.95755,1.0,1023.18353,313.02057,1.0,1051.6276,318.68192,1.0,1006.9093,309.90918,1.0,1010.5362,324.814,1.0,1022.9939,328.70602,1.0,1044.2214,336.57288,1.0,1008.84076,329.52832,1.0,1012.66797,339.82452,1.0,1023.88116,344.0467,1.0,886.66864,387.57376,1.0,878.86554,350.20065,1.0,890.49744,319.18787,1.0,911.7475,303.2475,1.0,932.46783,301.09824,1.0,892.5567,303.86514,1.0,910.7991,265.09485,1.0,922.63617,243.07674,1.0,930.99097,225.52457,1.0,909.3632,313.2762,1.0,944.3394,288.87747,1.0,941.55835,302.3454,1.0,929.4208,313.5606,1.0,926.9452,327.90363,1.0,954.3136,310.321,1.0,949.2057,321.59235,1.0,939.0762,329.9255,1.0,941.555,344.1258,1.0,963.19965,326.16913,1.0,957.67755,335.03784,1.0,948.9326,342.79214,1.0
921.1166,297.45715,1.0,929.41,312.79214,1.0,933.39404,327.46747,1.0,936.7854,349.73352,1.0,937.7717,362.20383,1.0,937.6166,372.839,1.0,939.23267,376.64383,1.0,947.0563,379.73892,1.0,967.7461,379.96204,1.0,997.73,377.1798,1.0,1022.6551,370.9641,1.0,1036.3052,365.4994,1.0,1052.6356,353.21136,1.0,1065.669,332.70374,1.0,1068.4575,317.64893,1.0,1068.2986,303.3502,1.0,1067.7734,288.45605,1.0,902.8899,268.45062,1.0,908.5364,260.33386,1.0,918.34827,255.08078,1.0,931.7289,253.4868,1.0,946.8862,254.36136,1.0,981.3873,253.48056,1.0,999.34033,251.4605,1.0,1015.3099,252.14241,1.0,1028.4382,256.0022,1.0,1038.8164,262.4734,1.0,963.2498,275.8196,1.0,961.1501,286.67682,1.0,959.49744,293.91016,1.0,958.72644,300.18106,1.0,952.355,315.0008,1.0,956.4988,317.6612,1.0,964.8795,316.7439,1.0,974.1861,316.70145,1.0,979.47784,313.78796,1.0,913.8916,278.64703,1.0,921.8126,273.40903,1.0,932.8996,273.02475,1.0,943.68286,277.6114,1.0,933.302,280.36285,1.0,922.72595,280.56906,1.0,988.994,276.58966,1.0,1000.04565,270.89328,1.0,1011.59576,271.30408,1.0,1020.7438,276.17435,1.0,1011.25,278.01422,1.0,1000.0282,277.843,1.0,940.80664,345.1955,1.0,950.657,336.7472,1.0,957.57355,334.16367,1.0,965.3423,335.31985,1.0,974.3576,333.96304,1.0,984.4293,336.13162,1.0,1001.82086,344.4854,1.0,993.6456,347.33435,1.0,976.8416,350.1928,1.0,965.69556,350.73325,1.0,957.088,350.23087,1.0,946.2091,347.59048,1.0,944.67957,344.59897,1.0,958.5888,340.85892,1.0,965.0656,340.54492,1.0,973.3931,340.54993,1.0,998.1518,344.15237,1.0,975.01917,343.0258,1.0,966.1537,342.94467,1.0,958.9558,342.88492,1.0,927.3386,275.54254,1.0,1005.1306,273.15036,1.0,980.06335,305.4087,0.9943827,972.29974,417.80264,0.9985806,827.7634,424.03442,0.9985806,801.71124,623.73285,0.68063873,895.91565,386.94382,0.94741344,1116.8362,411.57086,0.9995002,1172.906,596.9872,0.88114685,1076.411,371.2429,0.9242002,975.7606,916.1841,0.9863317,875.92883,916.5321,0.9863317,895.1736,1231.9854,0.051563516,887.17535,1559.2734,0.014224566,1075.5924,915.836,0.98777854,1078.3036,1261.572,0.04211627,1054.0352,1569.0526,0.008853699,947.4375,272.6616,0.9925545,1007.6846,273.14487,0.98561984,915.1598,283.10135,0.9826855,1027.1932,278.90652,0.9918464,1023.9246,1681.3717,0.006802582,1023.9246,1681.3717,0.006802582,1002.3365,1620.6306,0.007620392,924.1496,1656.0625,0.007131683,924.1496,1656.0625,0.007131683,883.24066,1608.8003,0.008916211,1090.071,379.34952,1.0,1082.5452,346.97217,1.0,1066.5638,317.5133,1.0,1045.956,302.09064,1.0,1026.0732,299.3384,1.0,1063.428,292.22632,1.0,1041.3184,261.0293,1.0,1028.2024,241.63808,1.0,1018.9071,225.58765,1.0,1060.4861,300.38852,1.0,1011.2733,289.1193,1.0,1011.30365,307.0347,1.0,1022.2364,314.76596,1.0,1055.0034,315.38824,1.0,1008.9092,309.39,1.0,1013.1403,325.00327,1.0,1025.4503,329.0013,1.0,1048.8522,332.59576,1.0,1012.51227,329.0574,1.0,1016.2743,340.58997,1.0,1026.7781,344.92288,1.0,880.9658,388.02072,1.0,874.25244,350.64658,1.0,886.0938,318.4375,1.0,907.4116,302.98825,1.0,928.624,302.45532,1.0,888.7929,304.04416,1.0,909.13715,266.0106,1.0,921.22626,244.58328,1.0,929.82196,227.12231,1.0,904.43884,314.32037,1.0,942.4789,289.74582,1.0,938.3015,303.53052,1.0,925.3779,314.4275,1.0,920.93915,329.50903,1.0,951.0167,311.5815,1.0,944.7973,322.62134,1.0,934.07434,330.4347,1.0,935.0961,345.92224,1.0,957.93195,328.40903,1.0,951.8598,336.66483,1.0,942.59546,343.9922,1.0
910.58826,291.61304,1.0,916.8302,305.98126,1.0,920.1095,320.19562,1.0,924.82837,342.2727,1.0,927.9408,355.25995,1.0,931.45856,367.7523,1.0,935.1561,373.1278,1.0,945.85187,379.11896,1.0,968.1139,380.8498,1.0,996.9766,377.00894,1.0,1019.5172,368.64505,1.0,1031.4868,362.01593,1.0,1045.8901,348.14636,1.0,1057.4128,326.90857,1.0,1060.0121,312.00873,1.0,1059.9442,298.01434,1.0,1059.4791,284.02652,1.0,903.05725,267.34296,1.0,908.80963,259.91898,1.0,918.6558,255.04066,1.0,932.2689,253.69319,1.0,947.9575,254.81995,1.0,981.6856,254.2661,1.0,998.89954,252.19894,1.0,1013.9869,252.62875,1.0,1026.0226,256.32602,1.0,1035.0725,262.32385,1.0,964.4958,277.48218,1.0,963.17865,289.64572,1.0,962.13696,297.65054,1.0,961.7015,304.3235,1.0,952.86285,317.1826,1.0,957.2647,319.80447,1.0,965.7699,319.30533,1.0,974.7451,319.08575,1.0,979.8779,316.1731,1.0,915.44556,278.3024,1.0,923.0832,273.422,1.0,934.1934,272.97824,1.0,945.13257,278.0038,1.0,935.2639,280.3318,1.0,924.74384,280.6578,1.0,987.3398,277.35254,1.0,998.71893,271.24695,1.0,1009.9599,271.71982,1.0,1018.042,276.42245,1.0,1008.60925,278.81558,1.0,997.7364,278.55353,1.0,942.61536,346.52966,1.0,951.22974,337.7736,1.0,958.09467,335.04974,1.0,965.7659,336.1333,1.0,974.3242,334.8346,1.0,983.4749,337.30005,1.0,997.8328,346.44968,1.0,991.61816,350.2318,1.0,976.7072,354.00888,1.0,966.331,354.55975,1.0,957.8757,353.94485,1.0,947.1483,350.08316,1.0,946.2459,346.03506,1.0,959.4952,342.4122,1.0,965.53467,342.17587,1.0,972.95685,342.25385,1.0,994.3892,346.19006,1.0,974.573,345.85968,1.0,966.7664,345.8319,1.0,960.073,345.65,1.0,929.65375,275.71432,1.0,1003.7456,273.903,1.0,979.7648,303.4552,0.99456936,972.57434,418.25665,0.9985646,829.31006,424.21265,0.9985646,798.63855,622.20123,0.6713751,888.5862,386.3538,0.9496621,1115.8386,412.30063,0.999391,1172.2201,596.2738,0.8753792,1076.8159,372.71005,0.91990083,975.70435,916.45337,0.98696965,875.67883,916.8352,0.98696965,894.8832,1232.1903,0.048247654,886.56085,1560.0604,0.013859158,1075.7299,916.07153,0.9880703,1074.9053,1261.8813,0.04003745,1053.767,1570.0686,0.008683239,944.5791,270.4618,0.9929283,1007.6634,272.8344,0.9859203,915.1002,283.1849,0.98369646,1027.4235,278.76627,0.99185866,1025.1073,1682.5266,0.0070348876,1025.1073,1682.5266,0.0070348876,997.71375,1621.3458,0.007814293,922.53564,1658.009,0.007069865,922.53564,1658.009,0.007069865,882.7367,1613.3768,0.009033722,1091.2289,381.71805,1.0,1057.728,360.16867,1.0,1039.0234,333.52118,1.0,1024.5562,314.5697,1.0,1009.92316,305.1901,1.0,1062.9586,291.41998,1.0,1043.5518,262.97714,1.0,1031.5692,243.32199,1.0,1024.1456,225.71693,1.0,1069.1357,298.58722,1.0,1017.4149,291.21896,1.0,1010.39087,311.6774,1.0,1018.27057,321.62872,1.0,1069.3975,312.9754,1.0,1018.8209,310.29636,1.0,1015.4022,327.42764,1.0,1025.5227,333.89566,1.0,1066.7188,330.43054,1.0,1027.1506,330.8054,1.0,1024.7904,342.9991,1.0,1034.6797,348.4842,1.0,869.2647,386.30518,1.0,867.2619,348.74564,1.0,880.8504,316.3552,1.0,901.94885,299.746,1.0,923.14764,296.4964,1.0,879.05786,299.66003,1.0,901.8762,264.79437,1.0,915.71124,244.42,1.0,925.9726,227.36256,1.0,890.34326,309.93866,1.0,935.9343,292.5477,1.0,934.0057,308.97855,1.0,920.68256,319.0492,1.0,904.65826,326.4064,1.0,943.044,315.15445,1.0,937.2221,328.26257,1.0,924.86804,334.6959,1.0,918.76605,345.0764,1.0,948.624,332.13556,1.0,942.76373,342.44864,1.0,931.9923,348.5205,1.0
900.05994,285.7689,1.0,904.2504,299.17038,1.0,906.82495,312.9238,1.0,912.87134,334.81192,1.0,918.1098,348.31604,1.0,925.3005,362.6656,1.0,931.07965,369.61182,1.0,944.6474,378.499,1.0,968.4817,381.73752,1.0,996.2233,376.8381,1.0,1016.3793,366.326,1.0,1026.6685,358.53244,1.0,1039.1445,343.08136,1.0,1049.1569,321.11337,1.0,1051.5665,306.36853,1.0,1051.5898,292.67847,1.0,1051.1848,279.59695,1.0,903.2246,266.2353,1.0,909.08295,259.5041,1.0,918.9634,255.00053,1.0,932.80896,253.89958,1.0,949.0288,255.27855,1.0,981.9839,255.05164,1.0,998.45874,252.9374,1.0,1012.6638,253.11508,1.0,1023.607,256.64987,1.0,1031.3287,262.1743,1.0,965.74176,279.1447,1.0,965.20715,292.61462,1.0,964.7765,301.39096,1.0,964.6765,308.4659,1.0,953.3708,319.3644,1.0,958.0307,321.94775,1.0,966.6602,321.86676,1.0,975.30414,321.47006,1.0,980.27795,318.5582,1.0,916.9995,277.95773,1.0,924.3538,273.435,1.0,935.4872,272.93176,1.0,946.5823,278.39624,1.0,937.2258,280.30072,1.0,926.76166,280.74655,1.0,985.6855,278.11545,1.0,997.3922,271.60062,1.0,1008.3241,272.13556,1.0,1015.3402,276.67053,1.0,1005.96857,279.61697,1.0,995.44464,279.26407,1.0,944.4241,347.86386,1.0,951.8025,338.79996,1.0,958.6158,335.9358,1.0,966.18964,336.94675,1.0,974.2909,335.70612,1.0,982.5205,338.4685,1.0,993.84485,348.4139,1.0,989.5907,353.1293,1.0,976.57275,357.82495,1.0,966.96643,358.38626,1.0,958.6633,357.65884,1.0,948.0875,352.57584,1.0,947.8123,347.47113,1.0,960.40155,343.96545,1.0,966.0038,343.80682,1.0,972.5205,343.95776,1.0,990.62665,348.22778,1.0,974.12683,348.6936,1.0,967.37915,348.71915,1.0,961.1902,348.41507,1.0,931.9689,275.8861,1.0,1002.36066,274.6557,1.0,979.62195,307.73563,0.9944761,972.5797,422.56696,0.9984881,829.90656,427.1306,0.9984881,795.0172,615.96625,0.65461296,880.27783,377.14352,0.9509209,1115.2528,418.0033,0.99931574,1172.7285,597.3653,0.8693351,1078.5363,373.64047,0.9186091,976.19305,919.0329,0.98675376,876.0718,919.6185,0.98675376,894.68384,1233.0552,0.044513125,887.0556,1560.5671,0.012999328,1076.3143,918.44727,0.98755217,1072.8024,1264.1243,0.036989644,1053.7117,1570.821,0.008188537,940.90845,273.13104,0.9929234,1007.704,276.58597,0.9855502,914.92267,286.3434,0.98399943,1027.6232,283.01,0.9915656,1025.4296,1683.2415,0.006812497,1025.4296,1683.2415,0.006812497,995.7227,1621.5452,0.007554876,922.2206,1660.0253,0.006695322,922.2206,1660.0253,0.006695322,883.6685,1613.9347,0.008679406,1087.7601,383.52237,1.0,1056.2668,365.7243,1.0,1037.9491,337.74576,1.0,1030.1027,317.31027,1.0,1023.5003,300.65665,1.0,1064.5156,292.09726,1.0,1053.6428,261.221,1.0,1047.0446,240.49771,1.0,1042.8315,223.41046,1.0,1079.7322,295.0841,1.0,1044.4749,283.18536,1.0,1030.435,307.22754,1.0,1030.7465,324.89084,1.0,1090.781,305.64062,1.0,1053.5249,299.35138,1.0,1041.4384,321.2,1.0,1044.1481,335.6531,1.0,1097.965,321.23804,1.0,1068.0679,317.62402,1.0,1055.9567,330.45508,1.0,1056.9911,340.65942,1.0,862.3492,391.36478,1.0,892.4911,361.99377,1.0,907.05005,336.41046,1.0,921.48083,321.53812,1.0,935.6297,313.8954,1.0,866.09326,298.86575,1.0,885.4825,266.50284,1.0,896.61145,243.90341,1.0,903.08746,225.72241,1.0,860.23236,307.1725,1.0,910.6713,289.4284,1.0,927.67926,309.82022,1.0,928.8111,324.48175,1.0,864.7502,321.50613,1.0,916.12006,311.3456,1.0,924.61584,328.0832,1.0,918.36426,338.98132,1.0,874.65,337.19113,1.0,915.06964,329.9767,1.0,921.3822,340.6664,1.0,915.9426,347.78,1.0
889.5316,279.92477,1.0,891.67065,292.3595,1.0,893.54047,305.65195,1.0,900.91425,327.35114,1.0,908.2789,341.37216,1.0,919.14246,357.5789,1.0,927.0031,366.09583,1.0,943.443,377.87906,1.0,968.8494,382.62524,1.0,995.47003,376.66724,1.0,1013.2414,364.00693,1.0,1021.85016,355.04898,1.0,1032.399,338.01636,1.0,1040.9008,315.3182,1.0,1043.1211,300.72836,1.0,1043.2355,287.34262,1.0,1042.8904,275.16742,1.0,903.39197,265.12766,1.0,909.35626,259.0892,1.0,919.27094,254.9604,1.0,933.34894,254.10599,1.0,950.1001,255.73714,1.0,982.2822,255.83717,1.0,998.01794,253.67584,1.0,1011.3408,253.60143,1.0,1021.1914,256.9737,1.0,1027.5848,262.02472,1.0,966.98773,280.80725,1.0,967.23566,295.58353,1.0,967.416,305.13135,1.0,967.65155,312.60834,1.0,953.87866,321.5462,1.0,958.79663,324.09103,1.0,967.55054,324.4282,1.0,975.8631,323.8544,1.0,980.67804,320.94333,1.0,918.55347,277.6131,1.0,925.6244,273.44797,1.0,936.781,272.88525,1.0,948.032,278.78867,1.0,939.18774,280.26965,1.0,928.77954,280.8353,1.0,984.03125,278.87833,1.0,996.0655,271.95425,1.0,1006.68823,272.5513,1.0,1012.6385,276.91864,1.0,1003.3279,280.41837,1.0,993.15283,279.9746,1.0,946.2328,349.19803,1.0,952.37524,339.82635,1.0,959.1369,336.82184,1.0,966.6133,337.76022,1.0,974.2575,336.57764,1.0,981.5661,339.63693,1.0,989.8568,350.37814,1.0,987.56323,356.0268,1.0,976.43835,361.64102,1.0,967.60187,362.21277,1.0,959.451,361.37283,1.0,949.02673,355.0685,1.0,949.3787,348.9072,1.0,961.3079,345.5187,1.0,966.47284,345.43777,1.0,972.0842,345.66168,1.0,986.864,350.26547,1.0,973.68066,351.5275,1.0,967.9919,351.60638,1.0,962.3073,351.1801,1.0,934.284,276.05792,1.0,1000.97565,275.40836,1.0,978.3052,310.29108,0.9947037,973.4949,422.59515,0.9985446,831.7514,427.14673,0.9985446,786.47565,617.8715,0.65074134,867.9541,385.02264,0.95504415,1115.2384,418.04355,0.9993095,1177.7449,601.2456,0.87086546,1085.4321,382.053,0.92380583,976.4911,927.93994,0.98693645,876.0938,928.6872,0.98693645,894.50305,1242.4602,0.041479047,884.2472,1574.2952,0.01285021,1076.8883,927.19275,0.987428,1071.7786,1277.7576,0.034450416,1053.7537,1575.8029,0.008104267,937.5189,275.59216,0.99331623,1008.02075,278.35977,0.98608965,914.3725,286.8065,0.98505044,1027.4413,284.5094,0.99186844,1025.6322,1694.1112,0.0071640625,1025.6322,1694.1112,0.0071640625,1035.1893,1622.4954,0.007986301,919.4966,1677.1244,0.006721551,919.4966,1677.1244,0.006721551,880.32275,1631.1334,0.009149126,1094.6682,383.69748,1.0,1068.0265,365.4164,1.0,1051.6696,334.67798,1.0,1050.5802,310.20685,1.0,1058.6625,292.15012,1.0,1071.4438,297.48376,1.0,1066.8892,262.06653,1.0,1063.8416,241.69914,1.0,1063.4512,223.89815,1.0,1087.9565,299.54645,1.0,1079.9164,273.76666,1.0,1068.84,298.1079,1.0,1066.3302,317.0558,1.0,1105.0742,306.04126,1.0,1095.168,282.56436,1.0,1083.8429,307.21265,1.0,1083.111,324.35858,1.0,1123.638,316.95044,1.0,1113.02,298.74615,1.0,1101.3047,312.969,1.0,1099.4926,325.17056,1.0,864.8827,391.2957,1.0,886.5756,367.14737,1.0,899.7112,339.18298,1.0,904.5847,316.61148,1.0,894.9431,307.27875,1.0,864.0807,300.75293,1.0,867.4843,267.01263,1.0,871.51245,245.90103,1.0,873.15497,227.21698,1.0,848.8458,305.75677,1.0,860.865,277.85565,1.0,882.11444,294.2307,1.0,892.1181,313.33084,1.0,837.9137,314.5521,1.0,859.2232,296.4002,1.0,874.7943,317.69482,1.0,878.5858,337.52634,1.0,829.7185,326.50208,1.0,849.041,308.19922,1.0,861.885,318.59677,1.0,865.64307,332.1504,1.0
891.00793,279.3929,1.0,893.02374,291.60962,1.0,894.68097,304.69995,1.0,901.5351,326.33466,1.0,908.54297,340.49463,1.0,918.8928,357.01096,1.0,926.63153,365.77014,1.0,943.08905,377.97318,1.0,968.6533,383.08176,1.0,995.3643,376.84744,1.0,1013.066,363.93503,1.0,1021.5961,354.81686,1.0,1031.9336,337.64212,1.0,1040.3339,314.93552,1.0,1042.4836,300.4657,1.0,1042.6746,287.21573,1.0,1042.4534,275.17615,1.0,904.20685,265.0262,1.0,909.93274,259.09317,1.0,919.6302,255.04004,1.0,933.6087,254.24077,1.0,950.2553,255.90431,1.0,982.38446,256.09427,1.0,998.125,253.8726,1.0,1011.49774,253.76941,1.0,1021.3416,257.07535,1.0,1027.6243,262.12326,1.0,967.00195,280.93015,1.0,967.25604,295.68094,1.0,967.4416,305.18655,1.0,967.6621,312.59607,1.0,953.9753,321.21774,1.0,958.81067,323.9014,1.0,967.5388,324.21323,1.0,975.8267,323.68106,1.0,980.59863,320.70715,1.0,918.9157,277.59027,1.0,925.87036,273.4314,1.0,936.97784,272.86237,1.0,948.01575,278.79193,1.0,939.2939,280.24826,1.0,928.95966,280.82108,1.0,984.1376,278.90067,1.0,996.1367,271.9378,1.0,1006.90875,272.44513,1.0,1012.8495,276.80124,1.0,1003.4312,280.3584,1.0,993.2069,279.97177,1.0,946.1385,349.36496,1.0,952.3296,339.73056,1.0,959.09625,336.8001,1.0,966.6949,337.74655,1.0,974.44037,336.60583,1.0,981.742,339.6721,1.0,989.8556,350.6892,1.0,987.74255,356.80804,1.0,976.4516,362.74683,1.0,967.4633,363.40994,1.0,959.06635,362.49307,1.0,948.5375,355.77405,1.0,949.3088,349.1447,1.0,961.279,345.12845,1.0,966.5181,345.08673,1.0,972.2035,345.31662,1.0,986.8632,350.5736,1.0,973.7122,352.86682,1.0,967.9238,352.93948,1.0,962.11633,352.47318,1.0,934.17346,276.1314,1.0,1000.98883,275.4298,1.0,976.55774,315.39224,0.99469274,974.6045,424.3193,0.99857134,833.80585,428.6406,0.99857134,774.86255,619.6372,0.63792247,847.6281,389.4324,0.95826256,1115.4031,419.998,0.99928343,1190.355,603.6361,0.86708426,1103.6879,381.76218,0.9266561,976.1738,930.74963,0.98585236,875.4454,931.86707,0.9858919,894.69745,1243.2916,0.037995253,884.08624,1581.574,0.012116383,1076.9023,929.63214,0.98585236,1071.7552,1281.5565,0.03174281,1054.3506,1585.2764,0.0077372165,936.9198,280.37357,0.9933958,1008.3681,282.07428,0.9858021,914.25433,287.67175,0.9855005,1028.2072,287.308,0.99158293,1025.9622,1703.374,0.0070319166,1025.9622,1703.374,0.0070319166,1051.9459,1628.8463,0.007936633,919.3578,1687.5656,0.006366664,919.3578,1687.5656,0.006366664,880.1628,1639.1344,0.008873045,1114.9329,384.22482,1.0,1089.4114,362.05637,1.0,1076.1997,329.518,1.0,1076.2723,303.3237,1.0,1087.8152,284.9988,1.0,1097.3647,296.544,1.0,1095.704,262.4021,1.0,1094.2408,242.13344,1.0,1095.8212,224.52655,1.0,1114.0952,298.40085,1.0,1111.3612,269.04245,1.0,1099.2202,289.41846,1.0,1095.1552,308.8109,1.0,1130.8204,305.4405,1.0,1126.6609,279.0278,1.0,1112.6766,299.68762,1.0,1109.0381,318.3554,1.0,1148.184,317.0594,1.0,1141.6448,297.26086,1.0,1127.6798,309.41998,1.0,1121.6394,323.9243,1.0,842.98413,390.80182,1.0,863.7229,365.8518,1.0,875.6065,334.59082,1.0,875.09985,308.28516,1.0,859.4516,297.16412,1.0,847.23175,304.6459,1.0,848.4407,270.85065,1.0,850.3096,251.72559,1.0,849.75903,234.54852,1.0,831.49866,308.6723,1.0,831.2025,276.5252,1.0,844.30334,294.7301,1.0,850.32513,313.15057,1.0,816.69714,316.40338,1.0,822.32446,292.74408,1.0,835.03284,315.37158,1.0,838.6275,336.08698,1.0,801.2306,327.01602,1.0,803.3313,300.80197,1.0,816.07135,308.56784,1.0,822.8284,322.15967,1.0
892.4842,278.86108,1.0,894.3769,290.85974,1.0,895.8215,303.74792,1.0,902.1559,325.3182,1.0,908.8071,339.61713,1.0,918.6432,356.44302,1.0,926.25995,365.44446,1.0,942.7351,378.0673,1.0,968.4572,383.53827,1.0,995.25867,377.02765,1.0,1012.89056,363.86313,1.0,1021.34204,354.58475,1.0,1031.4681,337.2679,1.0,1039.767,314.55283,1.0,1041.8463,300.20303,1.0,1042.1136,287.08884,1.0,1042.0162,275.1849,1.0,905.02167,264.92477,1.0,910.5092,259.09714,1.0,919.9894,255.11967,1.0,933.86847,254.37556,1.0,950.4106,256.07147,1.0,982.48676,256.35135,1.0,998.23206,254.06935,1.0,1011.6546,253.93741,1.0,1021.4919,257.17703,1.0,1027.6636,262.2218,1.0,967.0161,281.05304,1.0,967.2764,295.77835,1.0,967.4671,305.24176,1.0,967.6726,312.58377,1.0,954.07184,320.88925,1.0,958.82465,323.71176,1.0,967.52716,323.99826,1.0,975.7903,323.5077,1.0,980.5193,320.47095,1.0,919.2779,277.5674,1.0,926.1164,273.4148,1.0,937.17474,272.83948,1.0,947.9996,278.7952,1.0,939.39996,280.22684,1.0,929.1398,280.80685,1.0,984.2439,278.92297,1.0,996.20795,271.92133,1.0,1007.1292,272.339,1.0,1013.06055,276.68387,1.0,1003.5346,280.2984,1.0,993.2609,279.9689,1.0,946.0442,349.5319,1.0,952.2839,339.63474,1.0,959.05554,336.77835,1.0,966.7764,337.7329,1.0,974.6233,336.634,1.0,981.91785,339.70724,1.0,989.8543,351.00024,1.0,987.9218,357.58932,1.0,976.4649,363.85266,1.0,967.32477,364.60712,1.0,958.6817,363.6133,1.0,948.0483,356.47955,1.0,949.2389,349.38223,1.0,961.25006,344.7382,1.0,966.56335,344.73572,1.0,972.32275,344.97153,1.0,986.86237,350.88174,1.0,973.7438,354.20612,1.0,967.8558,354.27255,1.0,961.9254,353.76624,1.0,934.06287,276.2049,1.0,1001.002,275.4513,1.0,971.9968,318.55087,0.9950239,974.5196,426.5396,0.9986299,833.6957,429.06784,0.9986299,762.7672,620.4364,0.63633025,830.8025,392.19946,0.96180975,1115.3435,424.01135,0.99929786,1206.0115,605.02765,0.8721209,1125.5212,383.85513,0.9322596,975.91943,931.1449,0.9851465,874.9833,932.1595,0.98547274,893.56824,1243.6333,0.035523117,880.5825,1584.4711,0.012055559,1076.8556,930.13025,0.9851465,1070.286,1286.3386,0.02976464,1049.5493,1588.5375,0.007804793,936.64087,283.38455,0.99383795,1008.064,285.5067,0.9866533,914.4545,288.01895,0.98657244,1028.2715,290.49573,0.9920935,1019.1601,1712.007,0.0074575325,1019.1601,1712.007,0.0074575325,1048.0414,1630.4304,0.008496185,913.14966,1695.6682,0.006391537,913.14966,1695.6682,0.006391537,876.0792,1641.7817,0.009272816,1130.3854,386.44095,1.0,1105.3578,361.90533,1.0,1095.6356,329.04724,1.0,1098.0339,303.15002,1.0,1110.0503,285.8726,1.0,1117.611,299.89172,1.0,1116.6766,267.49115,1.0,1115.3931,247.9286,1.0,1117.4734,231.15833,1.0,1134.1831,302.58694,1.0,1134.965,271.59915,1.0,1120.5732,289.64917,1.0,1113.9475,308.09866,1.0,1150.4648,310.32355,1.0,1149.6539,283.50494,1.0,1134.3118,301.8367,1.0,1128.9001,319.11667,1.0,1167.3385,322.82043,1.0,1164.1436,302.76617,1.0,1149.6681,312.3741,1.0,1142.8481,324.96997,1.0,827.032,391.86835,1.0,847.284,368.5753,1.0,856.7598,337.59647,1.0,855.7037,311.73544,1.0,841.22516,300.37225,1.0,829.69165,308.82153,1.0,829.1185,274.4461,1.0,829.529,254.36823,1.0,827.62744,236.80566,1.0,813.3321,312.68488,1.0,810.28815,278.71838,1.0,825.88446,292.38776,1.0,835.2672,310.1774,1.0,797.9029,321.34143,1.0,803.1655,297.3984,1.0,817.83887,317.84717,1.0,823.782,338.17545,1.0,782.6142,333.17126,1.0,785.47144,308.4308,1.0,799.2136,315.4395,1.0,807.26544,328.42496,1.0
893.9605,278.32922,1.0,895.73,290.10983,1.0,896.96204,302.79593,1.0,902.7767,324.30173,1.0,909.0712,338.73962,1.0,918.39355,355.8751,1.0,925.88837,365.11877,1.0,942.3811,378.1614,1.0,968.2611,383.99478,1.0,995.153,377.20786,1.0,1012.7151,363.7912,1.0,1021.088,354.35266,1.0,1031.0027,336.8937,1.0,1039.2001,314.17014,1.0,1041.209,299.94037,1.0,1041.5527,286.96198,1.0,1041.5792,275.19363,1.0,905.83655,264.82333,1.0,911.0857,259.10114,1.0,920.3486,255.19931,1.0,934.12823,254.51035,1.0,950.5658,256.23865,1.0,982.589,256.60846,1.0,998.33905,254.26611,1.0,1011.8115,254.1054,1.0,1021.6421,257.2787,1.0,1027.703,262.32034,1.0,967.0303,281.1759,1.0,967.2968,295.87576,1.0,967.4927,305.29697,1.0,967.68317,312.5715,1.0,954.16846,320.5608,1.0,958.8387,323.52213,1.0,967.51544,323.7833,1.0,975.75385,323.33435,1.0,980.4399,320.23477,1.0,919.64014,277.5446,1.0,926.36237,273.3982,1.0,937.3716,272.81662,1.0,947.98334,278.79846,1.0,939.5061,280.2054,1.0,929.3199,280.7926,1.0,984.3502,278.9453,1.0,996.27924,271.90488,1.0,1007.3497,272.23285,1.0,1013.27155,276.56647,1.0,1003.63794,280.23843,1.0,993.31494,279.96606,1.0,945.9499,349.69882,1.0,952.2382,339.5389,1.0,959.01483,336.75662,1.0,966.858,337.71924,1.0,974.80615,336.6622,1.0,982.09375,339.7424,1.0,989.8531,351.31128,1.0,988.10114,358.37057,1.0,976.4782,364.95847,1.0,967.1862,365.8043,1.0,958.29706,364.73355,1.0,947.5591,357.1851,1.0,949.16895,349.61972,1.0,961.2211,344.34796,1.0,966.6086,344.38467,1.0,972.442,344.62646,1.0,986.8616,351.18985,1.0,973.7753,355.54544,1.0,967.7878,355.60565,1.0,961.73444,355.0593,1.0,933.9523,276.2784,1.0,1001.0152,275.47275,1.0,970.78723,319.97824,0.9953672,973.9645,429.0373,0.9986893,832.70044,429.93762,0.9986893,750.8466,622.75214,0.6305599,820.44366,393.38022,0.96495426,1115.2285,428.13696,0.9993204,1219.4181,605.92053,0.87735033,1137.7424,389.29,0.9375264,975.60077,932.9793,0.98429877,874.4833,933.98846,0.9847886,884.6132,1244.5477,0.03290843,868.26807,1586.3328,0.011656202,1076.7183,931.97015,0.98429877,1065.132,1293.0892,0.027829006,1043.9296,1593.9097,0.0076858527,936.5196,284.65656,0.99428207,1008.0256,287.09622,0.9875377,914.3914,288.13718,0.98760766,1028.3527,292.92252,0.99262506,1008.15985,1718.964,0.007649403,1008.15985,1718.964,0.007649403,1045.364,1634.0553,0.008771023,900.31287,1699.7853,0.006222389,900.31287,1699.7853,0.006222389,863.7436,1643.6956,0.009339176,1139.6534,395.23193,1.0,1114.1848,372.82062,1.0,1103.2937,339.04868,1.0,1105.2913,312.32928,1.0,1115.648,292.06195,1.0,1124.9069,309.31796,1.0,1122.0713,278.48465,1.0,1118.9895,258.96494,1.0,1119.2698,242.50227,1.0,1142.11,311.48056,1.0,1142.9344,280.0199,1.0,1129.0295,295.50488,1.0,1121.26,314.04,1.0,1159.1443,318.85214,1.0,1158.6227,292.34927,1.0,1142.6392,308.53293,1.0,1135.7917,325.6569,1.0,1176.8362,330.67755,1.0,1173.8362,309.34558,1.0,1159.9915,317.6357,1.0,1152.8013,330.65015,1.0,818.29144,398.00275,1.0,839.68976,376.27783,1.0,850.00256,348.23636,1.0,851.60376,323.46307,1.0,845.237,302.48282,1.0,824.8729,314.68768,1.0,826.5021,280.2415,1.0,827.8779,259.4593,1.0,827.3425,241.22816,1.0,807.81177,318.0259,1.0,805.2739,284.03806,1.0,820.6278,292.75308,1.0,831.2868,307.5702,1.0,791.46716,326.27042,1.0,793.16815,298.67093,1.0,809.5627,313.41214,1.0,818.7222,332.40765,1.0,774.56366,338.4656,1.0,772.6818,311.68082,1.0,787.10223,314.6125,1.0,797.7101,326.10687,1.0
892.9157,277.81317,1.0,894.7024,289.7137,1.0,895.9751,302.48434,1.0,901.85614,324.08597,1.0,908.18225,338.4458,1.0,917.55383,355.25272,1.0,925.036,364.32663,1.0,941.59204,377.10797,1.0,967.86554,382.8091,1.0,995.2391,375.97784,1.0,1013.02057,362.50928,1.0,1021.46106,353.1314,1.0,1031.6144,335.8329,1.0,1040.0233,313.1739,1.0,1041.9794,298.8666,1.0,1042.2191,285.8058,1.0,1042.089,273.91864,1.0,904.67126,263.28748,1.0,910.0079,257.5071,1.0,919.3206,253.5837,1.0,933.15955,252.80003,1.0,949.6945,254.41785,1.0,982.17255,254.5644,1.0,998.1586,252.11801,1.0,1011.76245,251.90408,1.0,1021.6191,255.02936,1.0,1027.7529,260.1073,1.0,966.5448,279.01315,1.0,966.91986,293.3497,1.0,967.24963,302.59985,1.0,967.5164,309.81473,1.0,954.2808,318.27792,1.0,958.88715,321.14078,1.0,967.4526,321.34647,1.0,975.6314,320.8765,1.0,980.2223,317.75394,1.0,918.9839,276.00034,1.0,925.8058,272.0054,1.0,936.80316,271.3407,1.0,947.56445,276.87912,1.0,938.89484,278.33603,1.0,928.6949,278.99054,1.0,984.0086,276.78024,1.0,995.98615,270.03693,1.0,1007.09174,270.26434,1.0,1013.147,274.30048,1.0,1003.5176,277.86868,1.0,993.15826,277.69794,1.0,945.642,347.89288,1.0,952.1839,337.52545,1.0,959.08887,334.5578,1.0,966.99164,335.53165,1.0,975.03253,334.42224,1.0,982.39594,337.6105,1.0,990.20154,349.30905,1.0,988.2319,356.28592,1.0,976.30817,362.77615,1.0,966.95184,363.6394,1.0,958.0777,362.6239,1.0,947.27625,355.27045,1.0,948.85736,347.78525,1.0,961.2841,342.4431,1.0,966.7148,342.42142,1.0,972.5884,342.6722,1.0,987.16516,349.18277,1.0,973.54694,353.1373,1.0,967.54236,353.22165,1.0,961.49896,352.7005,1.0,933.7036,274.6618,1.0,1000.8089,273.35638,1.0,969.35706,322.64734,0.9956386,974.5171,430.8366,0.9987474,832.6577,430.71432,0.9987474,741.45544,626.53406,0.6273938,817.7243,396.5917,0.9676495,1116.3766,430.9589,0.99934757,1228.1395,613.3684,0.8829826,1142.3624,395.53595,0.94242054,975.6066,933.4062,0.98333174,874.4793,934.21857,0.9839408,883.6957,1244.4128,0.030540807,867.5344,1586.4393,0.0111650815,1076.734,932.59375,0.98333174,1065.1476,1292.7682,0.025893945,1043.9429,1596.1993,0.0074433526,935.317,287.6861,0.99462336,1007.76764,288.40854,0.9882349,913.5907,289.1314,0.9884035,1028.2854,293.3338,0.99303395,1007.3704,1721.6844,0.007599373,1007.3704,1721.6844,0.007599373,1046.5712,1636.7682,0.008817142,899.3102,1700.1892,0.0059855864,899.3102,1700.1892,0.0059855864,862.9081,1643.43,0.009243304,1137.3539,414.1562,1.0,1113.2854,394.38202,1.0,1101.3071,360.43283,1.0,1101.4125,334.68576,1.0,1106.4684,312.65106,1.0,1124.738,328.8826,1.0,1121.1771,295.43936,1.0,1118.3496,274.60074,1.0,1118.8649,257.00583,1.0,1142.379,331.15045,1.0,1142.0773,297.154,1.0,1127.1166,311.89362,1.0,1118.3738,329.15027,1.0,1159.6642,338.92114,1.0,1158.5796,309.50696,1.0,1141.3795,325.41333,1.0,1132.77,342.54422,1.0,1177.5903,351.3806,1.0,1177.1582,326.26645,1.0,1161.8973,333.53812,1.0,1151.5797,346.98672,1.0,817.3251,410.68344,1.0,841.3381,391.6543,1.0,853.6873,363.60202,1.0,856.99695,340.11816,1.0,862.03564,317.90582,1.0,827.9306,325.49234,1.0,833.6058,292.7131,1.0,838.07306,272.1057,1.0,841.4333,253.98727,1.0,809.95715,326.47586,1.0,807.34015,294.52078,1.0,819.7968,286.70544,1.0,832.3735,287.27435,1.0,792.8574,334.63803,1.0,788.4514,304.93555,1.0,804.50085,302.18512,1.0,819.66016,309.058,1.0,776.539,347.77704,1.0,768.4932,321.61105,1.0,780.6029,316.1202,1.0,795.0347,320.4185,1.0
891.8709,277.29715,1.0,893.67474,289.3176,1.0,894.98816,302.17276,1.0,900.9356,323.87018,1.0,907.2933,338.152,1.0,916.7142,354.63034,1.0,924.18365,363.5345,1.0,940.803,376.05457,1.0,967.4699,381.62347,1.0,995.32513,374.74783,1.0,1013.32605,361.22736,1.0,1021.8341,351.9102,1.0,1032.2262,334.7721,1.0,1040.8466,312.17764,1.0,1042.7498,297.79285,1.0,1042.8854,284.64957,1.0,1042.5989,272.64362,1.0,903.506,261.75162,1.0,908.93005,255.91307,1.0,918.2927,251.96808,1.0,932.1909,251.0897,1.0,948.82324,252.59705,1.0,981.75604,252.52037,1.0,997.97815,249.96991,1.0,1011.71344,249.70277,1.0,1021.5961,252.78004,1.0,1027.8027,257.89426,1.0,966.05927,276.8504,1.0,966.54297,290.82367,1.0,967.00665,299.9027,1.0,967.34973,307.05792,1.0,954.3931,315.99506,1.0,958.9356,318.75943,1.0,967.3897,318.9096,1.0,975.509,318.41864,1.0,980.00464,315.27307,1.0,918.3276,274.45605,1.0,925.2492,270.6126,1.0,936.2347,269.8648,1.0,947.14557,274.9598,1.0,938.28357,276.46664,1.0,928.0699,277.18845,1.0,983.667,274.6152,1.0,995.6931,268.16898,1.0,1006.83374,268.29584,1.0,1013.0224,272.03445,1.0,1003.3973,275.49896,1.0,993.0015,275.4298,1.0,945.33417,346.08698,1.0,952.1296,335.51202,1.0,959.16284,332.359,1.0,967.1253,333.34406,1.0,975.2589,332.18228,1.0,982.6982,335.4786,1.0,990.55,347.30685,1.0,988.3627,354.2013,1.0,976.1381,360.59384,1.0,966.71747,361.47452,1.0,957.8584,360.51425,1.0,946.99347,353.35583,1.0,948.54584,345.95078,1.0,961.34705,340.5383,1.0,966.821,340.4582,1.0,972.7348,340.71793,1.0,987.4688,347.17566,1.0,973.31854,350.72913,1.0,967.297,350.83762,1.0,961.2635,350.3417,1.0,933.4549,273.0452,1.0,1000.60266,271.24002,1.0,967.8907,322.51074,0.99594176,977.23663,433.7827,0.99882174,832.67444,433.2507,0.99882174,733.4697,631.6541,0.6278933,813.6108,403.15082,0.9703003,1121.7988,434.31473,0.99938345,1235.3132,630.0029,0.8883477,1142.7003,422.67236,0.94686633,975.7138,935.7318,0.9830342,874.4814,936.1411,0.98380244,882.0457,1244.9061,0.029035125,866.69275,1591.2587,0.01120384,1076.9463,935.3226,0.9830342,1065.8785,1296.4271,0.024538161,1044.158,1599.9257,0.0074567413,934.0964,287.3142,0.99500734,1006.8479,288.02655,0.9890392,913.5452,289.16754,0.9892927,1028.29,293.12405,0.9935198,1006.2145,1726.6101,0.007876251,1006.2145,1726.6101,0.007876251,1048.4873,1640.0425,0.00912234,897.325,1706.6975,0.0060409103,897.325,1706.6975,0.0060409103,862.4293,1648.0192,0.009519708,1134.2966,442.14453,1.0,1107.8694,426.09195,1.0,1094.5684,395.06454,1.0,1093.4109,372.91855,1.0,1092.3666,352.15918,1.0,1118.1337,357.39664,1.0,1114.8123,323.22766,1.0,1111.1038,301.97864,1.0,1110.6252,283.81586,1.0,1136.4398,361.066,1.0,1137.8713,326.52744,1.0,1122.0566,337.06903,1.0,1112.3368,353.30106,1.0,1153.7787,369.86737,1.0,1154.5842,341.33554,1.0,1137.24,352.17886,1.0,1128.4581,367.0222,1.0,1172.1814,382.8066,1.0,1173.6104,359.17444,1.0,1158.1937,364.2211,1.0,1147.6063,376.32718,1.0,819.21436,423.5024,1.0,843.27423,402.73758,1.0,856.0965,375.8945,1.0,865.84607,354.28134,1.0,877.7535,336.46463,1.0,830.07025,337.8584,1.0,839.3305,310.606,1.0,849.05634,294.7418,1.0,860.0951,280.46167,1.0,811.7328,336.51044,1.0,814.20734,307.82224,1.0,822.6365,293.57257,1.0,834.32574,281.52173,1.0,794.23096,342.5349,1.0,792.4525,315.26053,1.0,799.59424,298.96747,1.0,811.3796,285.76544,1.0,777.7732,355.32596,1.0,766.8714,333.5451,1.0,769.0528,318.79257,1.0,777.70984,306.41705,1.0
890.8261,276.7811,1.0,892.64716,288.92145,1.0,894.0013,301.86118,1.0,900.01514,323.6544,1.0,906.4043,337.8582,1.0,915.87445,354.00797,1.0,923.3313,362.74234,1.0,940.0139,375.00113,1.0,967.07434,380.43784,1.0,995.4112,373.51785,1.0,1013.63153,359.94543,1.0,1022.2072,350.68893,1.0,1032.8379,333.7113,1.0,1041.6697,311.18137,1.0,1043.5203,296.7191,1.0,1043.5518,283.49338,1.0,1043.1086,271.36862,1.0,902.3407,260.21576,1.0,907.8523,254.31905,1.0,917.2648,250.35246,1.0,931.2222,249.3794,1.0,947.95197,250.77623,1.0,981.33954,250.47633,1.0,997.7977,247.82181,1.0,1011.66437,247.50148,1.0,1021.5731,250.53073,1.0,1027.8525,255.68123,1.0,965.5737,274.68765,1.0,966.166,288.2976,1.0,966.7637,297.2056,1.0,967.183,304.30115,1.0,954.5055,313.7122,1.0,958.98413,316.37805,1.0,967.3268,316.47278,1.0,975.38654,315.9608,1.0,979.787,312.79224,1.0,917.6713,272.9118,1.0,924.6926,269.21982,1.0,935.6662,268.3889,1.0,946.7267,273.04047,1.0,937.6723,274.59723,1.0,927.4449,275.38635,1.0,983.3254,272.45013,1.0,995.4001,266.30106,1.0,1006.5758,266.32733,1.0,1012.8978,269.76846,1.0,1003.2769,273.1292,1.0,992.84485,273.16168,1.0,945.0263,344.28104,1.0,952.0753,333.49857,1.0,959.2368,330.16022,1.0,967.259,331.15646,1.0,975.4852,329.94232,1.0,983.00037,333.3467,1.0,990.89844,345.30463,1.0,988.49347,352.11667,1.0,975.96814,358.4115,1.0,966.4831,359.30963,1.0,957.63904,358.4046,1.0,946.71063,351.44122,1.0,948.2343,344.1163,1.0,961.41003,338.63345,1.0,966.9271,338.49493,1.0,972.88116,338.76364,1.0,987.77246,345.16858,1.0,973.09015,348.32098,1.0,967.0516,348.4536,1.0,961.0281,347.9829,1.0,933.2062,271.42862,1.0,1000.39636,269.1237,1.0,966.20337,322.41077,0.99613684,979.33575,437.48315,0.99888164,832.95685,436.94577,0.99888164,732.692,636.6569,0.6268322,809.43317,410.25885,0.9727276,1125.7147,438.02054,0.9994169,1236.8932,643.3478,0.89369977,1139.7537,471.1808,0.95096964,975.7638,939.61224,0.98242426,874.56537,939.59235,0.98327714,880.368,1248.106,0.027734527,863.9943,1596.4546,0.0112431925,1076.9622,939.6322,0.98242426,1066.0004,1298.5319,0.023244081,1043.3293,1604.0206,0.0075203963,931.3121,287.20178,0.9952525,1006.1533,286.94205,0.98955554,913.4953,289.13522,0.98991656,1028.3485,292.70334,0.99387085,1005.8143,1728.2766,0.008166298,1005.8143,1728.2766,0.008166298,1047.5457,1644.6307,0.009522233,895.7693,1711.7882,0.006058527,895.7693,1711.7882,0.006058527,859.5645,1652.9242,0.009736463,1124.5747,471.97552,1.0,1100.3203,460.68924,1.0,1086.567,438.68048,1.0,1081.8297,421.117,1.0,1077.3676,404.48547,1.0,1109.6836,397.8522,1.0,1104.2418,368.24164,1.0,1097.9158,353.5487,1.0,1094.2825,339.58096,1.0,1127.291,402.37,1.0,1130.1793,372.6935,1.0,1113.9968,383.2806,1.0,1102.7974,398.34915,1.0,1143.8821,413.47366,1.0,1147.8715,390.30127,1.0,1130.5691,400.7295,1.0,1119.4104,414.08038,1.0,1160.9482,429.6123,1.0,1165.7711,410.29358,1.0,1150.4318,416.00937,1.0,1137.4926,426.40936,1.0,820.12665,426.71594,1.0,844.17175,408.59375,1.0,858.89276,382.197,1.0,869.16473,361.36362,1.0,883.05945,345.01544,1.0,831.9693,340.82654,1.0,842.0441,315.40976,1.0,855.8537,307.16788,1.0,871.2244,302.03235,1.0,812.2454,338.2349,1.0,811.764,307.56442,1.0,821.1384,292.15308,1.0,833.2879,279.64713,1.0,793.923,344.46484,1.0,787.8729,314.594,1.0,791.21216,296.03735,1.0,798.8643,278.6674,1.0,778.3401,358.4951,1.0,766.0024,336.93634,1.0,759.2665,320.27692,1.0,756.26965,303.3953,1.0
890.3261,276.22534,1.0,892.1057,288.3142,1.0,893.4863,301.2476,1.0,899.43994,323.02084,1.0,905.79816,337.1673,1.0,915.42505,353.1666,1.0,923.1158,361.73053,1.0,940.2084,373.71143,1.0,967.326,378.9459,1.0,995.39594,371.98734,1.0,1013.3214,358.58084,1.0,1021.61383,349.4344,1.0,1031.8309,332.60062,1.0,1040.3544,310.07867,1.0,1042.1237,295.61014,1.0,1042.2094,282.41348,1.0,1041.7462,270.28067,1.0,901.88495,259.738,1.0,907.318,253.87169,1.0,916.62683,249.84683,1.0,930.5419,248.72777,1.0,947.2705,249.91092,1.0,980.59875,249.1049,1.0,996.9188,246.43834,1.0,1010.71277,246.16371,1.0,1020.5454,249.24272,1.0,1026.7203,254.43875,1.0,965.0785,273.51486,1.0,965.7471,286.94684,1.0,966.34973,295.70926,1.0,966.8176,302.72446,1.0,954.42236,312.36813,1.0,958.78827,314.97644,1.0,967.0585,314.93787,1.0,974.9455,314.46475,1.0,979.20447,311.32162,1.0,917.06024,272.04037,1.0,923.8806,268.2433,1.0,934.7682,267.3146,1.0,946.1098,271.9799,1.0,936.9207,273.64822,1.0,926.67334,274.46542,1.0,982.431,271.14853,1.0,994.33905,264.8897,1.0,1005.41895,264.84216,1.0,1011.79834,268.2999,1.0,1002.3675,271.67554,1.0,991.9789,271.82498,1.0,944.629,343.02176,1.0,951.8564,332.07437,1.0,958.9918,328.64075,1.0,966.9631,329.59647,1.0,975.0483,328.32733,1.0,982.51294,331.74033,1.0,990.5577,343.66153,1.0,988.0983,350.37103,1.0,975.7451,356.7453,1.0,966.3581,357.71194,1.0,957.52716,356.91928,1.0,946.4262,350.1389,1.0,947.83057,342.8323,1.0,961.2755,337.15393,1.0,966.7666,336.97186,1.0,972.6738,337.19037,1.0,987.406,343.48712,1.0,972.75745,346.6016,1.0,966.7493,346.78198,1.0,960.7706,346.3965,1.0,932.1678,270.4323,1.0,999.1982,267.69855,1.0,966.32996,322.14673,0.99639016,980.30615,437.56363,0.99895024,832.7695,437.46707,0.99895024,733.4088,639.8293,0.63657755,807.027,413.61566,0.9751301,1127.8428,437.66016,0.99946165,1234.7173,664.73,0.90054053,1140.8123,532.26575,0.95519555,976.11633,940.5339,0.98163015,874.58905,940.53613,0.98223764,880.3995,1248.0188,0.02640586,864.17126,1597.304,0.011052876,1077.6437,940.5316,0.98163015,1068.0227,1296.6211,0.02241538,1043.4033,1603.8416,0.007691578,930.7087,286.87283,0.99555784,1005.7987,286.59583,0.9902688,913.48566,288.97433,0.9905585,1028.1367,290.0142,0.99431634,1005.77386,1727.2675,0.008583278,1005.77386,1727.2675,0.008583278,1048.9847,1645.1946,0.010142409,896.03174,1712.5818,0.0059528416,896.03174,1712.5818,0.0059528416,859.5971,1653.6907,0.009895992,1149.6774,412.1787,1.0,1163.3176,441.8133,1.0,1169.0493,473.9777,1.0,1165.7667,494.7801,1.0,1162.217,500.74393,1.0,1169.8705,464.0066,1.0,1162.6289,489.37857,1.0,1147.9784,506.6654,1.0,1136.3285,517.27875,1.0,1151.6593,452.65625,1.0,1139.1237,471.85892,1.0,1120.3801,491.06656,1.0,1107.9567,499.23788,1.0,1131.7104,440.0934,1.0,1120.969,454.18823,1.0,1103.9578,470.01007,1.0,1091.6764,480.60052,1.0,1113.2982,429.5404,1.0,1096.3118,436.74176,1.0,1084.1527,440.7844,1.0,1072.5856,441.97464,1.0,818.5381,423.69705,1.0,842.4248,403.8171,1.0,857.3339,375.35507,1.0,867.10126,353.89786,1.0,880.16077,336.43478,1.0,829.3749,336.31873,1.0,836.4703,309.54218,1.0,850.86163,304.2721,1.0,866.28253,304.6654,1.0,810.3767,334.03003,1.0,809.3044,303.35046,1.0,819.12463,284.7987,1.0,830.5021,270.29218,1.0,792.7669,339.98242,1.0,785.8773,307.8037,1.0,788.0322,285.7399,1.0,793.6811,266.91675,1.0,777.486,352.68893,1.0,761.7661,329.71014,1.0,750.7953,312.4715,1.0,742.8946,295.53345,1.0
889.82605,275.6696,1.0,891.5642,287.70697,1.0,892.97144,300.634,1.0,898.8648,322.3873,1.0,905.192,336.4764,1.0,914.97565,352.32526,1.0,922.9003,360.71872,1.0,940.4028,372.42172,1.0,967.57764,377.45395,1.0,995.38074,370.45682,1.0,1013.01135,357.21628,1.0,1021.0205,348.17984,1.0,1030.8239,331.48993,1.0,1039.0391,308.97595,1.0,1040.7272,294.50122,1.0,1040.867,281.33356,1.0,1040.3838,269.1927,1.0,901.4292,259.26028,1.0,906.7837,253.42433,1.0,915.98895,249.34119,1.0,929.8615,248.07614,1.0,946.5891,249.0456,1.0,979.858,247.73346,1.0,996.04,245.05487,1.0,1009.7611,244.82594,1.0,1019.51764,247.95473,1.0,1025.5881,253.19626,1.0,964.5833,272.34207,1.0,965.32806,285.59604,1.0,965.9358,294.21295,1.0,966.4523,301.1478,1.0,954.33923,311.02405,1.0,958.59247,313.5748,1.0,966.79016,313.40295,1.0,974.50446,312.96872,1.0,978.62195,309.851,1.0,916.44916,271.16898,1.0,923.06854,267.26672,1.0,933.8702,266.24033,1.0,945.49286,270.9193,1.0,936.1691,272.69925,1.0,925.9018,273.5445,1.0,981.5367,269.84692,1.0,993.278,263.47836,1.0,1004.2621,263.357,1.0,1010.6988,266.83133,1.0,1001.45807,270.2219,1.0,991.1129,270.4883,1.0,944.23175,341.7625,1.0,951.63745,330.6502,1.0,958.7468,327.1213,1.0,966.6672,328.0365,1.0,974.6113,326.71234,1.0,982.0255,330.13397,1.0,990.2169,342.01843,1.0,987.7031,348.62537,1.0,975.5221,355.0791,1.0,966.2331,356.1143,1.0,957.4153,355.43393,1.0,946.1418,348.83658,1.0,947.42676,341.54834,1.0,961.1409,335.67438,1.0,966.6061,335.44882,1.0,972.4665,335.6171,1.0,987.0396,341.80566,1.0,972.42474,344.8822,1.0,966.447,345.11035,1.0,960.5131,344.8101,1.0,931.12933,269.436,1.0,998.0,266.27344,1.0,965.55475,321.83414,0.99663603,980.2767,437.3649,0.9990094,832.7302,437.42053,0.9990094,734.999,639.6959,0.65707636,806.88275,411.56033,0.97727275,1127.8231,437.30927,0.9995036,1232.3091,670.5364,0.90747076,1142.7081,587.9048,0.9589328,976.18567,940.4879,0.98168224,874.5742,940.4985,0.9821521,880.43335,1243.4077,0.026451394,864.2284,1597.0835,0.011085148,1077.7971,940.4774,0.98168224,1072.7554,1291.6,0.022406721,1043.9927,1603.682,0.0077255014,929.5804,286.60938,0.9958404,1003.43695,286.53598,0.9909651,913.3883,288.8918,0.9910972,1027.2493,289.5293,0.9947398,1003.05334,1726.816,0.008658953,1003.05334,1726.816,0.008658953,1051.0394,1644.1466,0.010201684,895.4803,1711.4598,0.0059555904,895.4803,1711.4598,0.0059555904,860.1341,1653.2483,0.010005088,1145.4255,529.2066,1.0,1133.1808,546.505,1.0,1123.3953,565.9391,1.0,1113.4766,582.3132,1.0,1106.5054,591.8817,1.0,1132.9102,551.82043,1.0,1125.2273,572.67377,1.0,1113.9136,590.226,1.0,1104.8651,604.703,1.0,1134.7021,546.5615,1.0,1125.8557,574.2982,1.0,1111.6836,596.5825,1.0,1100.9163,610.8804,1.0,1134.6808,542.88873,1.0,1128.5466,569.9048,1.0,1116.2439,590.3656,1.0,1106.2865,605.5476,1.0,1133.9458,541.7838,1.0,1126.3243,563.71295,1.0,1117.3086,576.2746,1.0,1107.8787,585.6107,1.0,817.5169,408.9664,1.0,841.2422,387.64688,1.0,853.98566,359.1928,1.0,862.65814,336.64648,1.0,872.4587,317.65085,1.0,824.9575,321.82022,1.0,832.7254,295.1961,1.0,847.4055,291.48627,1.0,861.1842,294.34808,1.0,806.268,318.48358,1.0,805.32635,285.94223,1.0,814.5838,265.40604,1.0,824.023,249.18115,1.0,788.6978,323.90497,1.0,781.25024,291.20013,1.0,781.8915,267.30783,1.0,785.22687,247.08858,1.0,773.23645,337.0495,1.0,756.8067,313.56418,1.0,745.44604,296.118,1.0,736.70575,279.6214,1.0
889.326,275.11383,1.0,891.0227,287.0997,1.0,892.4565,300.02042,1.0,898.2897,321.75375,1.0,904.5859,335.78552,1.0,914.52625,351.4839,1.0,922.6848,359.7069,1.0,940.59717,371.13202,1.0,967.82935,375.96204,1.0,995.3655,368.92633,1.0,1012.70123,355.85168,1.0,1020.4272,346.9253,1.0,1029.8169,330.37924,1.0,1037.7238,307.87326,1.0,1039.3306,293.39227,1.0,1039.5245,280.25366,1.0,1039.0214,268.10474,1.0,900.9735,258.78253,1.0,906.24945,252.97696,1.0,915.351,248.83556,1.0,929.1812,247.42451,1.0,945.90765,248.18027,1.0,979.1172,246.36203,1.0,995.1611,243.67139,1.0,1008.8095,243.48817,1.0,1018.4899,246.66673,1.0,1024.4558,251.95378,1.0,964.0881,271.16928,1.0,964.9091,284.24527,1.0,965.52185,292.7166,1.0,966.0869,299.57114,1.0,954.2561,309.67996,1.0,958.39667,312.1732,1.0,966.52185,311.868,1.0,974.0634,311.47272,1.0,978.0394,308.3804,1.0,915.83813,270.29755,1.0,922.2565,266.2902,1.0,932.9721,265.16605,1.0,944.876,269.85873,1.0,935.41754,271.75024,1.0,925.13025,272.62357,1.0,980.64233,268.54532,1.0,992.217,262.06702,1.0,1003.1053,261.87183,1.0,1009.5993,265.36273,1.0,1000.54865,268.76825,1.0,990.24695,269.1516,1.0,943.8345,340.50323,1.0,951.4185,329.226,1.0,958.5018,325.60184,1.0,966.3713,326.4765,1.0,974.1744,325.09735,1.0,981.5381,328.5276,1.0,989.87616,340.3753,1.0,987.308,346.87973,1.0,975.29913,353.4129,1.0,966.10803,354.5166,1.0,957.30347,353.94858,1.0,945.8573,347.53424,1.0,947.023,340.26437,1.0,961.0064,334.19485,1.0,966.4455,333.92578,1.0,972.25916,334.0438,1.0,986.67316,340.1242,1.0,972.09204,343.1628,1.0,966.1448,343.43872,1.0,960.2557,343.22366,1.0,930.0909,268.43973,1.0,996.8018,264.84833,1.0,964.525,319.25613,0.9968532,980.0829,437.25388,0.999032,832.4656,437.37274,0.999032,736.6895,632.8135,0.6744144,808.9931,393.51132,0.9792282,1127.7002,437.13504,0.9995381,1217.5328,669.5548,0.91160595,1141.6261,636.5134,0.9619194,976.559,940.55853,0.9816841,874.8571,940.7929,0.98185647,880.4863,1241.404,0.025279116,866.2074,1596.893,0.010871705,1078.261,940.3242,0.9816841,1075.4741,1289.3737,0.02154028,1044.5721,1603.5276,0.007920051,928.415,285.35098,0.99608755,1000.872,284.90552,0.9915928,912.4943,288.42804,0.991596,1026.1796,288.46384,0.9951328,1003.2576,1726.1305,0.0089438725,1003.2576,1726.1305,0.0089438725,1051.9154,1643.6112,0.0105452,895.57965,1711.7534,0.0058411295,895.57965,1711.7534,0.0058411295,863.7359,1652.8169,0.010021545,1141.1738,646.23456,1.0,1103.0441,651.1967,1.0,1077.7413,657.9005,1.0,1061.1865,669.8463,1.0,1050.7936,683.01953,1.0,1095.95,639.6342,1.0,1087.8258,655.969,1.0,1079.8489,673.78656,1.0,1073.4017,692.12726,1.0,1117.7449,640.4668,1.0,1112.5879,676.73755,1.0,1102.9869,702.09845,1.0,1093.876,722.5229,1.0,1137.6511,645.684,1.0,1136.1241,685.62134,1.0,1128.5302,710.7211,1.0,1120.8965,730.4947,1.0,1154.5934,654.0272,1.0,1156.337,690.6841,1.0,1150.4644,711.7648,1.0,1143.1716,729.24677,1.0,819.68756,389.01517,1.0,843.2475,364.40518,1.0,855.9466,335.7237,1.0,862.14087,311.74213,1.0,871.6255,291.86914,1.0,825.374,301.08997,1.0,832.6948,274.98782,1.0,846.93134,272.1072,1.0,860.4104,275.43646,1.0,806.5915,297.58563,1.0,805.1841,263.8807,1.0,812.5075,242.83414,1.0,819.5131,224.8241,1.0,789.14557,302.6024,1.0,780.7151,268.8665,1.0,779.64874,245.17888,1.0,780.90216,225.06013,1.0,773.5497,315.79843,1.0,755.94525,292.6886,1.0,744.3113,275.96045,1.0,734.93024,260.5856,1.0
882.7101,273.79706,1.0,884.5298,286.37653,1.0,886.4711,299.86493,1.0,893.84406,322.4596,1.0,901.3678,336.96606,1.0,913.00195,352.8642,1.0,922.04834,360.83307,1.0,940.7443,371.66785,1.0,968.3991,376.38425,1.0,995.73804,369.9318,1.0,1012.75946,357.24774,1.0,1020.2741,348.34488,1.0,1029.3107,331.64764,1.0,1036.8925,308.80228,1.0,1038.466,293.9915,1.0,1038.6667,280.43292,1.0,1038.1821,267.8262,1.0,897.29376,257.10303,1.0,903.4382,251.28151,1.0,913.22797,247.48337,1.0,927.2011,246.6799,1.0,943.8773,247.94862,1.0,977.0243,246.99084,1.0,992.78436,244.22368,1.0,1006.4527,243.74597,1.0,1016.5928,246.67761,1.0,1023.3359,251.88547,1.0,962.23517,270.86356,1.0,963.16016,284.1805,1.0,963.737,292.83453,1.0,964.3109,299.80023,1.0,953.0965,310.16898,1.0,957.16266,312.66232,1.0,964.9667,312.30075,1.0,972.3717,312.08838,1.0,976.20056,309.1793,1.0,912.9051,269.4765,1.0,919.90985,265.50186,1.0,930.36865,264.66666,1.0,941.5872,269.48938,1.0,932.63794,271.40927,1.0,922.59143,272.1324,1.0,980.7664,268.69946,1.0,991.7351,262.33813,1.0,1002.3049,262.20944,1.0,1009.05475,265.86328,1.0,1000.17664,269.20718,1.0,990.15466,269.42978,1.0,942.97736,340.35635,1.0,950.5332,329.7495,1.0,957.42377,326.33258,1.0,965.341,327.32236,1.0,973.10345,325.86444,1.0,980.66046,329.04626,1.0,989.9904,340.343,1.0,987.4608,346.65192,1.0,975.3733,353.08432,1.0,966.0769,354.10107,1.0,957.21954,353.44858,1.0,945.7082,346.99384,1.0,946.0124,340.1119,1.0,960.05194,334.77045,1.0,965.5935,334.56247,1.0,971.48645,334.64966,1.0,986.92645,340.12067,1.0,972.00134,342.80255,1.0,965.911,343.0804,1.0,959.871,342.78677,1.0,927.27374,267.60947,1.0,996.35754,264.99423,1.0,958.6236,316.84033,0.99698895,980.6893,436.92996,0.99903554,833.57,436.88495,0.99903554,740.10925,615.4065,0.69469965,809.92224,375.53766,0.9809819,1127.8085,436.97495,0.9995643,1209.0317,666.3291,0.91367835,1136.7511,691.0983,0.9635452,977.58136,939.847,0.9817326,876.6749,940.5072,0.9817326,882.764,1239.5054,0.024372708,873.1873,1595.6191,0.01069006,1078.4878,939.18677,0.98184997,1075.2125,1289.216,0.02132447,1044.9188,1603.1437,0.008338084,923.7897,282.47235,0.99621147,993.1171,282.4083,0.9920185,912.06445,288.3948,0.9918337,1021.9503,287.38193,0.9954223,1003.36383,1725.0751,0.009516689,1003.36383,1725.0751,0.009516689,1053.2601,1643.5562,0.010929913,895.86945,1710.9448,0.0058190203,895.86945,1710.9448,0.0058190203,874.0888,1650.4823,0.00997533,1136.6685,707.61755,1.0,1098.7062,716.13367,1.0,1076.8866,734.66113,1.0,1065.9395,755.97974,1.0,1055.6985,773.1767,1.0,1094.9475,732.3049,1.0,1089.2755,762.6043,1.0,1083.9779,782.59705,1.0,1079.5739,800.8803,1.0,1118.9059,734.08636,1.0,1114.9391,776.49854,1.0,1108.6322,802.9132,1.0,1102.6084,823.4682,1.0,1139.7124,736.87836,1.0,1138.808,779.37335,1.0,1133.7559,805.42993,1.0,1128.4243,825.328,1.0,1156.2565,739.9329,1.0,1158.142,777.4637,1.0,1154.0355,799.17194,1.0,1148.1293,816.6773,1.0,831.8342,365.33035,1.0,854.6107,339.92767,1.0,865.2329,310.938,1.0,871.6714,286.45047,1.0,879.82947,266.04733,1.0,833.4496,280.27106,1.0,842.55145,255.54486,1.0,858.00977,251.45457,1.0,871.7094,252.93956,1.0,815.0144,275.94904,1.0,813.3032,241.6233,1.0,819.8313,218.75565,1.0,825.3532,198.78249,1.0,798.3089,280.25305,1.0,787.6635,246.99118,1.0,786.6039,223.6817,1.0,786.7842,203.5846,1.0,784.6647,292.56696,1.0,765.79126,270.77396,1.0,753.8698,254.90858,1.0,743.43414,240.25063,1.0
876.09424,272.4803,1.0,878.0369,285.65332,1.0,880.4858,299.70944,1.0,889.39844,323.16547,1.0,898.14966,338.1466,1.0,911.47766,354.24448,1.0,921.41187,361.95923,1.0,940.8915,372.20367,1.0,968.96893,376.8065,1.0,996.11053,370.93726,1.0,1012.8177,358.64383,1.0,1020.12103,349.7645,1.0,1028.8046,332.91608,1.0,1036.061,309.73132,1.0,1037.6012,294.59067,1.0,1037.809,280.61218,1.0,1037.3429,267.54767,1.0,893.614,255.42355,1.0,900.6269,249.58606,1.0,911.105,246.13118,1.0,925.22107,245.93527,1.0,941.84705,247.71696,1.0,974.9314,247.61966,1.0,990.4077,244.77597,1.0,1004.0959,244.00378,1.0,1014.6956,246.68849,1.0,1022.21594,251.81714,1.0,960.38226,270.55783,1.0,961.4112,284.11578,1.0,961.95215,292.95242,1.0,962.535,300.02933,1.0,951.9369,310.658,1.0,955.9287,313.15143,1.0,963.41156,312.7335,1.0,970.68005,312.70407,1.0,974.36176,309.97818,1.0,909.9721,268.65546,1.0,917.5633,264.71353,1.0,927.7652,264.16727,1.0,938.29846,269.12006,1.0,929.8583,271.06833,1.0,920.0526,271.64117,1.0,980.89056,268.85358,1.0,991.2533,262.60928,1.0,1001.5045,262.5471,1.0,1008.51025,266.36383,1.0,999.8047,269.64612,1.0,990.0624,269.70795,1.0,942.1203,340.20944,1.0,949.6479,330.273,1.0,956.3457,327.06332,1.0,964.3107,328.16818,1.0,972.0326,326.63153,1.0,979.7829,329.56494,1.0,990.1047,340.31064,1.0,987.6137,346.42407,1.0,975.4475,352.75574,1.0,966.0458,353.68552,1.0,957.1356,352.94858,1.0,945.55914,346.45343,1.0,945.00183,339.95947,1.0,959.0974,335.34604,1.0,964.74146,335.19916,1.0,970.71375,335.2555,1.0,987.1798,340.11713,1.0,971.9107,342.4423,1.0,965.67725,342.72208,1.0,959.4862,342.34988,1.0,924.45667,266.7792,1.0,995.91327,265.1401,1.0,958.42834,315.87485,0.9968986,982.65265,436.13293,0.9988729,838.11487,435.64294,0.9988729,751.33203,594.3928,0.7093992,819.4698,351.35672,0.98241735,1127.1904,436.62292,0.9995801,1201.1132,665.01306,0.91790867,1136.5498,748.67126,0.9657843,978.0372,939.2898,0.98101735,877.9193,940.43915,0.98101735,882.5119,1239.3693,0.023136172,873.2494,1595.3663,0.01039962,1078.155,938.1404,0.98188007,1073.883,1289.1135,0.020269696,1045.002,1602.8468,0.0083199,923.03406,280.79614,0.99589723,989.0813,280.8751,0.99186075,911.29913,288.36462,0.99114305,1020.0387,285.8483,0.9954762,1000.1555,1724.6116,0.009488242,1000.1555,1724.6116,0.009488242,1053.2323,1643.2959,0.010807769,896.0537,1710.641,0.005699871,896.0537,1710.641,0.005699871,873.94135,1649.1039,0.009842215,1132.1632,769.00055,1.0,1094.3684,781.07056,1.0,1076.0319,811.4217,1.0,1070.6924,842.1131,1.0,1060.6035,863.3338,1.0,1093.9451,824.9755,1.0,1090.7252,869.23956,1.0,1088.1069,891.40753,1.0,1085.746,909.6334,1.0,1120.0668,827.70593,1.0,1117.2903,876.25946,1.0,1114.2775,903.72797,1.0,1111.3408,924.4136,1.0,1141.7737,828.07275,1.0,1141.4918,873.1254,1.0,1138.9814,900.1387,1.0,1135.9523,920.1614,1.0,1157.9197,825.8386,1.0,1159.9468,864.2433,1.0,1157.6066,886.5791,1.0,1153.0869,904.1078,1.0,852.09235,345.11472,1.0,874.62366,322.99576,1.0,884.6312,293.15112,1.0,891.6452,267.77258,1.0,901.9303,246.96074,1.0,854.26025,261.45288,1.0,864.3393,239.5441,1.0,880.2056,236.3503,1.0,894.9169,238.34177,1.0,836.20593,257.53433,1.0,834.8952,223.35735,1.0,841.6661,201.21838,1.0,848.69543,182.72162,1.0,819.8946,262.51517,1.0,807.9573,229.19904,1.0,806.3272,206.54463,1.0,807.3858,186.49026,1.0,806.2644,275.72232,1.0,787.3722,253.36552,1.0,774.68915,237.61404,1.0,764.7212,223.09138,1.0
869.47833,271.1635,1.0,871.544,284.93015,1.0,874.50037,299.55396,1.0,884.9528,323.8713,1.0,894.9315,339.32712,1.0,909.95337,355.62476,1.0,920.7754,363.0854,1.0,941.03864,372.7395,1.0,969.53876,377.2287,1.0,996.4831,371.94272,1.0,1012.8759,360.0399,1.0,1019.968,351.18408,1.0,1028.2983,334.1845,1.0,1035.2297,310.66034,1.0,1036.7366,295.18988,1.0,1036.9512,280.79144,1.0,1036.5037,267.26913,1.0,889.93427,253.74406,1.0,897.8157,247.89061,1.0,908.98193,244.77899,1.0,923.241,245.19066,1.0,939.8167,247.4853,1.0,972.8385,248.24847,1.0,988.031,245.32826,1.0,1001.7391,244.2616,1.0,1012.7984,246.69937,1.0,1021.09595,251.74883,1.0,958.5293,270.2521,1.0,959.66223,284.05103,1.0,960.16736,293.07034,1.0,960.759,300.25842,1.0,950.7773,311.147,1.0,954.6947,313.64056,1.0,961.8564,313.16623,1.0,968.9884,313.31973,1.0,972.5229,310.77707,1.0,907.0391,267.8344,1.0,915.2167,263.9252,1.0,925.1617,263.66788,1.0,935.00964,268.75073,1.0,927.0786,270.72736,1.0,917.5138,271.15,1.0,981.01465,269.00772,1.0,990.7714,262.8804,1.0,1000.7041,262.8847,1.0,1007.96576,266.86435,1.0,999.43274,270.08505,1.0,989.97015,269.9861,1.0,941.2632,340.06253,1.0,948.7626,330.7965,1.0,955.2677,327.79407,1.0,963.2805,329.01404,1.0,970.9617,327.39862,1.0,978.9053,330.08362,1.0,990.21893,340.27832,1.0,987.76654,346.19623,1.0,975.5217,352.42712,1.0,966.0146,353.27,1.0,957.05176,352.44858,1.0,945.41003,345.91302,1.0,943.9913,339.807,1.0,958.14294,335.92166,1.0,963.8894,335.83585,1.0,969.9411,335.86136,1.0,987.4331,340.1136,1.0,971.82,342.082,1.0,965.4434,342.36377,1.0,959.1015,341.913,1.0,921.6395,265.94894,1.0,995.469,265.286,1.0,959.43396,315.67197,0.99672765,982.85657,434.02594,0.99857056,838.5807,431.53204,0.99857056,766.4486,580.34705,0.72621745,846.6351,339.71884,0.98377955,1127.1323,436.51984,0.9995955,1196.761,665.8179,0.92393553,1136.2723,809.74866,0.96860784,978.0303,937.1345,0.97946674,878.13745,940.3878,0.97946674,882.5182,1240.9626,0.022540227,873.43256,1597.7566,0.010583785,1077.9231,933.8812,0.9815996,1072.2804,1290.8906,0.0195101,1045.0609,1602.6704,0.008407566,923.8314,278.42654,0.9954564,989.421,280.51355,0.99157596,907.83997,288.3392,0.99013823,1019.78265,285.5556,0.9954782,996.7295,1724.241,0.009441446,996.7295,1724.241,0.009441446,1053.3922,1643.2368,0.010779964,897.39667,1712.6036,0.005814932,897.39667,1712.6036,0.005814932,873.8258,1651.2306,0.0100222165,1141.7108,796.18616,1.0,1103.3848,818.41223,1.0,1082.5527,851.95886,1.0,1076.9995,884.5615,1.0,1070.4817,908.36346,1.0,1101.9736,865.93976,1.0,1101.6395,903.8337,1.0,1099.1276,926.0372,1.0,1096.7002,945.14984,1.0,1126.8561,871.09766,1.0,1125.8497,910.32056,1.0,1122.8027,933.79175,1.0,1118.4402,951.6391,1.0,1147.9515,873.358,1.0,1147.748,909.8615,1.0,1145.3955,933.5368,1.0,1141.5687,951.064,1.0,1163.6748,873.0398,1.0,1163.2975,907.58997,1.0,1161.4579,926.6972,1.0,1158.2294,941.1827,1.0,878.8549,339.3505,1.0,899.0874,315.61963,1.0,908.7991,287.66122,1.0,918.02844,264.7375,1.0,929.77057,244.14624,1.0,879.98535,257.8268,1.0,893.33575,235.34177,1.0,909.73773,232.02435,1.0,924.0863,235.07126,1.0,864.6085,252.17874,1.0,865.4316,219.00044,1.0,873.50757,196.63394,1.0,880.5816,177.20125,1.0,849.52576,254.69992,1.0,840.1682,221.48303,1.0,839.89734,199.19897,1.0,841.875,179.71324,1.0,836.5653,264.711,1.0,818.4474,242.76569,1.0,806.48206,227.09299,1.0,796.91364,212.72845,1.0
872.01324,272.78525,1.0,874.13983,286.55762,1.0,877.2287,301.17877,1.0,887.8577,325.39487,1.0,897.91614,340.72522,1.0,913.0122,356.8621,1.0,923.8522,364.2772,1.0,944.0689,373.8598,1.0,972.30725,378.089,1.0,998.7918,372.4145,1.0,1014.8084,360.23593,1.0,1021.7087,351.31595,1.0,1029.7682,334.3021,1.0,1036.5067,310.81024,1.0,1038.0228,295.38297,1.0,1038.2145,281.0524,1.0,1037.8384,267.59427,1.0,892.4396,255.10648,1.0,900.27966,249.13115,1.0,911.4415,245.88654,1.0,925.76105,246.1481,1.0,942.35114,248.31761,1.0,975.4009,248.80408,1.0,990.5968,245.84254,1.0,1004.3151,244.72621,1.0,1015.3439,247.11816,1.0,1023.3143,252.11073,1.0,961.227,271.02756,1.0,962.4721,284.8392,1.0,963.04395,293.875,1.0,963.6528,301.08453,1.0,953.17957,311.93246,1.0,957.2601,314.39096,1.0,964.668,313.92978,1.0,971.8914,313.96173,1.0,975.45825,311.36108,1.0,909.57654,268.90622,1.0,917.81055,264.94507,1.0,927.86554,264.6538,1.0,937.7984,269.68283,1.0,929.7209,271.72485,1.0,920.117,272.1937,1.0,982.7819,269.54178,1.0,992.5916,263.33347,1.0,1002.59375,263.21732,1.0,1009.8153,267.08853,1.0,1001.41675,270.48035,1.0,991.85876,270.5159,1.0,944.0149,341.0167,1.0,951.36487,331.46753,1.0,957.9273,328.41315,1.0,965.9265,329.54514,1.0,973.59717,327.9615,1.0,981.51227,330.66983,1.0,992.2636,341.08917,1.0,990.138,347.05185,1.0,978.13165,353.45694,1.0,968.6511,354.40646,1.0,959.6532,353.64896,1.0,947.9257,347.08252,1.0,946.7823,340.73407,1.0,960.785,336.46497,1.0,966.4646,336.36368,1.0,972.4772,336.3525,1.0,989.4403,340.9155,1.0,974.39044,343.04953,1.0,968.08606,343.38837,1.0,961.77527,342.99384,1.0,924.14856,266.9975,1.0,997.45386,265.72308,1.0,960.80304,308.75073,0.9968561,981.1363,431.52917,0.99841654,835.6789,426.6558,0.99841654,776.33484,578.61694,0.73725116,875.26825,340.46075,0.9842463,1126.5938,436.40253,0.99961627,1191.7202,665.7547,0.9286494,1138.7402,841.10156,0.9701867,977.7221,933.8358,0.97926575,878.13745,939.13837,0.97926575,882.49585,1242.439,0.025746265,877.86725,1600.3881,0.011621831,1077.3068,928.5332,0.98208123,1072.2781,1290.8834,0.02204388,1049.6755,1602.9164,0.009045349,926.60016,272.04688,0.9955486,989.6394,277.1485,0.9919335,908.1742,286.66043,0.9902224,1019.7456,283.41245,0.9957261,998.4589,1723.65,0.009903664,998.4589,1723.65,0.009903664,1059.627,1643.3679,0.010930827,909.2564,1713.489,0.006434174,909.2564,1713.489,0.006434174,878.06665,1653.1893,0.010470353,1142.7377,826.77985,1.0,1104.6696,855.2631,1.0,1086.7606,888.2369,1.0,1083.3286,920.3597,1.0,1077.4818,944.1153,1.0,1106.5233,905.3648,1.0,1107.3091,943.2386,1.0,1105.4928,964.69684,1.0,1103.4537,982.8903,1.0,1131.5195,909.31177,1.0,1130.9838,948.77295,1.0,1127.4271,970.70483,1.0,1122.4415,985.7993,1.0,1152.3643,910.2761,1.0,1151.6847,947.641,1.0,1148.0573,970.2135,1.0,1142.8995,986.1156,1.0,1167.7676,908.76984,1.0,1167.0718,943.90173,1.0,1164.401,962.13684,1.0,1160.0834,976.2506,1.0,904.2673,345.99667,1.0,925.82465,324.64935,1.0,939.486,297.54102,1.0,951.1665,276.0345,1.0,965.05133,257.76813,1.0,910.8736,264.84564,1.0,926.63745,244.53223,1.0,943.9953,242.96039,1.0,958.5287,246.9227,1.0,897.3531,258.63367,1.0,899.9914,224.48135,1.0,909.7372,202.18701,1.0,917.70496,183.37964,1.0,883.22375,260.01483,1.0,875.0853,225.71439,1.0,876.4165,204.12729,1.0,879.1422,185.08275,1.0,870.43176,269.012,1.0,853.4045,245.903,1.0,843.1929,229.98349,1.0,834.7191,215.75168,1.0
874.54816,274.40695,1.0,876.7357,288.18506,1.0,879.9571,302.8036,1.0,890.76263,326.91843,1.0,900.9007,342.1233,1.0,916.0711,358.09943,1.0,926.929,365.469,1.0,947.0992,374.98007,1.0,975.07574,378.94925,1.0,1001.10046,372.88626,1.0,1016.74084,360.43198,1.0,1023.44934,351.4478,1.0,1031.238,334.4197,1.0,1037.7837,310.9601,1.0,1039.3092,295.57605,1.0,1039.4778,281.31332,1.0,1039.1732,267.9194,1.0,894.9449,256.4689,1.0,902.7437,250.37167,1.0,913.9011,246.99408,1.0,928.28107,247.10555,1.0,944.88556,249.14992,1.0,977.96326,249.35968,1.0,993.1626,246.35681,1.0,1006.8911,245.19083,1.0,1017.88934,247.53694,1.0,1025.5326,252.47264,1.0,963.9246,271.803,1.0,965.282,285.62735,1.0,965.9206,294.67966,1.0,966.5466,301.91068,1.0,955.58185,312.71796,1.0,959.82544,315.14133,1.0,967.4797,314.69336,1.0,974.7945,314.6037,1.0,978.39355,311.9451,1.0,912.11395,269.97803,1.0,920.4044,265.96494,1.0,930.56934,265.63974,1.0,940.5871,270.6149,1.0,932.36316,272.72232,1.0,922.7202,273.2374,1.0,984.54913,270.07584,1.0,994.41174,263.78653,1.0,1004.48334,263.54996,1.0,1011.6649,267.31268,1.0,1003.4008,270.87567,1.0,993.74744,271.04565,1.0,946.7666,341.9709,1.0,953.96716,332.13852,1.0,960.5869,329.03223,1.0,968.5725,330.07626,1.0,976.2327,328.52435,1.0,984.1193,331.25604,1.0,994.3082,341.9,1.0,992.50946,347.90744,1.0,980.7416,354.48676,1.0,971.28766,355.5429,1.0,962.2546,354.84933,1.0,950.44135,348.252,1.0,949.57324,341.6611,1.0,963.42694,337.00827,1.0,969.0398,336.8915,1.0,975.0133,336.84366,1.0,991.44745,341.71738,1.0,976.9609,344.01706,1.0,970.7287,344.41296,1.0,964.4491,344.07468,1.0,926.6576,268.04602,1.0,999.4387,266.1602,1.0,961.99194,307.48853,0.9969763,979.99133,431.31516,0.99833894,834.2153,426.32904,0.99833894,784.38965,583.85333,0.755676,901.2944,344.5573,0.9853273,1125.7673,436.30124,0.9996349,1188.7205,668.1985,0.9340335,1142.0442,862.8318,0.97237116,977.56323,932.17303,0.97930205,878.13934,937.7184,0.97930205,882.9942,1242.9454,0.027623082,878.8597,1601.1953,0.012688266,1076.987,926.6277,0.9825811,1072.4396,1290.8053,0.02391642,1053.6091,1603.2448,0.009774827,926.83075,271.19235,0.99566,990.8861,276.5519,0.9922628,908.1604,285.98105,0.99039394,1019.5195,283.27798,0.9959452,1002.37726,1723.45,0.010266513,1002.37726,1723.45,0.010266513,1063.0874,1643.5885,0.011446832,913.8457,1713.5353,0.0069504925,913.8457,1713.5353,0.0069504925,878.2871,1654.4735,0.011270877,1144.7864,855.34595,1.0,1105.228,882.91187,1.0,1088.8878,916.3741,1.0,1085.946,948.9091,1.0,1077.9204,972.0499,1.0,1111.6697,940.85114,1.0,1110.2369,982.21027,1.0,1107.7742,1005.0969,1.0,1105.5304,1023.7564,1.0,1136.1774,943.2116,1.0,1134.4578,985.56354,1.0,1130.9622,1010.2723,1.0,1126.688,1027.734,1.0,1156.5914,941.09125,1.0,1156.0345,979.3703,1.0,1152.6992,1004.85406,1.0,1148.5764,1023.6096,1.0,1171.9191,935.5845,1.0,1172.3005,969.44617,1.0,1170.5151,988.9642,1.0,1166.9124,1005.1712,1.0,924.82306,364.61844,1.0,948.35046,347.7471,1.0,965.83154,322.33783,1.0,980.4072,303.19397,1.0,995.83057,287.67737,1.0,940.19116,285.49942,1.0,958.05237,268.00104,1.0,975.26587,270.8228,1.0,987.50665,278.09537,1.0,926.02924,278.18027,1.0,931.62115,244.78468,1.0,944.2713,223.88295,1.0,955.05176,206.86734,1.0,911.0685,279.41727,1.0,906.21814,243.94093,1.0,910.0463,221.50917,1.0,915.0363,203.19214,1.0,897.67773,288.87753,1.0,882.7571,263.27167,1.0,873.6625,245.19485,1.0,866.6232,229.6184,1.0
877.08307,276.02866,1.0,879.33154,289.81253,1.0,882.6854,304.4284,1.0,893.66754,328.442,1.0,903.88525,343.52136,1.0,919.13,359.33676,1.0,930.0058,366.6608,1.0,950.12946,376.10034,1.0,977.8443,379.8095,1.0,1003.4092,373.35803,1.0,1018.6733,360.62802,1.0,1025.19,351.57968,1.0,1032.7078,334.5373,1.0,1039.0605,311.11,1.0,1040.5955,295.76917,1.0,1040.7411,281.57428,1.0,1040.508,268.24457,1.0,897.45026,257.83133,1.0,905.2077,251.61221,1.0,916.3607,248.10161,1.0,930.801,248.06299,1.0,947.42,249.98222,1.0,980.52563,249.91528,1.0,995.7284,246.8711,1.0,1009.4671,245.65543,1.0,1020.4348,247.95573,1.0,1027.7509,252.83455,1.0,966.62225,272.57846,1.0,968.0919,286.41553,1.0,968.79724,295.4843,1.0,969.44037,302.7368,1.0,957.9842,313.50345,1.0,962.3908,315.89172,1.0,970.2913,315.4569,1.0,977.6976,315.2457,1.0,981.3289,312.5291,1.0,914.65137,271.0498,1.0,922.9983,266.9848,1.0,933.27313,266.62567,1.0,943.37585,271.547,1.0,935.00543,273.7198,1.0,925.3234,274.28113,1.0,986.31635,270.6099,1.0,996.23193,264.23962,1.0,1006.373,263.88257,1.0,1013.5145,267.53683,1.0,1005.3849,271.27097,1.0,995.6361,271.57544,1.0,949.5183,342.92505,1.0,956.5694,332.8095,1.0,963.2465,329.65128,1.0,971.21857,330.60736,1.0,978.8682,329.08722,1.0,986.7263,331.84225,1.0,996.35284,342.71085,1.0,994.88086,348.76303,1.0,983.35156,355.51657,1.0,973.9242,356.67938,1.0,964.856,356.0497,1.0,952.95703,349.4215,1.0,952.36426,342.58817,1.0,966.069,337.5516,1.0,971.615,337.4193,1.0,977.54944,337.3348,1.0,993.45465,342.51926,1.0,979.5313,344.9846,1.0,973.37134,345.43756,1.0,967.12286,345.15552,1.0,929.1666,269.09457,1.0,1001.4236,266.5973,1.0,969.7572,309.4573,0.9969357,978.47864,431.2927,0.99834776,831.7026,426.38724,0.99834776,785.0131,595.1142,0.7756983,914.3605,370.05292,0.9866972,1125.2548,436.19818,0.9996482,1185.8875,672.8624,0.93899614,1146.3997,882.3237,0.97461605,977.3076,932.1403,0.9786601,878.0854,937.6427,0.9786601,882.6248,1245.2444,0.029629901,878.1185,1604.5397,0.0145634245,1076.5299,926.63794,0.9823321,1072.6748,1291.2461,0.025153607,1054.812,1604.5865,0.010811219,936.5008,276.1723,0.9955996,996.694,279.1938,0.9921133,908.4425,286.0904,0.9903986,1019.668,284.33875,0.99595153,1004.5048,1724.0771,0.01093786,1004.5048,1724.0771,0.01093786,1063.4917,1645.1527,0.012451326,913.42773,1714.5842,0.007876947,913.42773,1714.5842,0.007876947,876.3298,1660.1559,0.012769319,1148.2007,882.0567,1.0,1109.2443,904.12103,1.0,1094.1362,935.87103,1.0,1090.1879,967.4673,1.0,1081.8378,989.85144,1.0,1116.747,963.9656,1.0,1113.7689,1007.2887,1.0,1111.1676,1030.7144,1.0,1108.8335,1048.4335,1.0,1140.7399,965.7501,1.0,1137.0619,1010.7548,1.0,1134.32,1036.7673,1.0,1131.9221,1055.721,1.0,1160.3876,962.4339,1.0,1158.6926,1004.1035,1.0,1155.118,1028.374,1.0,1151.9733,1046.1315,1.0,1175.1029,955.34454,1.0,1175.435,988.00256,1.0,1173.4973,1007.4335,1.0,1170.6461,1022.5478,1.0,932.922,390.58078,1.0,956.94165,377.4239,1.0,975.3704,353.98303,1.0,991.32684,334.94907,1.0,1008.2975,321.03583,1.0,954.1786,316.0877,1.0,972.82574,296.8842,1.0,989.71014,301.45502,1.0,1002.37714,310.21017,1.0,941.8308,308.7479,1.0,950.92926,272.9619,1.0,963.5347,253.08133,1.0,974.35,236.77554,1.0,927.4449,308.84503,1.0,925.80115,271.98972,1.0,930.63855,249.66373,1.0,936.3752,230.84386,1.0,913.706,316.67996,1.0,899.02576,290.76007,1.0,890.0268,273.17584,1.0,883.4305,257.0319,1.0
879.6179,277.6504,1.0,881.92737,291.43997,1.0,885.4138,306.05322,1.0,896.57245,329.96555,1.0,906.8699,344.91943,1.0,922.18884,360.57413,1.0,933.08264,367.8526,1.0,953.1597,377.22064,1.0,980.6128,380.66977,1.0,1005.7179,373.8298,1.0,1020.6057,360.82404,1.0,1026.9307,351.71158,1.0,1034.1776,334.65488,1.0,1040.3375,311.2599,1.0,1041.8818,295.96225,1.0,1042.0043,281.83524,1.0,1041.8428,268.5697,1.0,899.95557,259.19376,1.0,907.67175,252.85275,1.0,918.82025,249.20915,1.0,933.32104,249.02043,1.0,949.9544,250.81453,1.0,983.08795,250.47089,1.0,998.2942,247.38536,1.0,1012.04315,246.12004,1.0,1022.9803,248.37451,1.0,1029.9692,253.19646,1.0,969.3199,273.3539,1.0,970.9018,287.20367,1.0,971.6739,296.28897,1.0,972.33417,303.5629,1.0,960.3865,314.2889,1.0,964.9561,316.64212,1.0,973.10297,316.2205,1.0,980.60065,315.8877,1.0,984.2642,313.11313,1.0,917.1888,272.1216,1.0,925.59216,268.0047,1.0,935.977,267.6116,1.0,946.16455,272.4791,1.0,937.6477,274.7173,1.0,927.92664,275.32483,1.0,988.0836,271.14392,1.0,998.0521,264.6927,1.0,1008.2626,264.2152,1.0,1015.3641,267.76102,1.0,1007.3689,271.66626,1.0,997.5248,272.10522,1.0,952.27,343.8792,1.0,959.1717,333.48053,1.0,965.9061,330.27036,1.0,973.86456,331.1385,1.0,981.5037,329.6501,1.0,989.3333,332.42847,1.0,998.3975,343.5217,1.0,997.2523,349.61862,1.0,985.9615,356.5464,1.0,976.56067,357.81583,1.0,967.45746,357.2501,1.0,955.4727,350.59097,1.0,955.1553,343.5152,1.0,968.711,338.0949,1.0,974.1902,337.94714,1.0,980.0856,337.82596,1.0,995.46185,343.32117,1.0,982.10175,345.9521,1.0,976.014,346.46216,1.0,969.7967,346.23636,1.0,931.67566,270.1431,1.0,1003.4085,267.0344,1.0,970.52295,311.94315,0.9970879,978.2895,431.8764,0.99836403,831.15375,427.0843,0.99836403,783.29926,616.124,0.7908385,911.01416,404.12308,0.9877714,1125.4253,436.66852,0.99966085,1184.7428,675.40924,0.9428119,1151.2495,887.56714,0.9761836,976.8803,931.85583,0.97791797,877.53265,937.25354,0.97791797,882.65186,1247.4011,0.030690705,879.1478,1609.4364,0.01493351,1076.2279,926.4581,0.9820264,1072.9092,1294.002,0.025740864,1057.6108,1611.941,0.011152802,936.6363,279.66003,0.99579906,999.9846,280.01556,0.9924551,907.9114,286.83878,0.9908011,1020.9056,285.28088,0.99613297,1009.0956,1730.6055,0.011017321,1009.0956,1730.6055,0.011017321,1065.5818,1653.8926,0.012772557,917.98083,1718.9236,0.008048898,917.98083,1718.9236,0.008048898,876.83295,1665.535,0.013139005,1150.9231,895.3244,1.0,1113.005,912.98596,1.0,1098.6262,944.0306,1.0,1094.5541,974.91223,1.0,1085.095,996.2498,1.0,1121.2909,974.9314,1.0,1117.2383,1016.10474,1.0,1114.4429,1038.1696,1.0,1113.2346,1054.7107,1.0,1144.6947,976.344,1.0,1140.2551,1018.45544,1.0,1136.689,1042.3607,1.0,1134.3134,1058.98,1.0,1163.3658,971.6862,1.0,1161.7615,1010.21497,1.0,1158.8645,1032.5592,1.0,1156.6368,1048.451,1.0,1176.9279,963.8899,1.0,1177.479,993.5119,1.0,1175.8206,1011.60046,1.0,1173.503,1025.5629,1.0,931.7162,416.25018,1.0,954.08014,399.52536,1.0,971.71796,377.6358,1.0,987.8643,361.05826,1.0,1005.23346,348.0771,1.0,948.63306,340.26526,1.0,966.87964,323.37482,1.0,984.24603,328.1998,1.0,996.9474,336.80307,1.0,937.0708,333.51562,1.0,947.53705,300.5358,1.0,961.7939,280.35858,1.0,973.927,263.8931,1.0,923.2468,334.33124,1.0,922.58215,298.115,1.0,927.43365,275.41608,1.0,933.64026,257.59454,1.0,909.5879,343.10043,1.0,895.31665,317.05936,1.0,886.82404,298.22754,1.0,880.9583,282.00583,1.0
882.15283,279.2721,1.0,884.52325,293.06744,1.0,888.14215,307.67807,1.0,899.47736,331.48914,1.0,909.85443,346.3175,1.0,925.24774,361.81146,1.0,936.1594,369.0444,1.0,956.19,378.3409,1.0,983.3813,381.53003,1.0,1008.02655,374.30157,1.0,1022.5382,361.02008,1.0,1028.6713,351.84344,1.0,1035.6475,334.77246,1.0,1041.6145,311.40976,1.0,1043.1681,296.15533,1.0,1043.2676,282.09616,1.0,1043.1776,268.89484,1.0,902.4609,260.55618,1.0,910.13574,254.09329,1.0,921.27985,250.3167,1.0,935.84106,249.97787,1.0,952.48883,251.64684,1.0,985.6503,251.02649,1.0,1000.86,247.89964,1.0,1014.61914,246.58466,1.0,1025.5258,248.79329,1.0,1032.1875,253.55836,1.0,972.0175,274.12936,1.0,973.7117,287.99185,1.0,974.55054,297.09363,1.0,975.22797,304.38904,1.0,962.78876,315.0744,1.0,967.5215,317.3925,1.0,975.9146,316.98407,1.0,983.5037,316.52966,1.0,987.1996,313.69714,1.0,919.7262,273.19342,1.0,928.18604,269.02457,1.0,938.6808,268.5975,1.0,948.9533,273.4112,1.0,940.29,275.71475,1.0,930.5299,276.36853,1.0,989.8508,271.67798,1.0,999.87225,265.14575,1.0,1010.1522,264.54782,1.0,1017.2137,267.98517,1.0,1009.35297,272.06158,1.0,999.4134,272.63498,1.0,955.02167,344.83337,1.0,961.774,334.15152,1.0,968.5658,330.88943,1.0,976.51056,331.6696,1.0,984.1393,330.21295,1.0,991.9403,333.01468,1.0,1000.44214,344.33255,1.0,999.6237,350.4742,1.0,988.5715,357.5762,1.0,979.1972,358.9523,1.0,970.0589,358.45047,1.0,957.9884,351.76047,1.0,957.9462,344.44226,1.0,971.35297,338.6382,1.0,976.7654,338.47498,1.0,982.62164,338.3171,1.0,997.46906,344.12305,1.0,984.6722,346.91962,1.0,978.6566,347.48676,1.0,972.47046,347.3172,1.0,934.1847,271.19165,1.0,1005.3934,267.4715,1.0,970.45325,312.54663,0.99720705,977.7961,432.83426,0.9983821,828.8982,428.11743,0.9983821,783.1331,628.88,0.79980356,906.48285,419.08316,0.9886579,1126.694,437.5511,0.9996691,1185.0034,678.55835,0.94513994,1154.7024,891.3439,0.9768476,976.8162,933.6484,0.9773094,877.51,937.98914,0.9773094,881.9934,1253.2025,0.032190837,877.3775,1615.1161,0.015341602,1076.1224,929.3076,0.9816581,1074.7018,1301.6367,0.02572817,1058.9617,1615.8667,0.011115194,936.56744,279.96234,0.9959529,1001.9352,280.05988,0.99269766,907.3617,286.9107,0.991139,1021.77014,285.80493,0.99627143,1010.28326,1734.9818,0.010940448,1010.28326,1734.9818,0.010940448,1066.0293,1657.222,0.012650569,917.59467,1726.327,0.00830515,917.59467,1726.327,0.00830515,874.0969,1671.3232,0.013338177,1153.7673,900.7984,1.0,1116.4517,917.68396,1.0,1101.0602,947.55756,1.0,1096.3207,977.59296,1.0,1087.884,999.73364,1.0,1125.443,980.23865,1.0,1121.9103,1020.36096,1.0,1119.196,1041.3035,1.0,1117.6565,1057.074,1.0,1148.406,981.3404,1.0,1144.7041,1021.7933,1.0,1141.0776,1044.3478,1.0,1138.3627,1060.0952,1.0,1166.3126,976.49866,1.0,1164.9989,1012.8797,1.0,1161.895,1033.5435,1.0,1159.3257,1048.4733,1.0,1178.8123,968.7286,1.0,1178.9343,997.1392,1.0,1176.9109,1013.64386,1.0,1174.321,1026.5631,1.0,913.1988,429.51126,1.0,937.0211,411.76093,1.0,954.8112,386.17242,1.0,970.41296,368.72263,1.0,986.9322,355.72382,1.0,932.40424,349.01556,1.0,949.8538,328.06604,1.0,967.4304,334.882,1.0,980.12445,344.3617,1.0,918.9357,342.63986,1.0,930.9198,310.93268,1.0,944.786,290.6567,1.0,955.73517,273.09534,1.0,903.62134,344.1606,1.0,904.7285,308.85614,1.0,909.91974,285.4742,1.0,914.97485,265.49655,1.0,888.69403,354.10388,1.0,874.9663,328.2888,1.0,866.37244,310.52118,1.0,859.4198,293.57263,1.0
884.68774,280.8938,1.0,887.1191,294.69492,1.0,890.8705,309.3029,1.0,902.38226,333.0127,1.0,912.839,347.7156,1.0,928.30664,363.0488,1.0,939.23627,370.2362,1.0,959.2203,379.46118,1.0,986.1498,382.3903,1.0,1010.33527,374.77338,1.0,1024.4707,361.21613,1.0,1030.412,351.9753,1.0,1037.1173,334.89005,1.0,1042.8915,311.55966,1.0,1044.4545,296.34845,1.0,1044.5309,282.35712,1.0,1044.5123,269.21997,1.0,904.96625,261.9186,1.0,912.5998,255.33382,1.0,923.73944,251.42424,1.0,938.3611,250.93532,1.0,955.02325,252.47913,1.0,988.2127,251.58209,1.0,1003.4258,248.41391,1.0,1017.1951,247.04927,1.0,1028.0712,249.21208,1.0,1034.4059,253.92027,1.0,974.7152,274.90482,1.0,976.52155,288.78,1.0,977.4271,297.8983,1.0,978.12177,305.21515,1.0,965.1911,315.8599,1.0,970.08685,318.14288,1.0,978.7263,317.74762,1.0,986.4068,317.17166,1.0,990.1349,314.28116,1.0,922.2636,274.2652,1.0,930.7799,270.04443,1.0,941.3846,269.58344,1.0,951.742,274.3433,1.0,942.93225,276.71225,1.0,933.1331,277.41223,1.0,991.61804,272.21204,1.0,1001.69244,265.59885,1.0,1012.0418,264.88043,1.0,1019.0633,268.20932,1.0,1011.337,272.45688,1.0,1001.30206,273.16476,1.0,957.7734,345.78754,1.0,964.3762,334.82254,1.0,971.2254,331.5085,1.0,979.1566,332.2007,1.0,986.7748,330.77582,1.0,994.5473,333.6009,1.0,1002.4868,345.1434,1.0,1001.9952,351.32983,1.0,991.1814,358.60602,1.0,981.83374,360.08875,1.0,972.66034,359.65085,1.0,960.5041,352.92996,1.0,960.73724,345.3693,1.0,973.995,339.18155,1.0,979.3406,339.00278,1.0,985.1578,338.80826,1.0,999.4762,344.92493,1.0,987.2426,347.88715,1.0,981.29926,348.51138,1.0,975.1442,348.39804,1.0,936.6937,272.24017,1.0,1007.37823,267.9086,1.0,969.15295,312.69553,0.99737984,977.31586,432.8314,0.99841744,827.4861,428.16306,0.99841744,782.60065,633.36865,0.8085045,902.7771,416.87524,0.98955244,1127.1456,437.49976,0.9996827,1185.4834,680.8468,0.9482705,1157.2073,893.6235,0.97821426,976.1463,934.6641,0.9769827,876.4005,938.64636,0.9769827,881.0979,1260.7295,0.033767562,874.49286,1625.2664,0.015903866,1075.8921,930.6819,0.98164475,1075.1425,1306.7838,0.026217131,1059.1569,1622.596,0.011181459,933.14386,279.9135,0.9961862,1001.90735,280.0808,0.9931069,905.9166,286.59436,0.99158347,1021.83527,285.86765,0.99647814,1010.3634,1743.1455,0.010924077,1010.3634,1743.1455,0.010924077,1065.7416,1663.8442,0.012682551,914.5982,1735.2518,0.008621015,914.5982,1735.2518,0.008621015,870.35095,1681.9817,0.013670064,1156.0684,901.6188,1.0,1118.0487,918.21344,1.0,1101.9695,948.92456,1.0,1096.3048,979.0762,1.0,1087.3986,1000.7027,1.0,1127.0574,979.1978,1.0,1123.3918,1019.68024,1.0,1120.3903,1040.8467,1.0,1118.4012,1057.255,1.0,1149.7938,980.5576,1.0,1145.2925,1022.06134,1.0,1141.0226,1045.3383,1.0,1137.9877,1062.0171,1.0,1167.2662,976.3605,1.0,1165.3748,1013.58105,1.0,1161.484,1034.7753,1.0,1158.1971,1050.3927,1.0,1179.3945,969.1917,1.0,1179.2797,997.421,1.0,1176.4835,1013.69354,1.0,1173.04,1026.2966,1.0,891.7549,416.97028,1.0,914.20953,396.5118,1.0,929.6291,368.4433,1.0,943.2566,347.63742,1.0,955.9508,331.0639,1.0,902.57574,332.37268,1.0,919.59534,308.76096,1.0,936.7166,312.6404,1.0,950.501,321.67535,1.0,888.93445,326.4303,1.0,898.1669,293.2848,1.0,910.5149,271.49442,1.0,920.99164,252.84741,1.0,874.23193,328.93552,1.0,873.5578,293.93427,1.0,877.76447,269.9286,1.0,882.7733,249.73515,1.0,860.37964,339.8731,1.0,845.17926,315.86813,1.0,836.0455,298.60855,1.0,829.7856,282.2985,1.0
882.4103,280.44135,1.0,884.6156,294.12344,1.0,888.0846,308.58585,1.0,899.67694,332.12994,1.0,910.463,346.87247,1.0,926.3581,362.404,1.0,937.407,369.83142,1.0,957.61414,379.4647,1.0,984.8523,382.6937,1.0,1009.36316,374.95938,1.0,1023.53107,361.29657,1.0,1029.6102,351.9816,1.0,1036.6857,334.77472,1.0,1042.7826,311.43716,1.0,1044.3375,296.34604,1.0,1044.285,282.47934,1.0,1044.0707,269.42947,1.0,903.6879,262.14978,1.0,911.338,255.72717,1.0,922.49146,251.91185,1.0,937.2933,251.40146,1.0,954.14856,252.91655,1.0,987.2738,252.14276,1.0,1002.29486,249.02972,1.0,1015.79395,247.74075,1.0,1026.5012,249.83307,1.0,1032.9478,254.4358,1.0,974.03687,275.0559,1.0,976.04553,288.71475,1.0,977.13025,297.59546,1.0,977.9578,304.73972,1.0,964.9881,315.4889,1.0,969.8344,317.80396,1.0,978.30347,317.44196,1.0,985.9776,316.99625,1.0,989.58826,314.1073,1.0,921.39014,274.57544,1.0,930.0698,270.78015,1.0,940.629,270.27823,1.0,951.1537,274.39935,1.0,942.2996,276.74872,1.0,932.3324,277.5326,1.0,991.05005,272.4884,1.0,1001.11456,266.26746,1.0,1011.3471,265.59555,1.0,1018.397,268.7933,1.0,1010.6675,272.8836,1.0,1000.6417,273.42535,1.0,956.8948,346.032,1.0,963.5601,335.07336,1.0,970.39606,331.7846,1.0,978.24615,332.5714,1.0,985.817,331.13806,1.0,993.4201,334.017,1.0,1000.6268,345.59885,1.0,1000.45215,351.86847,1.0,989.8085,359.3242,1.0,980.3019,360.76904,1.0,971.0013,360.299,1.0,959.0067,353.2895,1.0,960.1724,345.66928,1.0,973.24506,339.7052,1.0,978.47626,339.5335,1.0,983.9714,339.42224,1.0,997.31555,345.43155,1.0,985.6395,348.53397,1.0,979.80444,349.14554,1.0,973.7176,348.985,1.0,935.98065,272.8043,1.0,1006.7999,268.57953,1.0,978.1151,314.04413,0.99724114,977.91736,434.1796,0.9983452,828.65686,430.50797,0.9983452,782.43353,632.17633,0.8103532,888.8111,405.2219,0.99026215,1127.1779,437.85123,0.99968874,1185.7096,681.3909,0.949305,1158.6869,890.4686,0.9791687,976.28827,935.83466,0.9748164,876.6628,940.0506,0.9748164,881.0991,1262.2496,0.033417992,874.8437,1628.3295,0.016255414,1075.9138,931.6187,0.9804873,1075.141,1308.4008,0.025720088,1059.1146,1627.0175,0.011268691,937.73645,280.38867,0.99592876,1007.0431,280.45966,0.992663,907.94037,287.2989,0.9909803,1022.6192,285.74146,0.99632627,1010.53577,1746.1647,0.011065279,1010.53577,1746.1647,0.011065279,1065.5492,1669.531,0.012681669,917.05316,1738.1017,0.00888772,917.05316,1738.1017,0.00888772,870.36816,1685.7102,0.013793021,1157.8563,903.09546,1.0,1119.3893,918.5855,1.0,1102.4393,949.06354,1.0,1096.3563,977.96106,1.0,1087.6716,998.80695,1.0,1127.6025,980.138,1.0,1121.4817,1019.8121,1.0,1116.9823,1040.1522,1.0,1113.852,1055.5077,1.0,1149.689,981.68964,1.0,1142.9667,1022.66077,1.0,1137.3132,1045.0916,1.0,1133.328,1060.8717,1.0,1166.2981,977.5524,1.0,1161.3804,1014.63214,1.0,1155.8783,1035.5184,1.0,1151.621,1051.3059,1.0,1177.2472,970.28467,1.0,1175.4318,997.83716,1.0,1171.8474,1014.36847,1.0,1168.2152,1027.234,1.0,875.3507,394.27164,1.0,897.61755,365.88943,1.0,907.21674,334.42966,1.0,916.4201,311.4033,1.0,928.3229,292.5615,1.0,877.7372,302.47028,1.0,889.25287,278.466,1.0,907.4036,280.4551,1.0,922.03107,286.29385,1.0,863.57623,298.1335,1.0,868.1568,267.22845,1.0,878.0729,244.85007,1.0,885.3654,224.41795,1.0,849.47314,301.3862,1.0,844.6749,268.7035,1.0,846.118,244.79195,1.0,847.6714,224.04468,1.0,836.3823,312.88504,1.0,819.9722,289.57925,1.0,810.3247,273.1803,1.0,802.08954,257.69824,1.0
880.1328,279.9889,1.0,882.1122,293.55197,1.0,885.2987,307.86884,1.0,896.97156,331.24722,1.0,908.0871,346.02936,1.0,924.40955,361.7592,1.0,935.5777,369.4266,1.0,956.00806,379.4682,1.0,983.55475,382.99707,1.0,1008.39105,375.14542,1.0,1022.59143,361.377,1.0,1028.8085,351.9879,1.0,1036.254,334.6594,1.0,1042.6737,311.31467,1.0,1044.2207,296.34366,1.0,1044.0393,282.60156,1.0,1043.629,269.63898,1.0,902.40967,262.38092,1.0,910.07623,256.12054,1.0,921.24347,252.39946,1.0,936.2254,251.8676,1.0,953.27386,253.35396,1.0,986.3349,252.70343,1.0,1001.1639,249.64552,1.0,1014.39276,248.43225,1.0,1024.9312,250.45406,1.0,1031.4896,254.95132,1.0,973.3585,275.20703,1.0,975.56946,288.6495,1.0,976.8333,297.29263,1.0,977.7939,304.26425,1.0,964.78516,315.1179,1.0,969.58203,317.46503,1.0,977.8806,317.13626,1.0,985.54834,316.82086,1.0,989.0416,313.93344,1.0,920.5167,274.8857,1.0,929.3598,271.5159,1.0,939.8735,270.97302,1.0,950.56537,274.45544,1.0,941.667,276.7852,1.0,931.53174,277.65295,1.0,990.482,272.76477,1.0,1000.5366,266.9361,1.0,1010.65247,266.31067,1.0,1017.7307,269.3773,1.0,1009.9979,273.31036,1.0,999.9814,273.68597,1.0,956.0161,346.2765,1.0,962.744,335.32422,1.0,969.5668,332.06067,1.0,977.3357,332.94214,1.0,984.8592,331.50034,1.0,992.29285,334.4331,1.0,998.7667,346.05432,1.0,998.9092,352.40714,1.0,988.4356,360.0424,1.0,978.77,361.4493,1.0,969.3422,360.94714,1.0,957.50934,353.64902,1.0,959.60754,345.96927,1.0,972.49506,340.22885,1.0,977.61194,340.06424,1.0,982.7849,340.03622,1.0,995.15485,345.93817,1.0,984.03644,349.1808,1.0,978.3097,349.7797,1.0,972.29095,349.5719,1.0,935.2676,273.3684,1.0,1006.2217,269.2505,1.0,977.9522,314.3228,0.99718195,979.9588,434.42477,0.99829155,832.75226,431.12515,0.99829155,781.5079,613.622,0.8088042,881.0248,378.9002,0.99080276,1127.1653,437.7244,0.99969435,1185.9183,681.4378,0.9498645,1159.7074,894.209,0.9796855,976.615,935.94543,0.97374666,877.33765,940.11743,0.97374666,880.8583,1262.2789,0.032382715,873.59937,1631.3594,0.01590706,1075.8922,931.7734,0.97988206,1073.7251,1312.3861,0.024638044,1057.9707,1627.2914,0.01090841,937.24194,280.3371,0.9957739,1006.2722,280.51495,0.99238366,908.1742,287.53537,0.9905343,1022.0809,285.5908,0.99621814,1008.7467,1745.0088,0.010774376,1008.7467,1745.0088,0.010774376,1064.8884,1669.3561,0.012235471,915.0052,1740.7742,0.0087715015,915.0052,1740.7742,0.0087715015,868.98126,1688.3217,0.013369659,1158.533,904.4799,1.0,1120.4406,918.87756,1.0,1103.1694,948.9915,1.0,1096.1289,977.45654,1.0,1087.4268,998.5349,1.0,1127.5306,979.37244,1.0,1120.8059,1018.98724,1.0,1116.1776,1039.9932,1.0,1113.2355,1056.1263,1.0,1149.2087,981.57715,1.0,1142.4691,1022.4096,1.0,1137.0933,1045.6266,1.0,1133.744,1062.8612,1.0,1165.3834,978.42706,1.0,1159.6716,1014.77966,1.0,1153.5464,1035.8378,1.0,1148.9531,1052.1733,1.0,1175.6492,972.10785,1.0,1170.2258,1000.0953,1.0,1164.7183,1015.6065,1.0,1159.8224,1027.264,1.0,870.42053,369.81638,1.0,891.1168,338.3507,1.0,900.36646,306.0028,1.0,910.4585,282.72015,1.0,923.3226,263.1352,1.0,868.6091,277.7611,1.0,881.3008,253.90129,1.0,900.3552,253.8342,1.0,916.40027,258.5834,1.0,856.9232,273.22607,1.0,860.0364,239.73042,1.0,867.38434,217.02486,1.0,873.5408,196.923,1.0,845.08453,276.72522,1.0,839.9326,242.96118,1.0,840.0354,218.90321,1.0,841.4539,198.44489,1.0,834.3552,287.95654,1.0,819.7539,264.10876,1.0,809.435,246.2253,1.0,800.9532,230.6218,1.0
877.85535,279.5364,1.0,879.6087,292.98053,1.0,882.5128,307.1518,1.0,894.2662,330.3645,1.0,905.7111,345.18625,1.0,922.46106,361.11438,1.0,933.7484,369.02182,1.0,954.4019,379.4717,1.0,982.25726,383.30045,1.0,1007.419,375.33145,1.0,1021.65186,361.45743,1.0,1028.0067,351.99423,1.0,1035.8223,334.54407,1.0,1042.5648,311.1922,1.0,1044.1038,296.34128,1.0,1043.7935,282.7238,1.0,1043.1874,269.84848,1.0,901.13135,262.6121,1.0,908.81445,256.5139,1.0,919.9955,252.88707,1.0,935.1576,252.33374,1.0,952.3992,253.79137,1.0,985.396,253.2641,1.0,1000.03296,250.26132,1.0,1012.9916,249.12373,1.0,1023.3611,251.07504,1.0,1030.0316,255.46686,1.0,972.6802,275.35815,1.0,975.0934,288.58423,1.0,976.53644,296.9898,1.0,977.62994,303.78882,1.0,964.5822,314.7469,1.0,969.3296,317.1261,1.0,977.45776,316.83057,1.0,985.1191,316.64545,1.0,988.495,313.75958,1.0,919.6433,275.19595,1.0,928.6497,272.25162,1.0,939.1179,271.66782,1.0,949.97705,274.51154,1.0,941.0344,276.8217,1.0,930.731,277.77332,1.0,989.914,273.04114,1.0,999.95874,267.60474,1.0,1009.95776,267.0258,1.0,1017.0644,269.96127,1.0,1009.3284,273.7371,1.0,999.32104,273.94656,1.0,955.13745,346.52097,1.0,961.92786,335.57504,1.0,968.7375,332.33676,1.0,976.42523,333.31284,1.0,983.90137,331.86258,1.0,991.16565,334.8492,1.0,996.9067,346.50977,1.0,997.3662,352.9458,1.0,987.06274,360.76056,1.0,977.2382,362.1296,1.0,967.68317,361.59528,1.0,956.012,354.00858,1.0,959.0427,346.26926,1.0,971.7451,340.7525,1.0,976.7476,340.59497,1.0,981.5985,340.65024,1.0,992.9942,346.4448,1.0,982.43335,349.8276,1.0,976.8149,350.41388,1.0,970.8643,350.15884,1.0,934.55457,273.9325,1.0,1005.6434,269.92142,1.0,977.4328,314.79123,0.9972136,980.0828,434.57242,0.9981666,833.0441,431.4074,0.9981666,780.4934,594.1759,0.80979747,879.7294,362.64398,0.99116915,1127.1215,437.73743,0.9996953,1186.0292,681.01434,0.95027465,1160.7694,894.6764,0.97990793,976.9031,936.00995,0.9725685,878.0803,940.1116,0.9725685,880.8658,1263.362,0.032926574,873.5765,1632.9745,0.016416792,1075.7258,931.90826,0.9792683,1072.8799,1313.0068,0.024335772,1057.7062,1628.4723,0.011134764,937.18567,280.0985,0.9957617,1006.1594,280.5298,0.9924164,907.6152,287.53674,0.99041563,1022.0895,285.5987,0.99625605,1008.6651,1745.3209,0.010998988,1008.6651,1745.3209,0.010998988,1064.5735,1670.578,0.012294046,914.7984,1745.0,0.009109069,914.7984,1745.0,0.009109069,868.951,1689.6132,0.013483051,1160.3367,905.2176,1.0,1121.9235,918.84143,1.0,1105.233,948.6801,1.0,1097.9338,977.5647,1.0,1088.4996,998.7694,1.0,1130.5293,979.4855,1.0,1123.0212,1018.87134,1.0,1117.6497,1040.281,1.0,1113.9001,1056.8555,1.0,1151.7422,982.2133,1.0,1143.8318,1022.54846,1.0,1137.3645,1046.0168,1.0,1132.8419,1063.7902,1.0,1166.9447,979.5311,1.0,1160.7467,1015.81537,1.0,1153.9895,1037.0627,1.0,1148.5679,1053.6024,1.0,1175.9995,973.8342,1.0,1169.826,1001.87164,1.0,1164.1399,1017.4348,1.0,1158.885,1029.4705,1.0,880.4323,353.3174,1.0,902.5769,329.00284,1.0,913.5878,297.17725,1.0,925.13544,274.23236,1.0,938.9663,256.9813,1.0,881.7984,265.89673,1.0,896.96375,241.55302,1.0,916.8637,243.11047,1.0,932.8388,251.10338,1.0,871.5804,261.70554,1.0,877.3384,228.06192,1.0,887.06696,206.25839,1.0,895.4347,188.79796,1.0,861.467,265.4289,1.0,859.834,228.87827,1.0,862.9377,205.93028,1.0,866.6128,186.97545,1.0,852.25995,275.9977,1.0,842.57056,248.30925,1.0,835.48376,229.05899,1.0,830.25287,212.00278,1.0
884.7611,277.4541,1.0,887.0309,290.33124,1.0,890.0632,303.94836,1.0,900.91174,326.31458,1.0,911.23883,340.62604,1.0,926.2716,356.17563,1.0,936.84406,363.73245,1.0,956.7896,373.35187,1.0,983.61676,376.45593,1.0,1008.58057,369.02402,1.0,1023.5622,356.20367,1.0,1030.0306,347.145,1.0,1036.9362,329.9672,1.0,1042.5734,306.95364,1.0,1043.7167,292.37714,1.0,1043.1826,279.0708,1.0,1042.2759,266.62302,1.0,903.9095,261.33997,1.0,910.68884,255.32483,1.0,921.04126,251.32494,1.0,935.63055,250.23341,1.0,952.4672,251.11798,1.0,985.03656,249.77242,1.0,999.8722,246.80353,1.0,1012.7786,245.88031,1.0,1022.8724,248.14218,1.0,1029.2646,252.547,1.0,972.4502,272.9771,1.0,975.0954,286.45447,1.0,976.81976,295.07443,1.0,978.01697,301.8493,1.0,965.67914,312.52118,1.0,970.30347,314.7929,1.0,978.34503,314.33295,1.0,986.00543,313.95193,1.0,989.3315,311.11807,1.0,921.8064,273.8946,1.0,929.8712,270.27792,1.0,940.3577,269.2719,1.0,951.32196,272.844,1.0,942.666,275.20993,1.0,932.53,276.34732,1.0,989.5303,270.71313,1.0,999.6631,264.48642,1.0,1010.0372,263.97812,1.0,1016.8857,267.27203,1.0,1008.8411,271.1554,1.0,998.74365,271.41187,1.0,957.112,344.00674,1.0,963.7496,332.94937,1.0,970.418,329.54572,1.0,978.0448,330.19757,1.0,985.50366,328.78793,1.0,992.71533,331.68222,1.0,999.1708,343.04724,1.0,998.5328,349.03433,1.0,987.92834,356.18445,1.0,978.44305,357.6068,1.0,969.3978,357.1989,1.0,958.1,350.71985,1.0,960.8003,343.69284,1.0,973.5522,337.68268,1.0,978.4456,337.30002,1.0,983.52344,337.3561,1.0,995.53186,343.05032,1.0,984.0614,347.0437,1.0,978.09436,347.69882,1.0,972.079,347.55695,1.0,936.2849,272.1024,1.0,1004.9774,266.96637,1.0,978.02356,309.46463,0.99730694,979.8948,434.57916,0.9980201,832.7435,431.51022,0.9980201,775.91833,584.95483,0.8105752,880.4589,362.28876,0.9899357,1127.046,437.6481,0.9997029,1186.0137,680.6981,0.9525508,1161.8202,894.3501,0.97993004,976.68646,934.7598,0.9731084,878.01404,939.0058,0.9731084,880.7523,1262.8973,0.034944706,874.8747,1632.6558,0.01687957,1075.359,930.5138,0.98005444,1072.8597,1312.245,0.026403747,1057.3856,1627.8497,0.011499829,937.05536,275.03137,0.99581766,1006.09186,277.65198,0.9926628,907.4779,287.53262,0.99036497,1021.8249,284.74722,0.9963889,1008.4284,1745.0973,0.011257528,1008.4284,1745.0973,0.011257528,1063.996,1669.9042,0.012386924,916.3266,1744.5958,0.009389664,916.3266,1744.5958,0.009389664,870.638,1688.6249,0.013503694,1159.7727,906.2897,1.0,1121.9379,919.38293,1.0,1105.1733,949.0298,1.0,1097.8026,978.26294,1.0,1088.1874,999.3254,1.0,1130.1694,979.6483,1.0,1122.6049,1019.3282,1.0,1117.6559,1040.4132,1.0,1114.4181,1056.6737,1.0,1151.412,982.4171,1.0,1143.6987,1023.2111,1.0,1137.4692,1046.3931,1.0,1133.2789,1063.7938,1.0,1166.9755,979.7586,1.0,1161.2814,1016.4196,1.0,1154.5934,1037.5393,1.0,1149.3086,1053.6433,1.0,1176.5928,974.1718,1.0,1171.3849,1002.6931,1.0,1166.1265,1018.6006,1.0,1161.3142,1030.6654,1.0,886.1787,360.14767,1.0,915.3712,336.24237,1.0,930.84186,309.87723,1.0,944.9866,291.54688,1.0,960.26587,276.1394,1.0,907.722,274.32645,1.0,927.6914,249.2121,1.0,946.12366,251.4904,1.0,959.66364,258.55542,1.0,900.14417,271.19107,1.0,913.73627,239.36504,1.0,927.09937,220.26476,1.0,938.42676,204.8583,1.0,891.49347,275.0775,1.0,901.4828,241.0656,1.0,911.76794,219.3749,1.0,921.0268,201.59619,1.0,882.90515,283.89798,1.0,887.7205,256.11194,1.0,891.26495,236.91986,1.0,895.3687,219.8252,1.0
891.6668,275.37183,1.0,894.453,287.68195,1.0,897.61346,300.7449,1.0,907.55725,322.26468,1.0,916.76654,336.06583,1.0,930.08215,351.23688,1.0,939.93964,358.4431,1.0,959.1773,367.23206,1.0,984.9763,369.61142,1.0,1009.7421,362.7166,1.0,1025.4725,350.94992,1.0,1032.0544,342.29575,1.0,1038.0499,325.3903,1.0,1042.5819,302.7151,1.0,1043.3295,288.413,1.0,1042.5717,275.41782,1.0,1041.3645,263.39755,1.0,906.6877,260.0678,1.0,912.5632,254.13576,1.0,922.0871,249.7628,1.0,936.1035,248.1331,1.0,952.5352,248.44461,1.0,984.6772,246.28073,1.0,999.71136,243.34575,1.0,1012.5657,242.63689,1.0,1022.3837,245.20932,1.0,1028.4978,249.62714,1.0,972.2202,270.5961,1.0,975.09735,284.3247,1.0,977.10315,293.1591,1.0,978.404,299.9098,1.0,966.7761,310.29547,1.0,971.27734,312.4597,1.0,979.2323,311.83533,1.0,986.8918,311.25842,1.0,990.1679,308.47656,1.0,923.9695,272.59323,1.0,931.0928,268.30426,1.0,941.59753,266.87598,1.0,952.6668,271.17645,1.0,944.29767,273.59814,1.0,934.329,274.92136,1.0,989.14655,268.38516,1.0,999.3674,261.36813,1.0,1010.11664,260.93045,1.0,1016.707,264.58282,1.0,1008.3538,268.57367,1.0,998.16626,268.8772,1.0,959.08655,341.49252,1.0,965.5712,330.3237,1.0,972.0986,326.75467,1.0,979.66437,327.0823,1.0,987.10596,325.71326,1.0,994.265,328.51523,1.0,1001.4349,339.58472,1.0,999.6994,345.1229,1.0,988.794,351.6083,1.0,979.64795,353.08398,1.0,971.1125,352.80255,1.0,960.188,347.4311,1.0,962.55786,341.11642,1.0,975.3593,334.61288,1.0,980.1436,334.00507,1.0,985.4483,334.06198,1.0,998.0696,339.65588,1.0,985.68945,344.2598,1.0,979.3739,344.9838,1.0,973.2937,344.95505,1.0,938.0153,270.27225,1.0,1004.3115,264.0113,1.0,978.5279,308.67465,0.9972438,979.7947,434.62036,0.997961,832.5616,431.60492,0.997961,765.81995,586.18445,0.81517494,887.5209,363.43124,0.98987687,1127.0278,437.6358,0.9997052,1185.8677,680.4757,0.95453197,1161.7367,893.2317,0.98029673,976.4658,934.2664,0.97311145,878.01416,938.701,0.97311145,879.58966,1262.8036,0.0369813,874.6656,1631.8451,0.017551541,1074.9175,929.8319,0.98023653,1072.8676,1311.2815,0.026728123,1057.6912,1626.2269,0.011724078,938.24854,275.2353,0.99562377,1006.16455,277.3637,0.9924516,909.55865,287.7165,0.9899436,1021.8252,284.00757,0.99632853,1008.5161,1743.4528,0.011459164,1008.5161,1743.4528,0.011459164,1064.3984,1667.6698,0.012401025,916.1783,1743.6208,0.009788358,916.1783,1743.6208,0.009788358,870.3526,1687.2948,0.013719689,1159.5214,906.60223,1.0,1121.0968,920.572,1.0,1103.7372,950.71405,1.0,1095.7567,979.22687,1.0,1086.4247,999.7919,1.0,1130.0696,981.45703,1.0,1122.7327,1020.28265,1.0,1117.9535,1041.0779,1.0,1114.9358,1057.039,1.0,1151.2648,983.43243,1.0,1144.1659,1023.48474,1.0,1138.2645,1046.2585,1.0,1134.5365,1063.588,1.0,1166.8285,980.2211,1.0,1161.3694,1016.36993,1.0,1155.1066,1037.3363,1.0,1150.2383,1053.7362,1.0,1175.9138,974.2362,1.0,1170.9573,1002.4804,1.0,1165.6476,1018.1915,1.0,1160.8688,1030.3522,1.0,886.98517,381.1355,1.0,929.6047,355.15588,1.0,946.5453,330.86768,1.0,961.4425,316.03278,1.0,980.2801,305.44733,1.0,912.16394,291.95523,1.0,947.66376,272.18802,1.0,969.737,263.22784,1.0,986.83435,255.72021,1.0,905.16486,296.51096,1.0,946.54364,274.8745,1.0,967.40607,267.39975,1.0,983.18066,260.31274,1.0,904.5455,306.6767,1.0,942.3734,283.64468,1.0,962.45886,273.11563,1.0,976.79376,263.63812,1.0,909.1504,321.36337,1.0,933.59406,303.9786,1.0,949.2575,292.26624,1.0,962.9568,281.502,1.0
898.5725,273.28952,1.0,901.8751,285.03268,1.0,905.1638,297.54144,1.0,914.2028,318.21478,1.0,922.2943,331.5056,1.0,933.8927,346.29813,1.0,943.0353,353.15375,1.0,961.56506,361.1122,1.0,986.3358,362.7669,1.0,1010.9037,356.4092,1.0,1027.3829,345.69617,1.0,1034.0782,337.4465,1.0,1039.1638,320.8134,1.0,1042.5906,298.47653,1.0,1042.9424,284.44882,1.0,1041.9607,271.76483,1.0,1040.453,260.17206,1.0,909.4658,258.7957,1.0,914.43756,252.9467,1.0,923.1329,248.20068,1.0,936.5765,246.03279,1.0,952.6033,245.77122,1.0,984.31775,242.78905,1.0,999.55054,239.88795,1.0,1012.3527,239.39346,1.0,1021.8951,242.27647,1.0,1027.7308,246.70729,1.0,971.99023,268.2151,1.0,975.09937,282.19495,1.0,977.38654,291.2437,1.0,978.79095,297.97028,1.0,967.8731,308.06976,1.0,972.2512,310.1265,1.0,980.11957,309.33774,1.0,987.77814,308.5649,1.0,991.0044,305.83508,1.0,926.1326,271.29187,1.0,932.3143,266.33057,1.0,942.83734,264.48007,1.0,954.01166,269.5089,1.0,945.9293,271.9864,1.0,936.128,273.49536,1.0,988.7628,266.05716,1.0,999.07166,258.24982,1.0,1010.19604,257.88275,1.0,1016.5282,261.89362,1.0,1007.8665,265.99197,1.0,997.5889,266.34253,1.0,961.06116,338.9783,1.0,967.39294,327.69803,1.0,973.7791,323.96362,1.0,981.2839,323.96704,1.0,988.7083,322.63858,1.0,995.8147,325.3482,1.0,1003.699,336.1222,1.0,1000.866,341.21143,1.0,989.65967,347.03217,1.0,980.85284,348.5612,1.0,972.82715,348.40622,1.0,962.27594,344.14236,1.0,964.3154,338.54,1.0,977.1664,331.54306,1.0,981.8416,330.7101,1.0,987.37317,330.76785,1.0,1000.60724,336.26144,1.0,987.31757,341.4759,1.0,980.65344,342.26874,1.0,974.50836,342.35318,1.0,939.74567,268.4421,1.0,1003.6456,261.05624,1.0,979.80194,312.76355,0.99704206,979.56903,433.41068,0.9980088,832.12714,429.68216,0.9980088,750.59875,586.77924,0.8254025,889.408,394.16977,0.99041915,1127.011,437.13916,0.9997113,1185.8796,680.54205,0.9572663,1161.7821,894.1924,0.9812018,976.48083,929.4713,0.9732095,878.05334,933.7044,0.9732095,878.4966,1261.0073,0.04222863,873.634,1628.4718,0.019092511,1074.9083,925.2383,0.9802747,1072.6815,1308.2283,0.02966859,1058.3479,1624.3088,0.012519811,942.4134,282.33014,0.99524575,1006.3946,280.2477,0.99180007,910.1649,288.31586,0.989334,1021.7947,285.62335,0.99611366,1008.10876,1740.9785,0.012189357,1008.10876,1740.9785,0.012189357,1065.9093,1665.3076,0.012745459,911.83923,1732.993,0.010785214,911.83923,1732.993,0.010785214,869.55396,1684.1042,0.014480528,1158.8823,907.5285,1.0,1120.3945,921.17395,1.0,1102.8782,951.2974,1.0,1094.4396,979.9295,1.0,1085.012,1000.7418,1.0,1129.013,982.3635,1.0,1121.9321,1021.1175,1.0,1117.575,1042.2139,1.0,1115.0352,1058.4359,1.0,1150.2786,984.6202,1.0,1142.7714,1024.1154,1.0,1137.3488,1046.7998,1.0,1133.8187,1064.0226,1.0,1165.8394,981.70337,1.0,1158.987,1017.63477,1.0,1152.7124,1038.6848,1.0,1148.0093,1055.2269,1.0,1175.403,975.897,1.0,1168.9668,1003.3926,1.0,1163.6184,1018.75793,1.0,1159.2179,1030.8622,1.0,889.4041,406.1355,1.0,903.90674,373.7835,1.0,929.02264,346.0186,1.0,955.3296,331.2037,1.0,976.6359,324.9762,1.0,933.74506,326.1438,1.0,977.3971,313.6604,1.0,1002.2985,312.0046,1.0,1020.0951,311.27664,1.0,931.85486,338.15512,1.0,984.30853,330.92984,1.0,1011.8254,329.27597,1.0,1032.1278,326.11435,1.0,932.3189,355.61365,1.0,982.4312,350.9988,1.0,1009.26154,347.59842,1.0,1030.0195,343.09937,1.0,934.376,375.92902,1.0,973.6364,374.10532,1.0,994.8641,372.26508,1.0,1012.37415,369.26608,1.0
898.9369,273.10773,1.0,901.9158,285.0661,1.0,904.9302,297.8283,1.0,913.777,318.97455,1.0,922.02313,332.4463,1.0,934.01215,347.24963,1.0,943.1525,354.34238,1.0,961.7579,363.0343,1.0,987.368,365.05276,1.0,1012.4343,357.9367,1.0,1028.2058,346.01443,1.0,1034.5195,337.2893,1.0,1040.1088,320.46378,1.0,1044.4382,297.86987,1.0,1044.9502,283.6233,1.0,1044.114,270.78207,1.0,1042.6873,259.0145,1.0,910.9802,257.19925,1.0,916.07446,251.05128,1.0,924.8261,246.14159,1.0,938.3186,243.83755,1.0,954.40625,243.5672,1.0,986.052,240.5188,1.0,1001.1774,237.5718,1.0,1013.9884,237.11751,1.0,1023.6288,240.05495,1.0,1029.4884,244.71658,1.0,973.89716,266.2097,1.0,976.78815,279.92813,1.0,978.80176,288.84204,1.0,980.1349,295.6048,1.0,969.0548,306.20953,1.0,973.46027,308.36667,1.0,981.2939,307.529,1.0,988.6645,306.8232,1.0,991.8684,303.90884,1.0,927.1036,269.26614,1.0,933.4854,264.30243,1.0,944.0707,262.47443,1.0,955.27136,267.3778,1.0,947.0075,269.85547,1.0,937.1058,271.34286,1.0,990.09143,264.0352,1.0,1000.3925,256.3516,1.0,1011.53503,255.89702,1.0,1018.00146,259.8477,1.0,1009.2695,263.98816,1.0,998.98627,264.44415,1.0,961.4702,337.56866,1.0,968.42145,325.87244,1.0,975.0202,321.93515,1.0,982.5505,322.02512,1.0,989.9617,320.63876,1.0,997.10504,323.49664,1.0,1004.5972,334.77332,1.0,1002.231,340.47238,1.0,991.1817,346.80905,1.0,982.32764,348.43127,1.0,974.1753,348.35822,1.0,962.99725,343.62982,1.0,964.6731,337.1716,1.0,978.22363,329.8213,1.0,983.0691,329.0798,1.0,988.60205,329.05576,1.0,1001.46356,334.87488,1.0,988.3363,340.13055,1.0,981.8368,340.93402,1.0,975.7742,341.06122,1.0,941.0805,266.38284,1.0,1005.06244,259.2463,1.0,978.0445,311.89566,0.99680144,979.6191,433.14465,0.9980972,831.3197,428.76437,0.9980972,737.27405,594.11707,0.83275664,889.3538,433.0464,0.9909541,1127.9185,437.5249,0.99971503,1185.9781,680.61237,0.9594392,1161.6176,895.426,0.9817796,975.42737,930.2403,0.9732024,877.69946,933.67334,0.9732024,869.7983,1260.3695,0.04386185,861.49805,1624.9279,0.019243907,1073.1553,926.8073,0.98001003,1070.7351,1308.0459,0.02937766,1054.1593,1622.8821,0.012345503,940.7762,280.1539,0.99477625,1003.9759,277.08066,0.9907971,910.0149,284.13586,0.9886763,1022.5381,282.3488,0.9957146,1001.7614,1739.8823,0.012027469,1001.7614,1739.8823,0.012027469,1061.5238,1663.103,0.012582414,897.5219,1730.7349,0.010893605,897.5219,1730.7349,0.010893605,856.85364,1679.2548,0.014460669,1157.5177,909.2824,1.0,1118.8529,923.1134,1.0,1101.4352,952.60834,1.0,1093.0522,980.91376,1.0,1083.6111,1001.19543,1.0,1127.8099,983.5918,1.0,1120.787,1022.1471,1.0,1116.7063,1042.9724,1.0,1114.3981,1058.9147,1.0,1149.3171,985.7752,1.0,1141.8307,1025.3291,1.0,1136.6925,1047.6377,1.0,1133.5107,1064.6735,1.0,1164.9691,983.14264,1.0,1157.991,1018.8551,1.0,1151.7703,1039.3312,1.0,1147.0857,1055.2073,1.0,1174.1473,977.8647,1.0,1166.8789,1005.25757,1.0,1161.0262,1020.4492,1.0,1156.0122,1032.3069,1.0,885.5462,434.7077,1.0,906.18365,402.37698,1.0,940.07324,378.9412,1.0,965.49786,360.86917,1.0,981.9291,343.8198,1.0,958.65497,372.36392,1.0,1009.8167,382.16876,1.0,1035.8374,390.6468,1.0,1053.8068,398.17297,1.0,956.7841,390.73724,1.0,1011.29254,406.45407,1.0,1040.3828,415.082,1.0,1061.4923,419.55377,1.0,953.60565,412.68225,1.0,1003.9011,424.34393,1.0,1031.9457,430.4631,1.0,1052.581,434.3787,1.0,949.3419,434.75937,1.0,988.6233,444.6383,1.0,1010.5558,449.6418,1.0,1027.606,452.65778,1.0
899.3013,272.9259,1.0,901.9564,285.09955,1.0,904.69653,298.11517,1.0,913.3511,319.73434,1.0,921.75195,333.387,1.0,934.1316,348.20114,1.0,943.2698,355.531,1.0,961.95074,364.9564,1.0,988.40015,367.3386,1.0,1013.96497,359.4642,1.0,1029.0287,346.33267,1.0,1034.9609,337.13208,1.0,1041.0537,320.11414,1.0,1046.2859,297.26324,1.0,1046.958,282.79773,1.0,1046.2675,269.79932,1.0,1044.9215,257.85693,1.0,912.49457,255.60283,1.0,917.71136,249.15588,1.0,926.51935,244.0825,1.0,940.06067,241.6423,1.0,956.20917,241.36317,1.0,987.78625,238.24855,1.0,1002.8043,235.25563,1.0,1015.624,234.84157,1.0,1025.3624,237.83342,1.0,1031.246,242.72588,1.0,975.80414,264.20425,1.0,978.4769,277.66132,1.0,980.21704,286.44037,1.0,981.47876,293.23932,1.0,970.2365,304.3493,1.0,974.6693,306.60687,1.0,982.4682,305.72025,1.0,989.55084,305.08154,1.0,992.73236,301.98257,1.0,928.0746,267.24042,1.0,934.65656,262.27426,1.0,945.3041,260.46878,1.0,956.531,265.2467,1.0,948.0857,267.72455,1.0,938.0836,269.19037,1.0,991.42004,262.01318,1.0,1001.71344,254.45338,1.0,1012.87396,253.91129,1.0,1019.4747,257.8018,1.0,1010.6724,261.98434,1.0,1000.3836,262.5458,1.0,961.8793,336.159,1.0,969.4499,324.04684,1.0,976.26135,319.90665,1.0,983.817,320.08316,1.0,991.215,318.63892,1.0,998.3954,321.64508,1.0,1005.4954,333.4244,1.0,1003.59607,339.73337,1.0,992.7038,346.58594,1.0,983.8024,348.30136,1.0,975.52344,348.3102,1.0,963.71857,343.11725,1.0,965.03076,335.80316,1.0,979.2808,328.0995,1.0,984.29663,327.4495,1.0,989.8309,327.3437,1.0,1002.3199,333.4883,1.0,989.3551,338.78522,1.0,983.02014,339.59927,1.0,977.0399,339.76926,1.0,942.41534,264.32358,1.0,1006.4793,257.43637,1.0,974.20886,308.59317,0.9967063,980.0397,433.40768,0.9982361,831.21704,428.7944,0.9982361,725.3986,596.8971,0.8418402,889.27386,463.95645,0.99163353,1128.8623,438.021,0.99972486,1186.0834,681.36554,0.96055293,1161.5023,896.1663,0.9821059,974.69147,932.97797,0.97365355,877.39636,934.3585,0.97365355,869.9562,1261.3634,0.04277179,861.7003,1625.0842,0.018626595,1071.9865,931.5975,0.98003334,1069.0969,1307.577,0.028150983,1052.9855,1622.9269,0.011926577,940.02045,277.6792,0.99459475,1002.2393,274.3283,0.99013895,910.017,281.14304,0.98843443,1023.2739,279.9262,0.9954028,1002.8739,1740.38,0.01168914,1002.8739,1740.38,0.01168914,1059.2344,1663.572,0.012397689,898.4129,1731.2268,0.010508149,898.4129,1731.2268,0.010508149,855.8763,1679.6262,0.014134724,1157.462,909.48615,1.0,1118.8201,923.1045,1.0,1100.84,953.34216,1.0,1092.2748,982.0872,1.0,1082.6589,1002.5939,1.0,1126.1877,984.2663,1.0,1119.8597,1022.7855,1.0,1116.3174,1043.7095,1.0,1114.3273,1059.7269,1.0,1147.7643,986.57477,1.0,1140.9309,1025.9515,1.0,1136.2399,1048.6385,1.0,1133.3704,1065.8607,1.0,1163.8539,983.8966,1.0,1157.1956,1019.3429,1.0,1151.3846,1039.9757,1.0,1147.1575,1055.9695,1.0,1173.7681,978.51526,1.0,1166.1322,1005.6666,1.0,1160.2716,1020.5283,1.0,1155.2449,1031.9724,1.0,881.36804,463.23895,1.0,910.6157,431.61325,1.0,949.76355,413.84537,1.0,977.5691,398.7842,1.0,996.75385,384.16635,1.0,981.13806,429.91046,1.0,1019.0349,456.56866,1.0,1038.9957,471.63605,1.0,1054.2122,483.48456,1.0,976.00824,449.58682,1.0,1014.929,478.935,1.0,1036.5593,495.60284,1.0,1053.6904,507.1598,1.0,966.89014,471.16296,1.0,1004.80005,495.54715,1.0,1027.8215,509.6268,1.0,1044.852,519.1531,1.0,955.30225,491.97342,1.0,988.30286,508.70667,1.0,1006.73456,519.82214,1.0,1020.90375,527.07733,1.0
899.66565,272.7441,1.0,901.997,285.133,1.0,904.4628,298.402,1.0,912.92523,320.49414,1.0,921.4808,334.32767,1.0,934.2511,349.15268,1.0,943.38696,356.71964,1.0,962.1436,366.87845,1.0,989.4323,369.62445,1.0,1015.4956,360.9917,1.0,1029.8516,346.65094,1.0,1035.4022,336.97485,1.0,1041.9985,319.76453,1.0,1048.1335,296.65662,1.0,1048.9657,281.97217,1.0,1048.4208,268.81656,1.0,1047.1559,256.69934,1.0,914.009,254.0064,1.0,919.3482,247.26047,1.0,928.2125,242.02342,1.0,941.8028,239.44707,1.0,958.01215,239.15915,1.0,989.5205,235.97832,1.0,1004.4312,232.93947,1.0,1017.25964,232.56563,1.0,1027.0962,235.6119,1.0,1033.0035,240.73517,1.0,977.71106,262.19885,1.0,980.1657,275.39453,1.0,981.6323,284.03873,1.0,982.8227,290.87384,1.0,971.4183,302.48907,1.0,975.87836,304.84708,1.0,983.6425,303.9115,1.0,990.4372,303.33984,1.0,993.5964,300.05634,1.0,929.0456,265.21472,1.0,935.8277,260.2461,1.0,946.5374,258.46313,1.0,957.79065,263.1156,1.0,949.16394,265.59366,1.0,939.0614,267.03787,1.0,992.74866,259.9912,1.0,1003.0343,252.55518,1.0,1014.21295,251.92554,1.0,1020.9479,255.75589,1.0,1012.0754,259.9805,1.0,1001.78094,260.64746,1.0,962.2883,334.74933,1.0,970.4784,322.22122,1.0,977.5025,317.87817,1.0,985.0836,318.14124,1.0,992.4684,316.6391,1.0,999.6857,319.7935,1.0,1006.3936,332.0755,1.0,1004.96106,338.99432,1.0,994.2259,346.36282,1.0,985.2773,348.17145,1.0,976.8716,348.26224,1.0,964.4399,342.60468,1.0,965.3885,334.43475,1.0,980.3381,326.3777,1.0,985.5241,325.81918,1.0,991.0597,325.63162,1.0,1003.1763,332.10175,1.0,990.37384,337.43988,1.0,984.2035,338.26456,1.0,978.3057,338.4773,1.0,943.7501,262.2643,1.0,1007.8961,255.62643,1.0,974.0447,306.3163,0.99661905,979.77124,433.10928,0.99836373,830.66907,428.2272,0.99836373,711.01764,596.6241,0.850458,889.16724,493.16504,0.99212855,1128.8735,437.99136,0.99973357,1186.1144,681.32306,0.96076494,1161.4158,896.8818,0.981866,974.44006,936.2642,0.9741757,877.0454,937.04065,0.9741757,869.7622,1263.2072,0.04226964,860.3966,1627.834,0.018448943,1071.8347,935.48773,0.98007315,1068.22,1306.5447,0.027007999,1047.7983,1625.5944,0.011678828,940.3556,276.66583,0.99440354,1002.2573,273.24472,0.98950976,910.2887,280.07513,0.9881517,1024.3806,279.09537,0.99508697,1002.62067,1746.6304,0.011461485,1002.62067,1746.6304,0.011461485,1050.555,1667.6548,0.012386779,898.5311,1736.4805,0.010335245,898.5311,1736.4805,0.010335245,853.8639,1683.9403,0.014143956,1156.4363,909.416,1.0,1117.9698,923.43774,1.0,1100.4066,953.778,1.0,1092.0117,982.206,1.0,1083.1577,1002.87164,1.0,1125.6653,984.7961,1.0,1119.5806,1022.8486,1.0,1115.8181,1043.6272,1.0,1113.7622,1059.5303,1.0,1147.141,986.7365,1.0,1140.6448,1025.7903,1.0,1136.1338,1048.5162,1.0,1133.3284,1065.9186,1.0,1163.3126,983.6571,1.0,1156.5853,1019.294,1.0,1150.8601,1039.8856,1.0,1146.7646,1055.6735,1.0,1173.56,977.9883,1.0,1165.689,1005.09955,1.0,1159.7303,1020.0183,1.0,1154.822,1031.3755,1.0,885.0097,485.16037,1.0,923.0371,460.78192,1.0,963.52386,451.68152,1.0,992.69165,442.39487,1.0,1011.31665,429.6416,1.0,991.40704,481.63577,1.0,1016.1429,514.50806,1.0,1029.9794,533.13525,1.0,1040.6158,548.8095,1.0,981.6957,500.01862,1.0,1003.5685,534.5313,1.0,1017.2937,554.56647,1.0,1030.3358,569.7475,1.0,967.16345,518.7705,1.0,991.2021,548.3376,1.0,1005.7212,566.8687,1.0,1017.55426,580.0542,1.0,950.60913,535.79584,1.0,973.2677,557.2037,1.0,984.90186,572.2735,1.0,995.6683,582.8245,1.0
900.10156,271.49622,1.0,902.3191,283.91833,1.0,904.68445,297.23538,1.0,913.0377,319.3459,1.0,921.627,333.18292,1.0,934.4306,348.00528,1.0,943.5291,355.65955,1.0,962.1398,365.92923,1.0,989.32697,368.8329,1.0,1015.2992,360.22876,1.0,1029.6377,345.90665,1.0,1035.2202,336.22812,1.0,1042.1285,319.03314,1.0,1048.6382,295.87024,1.0,1049.6238,281.1149,1.0,1049.1552,267.90292,1.0,1047.9855,255.76483,1.0,914.7329,252.73334,1.0,920.1419,246.00009,1.0,929.019,240.76184,1.0,942.5598,238.19756,1.0,958.69977,237.92622,1.0,989.9896,234.78148,1.0,1004.8822,231.81888,1.0,1017.7256,231.53046,1.0,1027.6135,234.64317,1.0,1033.583,239.76324,1.0,978.1738,261.00757,1.0,980.5149,274.1865,1.0,981.9786,282.78397,1.0,983.0983,289.58743,1.0,971.9148,301.2652,1.0,976.2311,303.61188,1.0,983.8463,302.71252,1.0,990.5453,302.17795,1.0,993.67554,298.94482,1.0,929.38617,264.0275,1.0,936.14905,258.87402,1.0,947.0372,257.09943,1.0,958.33203,262.0509,1.0,949.66583,264.56342,1.0,939.4797,266.00424,1.0,993.29047,258.94974,1.0,1003.5102,251.36261,1.0,1014.7905,250.77864,1.0,1021.60535,254.78075,1.0,1012.64825,259.07846,1.0,1002.25195,259.69495,1.0,962.458,333.77625,1.0,970.5115,321.0473,1.0,977.56903,316.6291,1.0,985.2017,316.87952,1.0,992.6654,315.36298,1.0,999.9451,318.63837,1.0,1006.5656,331.22418,1.0,1005.2403,338.2752,1.0,994.456,345.70822,1.0,985.4271,347.50696,1.0,976.9926,347.58005,1.0,964.5149,341.79486,1.0,965.60016,333.4411,1.0,980.4188,325.18005,1.0,985.64246,324.58994,1.0,991.22577,324.40106,1.0,1003.2968,331.23938,1.0,990.5977,336.8045,1.0,984.3815,337.60098,1.0,978.50854,337.8108,1.0,944.06305,261.09763,1.0,1008.201,254.6207,1.0,972.8048,306.34546,0.9963797,979.89136,433.00845,0.99847144,830.3845,427.3813,0.99847144,702.31396,593.50867,0.85750544,888.9122,508.70825,0.992249,1129.3982,438.63565,0.9997394,1186.7312,682.03827,0.96131045,1161.3246,898.1959,0.98148036,974.3337,937.32623,0.97458,877.0999,938.0374,0.97458,868.34436,1268.1967,0.04429865,856.91766,1633.4856,0.018712534,1071.5674,936.61505,0.9800481,1067.8751,1308.8097,0.02708676,1043.3068,1634.2642,0.011437747,939.69464,276.68237,0.9938256,1001.83307,273.05264,0.9883088,910.428,279.97992,0.98720783,1024.7842,277.9004,0.9945253,997.1688,1756.5216,0.011213879,997.1688,1756.5216,0.011213879,1044.5259,1676.0686,0.012176932,893.48157,1740.6825,0.01043928,893.48157,1740.6825,0.01043928,849.90857,1690.1166,0.014219524,1156.964,909.3044,1.0,1118.2661,922.95825,1.0,1100.696,953.0612,1.0,1092.7142,981.7901,1.0,1084.1415,1002.4296,1.0,1125.726,984.216,1.0,1119.7765,1022.5587,1.0,1116.2694,1043.4093,1.0,1114.427,1059.4469,1.0,1147.2264,986.6226,1.0,1141.0007,1025.5225,1.0,1136.6512,1048.1412,1.0,1134.0367,1065.444,1.0,1163.2708,984.0325,1.0,1156.9307,1019.0121,1.0,1151.309,1039.369,1.0,1147.4009,1055.0353,1.0,1173.3379,978.7548,1.0,1165.4409,1004.98096,1.0,1159.5828,1019.4486,1.0,1154.8632,1030.502,1.0,890.0349,503.95398,1.0,928.26843,486.15784,1.0,969.8117,485.92175,1.0,1000.81067,484.33762,1.0,1021.63043,474.7216,1.0,993.8418,522.55615,1.0,1006.6525,559.2516,1.0,1013.4985,579.86487,1.0,1018.69604,596.7358,1.0,982.20105,539.82025,1.0,993.0755,577.2729,1.0,999.95795,599.1037,1.0,1007.4335,616.17993,1.0,964.17035,555.32635,1.0,978.48895,587.7135,1.0,986.61035,607.9205,1.0,995.21875,622.5988,1.0,944.39374,568.4384,1.0,959.1493,592.71375,1.0,965.9968,608.4798,1.0,973.9825,619.8796,1.0
900.5374,270.2483,1.0,902.6412,282.70364,1.0,904.906,296.06873,1.0,913.1502,318.19763,1.0,921.77325,332.0382,1.0,934.6101,346.8579,1.0,943.67126,354.59946,1.0,962.13586,364.98004,1.0,989.2216,368.04132,1.0,1015.10284,359.46582,1.0,1029.4237,345.16238,1.0,1035.0383,335.4814,1.0,1042.2585,318.30176,1.0,1049.1428,295.0839,1.0,1050.2819,280.25766,1.0,1049.8895,266.9893,1.0,1048.8152,254.83032,1.0,915.45685,251.46028,1.0,920.9356,244.73973,1.0,929.82544,239.50026,1.0,943.31683,236.94804,1.0,959.3873,236.69331,1.0,990.45874,233.58466,1.0,1005.3332,230.69829,1.0,1018.1915,230.49529,1.0,1028.131,233.67445,1.0,1034.1625,238.7913,1.0,978.6366,259.81625,1.0,980.864,272.9785,1.0,982.3248,281.5292,1.0,983.374,288.30103,1.0,972.4113,300.0413,1.0,976.5838,302.37668,1.0,984.0502,301.51358,1.0,990.6533,301.01602,1.0,993.75476,297.8333,1.0,929.7267,262.8403,1.0,936.4704,257.50195,1.0,947.53687,255.73572,1.0,958.87335,260.9862,1.0,950.1678,263.5332,1.0,939.89795,264.9706,1.0,993.8322,257.9083,1.0,1003.98615,250.17006,1.0,1015.3681,249.63173,1.0,1022.2628,253.80559,1.0,1013.2211,258.17642,1.0,1002.72296,258.74246,1.0,962.6277,332.80316,1.0,970.5446,319.87338,1.0,977.63556,315.37997,1.0,985.31976,315.61777,1.0,992.8624,314.08682,1.0,1000.20447,317.48325,1.0,1006.7377,330.37286,1.0,1005.5195,337.5561,1.0,994.6861,345.0536,1.0,985.57697,346.8425,1.0,977.11365,346.8979,1.0,964.5899,340.98505,1.0,965.8118,332.44748,1.0,980.49963,323.9824,1.0,985.7608,323.3607,1.0,991.3919,323.1705,1.0,1003.41736,330.37704,1.0,990.8216,336.16913,1.0,984.5594,336.9374,1.0,978.7114,337.14426,1.0,944.37604,259.93097,1.0,1008.5059,253.61497,1.0,971.8078,305.68567,0.9963035,979.9717,431.36826,0.9985686,830.39154,423.91623,0.9985686,692.9907,584.1269,0.8625189,888.57916,522.3752,0.9915342,1129.5518,438.82025,0.9997456,1187.4532,682.0166,0.96143264,1161.716,897.7837,0.980061,974.1156,937.3373,0.97535753,877.0327,938.0209,0.97535753,867.8848,1268.6058,0.046835605,855.47516,1633.371,0.01886675,1071.1985,936.6537,0.98042804,1067.8824,1309.4985,0.027557952,1041.1536,1633.8982,0.011224367,938.5394,276.47058,0.993534,1001.0945,271.5195,0.9877864,911.0919,279.67978,0.9866324,1024.8914,276.2818,0.9942697,996.6051,1755.7196,0.010940331,996.6051,1755.7196,0.010940331,1041.1753,1675.5945,0.012028614,893.0389,1740.3235,0.010456495,893.0389,1740.3235,0.010456495,848.4634,1689.4619,0.014270433,1158.7513,907.92267,1.0,1120.1301,920.69775,1.0,1102.3179,951.08,1.0,1094.7126,980.50146,1.0,1085.1682,1001.4276,1.0,1126.9109,983.1475,1.0,1120.6692,1021.3776,1.0,1116.8658,1042.4462,1.0,1114.6012,1058.8715,1.0,1148.3213,985.7423,1.0,1142.0958,1024.7697,1.0,1137.1783,1048.0267,1.0,1134.0427,1065.8812,1.0,1163.9556,982.99066,1.0,1158.3721,1018.07166,1.0,1152.2155,1038.9292,1.0,1147.6621,1055.1531,1.0,1173.7875,977.33905,1.0,1166.608,1003.8424,1.0,1160.762,1018.4867,1.0,1155.6959,1029.6023,1.0,895.71173,517.2898,1.0,934.6525,504.5174,1.0,973.51135,510.69116,1.0,1002.267,514.6874,1.0,1023.60376,509.84125,1.0,990.7728,553.9338,1.0,993.66003,589.5479,1.0,995.6204,610.37305,1.0,996.9738,627.72046,1.0,975.9651,568.1227,1.0,977.4502,603.57416,1.0,978.59033,625.31274,1.0,981.86957,643.2592,1.0,955.64716,578.8448,1.0,961.19293,611.41003,1.0,964.2092,632.49384,1.0,969.56384,648.78345,1.0,934.22656,586.6668,1.0,940.87103,612.87286,1.0,944.0526,629.3926,1.0,949.87506,642.3164,1.0
900.9733,269.0004,1.0,902.96326,281.48895,1.0,905.1276,294.90207,1.0,913.26276,317.0494,1.0,921.91943,330.89346,1.0,934.78955,345.7105,1.0,943.8134,353.53934,1.0,962.13196,364.03082,1.0,989.1163,367.24976,1.0,1014.9065,358.7029,1.0,1029.2098,344.4181,1.0,1034.8563,334.7347,1.0,1042.3885,317.57037,1.0,1049.6475,294.29755,1.0,1050.9398,279.4004,1.0,1050.6239,266.07562,1.0,1049.6448,253.8958,1.0,916.1808,250.18723,1.0,921.72925,243.47935,1.0,930.6319,238.2387,1.0,944.0738,235.69852,1.0,960.0749,235.46039,1.0,990.9278,232.38782,1.0,1005.78424,229.5777,1.0,1018.6574,229.46011,1.0,1028.6483,232.70573,1.0,1034.742,237.81938,1.0,979.0993,258.62497,1.0,981.2132,271.77045,1.0,982.6711,280.27444,1.0,983.6497,287.01462,1.0,972.9079,298.81738,1.0,976.9365,301.14145,1.0,984.254,300.3146,1.0,990.7614,299.85413,1.0,993.8339,296.7218,1.0,930.0672,261.6531,1.0,936.7917,256.12988,1.0,948.0366,254.37201,1.0,959.4147,259.9215,1.0,950.66974,262.503,1.0,940.3162,263.93698,1.0,994.374,256.86682,1.0,1004.4621,248.9775,1.0,1015.94574,248.48483,1.0,1022.9202,252.83043,1.0,1013.79407,257.27435,1.0,1003.194,257.78998,1.0,962.79736,331.83008,1.0,970.5777,318.69943,1.0,977.7021,314.1309,1.0,985.43787,314.35602,1.0,993.05945,312.8107,1.0,1000.46387,316.32812,1.0,1006.90967,329.52155,1.0,1005.7987,336.837,1.0,994.9162,344.399,1.0,985.7268,346.178,1.0,977.2346,346.2157,1.0,964.6649,340.17523,1.0,966.0235,331.45383,1.0,980.58044,322.78473,1.0,985.8791,322.13144,1.0,991.558,321.93997,1.0,1003.53796,329.5147,1.0,991.0455,335.53375,1.0,984.73737,336.27383,1.0,978.9143,336.47772,1.0,944.68896,258.76428,1.0,1008.8108,252.60924,1.0,971.72003,305.58084,0.99641204,980.2215,430.30643,0.99867207,830.69806,421.08868,0.99867207,692.7214,570.37,0.86783284,888.7547,528.3219,0.99133587,1129.745,439.52417,0.9997543,1187.8577,682.3021,0.96176827,1161.8533,897.51654,0.97940934,973.6639,938.812,0.9762189,876.5228,938.6159,0.9762189,867.4176,1268.4373,0.045568526,853.2547,1631.6473,0.01826715,1070.8049,939.00806,0.9809067,1065.4819,1309.2678,0.027207512,1036.8102,1633.7115,0.010886554,938.43976,276.24564,0.9936746,1001.0839,270.99524,0.9879133,911.649,279.1842,0.9868956,1025.3871,275.57593,0.99430424,992.4565,1755.4133,0.010640098,992.4565,1755.4133,0.010640098,1036.5183,1675.2799,0.011792852,892.3932,1736.7788,0.010098556,892.3932,1736.7788,0.010098556,845.0463,1687.9731,0.013959193,1159.6101,907.8694,1.0,1120.6016,920.87445,1.0,1102.9154,950.6528,1.0,1095.2438,980.3196,1.0,1084.8103,1001.16003,1.0,1127.6309,983.3483,1.0,1121.2197,1021.2086,1.0,1117.4407,1042.1158,1.0,1115.2251,1058.5338,1.0,1149.1385,985.6211,1.0,1142.2505,1024.4071,1.0,1137.287,1047.363,1.0,1134.2128,1065.4471,1.0,1165.1058,982.36835,1.0,1158.6534,1017.4897,1.0,1152.4608,1038.4886,1.0,1147.8568,1054.8357,1.0,1174.8784,976.08777,1.0,1167.4358,1002.991,1.0,1161.3218,1017.90393,1.0,1156.1233,1029.4933,1.0,900.7397,519.633,1.0,938.79395,515.2678,1.0,973.62555,530.67615,1.0,998.93134,540.6116,1.0,1019.27765,539.3849,1.0,981.97766,574.4642,1.0,977.2517,611.1704,1.0,975.5458,631.9048,1.0,973.69135,648.6954,1.0,964.8681,585.52075,1.0,959.22815,622.53033,1.0,955.7343,644.3777,1.0,955.20776,662.49066,1.0,943.18176,592.1543,1.0,942.27,626.38446,1.0,939.944,647.52795,1.0,940.8771,664.1596,1.0,920.68304,595.3859,1.0,921.46625,622.5092,1.0,920.86163,639.2894,1.0,923.30615,653.0287,1.0
901.3023,269.66492,1.0,903.3351,282.10004,1.0,905.42236,295.47186,1.0,913.306,317.61627,1.0,921.856,331.45532,1.0,934.69934,346.2843,1.0,943.7921,354.03906,1.0,962.17816,364.58847,1.0,989.23474,367.9491,1.0,1015.0942,359.36407,1.0,1029.4104,345.0179,1.0,1035.0597,335.38586,1.0,1042.5608,318.2432,1.0,1049.8247,295.0764,1.0,1051.162,280.29623,1.0,1051.0024,267.08658,1.0,1050.2345,255.03189,1.0,916.4571,250.68018,1.0,922.0267,243.90056,1.0,931.0015,238.64644,1.0,944.6144,236.13919,1.0,960.7857,236.0464,1.0,991.75415,233.17583,1.0,1006.7903,230.42732,1.0,1019.73694,230.4489,1.0,1029.5942,233.80579,1.0,1035.6422,238.97614,1.0,979.6336,259.75418,1.0,981.6558,273.0368,1.0,983.0074,281.59485,1.0,983.96075,288.38373,1.0,973.3548,300.0083,1.0,977.22815,302.3481,1.0,984.49963,301.57794,1.0,990.87274,301.1432,1.0,993.8268,298.06906,1.0,930.5675,262.35333,1.0,937.3215,256.78964,1.0,948.55756,255.0725,1.0,959.8979,260.7656,1.0,951.21765,263.3092,1.0,940.83923,264.7109,1.0,994.9413,257.9363,1.0,1005.1319,249.99179,1.0,1016.6588,249.61264,1.0,1023.5941,254.11337,1.0,1014.39233,258.51904,1.0,1003.78534,258.9349,1.0,962.92816,332.52783,1.0,970.7636,319.4651,1.0,977.8645,315.00482,1.0,985.55524,315.20892,1.0,993.17645,313.72742,1.0,1000.5053,317.21017,1.0,1007.0436,330.34204,1.0,1006.00366,337.82962,1.0,995.0802,345.4614,1.0,985.8532,347.23724,1.0,977.30695,347.20428,1.0,964.7684,341.01044,1.0,966.15753,332.161,1.0,980.65326,323.38773,1.0,985.9739,322.74908,1.0,991.67236,322.5979,1.0,1003.76495,330.32355,1.0,991.24274,336.58923,1.0,984.8802,337.3146,1.0,979.06256,337.4759,1.0,945.2155,259.4285,1.0,1009.4169,253.67691,1.0,971.49066,304.94037,0.9964819,980.7164,427.90045,0.99875313,831.4969,415.66113,0.99875313,684.69543,557.28754,0.87161523,888.76715,523.1887,0.99070656,1129.9358,440.13977,0.999759,1188.1716,682.4125,0.96217495,1161.9236,898.1883,0.97824615,972.5842,938.9103,0.9763726,875.14886,938.6119,0.9763726,864.58594,1268.3171,0.046481825,849.9454,1632.2288,0.018087052,1070.0197,939.2087,0.9806212,1062.6335,1311.4398,0.02690591,1033.5199,1634.6168,0.01059478,937.8558,275.86267,0.9936732,1001.0813,269.72034,0.9878979,912.23895,279.06747,0.9868528,1025.8464,274.8859,0.994235,988.4492,1754.7798,0.010304996,988.4492,1754.7798,0.010304996,1033.6636,1676.4987,0.011519093,884.84656,1737.2041,0.009970017,884.84656,1737.2041,0.009970017,843.5046,1688.6389,0.0137686515,1159.064,908.9297,1.0,1120.3389,922.0907,1.0,1102.6233,951.2955,1.0,1094.6711,980.2186,1.0,1084.8097,1000.8565,1.0,1127.5568,983.6598,1.0,1120.9175,1021.7076,1.0,1117.0176,1042.5388,1.0,1114.7874,1058.6195,1.0,1149.2352,985.9602,1.0,1142.3448,1024.768,1.0,1137.5421,1047.556,1.0,1134.4746,1065.171,1.0,1165.2195,982.9162,1.0,1158.7396,1017.7933,1.0,1152.5892,1038.5414,1.0,1147.7708,1054.5697,1.0,1175.1156,977.063,1.0,1167.8865,1003.9014,1.0,1161.9989,1019.0981,1.0,1156.766,1030.9346,1.0,906.66644,515.8336,1.0,944.1777,522.5116,1.0,972.77606,545.35504,1.0,994.42883,561.3403,1.0,1014.2251,565.79724,1.0,972.74884,583.99274,1.0,962.57495,623.05096,1.0,956.587,644.8913,1.0,951.6322,661.69934,1.0,953.31775,590.292,1.0,941.33246,631.2966,1.0,933.8292,654.05457,1.0,929.77686,671.7908,1.0,930.4263,592.2703,1.0,922.75006,630.6595,1.0,916.7105,652.82776,1.0,914.6415,669.74677,1.0,907.2559,590.7237,1.0,902.7925,620.98914,1.0,899.25446,638.8734,1.0,899.0405,654.0815,1.0
901.6312,270.32944,1.0,903.7069,282.7111,1.0,905.71716,296.04166,1.0,913.3493,318.18317,1.0,921.7926,332.0172,1.0,934.60913,346.8581,1.0,943.7708,354.5388,1.0,962.22437,365.14615,1.0,989.35315,368.6484,1.0,1015.2819,360.02527,1.0,1029.611,345.61774,1.0,1035.263,336.03702,1.0,1042.7329,318.91605,1.0,1050.002,295.85522,1.0,1051.384,281.19205,1.0,1051.381,268.09756,1.0,1050.8241,256.16797,1.0,916.73334,251.17311,1.0,922.32404,244.32178,1.0,931.37115,239.0542,1.0,945.1549,236.57985,1.0,961.4965,236.6324,1.0,992.58044,233.96382,1.0,1007.7963,231.27695,1.0,1020.81647,231.43768,1.0,1030.5403,234.90584,1.0,1036.5425,240.13287,1.0,980.1679,260.88336,1.0,982.0985,274.30313,1.0,983.3436,282.91525,1.0,984.2718,289.7528,1.0,973.80164,301.19922,1.0,977.5198,303.55478,1.0,984.74524,302.84128,1.0,990.9841,302.43222,1.0,993.81964,299.41635,1.0,931.06775,263.05356,1.0,937.8513,257.44937,1.0,949.0785,255.77298,1.0,960.38116,261.60965,1.0,951.7655,264.11545,1.0,941.3622,265.48483,1.0,995.50854,259.0058,1.0,1005.80164,251.0061,1.0,1017.3719,250.74046,1.0,1024.2681,255.3963,1.0,1014.9906,259.7637,1.0,1004.3767,260.0798,1.0,963.05896,333.2256,1.0,970.9495,320.23077,1.0,978.0269,315.87875,1.0,985.6726,316.06186,1.0,993.29346,314.64413,1.0,1000.54675,318.0922,1.0,1007.1775,331.16257,1.0,1006.20856,338.82224,1.0,995.2442,346.52377,1.0,985.9797,348.29648,1.0,977.3793,348.19287,1.0,964.8718,341.84564,1.0,966.29156,332.86816,1.0,980.7261,323.99075,1.0,986.06866,323.36676,1.0,991.7867,323.25583,1.0,1003.992,331.1324,1.0,991.44006,337.6447,1.0,985.023,338.3554,1.0,979.2108,338.4741,1.0,945.7421,260.09274,1.0,1010.02295,254.74457,1.0,971.3529,303.42657,0.99653673,981.95654,426.99884,0.9988369,833.46094,413.61343,0.9988369,685.73444,550.247,0.8774869,888.6361,516.9395,0.990615,1130.452,440.38425,0.99975896,1188.2533,682.4715,0.9617957,1161.8949,898.42444,0.97592837,972.1756,939.0683,0.97704387,874.8192,938.57733,0.97704387,864.44885,1268.2836,0.046276785,848.2233,1631.928,0.017701052,1069.532,939.55927,0.9806866,1061.244,1310.8198,0.026164705,1033.4435,1636.141,0.010267042,937.78906,274.6459,0.99369615,1001.07227,267.7799,0.9877549,912.59143,278.38892,0.98691475,1026.551,273.97433,0.9940882,988.9087,1754.3962,0.009928378,988.9087,1754.3962,0.009928378,1033.7687,1680.4243,0.01127271,883.90875,1737.1345,0.009693492,883.90875,1737.1345,0.009693492,841.7077,1688.3036,0.013461162,1159.0731,909.8035,1.0,1120.2118,922.6665,1.0,1102.1462,951.70825,1.0,1093.4131,980.22046,1.0,1083.3857,1000.5423,1.0,1126.738,983.25745,1.0,1120.7882,1021.50336,1.0,1117.2758,1042.4631,1.0,1115.3733,1058.3745,1.0,1148.5657,985.3785,1.0,1142.4263,1024.4554,1.0,1137.8254,1047.4017,1.0,1135.012,1064.5492,1.0,1164.865,982.4475,1.0,1159.3671,1017.6539,1.0,1153.4116,1038.1515,1.0,1148.6588,1053.6721,1.0,1175.338,976.46906,1.0,1169.6644,1003.5192,1.0,1164.593,1018.9596,1.0,1159.8014,1030.7399,1.0,908.83704,506.96176,1.0,943.2419,521.1783,1.0,969.3427,549.537,1.0,988.18964,570.2101,1.0,1007.96356,581.18536,1.0,964.4283,580.04083,1.0,956.0008,626.13806,1.0,950.6764,651.66394,1.0,946.5506,671.4857,1.0,944.3175,580.8532,1.0,934.54675,630.64343,1.0,929.75555,658.2948,1.0,927.61786,680.286,1.0,921.2714,578.105,1.0,914.1129,624.8378,1.0,910.9482,651.7916,1.0,910.97516,673.1853,1.0,898.53357,573.18195,1.0,893.1861,610.617,1.0,891.6652,632.58014,1.0,892.6283,651.4073,1.0
901.96014,270.99396,1.0,904.0788,283.32217,1.0,906.01196,296.61142,1.0,913.3926,318.75006,1.0,921.7292,332.57907,1.0,934.5189,347.4319,1.0,943.7495,355.0385,1.0,962.27057,365.7038,1.0,989.4716,369.34775,1.0,1015.4696,360.68643,1.0,1029.8114,346.21753,1.0,1035.4662,336.68817,1.0,1042.9052,319.58887,1.0,1050.1792,296.63406,1.0,1051.6061,282.0879,1.0,1051.7596,269.10852,1.0,1051.4138,257.30408,1.0,917.00964,251.66605,1.0,922.6214,244.74298,1.0,931.7407,239.46196,1.0,945.69543,237.02051,1.0,962.2073,237.21841,1.0,993.4068,234.75183,1.0,1008.80237,232.12657,1.0,1021.89594,232.42648,1.0,1031.4862,236.0059,1.0,1037.4427,241.28963,1.0,980.7022,262.01257,1.0,982.5412,275.5695,1.0,983.6799,284.23566,1.0,984.5828,291.1219,1.0,974.24854,302.39014,1.0,977.8114,304.7614,1.0,984.99084,304.1046,1.0,991.0954,303.72128,1.0,993.81256,300.7636,1.0,931.56805,263.75378,1.0,938.3811,258.1091,1.0,949.5994,256.47348,1.0,960.86444,262.45374,1.0,952.3134,264.92166,1.0,941.8852,266.25876,1.0,996.0758,260.07526,1.0,1006.47144,252.0204,1.0,1018.08496,251.86829,1.0,1024.9419,256.67923,1.0,1015.58887,261.00836,1.0,1004.968,261.22473,1.0,963.1898,333.92337,1.0,971.13544,320.99643,1.0,978.1893,316.7527,1.0,985.7899,316.91476,1.0,993.4105,315.56085,1.0,1000.58826,318.9742,1.0,1007.3114,331.98306,1.0,1006.4135,339.81485,1.0,995.4082,347.58618,1.0,986.1061,349.35568,1.0,977.4516,349.18146,1.0,964.9753,342.68085,1.0,966.42554,333.57535,1.0,980.7989,324.59378,1.0,986.16345,323.9844,1.0,991.901,323.9138,1.0,1004.219,331.94122,1.0,991.6373,338.70016,1.0,985.16583,339.39618,1.0,979.3591,339.47226,1.0,946.2687,260.757,1.0,1010.629,255.81224,1.0,971.4288,302.91968,0.99639064,983.04047,426.44696,0.99889505,835.4582,412.43634,0.99889505,689.0773,546.9943,0.88124347,886.45953,511.7551,0.99052465,1130.6227,440.45755,0.9997503,1188.3981,682.62134,0.9611813,1161.8633,897.8589,0.9738924,972.4593,939.1878,0.977235,875.23517,938.57825,0.977235,864.52374,1268.2352,0.044847064,847.7367,1632.0089,0.017090684,1069.6833,939.7973,0.9802354,1060.9105,1312.4537,0.02490145,1033.7377,1637.2574,0.009826872,938.06036,274.0637,0.9933252,1001.2475,267.20166,0.98678035,913.34863,277.78464,0.98625517,1027.0413,273.54028,0.9935196,989.1869,1754.0195,0.009467794,989.1869,1754.0195,0.009467794,1034.3253,1682.3167,0.010885741,882.2784,1737.1204,0.00931755,882.2784,1737.1204,0.00931755,841.47815,1689.01,0.013020572,1161.0226,907.9588,1.0,1122.1775,918.97046,1.0,1103.1345,948.4045,1.0,1093.7028,976.94354,1.0,1083.3633,997.18427,1.0,1126.0422,981.52594,1.0,1120.1161,1018.9762,1.0,1116.6261,1039.5566,1.0,1114.8799,1055.8135,1.0,1147.3342,984.4723,1.0,1140.0209,1021.9636,1.0,1134.7948,1044.7648,1.0,1131.351,1062.1802,1.0,1163.7334,981.83606,1.0,1156.8175,1016.43207,1.0,1150.7938,1037.2318,1.0,1146.355,1053.8798,1.0,1175.3193,975.9969,1.0,1170.3267,1002.6818,1.0,1166.7596,1018.8118,1.0,1163.7799,1031.6825,1.0,904.39404,489.25534,1.0,937.92065,511.70703,1.0,965.4624,546.4912,1.0,986.4463,572.1467,1.0,1009.37177,583.28467,1.0,961.1116,548.64105,1.0,965.81964,590.5789,1.0,967.2052,614.5773,1.0,969.33405,633.9938,1.0,940.4915,546.996,1.0,944.4475,591.5047,1.0,947.58466,617.35657,1.0,951.13385,637.5986,1.0,916.9481,543.02795,1.0,920.0761,585.79694,1.0,922.7011,610.07477,1.0,926.7229,629.81525,1.0,892.1377,538.5565,1.0,894.08905,572.87585,1.0,897.35,592.34625,1.0,901.1205,610.2305,1.0
902.56726,270.68677,1.0,904.5509,282.9865,1.0,906.39594,296.24802,1.0,913.69653,318.31863,1.0,922.0064,332.16492,1.0,934.75726,347.18423,1.0,943.96606,354.95486,1.0,962.4105,365.89777,1.0,989.51,369.72415,1.0,1015.4011,361.12503,1.0,1029.7064,346.62296,1.0,1035.4656,337.00876,1.0,1043.0798,319.7839,1.0,1050.6438,296.82733,1.0,1052.2169,282.28217,1.0,1052.3749,269.33847,1.0,1052.0765,257.55573,1.0,917.95825,251.71289,1.0,923.68384,244.89224,1.0,932.90576,239.68982,1.0,946.86414,237.30754,1.0,963.2619,237.49797,1.0,994.3789,235.08778,1.0,1009.7612,232.52206,1.0,1022.8696,232.82901,1.0,1032.4578,236.40828,1.0,1038.3024,241.7008,1.0,981.4862,262.2586,1.0,983.30566,275.9115,1.0,984.4471,284.68933,1.0,985.31696,291.62592,1.0,974.8488,302.79782,1.0,978.4069,305.1801,1.0,985.5306,304.5561,1.0,991.66815,304.1998,1.0,994.4471,301.2553,1.0,932.46173,263.8995,1.0,939.3087,258.27344,1.0,950.49426,256.69586,1.0,961.62964,262.71304,1.0,953.1093,265.17468,1.0,942.74335,266.46594,1.0,996.9365,260.4888,1.0,1007.24255,252.46693,1.0,1018.8183,252.33208,1.0,1025.7554,257.14227,1.0,1016.41876,261.53888,1.0,1005.7936,261.74155,1.0,963.79645,334.22122,1.0,971.63654,321.30627,1.0,978.7295,317.10315,1.0,986.4173,317.29037,1.0,994.03015,315.96213,1.0,1001.1973,319.39148,1.0,1007.5543,332.55292,1.0,1006.6902,340.3223,1.0,995.7714,348.05963,1.0,986.4753,349.83765,1.0,977.82227,349.6313,1.0,965.45294,342.99728,1.0,967.0288,333.90356,1.0,981.3533,324.9471,1.0,986.70044,324.36786,1.0,992.4174,324.298,1.0,1004.44775,332.5123,1.0,991.9801,339.16653,1.0,985.61993,339.85748,1.0,979.7812,339.90497,1.0,947.1415,260.93723,1.0,1011.32935,256.28156,1.0,971.9105,302.80945,0.99644643,983.2123,425.20203,0.9989453,835.77686,409.81082,0.9989453,691.2992,550.52435,0.88228136,883.1488,510.98276,0.9902668,1130.6477,440.59323,0.99975276,1188.6703,682.5468,0.96118027,1161.8813,897.5392,0.9729353,972.61005,938.27747,0.97766393,875.4706,937.86884,0.97766393,865.7875,1264.9484,0.0460695,848.3568,1631.0936,0.01774605,1069.7495,938.68616,0.98042697,1061.3265,1310.2119,0.025438491,1034.0214,1631.9213,0.010040294,938.1425,273.68274,0.99338764,1001.97614,267.16,0.9869245,913.8653,277.29437,0.986292,1027.6481,273.53647,0.99357426,990.3034,1748.238,0.009649822,990.3034,1748.238,0.009649822,1034.4015,1676.6028,0.011139992,882.83234,1736.5995,0.00962896,882.83234,1736.5995,0.00962896,842.603,1688.4218,0.013442793,1161.1311,901.4118,1.0,1122.5488,911.5704,1.0,1103.3804,939.8102,1.0,1094.787,967.0245,1.0,1084.15,987.1182,1.0,1128.7238,972.56445,1.0,1120.2501,1011.9024,1.0,1114.8467,1034.0989,1.0,1111.4639,1051.8099,1.0,1148.6674,976.5899,1.0,1138.162,1017.1201,1.0,1131.011,1042.4269,1.0,1126.0457,1062.4165,1.0,1163.2325,975.5587,1.0,1153.4899,1012.9162,1.0,1146.1826,1036.3303,1.0,1140.9346,1055.3997,1.0,1172.8184,971.4781,1.0,1166.3888,1000.51807,1.0,1161.7853,1018.6848,1.0,1157.989,1033.4551,1.0,879.82367,508.7496,1.0,934.0517,512.8284,1.0,963.63806,526.0893,1.0,983.5278,529.33307,1.0,1004.45667,530.6121,1.0,948.1277,547.89294,1.0,975.5874,554.0725,1.0,993.72815,555.0551,1.0,1009.05554,555.13495,1.0,929.44446,536.6719,1.0,957.22516,532.31195,1.0,976.87604,526.3734,1.0,992.58624,520.85156,1.0,915.83246,521.45776,1.0,938.5883,517.01904,1.0,958.5597,514.6143,1.0,974.35443,513.6274,1.0,904.1103,506.78485,1.0,922.98663,504.74658,1.0,935.65216,502.9746,1.0,947.2972,503.70004,1.0
903.1744,270.37958,1.0,905.023,282.65085,1.0,906.7799,295.88458,1.0,914.0004,317.8872,1.0,922.2837,331.75076,1.0,934.99554,346.9366,1.0,944.1826,354.87122,1.0,962.5505,366.09174,1.0,989.54834,370.10056,1.0,1015.33264,361.56363,1.0,1029.6013,347.02835,1.0,1035.465,337.32935,1.0,1043.2545,319.97894,1.0,1051.1084,297.0206,1.0,1052.8278,282.47647,1.0,1052.9902,269.56842,1.0,1052.7393,257.8074,1.0,918.9069,251.75974,1.0,924.7462,245.04149,1.0,934.07074,239.91766,1.0,948.03284,237.59456,1.0,964.3165,237.77753,1.0,995.3511,235.42372,1.0,1010.7201,232.91756,1.0,1023.84326,233.23155,1.0,1033.4293,236.81067,1.0,1039.1619,242.11198,1.0,982.2702,262.50464,1.0,984.0701,276.2535,1.0,985.21436,285.143,1.0,986.0511,292.12994,1.0,975.4491,303.2055,1.0,979.00244,305.59882,1.0,986.07025,305.00754,1.0,992.2409,304.6783,1.0,995.0816,301.74698,1.0,933.35547,264.04523,1.0,940.2363,258.43777,1.0,951.3891,256.91824,1.0,962.39484,262.97235,1.0,953.9052,265.4277,1.0,943.60144,266.67316,1.0,997.79724,260.90234,1.0,1008.0137,252.91347,1.0,1019.55164,252.79588,1.0,1026.5687,257.60532,1.0,1017.24866,262.0694,1.0,1006.61914,262.25836,1.0,964.40314,334.51907,1.0,972.13763,321.61612,1.0,979.2697,317.45364,1.0,987.0447,317.66595,1.0,994.64984,316.3634,1.0,1001.8064,319.80872,1.0,1007.7972,333.12277,1.0,1006.9669,340.82974,1.0,996.13464,348.53308,1.0,986.8444,350.3196,1.0,978.19293,350.08112,1.0,965.9306,343.3137,1.0,967.6321,334.23178,1.0,981.9076,325.30048,1.0,987.2375,324.75128,1.0,992.9339,324.68225,1.0,1004.67645,333.08337,1.0,992.3229,339.6329,1.0,986.07404,340.31876,1.0,980.2033,340.33768,1.0,948.0142,261.11746,1.0,1012.0297,256.75085,1.0,972.9704,301.59372,0.9964179,983.43134,425.0258,0.9989955,836.0564,410.05817,0.9989955,700.38104,563.1882,0.8834399,879.2972,517.5937,0.9905682,1130.8063,439.9934,0.9997537,1188.8153,679.9179,0.96197134,1161.8218,887.112,0.9731335,972.2932,933.03064,0.9783669,875.46124,933.43396,0.9783669,866.10126,1259.2153,0.048095237,850.41425,1625.7239,0.018831281,1069.1252,932.6273,0.9809339,1060.6127,1297.8057,0.027523832,1034.1385,1619.6449,0.010584664,940.58105,271.84314,0.9933558,1003.0269,266.6344,0.9867535,914.54614,276.10257,0.98600984,1028.2743,273.52274,0.9934261,989.7431,1738.5953,0.010186315,989.7431,1738.5953,0.010186315,1034.7931,1662.1062,0.011691696,883.2842,1731.796,0.010150306,883.2842,1731.796,0.010150306,845.6222,1682.6771,0.014151293,1161.5844,884.70197,1.0,1125.1152,891.0139,1.0,1105.5286,916.2832,1.0,1095.2184,942.08014,1.0,1083.646,961.0119,1.0,1132.7626,953.3127,1.0,1121.4994,993.5297,1.0,1115.1376,1016.11346,1.0,1111.0575,1034.369,1.0,1150.6312,959.4633,1.0,1137.7079,1002.1157,1.0,1128.382,1027.6613,1.0,1121.6202,1047.7261,1.0,1161.853,960.6892,1.0,1151.0216,999.3128,1.0,1142.4104,1023.1838,1.0,1135.6986,1042.6218,1.0,1167.7676,958.7807,1.0,1159.2406,990.80365,1.0,1152.5574,1010.4479,1.0,1146.1182,1025.9188,1.0,867.76416,505.1723,1.0,907.8127,524.9579,1.0,950.5397,524.77783,1.0,982.5085,516.7676,1.0,1008.965,512.924,1.0,939.0754,517.77686,1.0,959.4626,476.84384,1.0,974.355,451.0955,1.0,988.1101,430.90698,1.0,919.68115,504.04108,1.0,944.2462,464.68375,1.0,961.61084,437.4202,1.0,976.7536,415.8719,1.0,901.31586,491.5179,1.0,922.32153,455.85693,1.0,936.6439,431.05984,1.0,948.643,411.41177,1.0,884.5875,480.19492,1.0,896.6211,456.6927,1.0,902.72424,440.6105,1.0,908.91254,427.14594,1.0
903.78143,270.0724,1.0,905.4951,282.3152,1.0,907.1639,295.52115,1.0,914.3044,317.4558,1.0,922.5609,331.3366,1.0,935.2339,346.68896,1.0,944.3992,354.78757,1.0,962.6904,366.2857,1.0,989.58673,370.477,1.0,1015.2642,362.0022,1.0,1029.4962,347.43375,1.0,1035.4644,337.64996,1.0,1043.4292,320.17398,1.0,1051.573,297.21384,1.0,1053.4386,282.67075,1.0,1053.6056,269.79834,1.0,1053.402,258.05905,1.0,919.8555,251.80656,1.0,925.80865,245.19075,1.0,935.2357,240.14551,1.0,949.2015,237.88158,1.0,965.37115,238.0571,1.0,996.32324,235.75967,1.0,1011.679,233.31305,1.0,1024.8169,233.63408,1.0,1034.4008,237.21306,1.0,1040.0215,242.52316,1.0,983.0542,262.75064,1.0,984.83466,276.5955,1.0,985.98157,285.59665,1.0,986.7852,292.63394,1.0,976.0494,303.6132,1.0,979.59796,306.01752,1.0,986.61,305.459,1.0,992.81366,305.1568,1.0,995.7162,302.23865,1.0,934.24915,264.19095,1.0,941.1639,258.6021,1.0,952.2839,257.14062,1.0,963.1601,263.23166,1.0,954.7011,265.68076,1.0,944.4596,266.88034,1.0,998.65796,261.3159,1.0,1008.7848,253.36,1.0,1020.285,253.25969,1.0,1027.3821,258.06833,1.0,1018.07855,262.59995,1.0,1007.4447,262.77518,1.0,965.0098,334.81693,1.0,972.63873,321.926,1.0,979.80994,317.80414,1.0,987.67206,318.04156,1.0,995.2695,316.7647,1.0,1002.41547,320.22595,1.0,1008.0401,333.69263,1.0,1007.24365,341.33722,1.0,996.49786,349.00653,1.0,987.2136,350.80157,1.0,978.5636,350.53094,1.0,966.4083,343.63013,1.0,968.23535,334.56,1.0,982.4619,325.6538,1.0,987.77454,325.1347,1.0,993.4503,325.06647,1.0,1004.9052,333.65445,1.0,992.66565,340.09924,1.0,986.52814,340.78003,1.0,980.6254,340.7704,1.0,948.887,261.2977,1.0,1012.7301,257.22015,1.0,974.0386,301.59326,0.99655,983.50995,424.90543,0.9990308,836.0563,410.36893,0.9990308,709.2915,586.8352,0.88647896,873.0612,516.6307,0.9910014,1130.9636,439.44196,0.9997556,1188.9213,675.16614,0.96364546,1161.8123,861.23126,0.97450805,970.027,923.44635,0.97901714,874.1975,923.24805,0.97901714,866.2347,1250.2432,0.04849914,850.5661,1607.1954,0.018842323,1065.8564,923.64465,0.9815182,1060.3948,1285.4246,0.028625298,1035.7477,1604.9548,0.010563013,942.5835,271.47577,0.99361163,1004.29034,266.64432,0.9872466,916.049,275.53284,0.98637205,1029.3385,273.6369,0.99360794,989.89484,1724.0406,0.010149863,989.89484,1724.0406,0.010149863,1038.2625,1645.2712,0.011651333,883.35486,1708.4958,0.010106123,883.35486,1708.4958,0.010106123,845.97064,1662.2386,0.014203367,1152.3434,859.3299,1.0,1126.5481,849.6155,1.0,1107.8519,853.4599,1.0,1095.8324,862.6538,1.0,1089.4362,872.2699,1.0,1122.4886,894.6209,1.0,1109.1299,926.6394,1.0,1101.0088,943.14716,1.0,1094.5216,958.0366,1.0,1133.5023,907.4951,1.0,1117.8507,943.3921,1.0,1106.2007,962.68475,1.0,1096.9769,977.715,1.0,1139.3297,915.81805,1.0,1122.7153,946.26086,1.0,1110.6122,961.4752,1.0,1100.4554,974.04,1.0,1140.8499,919.6048,1.0,1126.4418,945.88306,1.0,1114.173,961.2724,1.0,1103.8243,972.5837,1.0,851.0092,516.0939,1.0,883.5915,474.47058,1.0,909.96515,452.50803,1.0,924.81067,433.2536,1.0,937.91736,413.1957,1.0,922.4899,480.37393,1.0,940.33484,452.72925,1.0,948.3107,435.66153,1.0,953.16205,419.09094,1.0,905.7052,490.22964,1.0,922.0213,462.92886,1.0,928.1052,443.46188,1.0,936.076,426.07465,1.0,887.43536,499.14996,1.0,897.8836,472.70947,1.0,904.002,455.41553,1.0,909.65375,440.94186,1.0,868.8388,503.6005,1.0,876.12384,487.3109,1.0,881.58185,476.74,1.0,888.5747,466.20862,1.0
904.25616,269.19968,1.0,905.91284,281.5585,1.0,907.5496,294.85025,1.0,914.6506,316.9882,1.0,922.8634,330.95346,1.0,935.5231,346.2406,1.0,944.6532,354.29517,1.0,962.93744,365.65036,1.0,989.8761,369.81018,1.0,1015.6002,361.46872,1.0,1030.0068,347.05988,1.0,1036.063,337.38397,1.0,1044.1934,320.11258,1.0,1052.3491,297.1508,1.0,1054.2665,282.5478,1.0,1054.4882,269.57413,1.0,1054.3611,257.71735,1.0,920.6075,250.66116,1.0,926.61505,243.99756,1.0,936.06226,238.96861,1.0,950.0653,236.78064,1.0,966.334,237.08296,1.0,997.4477,234.93695,1.0,1012.818,232.49854,1.0,1025.957,232.85165,1.0,1035.5602,236.4747,1.0,1041.1533,241.85873,1.0,983.96094,261.8532,1.0,985.6273,275.59753,1.0,986.6596,284.5055,1.0,987.41455,291.48364,1.0,976.57367,302.57614,1.0,980.14087,305.02145,1.0,987.2388,304.45538,1.0,993.4717,304.1423,1.0,996.34625,301.2081,1.0,935.0174,262.97452,1.0,941.9635,257.48956,1.0,953.14154,256.10446,1.0,964.05756,262.18744,1.0,955.5089,264.57388,1.0,945.22076,265.71964,1.0,999.5085,260.39624,1.0,1009.84973,252.57057,1.0,1021.3501,252.47769,1.0,1028.2769,257.23367,1.0,1018.9763,261.64972,1.0,1008.34314,261.80954,1.0,965.2716,334.17358,1.0,973.15765,321.22244,1.0,980.3857,317.04944,1.0,988.2272,317.29596,1.0,995.8834,316.04782,1.0,1003.0454,319.58725,1.0,1008.7147,333.09183,1.0,1007.95636,340.75757,1.0,997.0558,348.36765,1.0,987.7105,350.056,1.0,979.00635,349.77298,1.0,966.75287,342.9008,1.0,968.44293,333.9156,1.0,982.946,324.95953,1.0,988.2913,324.45273,1.0,994.0444,324.4319,1.0,1005.6164,333.0553,1.0,993.3374,339.44858,1.0,987.1085,340.08093,1.0,981.1327,340.05362,1.0,949.6194,260.2214,1.0,1013.9629,256.34372,1.0,974.79767,301.45038,0.9966339,983.46246,424.7263,0.99903,835.60535,410.60074,0.99903,715.3248,611.25616,0.887106,864.6643,515.7274,0.9908319,1131.3196,438.85184,0.9997586,1188.9459,668.7484,0.96462524,1159.1685,826.3028,0.9753851,966.9978,916.01917,0.9795611,871.4284,915.76636,0.9795611,867.90515,1234.2742,0.04958114,851.01105,1573.0972,0.019247074,1062.5673,916.2719,0.9821932,1061.3635,1268.4595,0.032831546,1041.579,1575.7612,0.011571305,942.92413,271.23,0.9937984,1005.0343,266.51517,0.9877157,917.2123,275.52216,0.9865661,1030.2113,273.54773,0.9938464,997.40753,1694.117,0.010885832,997.40753,1694.117,0.010885832,1043.993,1614.6422,0.012394943,883.58563,1679.2554,0.010164887,883.58563,1679.2554,0.010164887,846.2951,1623.652,0.01455426,1133.8398,836.24133,1.0,1121.4362,824.70374,1.0,1110.7272,825.5659,1.0,1101.4946,827.39386,1.0,1095.2816,829.18066,1.0,1111.5675,852.94275,1.0,1094.2623,875.4401,1.0,1081.6388,891.15894,1.0,1071.0343,905.01843,1.0,1115.3564,867.46216,1.0,1094.3553,894.4363,1.0,1080.1621,911.4842,1.0,1067.9873,925.116,1.0,1116.2722,878.30536,1.0,1095.6262,903.1523,1.0,1082.4786,916.979,1.0,1071.0581,928.07086,1.0,1115.2343,885.5324,1.0,1098.9083,906.0031,1.0,1085.8274,918.2462,1.0,1074.9465,927.81805,1.0,832.65076,525.2914,1.0,862.46484,498.8715,1.0,892.8326,471.51727,1.0,911.79266,449.9107,1.0,918.46783,428.19092,1.0,871.19495,476.69916,1.0,890.1164,469.48047,1.0,903.9953,467.62497,1.0,916.6162,465.23764,1.0,860.8214,495.4505,1.0,883.47424,492.52106,1.0,901.5531,492.5911,1.0,916.97906,491.73004,1.0,855.302,517.3502,1.0,878.16846,516.2564,1.0,896.0434,517.2933,1.0,911.5471,514.9245,1.0,852.41583,539.72266,1.0,875.40894,540.84033,1.0,886.94867,540.3759,1.0,897.1797,537.4659,1.0
904.73083,268.32697,1.0,906.33057,280.80182,1.0,907.93536,294.17935,1.0,914.99677,316.52057,1.0,923.16595,330.57028,1.0,935.8123,345.7922,1.0,944.90717,353.80273,1.0,963.18445,365.01498,1.0,990.16547,369.1434,1.0,1015.9362,360.93527,1.0,1030.5173,346.68604,1.0,1036.6617,337.11795,1.0,1044.9574,320.0512,1.0,1053.1251,297.0877,1.0,1055.0942,282.42484,1.0,1055.3706,269.3499,1.0,1055.3202,257.37567,1.0,921.35944,249.51575,1.0,927.4214,242.80437,1.0,936.8888,237.7917,1.0,950.92914,235.6797,1.0,967.2968,236.10884,1.0,998.5722,234.11421,1.0,1013.95703,231.68402,1.0,1027.0973,232.06924,1.0,1036.7195,235.73634,1.0,1042.285,241.19432,1.0,984.8677,260.95575,1.0,986.42004,274.59958,1.0,987.3377,283.4143,1.0,988.0439,290.33334,1.0,977.098,301.5391,1.0,980.6838,304.02536,1.0,987.8676,303.45175,1.0,994.1297,303.12778,1.0,996.9764,300.17755,1.0,935.78564,261.75812,1.0,942.7632,256.37704,1.0,953.9992,255.06831,1.0,964.9551,261.14322,1.0,956.3168,263.467,1.0,945.9819,264.55896,1.0,1000.35895,259.47662,1.0,1010.9146,251.78116,1.0,1022.4152,251.69571,1.0,1029.1716,256.39902,1.0,1019.8741,260.69952,1.0,1009.24164,260.84387,1.0,965.5334,333.53024,1.0,973.6766,320.5189,1.0,980.9614,316.29477,1.0,988.7822,316.55032,1.0,996.4974,315.33093,1.0,1003.6753,318.94855,1.0,1009.38934,332.49103,1.0,1008.6691,340.17792,1.0,997.61365,347.72873,1.0,988.2074,349.31046,1.0,979.44916,349.015,1.0,967.0974,342.17148,1.0,968.6505,333.27118,1.0,983.43005,324.26526,1.0,988.80817,323.77072,1.0,994.6384,323.7973,1.0,1006.3276,332.45615,1.0,994.0092,338.79788,1.0,987.68884,339.3818,1.0,981.63995,339.33685,1.0,950.35175,259.14514,1.0,1015.1957,255.46727,1.0,975.89124,301.11108,0.9966315,983.84717,425.69855,0.99903625,835.1035,412.3822,0.99903625,717.4528,638.18945,0.8852781,831.7592,538.19135,0.99102545,1132.5907,439.0149,0.9997661,1190.7141,668.90936,0.96647125,1154.8506,787.4678,0.9771092,966.37067,918.58746,0.9799005,870.4808,919.7045,0.9799005,867.9336,1231.2356,0.047767013,850.2669,1563.7963,0.01872873,1062.2605,917.47034,0.98275447,1063.1509,1270.5349,0.03512042,1044.0287,1577.8776,0.012017089,943.562,270.38113,0.99384105,1006.7956,266.25827,0.98792326,917.6876,275.09006,0.98656666,1030.8618,273.2718,0.99404836,997.65497,1695.9207,0.011247607,997.65497,1695.9207,0.011247607,1047.495,1616.2458,0.012611401,882.85925,1671.2694,0.009799748,882.85925,1671.2694,0.009799748,845.2103,1614.3472,0.014322962,1129.6603,795.6909,1.0,1109.0465,778.5569,1.0,1088.7634,776.44855,1.0,1072.0858,780.1341,1.0,1060.3386,782.7962,1.0,1089.6489,806.27814,1.0,1065.6443,831.45734,1.0,1050.2,848.73193,1.0,1037.4373,864.0402,1.0,1096.7546,823.2674,1.0,1070.1696,852.2782,1.0,1050.9935,870.5316,1.0,1035.4976,885.0368,1.0,1100.8475,835.0995,1.0,1074.5663,861.2434,1.0,1056.5631,876.28656,1.0,1041.9543,888.2683,1.0,1102.7551,842.2818,1.0,1081.5743,863.7367,1.0,1065.7023,876.9023,1.0,1052.3057,887.63684,1.0,848.1602,552.49506,1.0,863.7748,528.73773,1.0,880.75256,507.9203,1.0,894.8197,490.92407,1.0,900.9948,474.0989,1.0,866.01605,521.2905,1.0,880.3754,521.2424,1.0,888.86285,522.54083,1.0,897.04517,524.3982,1.0,860.4899,537.7313,1.0,876.6179,537.5638,1.0,883.8297,543.29645,1.0,890.43646,549.2845,1.0,856.2676,552.3684,1.0,872.7269,554.6175,1.0,875.45044,561.0148,1.0,877.1401,567.23364,1.0,854.38,565.8976,1.0,869.9877,566.24457,1.0,876.0088,569.03827,1.0,879.6132,572.1633,1.0
905.2055,267.45425,1.0,906.7483,280.04514,1.0,908.3211,293.50842,1.0,915.3429,316.05295,1.0,923.46844,330.18713,1.0,936.10156,345.3438,1.0,945.16113,353.3103,1.0,963.4314,364.37964,1.0,990.45483,368.47662,1.0,1016.2722,360.4018,1.0,1031.028,346.31216,1.0,1037.2604,336.85196,1.0,1045.7214,319.98984,1.0,1053.9012,297.02466,1.0,1055.922,282.30188,1.0,1056.2532,269.12567,1.0,1056.2793,257.03397,1.0,922.11145,248.37035,1.0,928.2278,241.61118,1.0,937.71533,236.61479,1.0,951.79297,234.57877,1.0,968.25964,235.1347,1.0,999.69666,233.29149,1.0,1015.09607,230.8695,1.0,1028.2374,231.28682,1.0,1037.8789,234.99799,1.0,1043.4169,240.52989,1.0,985.7745,260.05832,1.0,987.2127,273.60162,1.0,988.01575,282.32315,1.0,988.6733,289.18304,1.0,977.6223,300.502,1.0,981.2267,303.0293,1.0,988.4964,302.44815,1.0,994.7877,302.11328,1.0,997.60645,299.147,1.0,936.55396,260.5417,1.0,943.5628,255.26453,1.0,954.8569,254.03215,1.0,965.8526,260.09903,1.0,957.1246,262.36014,1.0,946.74304,263.39825,1.0,1001.2095,258.55698,1.0,1011.9795,250.99174,1.0,1023.48035,250.91371,1.0,1030.0664,255.56438,1.0,1020.7718,259.74933,1.0,1010.14014,259.8782,1.0,965.79517,332.8869,1.0,974.1955,319.81534,1.0,981.53723,315.5401,1.0,989.33734,315.80472,1.0,997.1113,314.61404,1.0,1004.3052,318.3098,1.0,1010.06396,331.8902,1.0,1009.38184,339.5983,1.0,998.1715,347.08984,1.0,988.7043,348.56488,1.0,979.89197,348.25705,1.0,967.442,341.44214,1.0,968.8581,332.62677,1.0,983.9141,323.57095,1.0,989.325,323.0887,1.0,995.2325,323.16272,1.0,1007.03876,331.857,1.0,994.68097,338.14722,1.0,988.2692,338.6827,1.0,982.1472,338.62012,1.0,951.0841,258.06885,1.0,1016.4284,254.59082,1.0,976.3764,301.55655,0.99657536,984.19916,427.3999,0.9990571,834.1668,415.6942,0.9990571,718.97314,652.3384,0.88188386,813.4413,574.00037,0.9907897,1134.2314,439.1056,0.9997753,1196.3896,669.47485,0.9675395,1147.4354,759.0125,0.97826946,967.77734,924.96265,0.9800053,870.53284,929.21436,0.9800053,870.7704,1233.1293,0.046040516,851.64185,1571.791,0.018061234,1065.0219,920.7109,0.98300046,1068.3302,1272.8827,0.036126755,1046.5089,1582.8334,0.011948556,944.4484,270.37473,0.99378246,1007.8901,266.5304,0.98789257,918.38007,274.8697,0.9862697,1031.144,273.23788,0.99413747,999.9552,1700.0149,0.011135887,999.9552,1700.0149,0.011135887,1049.8049,1622.1084,0.012518987,884.3994,1679.0944,0.009375266,884.3994,1679.0944,0.009375266,846.4854,1623.3402,0.013968338,1125.4807,755.14056,1.0,1096.6569,732.41003,1.0,1066.7997,727.3311,1.0,1042.6769,732.8743,1.0,1025.3956,736.4118,1.0,1067.7303,759.6135,1.0,1037.0261,787.47455,1.0,1018.76105,806.30493,1.0,1003.8403,823.0621,1.0,1078.1528,779.07263,1.0,1045.9836,810.1201,1.0,1021.825,829.579,1.0,1003.0077,844.9576,1.0,1085.4227,791.89355,1.0,1053.5062,819.3346,1.0,1030.6475,835.5941,1.0,1012.8504,848.4657,1.0,1090.276,799.0312,1.0,1064.2405,821.4703,1.0,1045.5773,835.55835,1.0,1029.6649,847.4556,1.0,823.493,609.674,1.0,839.37396,584.2422,1.0,859.1116,565.4285,1.0,873.4925,549.59045,1.0,879.7883,532.2041,1.0,849.2874,583.3582,1.0,867.4174,590.16437,1.0,877.80383,596.86456,1.0,885.963,603.5344,1.0,842.0489,604.24756,1.0,865.53345,612.62103,1.0,877.13965,620.4436,1.0,884.6289,627.318,1.0,837.71765,621.9684,1.0,862.0151,631.5072,1.0,871.59973,638.28845,1.0,876.54224,643.6555,1.0,836.6043,636.5512,1.0,859.8177,644.2593,1.0,869.4405,647.5345,1.0,874.5389,649.2777,1.0
904.6335,266.5869,1.0,906.06665,279.19653,1.0,907.55695,292.68057,1.0,914.37225,315.2342,1.0,922.2725,329.43405,1.0,934.6799,344.6766,1.0,943.68964,352.66736,1.0,962.0273,363.77115,1.0,989.2885,367.9463,1.0,1015.1843,360.0716,1.0,1029.9937,346.20728,1.0,1036.1881,336.8585,1.0,1044.6288,320.1134,1.0,1052.8875,297.24463,1.0,1055.033,282.55338,1.0,1055.4929,269.3611,1.0,1055.5717,257.2379,1.0,921.68475,247.46861,1.0,927.86035,240.69395,1.0,937.46924,235.68207,1.0,951.6819,233.67258,1.0,968.2526,234.30516,1.0,999.9721,232.74452,1.0,1015.2835,230.48146,1.0,1028.2611,231.04132,1.0,1037.6964,234.86528,1.0,1043.0688,240.48439,1.0,985.64935,259.48944,1.0,986.9274,272.98853,1.0,987.6388,281.67776,1.0,988.2267,288.5312,1.0,976.8481,299.87665,1.0,980.56946,302.41547,1.0,987.9207,301.84692,1.0,994.23926,301.5807,1.0,997.1869,298.63568,1.0,936.20996,259.7566,1.0,943.3236,254.62349,1.0,954.60657,253.44875,1.0,965.59875,259.4252,1.0,956.7425,261.63007,1.0,946.33057,262.6048,1.0,1000.97595,258.19098,1.0,1011.822,250.82277,1.0,1023.1643,250.82687,1.0,1029.653,255.4668,1.0,1020.41724,259.45984,1.0,1009.94696,259.54895,1.0,964.7305,332.25055,1.0,973.4513,319.26544,1.0,980.89215,314.9939,1.0,988.68677,315.37875,1.0,996.4138,314.20734,1.0,1003.53674,317.92877,1.0,1009.362,331.44333,1.0,1008.3823,338.90848,1.0,997.04675,346.16632,1.0,987.66266,347.6032,1.0,978.85815,347.26154,1.0,966.4299,340.61646,1.0,967.8076,331.99094,1.0,983.21045,323.26846,1.0,988.59973,322.81308,1.0,994.47363,322.9211,1.0,1006.2787,331.3449,1.0,993.66205,337.0621,1.0,987.3158,337.55884,1.0,981.22797,337.49246,1.0,950.796,257.43814,1.0,1016.19476,254.43314,1.0,976.4103,301.51883,0.99681777,983.8588,429.36014,0.9991218,833.2315,419.56747,0.9991218,721.81415,658.84644,0.8862185,806.53534,608.9899,0.99126565,1134.4861,439.15277,0.99978817,1203.0292,669.61646,0.9685269,1137.7646,738.3466,0.97919935,970.274,929.9046,0.9807127,870.7864,935.67676,0.9807127,874.66815,1234.5282,0.044037145,857.8861,1576.2108,0.017181912,1069.7616,924.13245,0.98358893,1071.8484,1273.7445,0.037528504,1046.5449,1585.2261,0.01200167,944.7182,268.435,0.9942529,1009.09656,266.53943,0.98877347,918.52295,273.5319,0.98722124,1031.8975,273.2967,0.99456143,1002.04034,1701.9055,0.011289672,1002.04034,1701.9055,0.011289672,1049.7416,1624.4863,0.01273995,891.43616,1683.4602,0.008884578,891.43616,1683.4602,0.008884578,853.2119,1627.3956,0.01358847,1103.2523,740.4193,1.0,1075.6688,716.7607,1.0,1046.8269,709.6141,1.0,1023.0856,716.27,1.0,1002.36145,719.0696,1.0,1041.6302,746.338,1.0,1011.29034,772.3291,1.0,989.93134,788.30664,1.0,972.51514,802.4591,1.0,1050.7076,767.8457,1.0,1017.4159,793.15344,1.0,992.88885,808.7234,1.0,973.7312,820.69525,1.0,1056.9299,782.30035,1.0,1025.8677,804.64343,1.0,1002.933,818.0708,1.0,984.9201,827.463,1.0,1060.97,790.269,1.0,1032.3971,809.70294,1.0,1013.6048,819.80725,1.0,998.0517,826.47955,1.0,798.8257,666.85297,1.0,814.97314,639.7467,1.0,837.4706,622.93677,1.0,852.1653,608.25684,1.0,858.58185,590.3093,1.0,832.5588,645.4259,1.0,854.45935,659.0864,1.0,866.7449,671.1883,1.0,874.88086,682.6707,1.0,823.60785,670.76373,1.0,854.44904,687.6783,1.0,870.4495,697.59076,1.0,878.82135,705.3515,1.0,819.1678,691.5683,1.0,851.3032,708.3969,1.0,867.749,715.56213,1.0,875.9444,720.0774,1.0,818.8286,707.20483,1.0,849.6477,722.274,1.0,862.8722,726.0307,1.0,869.4646,726.39215,1.0
904.06146,265.71954,1.0,905.38495,278.3479,1.0,906.7928,291.8527,1.0,913.40155,314.41544,1.0,921.07666,328.681,1.0,933.2582,344.0094,1.0,942.21814,352.02438,1.0,960.62317,363.16263,1.0,988.12213,367.416,1.0,1014.09644,359.74142,1.0,1028.9592,346.1024,1.0,1035.1157,336.865,1.0,1043.5361,320.23694,1.0,1051.8737,297.4646,1.0,1054.1439,282.80487,1.0,1054.7327,269.59656,1.0,1054.864,257.4419,1.0,921.2581,246.56686,1.0,927.4929,239.77672,1.0,937.22314,234.74934,1.0,951.5708,232.76639,1.0,968.24567,233.47562,1.0,1000.2475,232.19754,1.0,1015.471,230.09343,1.0,1028.2848,230.79584,1.0,1037.5139,234.73257,1.0,1042.7207,240.4389,1.0,985.52423,258.9206,1.0,986.6422,272.37546,1.0,987.2618,281.03238,1.0,987.7801,287.87933,1.0,976.07385,299.25128,1.0,979.91223,301.80167,1.0,987.34503,301.24567,1.0,993.6908,301.04813,1.0,996.7674,298.12436,1.0,935.86597,258.9715,1.0,943.0845,253.98247,1.0,954.35626,252.86534,1.0,965.3449,258.75137,1.0,956.3604,260.90002,1.0,945.9181,261.8113,1.0,1000.74243,257.82498,1.0,1011.6645,250.6538,1.0,1022.84827,250.74002,1.0,1029.2395,255.36922,1.0,1020.06274,259.17035,1.0,1009.7538,259.2197,1.0,963.66583,331.61417,1.0,972.7071,318.71558,1.0,980.2471,314.44766,1.0,988.03625,314.95276,1.0,995.7163,313.8006,1.0,1002.7684,317.54773,1.0,1008.66,330.99646,1.0,1007.38275,338.21866,1.0,995.92194,345.24277,1.0,986.62103,346.64154,1.0,977.82434,346.26605,1.0,965.4177,339.79077,1.0,966.7571,331.3551,1.0,982.5068,322.96597,1.0,987.87445,322.53745,1.0,993.7147,322.6795,1.0,1005.51855,330.83286,1.0,992.64307,335.977,1.0,986.3624,336.435,1.0,980.3087,336.36484,1.0,950.5079,256.80743,1.0,1015.9611,254.27545,1.0,977.0309,300.9796,0.9968379,983.5851,432.65942,0.9991669,832.18243,426.15976,0.9991669,728.66797,657.4643,0.8830001,806.70154,644.50385,0.99054843,1134.9877,439.15906,0.9997945,1209.1356,671.01654,0.9683531,1117.7303,725.49884,0.9783648,972.502,933.64185,0.98117423,872.56604,938.7732,0.98117423,875.7698,1235.4161,0.04416024,861.34705,1577.1161,0.016623458,1072.438,928.51044,0.9838452,1072.4574,1274.8082,0.038950607,1046.5624,1586.4774,0.01189174,946.5155,266.57965,0.99436486,1009.6293,265.8843,0.9889512,918.9056,272.35837,0.9873349,1032.0884,272.70193,0.99464613,1002.17206,1699.701,0.011213676,1002.17206,1699.701,0.011213676,1049.7405,1625.2914,0.012564649,894.62024,1687.0381,0.008569145,894.62024,1687.0381,0.008569145,857.68945,1630.5406,0.013174532,1092.5876,744.466,1.0,1069.0963,717.3583,1.0,1043.422,711.2299,1.0,1020.9242,717.10425,1.0,1002.92126,720.0678,1.0,1036.0199,752.16864,1.0,1005.2091,777.44446,1.0,986.2841,792.15076,1.0,971.9114,805.1602,1.0,1043.234,773.7106,1.0,1009.73376,798.17163,1.0,987.1005,813.2991,1.0,969.5238,825.183,1.0,1048.8224,788.4001,1.0,1016.4977,809.439,1.0,995.1623,822.2029,1.0,978.18774,832.2446,1.0,1052.4961,797.1835,1.0,1024.8854,814.8645,1.0,1007.4541,825.77814,1.0,992.9893,833.9587,1.0,789.514,659.89624,1.0,811.1577,637.6624,1.0,837.8229,620.9415,1.0,854.1734,603.4657,1.0,858.7975,584.12695,1.0,828.9133,643.9664,1.0,850.07104,658.9896,1.0,864.13336,669.99963,1.0,876.6239,680.2035,1.0,820.3956,666.9056,1.0,844.08655,683.2846,1.0,861.5154,695.6122,1.0,875.5394,705.78906,1.0,815.3347,685.55975,1.0,838.74426,701.58966,1.0,856.2045,713.0278,1.0,871.0078,721.88513,1.0,813.44244,699.64276,1.0,835.39276,715.0061,1.0,849.78174,723.5639,1.0,862.7926,730.6985,1.0
903.48944,264.8522,1.0,904.7033,277.4993,1.0,906.0286,291.0248,1.0,912.43085,313.59668,1.0,919.88074,327.92792,1.0,931.8365,343.3422,1.0,940.7467,351.3814,1.0,959.21906,362.55414,1.0,986.95575,366.88568,1.0,1013.00854,359.41125,1.0,1027.9249,345.99753,1.0,1034.0435,336.8715,1.0,1042.4436,320.3605,1.0,1050.8599,297.68457,1.0,1053.2549,283.05637,1.0,1053.9725,269.832,1.0,1054.1564,257.64587,1.0,920.8314,245.66513,1.0,927.1255,238.8595,1.0,936.977,233.8166,1.0,951.4597,231.86018,1.0,968.2387,232.64607,1.0,1000.52295,231.65056,1.0,1015.65845,229.7054,1.0,1028.3085,230.55034,1.0,1037.3314,234.59987,1.0,1042.3727,240.3934,1.0,985.3992,258.3517,1.0,986.35693,271.76236,1.0,986.8848,280.38702,1.0,987.3335,287.22748,1.0,975.29956,298.6259,1.0,979.255,301.18787,1.0,986.76935,300.64444,1.0,993.14233,300.51553,1.0,996.34784,297.61304,1.0,935.522,258.1864,1.0,942.84534,253.34143,1.0,954.10596,252.28192,1.0,965.0911,258.07755,1.0,955.97833,260.16998,1.0,945.5056,261.01785,1.0,1000.5089,257.45898,1.0,1011.507,250.48482,1.0,1022.5323,250.65318,1.0,1028.826,255.27164,1.0,1019.7082,258.88086,1.0,1009.56067,258.8904,1.0,962.6012,330.9778,1.0,971.9629,318.16568,1.0,979.602,313.90143,1.0,987.3857,314.5268,1.0,995.01886,313.3939,1.0,1001.99994,317.1667,1.0,1007.958,330.5496,1.0,1006.38324,337.52887,1.0,994.7971,344.3192,1.0,985.5794,345.67987,1.0,976.7905,345.27054,1.0,964.4055,338.96506,1.0,965.7066,330.7193,1.0,981.8031,322.66348,1.0,987.14923,322.26178,1.0,992.9559,322.4379,1.0,1004.7585,330.32077,1.0,991.62415,334.89188,1.0,985.40906,335.31113,1.0,979.38947,335.2372,1.0,950.2197,256.17673,1.0,1015.7275,254.11775,1.0,977.9225,299.80966,0.99680984,983.3736,433.64502,0.99919385,831.4374,428.15427,0.99919385,737.5479,651.1431,0.88494384,800.11523,684.5017,0.98855126,1135.3098,439.13574,0.99979234,1212.7905,671.23114,0.96931034,1098.526,724.4633,0.9774433,972.60254,934.3993,0.98176473,872.5614,939.28766,0.98176473,875.74854,1235.6624,0.047940172,861.785,1580.7583,0.016564026,1072.6437,929.51086,0.9841835,1072.2976,1275.5819,0.044373717,1046.3359,1589.1105,0.012501188,946.85455,264.266,0.9943257,1010.41125,265.35278,0.98888284,918.8986,271.4901,0.987243,1032.3589,272.2967,0.99461734,1002.11163,1701.3845,0.01156517,1002.11163,1701.3845,0.01156517,1049.5148,1628.5687,0.012714546,893.62054,1695.3024,0.008472897,893.62054,1695.3024,0.008472897,859.1099,1631.3336,0.012914128,1074.0245,739.2083,1.0,1048.9473,712.50336,1.0,1020.2395,707.2802,1.0,995.4807,715.32526,1.0,974.603,717.32837,1.0,1009.93756,749.28845,1.0,978.934,773.35205,1.0,957.94855,788.9832,1.0,941.0,803.00903,1.0,1017.614,771.11035,1.0,982.7044,794.1314,1.0,958.6998,808.6062,1.0,939.58545,820.43823,1.0,1023.54724,785.3536,1.0,991.73047,805.84686,1.0,969.29,818.8909,1.0,951.44214,829.0171,1.0,1028.1199,792.9371,1.0,999.4774,811.67413,1.0,981.92883,821.8231,1.0,967.29297,828.66455,1.0,785.3076,692.7969,1.0,809.83264,676.32544,1.0,832.46326,662.77405,1.0,843.1,651.2166,1.0,841.9655,636.6869,1.0,818.653,686.83545,1.0,837.03143,710.4331,1.0,847.73914,728.3585,1.0,854.93365,744.4712,1.0,806.8211,704.7823,1.0,829.0702,732.05743,1.0,843.0809,749.83014,1.0,851.4531,764.1086,1.0,799.77924,718.74567,1.0,822.1742,742.8378,1.0,836.36206,757.9472,1.0,844.1055,770.43866,1.0,796.23975,727.7142,1.0,813.6703,746.7687,1.0,824.864,759.00665,1.0,831.99384,768.9436,1.0
903.1096,265.8889,1.0,904.4174,278.54916,1.0,905.7674,292.0895,1.0,912.17896,314.68555,1.0,919.5691,328.97495,1.0,931.46533,344.275,1.0,940.352,352.23593,1.0,958.6375,363.22144,1.0,986.07355,367.4835,1.0,1012.062,360.1637,1.0,1027.1326,346.8839,1.0,1033.4636,337.80707,1.0,1041.9258,321.27942,1.0,1050.334,298.588,1.0,1052.7692,283.87198,1.0,1053.4855,270.59634,1.0,1053.6226,258.3447,1.0,919.8193,246.52478,1.0,926.0158,239.69449,1.0,935.755,234.67882,1.0,950.1358,232.73402,1.0,966.8932,233.49344,1.0,999.2708,232.4597,1.0,1014.44617,230.46445,1.0,1027.1923,231.22954,1.0,1036.3242,235.22954,1.0,1041.4819,241.0044,1.0,984.1932,259.17844,1.0,985.1288,272.63828,1.0,985.6658,281.3116,1.0,986.1431,288.23282,1.0,974.0023,299.60547,1.0,978.0615,302.12604,1.0,985.67035,301.5681,1.0,992.2359,301.42407,1.0,995.52936,298.54654,1.0,934.29474,259.1431,1.0,941.6277,254.33455,1.0,952.8594,253.24118,1.0,963.86127,258.95395,1.0,954.73193,261.06168,1.0,944.2865,261.92584,1.0,999.44525,258.27396,1.0,1010.3711,251.29953,1.0,1021.4459,251.4652,1.0,1027.7998,255.99084,1.0,1018.69305,259.5822,1.0,1008.5466,259.62445,1.0,961.7128,331.61176,1.0,970.96375,318.9166,1.0,978.5876,314.64,1.0,986.32513,315.25403,1.0,994.0024,314.10757,1.0,1001.0468,317.9005,1.0,1007.18805,331.1073,1.0,1005.436,337.9311,1.0,993.8205,344.64365,1.0,984.7007,345.9516,1.0,976.03296,345.586,1.0,963.72595,339.36322,1.0,964.8155,331.31564,1.0,980.82153,323.43112,1.0,986.1679,323.05338,1.0,991.97327,323.18753,1.0,1004.03424,330.84985,1.0,990.7071,335.1538,1.0,984.4936,335.5831,1.0,978.5221,335.51767,1.0,949.1782,257.10486,1.0,1014.45685,254.88045,1.0,978.4315,299.6197,0.99691975,982.9234,434.1462,0.99923223,830.72894,429.29523,0.99923223,741.8946,647.6564,0.8882388,790.8163,709.8182,0.9867649,1135.1178,438.99722,0.9997906,1213.0449,671.3208,0.970086,1073.3632,730.8162,0.9751127,971.6636,934.83246,0.9828246,871.8839,939.3421,0.9828246,877.2811,1238.0681,0.053575628,861.12195,1582.0852,0.017119283,1071.4432,930.32275,0.9849495,1070.1321,1277.1459,0.053289164,1038.0635,1590.3127,0.013315662,947.13513,263.81055,0.9945475,1010.6963,265.2445,0.9892571,918.9972,271.427,0.9876374,1032.2013,272.2954,0.9947761,997.69904,1701.8301,0.0121329315,997.69904,1701.8301,0.0121329315,1037.8568,1629.1954,0.013033731,891.9727,1696.192,0.008737109,891.9727,1696.192,0.008737109,857.50653,1632.755,0.01304542,1046.833,743.557,1.0,1009.07855,723.67316,1.0,975.8954,721.98785,1.0,949.5887,731.04034,1.0,926.4817,733.4354,1.0,976.4111,755.0163,1.0,946.62225,778.39465,1.0,925.52386,792.6873,1.0,908.0092,805.08826,1.0,986.7452,775.611,1.0,956.0155,797.2705,1.0,932.8152,810.18854,1.0,913.3873,819.2354,1.0,995.67285,790.2343,1.0,966.50806,809.3892,1.0,944.85754,821.82495,1.0,926.9421,830.20764,1.0,1002.3918,798.6383,1.0,975.78815,815.9042,1.0,958.2301,824.83673,1.0,943.27844,830.91644,1.0,768.152,723.6568,1.0,788.9317,711.61426,1.0,807.0462,703.80023,1.0,815.6912,697.30634,1.0,817.36566,688.72687,1.0,795.32477,738.7114,1.0,809.6242,764.0554,1.0,815.8894,782.34784,1.0,818.6334,798.6282,1.0,784.7358,753.38666,1.0,803.4026,782.5739,1.0,812.9823,802.3525,1.0,818.18286,819.15405,1.0,778.3558,764.3169,1.0,797.4767,790.55505,1.0,808.2345,807.6556,1.0,813.9291,822.4867,1.0,775.4862,771.32947,1.0,790.8177,792.28235,1.0,799.7507,806.2624,1.0,804.8067,818.315,1.0
902.7298,266.9256,1.0,904.13153,279.59906,1.0,905.5062,293.1542,1.0,911.92706,315.7744,1.0,919.25745,330.022,1.0,931.0942,345.20776,1.0,939.9573,353.09042,1.0,958.05597,363.88873,1.0,985.1914,368.0813,1.0,1011.1154,360.91617,1.0,1026.3402,347.7703,1.0,1032.8838,338.74265,1.0,1041.408,322.19833,1.0,1049.8081,299.49142,1.0,1052.2834,284.68762,1.0,1052.9984,271.36066,1.0,1053.0887,259.04352,1.0,918.8071,247.38443,1.0,924.9061,240.52948,1.0,934.533,235.54103,1.0,948.8119,233.60786,1.0,965.54767,234.3408,1.0,998.0187,233.26883,1.0,1013.2338,231.22351,1.0,1026.0762,231.90875,1.0,1035.317,235.85919,1.0,1040.5913,241.61537,1.0,982.98724,260.00516,1.0,983.90063,273.51422,1.0,984.4467,282.23618,1.0,984.9528,289.23816,1.0,972.7051,300.58502,1.0,976.86804,303.06424,1.0,984.5714,302.49176,1.0,991.3294,302.33258,1.0,994.7108,299.48,1.0,933.06757,260.0998,1.0,940.41,255.32767,1.0,951.61273,254.20044,1.0,962.6314,259.83032,1.0,953.48553,261.9534,1.0,943.0674,262.83386,1.0,998.3816,259.08896,1.0,1009.23517,252.11424,1.0,1020.35956,252.2772,1.0,1026.7734,256.71005,1.0,1017.67786,260.28357,1.0,1007.53253,260.35846,1.0,960.82446,332.2457,1.0,969.9646,319.6675,1.0,977.57324,315.37857,1.0,985.2646,315.98123,1.0,992.98596,314.8213,1.0,1000.0937,318.63434,1.0,1006.4181,331.66504,1.0,1004.4888,338.3333,1.0,992.8439,344.96805,1.0,983.82196,346.22333,1.0,975.2754,345.90146,1.0,963.0464,339.76138,1.0,963.9243,331.912,1.0,979.83997,324.19876,1.0,985.18665,323.84497,1.0,990.9907,323.93716,1.0,1003.31006,331.37894,1.0,989.79004,335.4157,1.0,983.5781,335.85504,1.0,977.6548,335.7981,1.0,948.1368,258.03296,1.0,1013.1863,255.64313,1.0,978.3498,299.9145,0.9968966,982.577,434.238,0.9992402,830.1065,429.6257,0.9992402,746.1322,645.123,0.8893977,779.7861,716.97375,0.98104525,1135.0476,438.85028,0.999775,1212.5675,671.4251,0.9710128,1055.585,738.8813,0.9711714,971.3507,933.80554,0.9837636,872.01465,938.7125,0.9837636,877.9447,1238.5032,0.062536836,863.7858,1583.711,0.018083284,1070.6866,928.89856,0.985556,1069.8165,1277.3903,0.06158657,1039.793,1590.8145,0.0136498,947.1244,263.803,0.9945219,1010.73096,265.27853,0.98916715,918.9916,271.39667,0.98737794,1032.0281,272.29355,0.99469584,1003.7626,1702.792,0.012158017,1003.7626,1702.792,0.012158017,1039.1759,1630.1124,0.012926468,891.94916,1696.6566,0.009201058,891.94916,1696.6566,0.009201058,861.31146,1633.6349,0.013236587,1025.5857,752.9922,1.0,988.54407,731.0357,1.0,953.74927,729.53723,1.0,926.4136,739.01434,1.0,903.3576,741.98224,1.0,957.1398,758.8973,1.0,925.11304,782.7285,1.0,903.7008,797.7032,1.0,886.16595,810.9148,1.0,967.37787,780.18634,1.0,933.8682,801.4756,1.0,910.0279,815.5055,1.0,890.0028,826.3554,1.0,975.5415,795.9408,1.0,944.2532,814.52686,1.0,921.70593,828.3637,1.0,902.88135,838.8699,1.0,981.28735,805.7417,1.0,952.98425,822.09406,1.0,934.3584,831.51227,1.0,918.70374,838.5062,1.0,750.9964,754.5167,1.0,768.0308,746.90314,1.0,781.62915,744.8265,1.0,788.2825,743.396,1.0,792.76575,740.7668,1.0,771.9966,790.58746,1.0,782.217,817.67773,1.0,784.0397,836.3371,1.0,782.3332,852.7852,1.0,762.65045,801.991,1.0,777.7349,833.09045,1.0,782.8837,854.8748,1.0,784.91254,874.19946,1.0,756.9323,809.8882,1.0,772.7792,838.2723,1.0,780.10693,857.36395,1.0,783.7527,874.5347,1.0,754.73267,814.94476,1.0,767.9651,837.79596,1.0,774.6373,853.5181,1.0,777.6196,867.68646,1.0
902.3499,267.9623,1.0,903.84564,280.64896,1.0,905.245,294.21893,1.0,911.6751,316.86328,1.0,918.9458,331.06903,1.0,930.72296,346.14056,1.0,939.5626,353.94492,1.0,957.47437,364.556,1.0,984.3092,368.6791,1.0,1010.1688,361.6686,1.0,1025.5479,348.65668,1.0,1032.3038,339.67822,1.0,1040.8901,323.11728,1.0,1049.2822,300.39487,1.0,1051.7976,285.50327,1.0,1052.5114,272.125,1.0,1052.5549,259.74234,1.0,917.795,248.24408,1.0,923.79645,241.36446,1.0,933.31104,236.40326,1.0,947.48804,234.4817,1.0,964.20215,235.18819,1.0,996.76654,234.07796,1.0,1012.0215,231.98256,1.0,1024.9601,232.58797,1.0,1034.3098,236.48886,1.0,1039.7007,242.22636,1.0,981.78125,260.83188,1.0,982.6724,274.39014,1.0,983.22766,283.16077,1.0,983.76245,290.24353,1.0,971.40784,301.5646,1.0,975.67456,304.00244,1.0,983.4724,303.4154,1.0,990.4229,303.24112,1.0,993.89233,300.4135,1.0,931.84033,261.0565,1.0,939.1923,256.32077,1.0,950.3661,255.1597,1.0,961.40155,260.70673,1.0,952.2391,262.8451,1.0,941.84827,263.74185,1.0,997.31793,259.90396,1.0,1008.09924,252.92896,1.0,1019.2732,253.08922,1.0,1025.7472,257.42926,1.0,1016.6627,260.98492,1.0,1006.5185,261.09247,1.0,959.9361,332.87964,1.0,968.9654,320.41846,1.0,976.55884,316.11716,1.0,984.204,316.70847,1.0,991.96954,315.53497,1.0,999.1406,319.36813,1.0,1005.6482,332.22275,1.0,1003.54156,338.73553,1.0,991.86725,345.29248,1.0,982.9433,346.49506,1.0,974.5179,346.21692,1.0,962.3668,340.15955,1.0,963.0332,332.50833,1.0,978.8584,324.9664,1.0,984.2053,324.63657,1.0,990.0082,324.6868,1.0,1002.5858,331.90805,1.0,988.87305,335.6776,1.0,982.66266,336.12698,1.0,976.7874,336.07855,1.0,947.0953,258.9611,1.0,1011.91565,256.40582,1.0,978.16565,300.03775,0.9970648,981.8336,434.35162,0.9992516,828.6799,430.01288,0.9992516,748.20874,644.3076,0.88732946,770.3734,730.84485,0.9663679,1134.9874,438.69037,0.99977237,1209.9567,673.41766,0.97134036,1030.7207,744.57056,0.9624181,971.30975,932.30707,0.9844532,872.1244,937.3444,0.9844532,878.6364,1233.6533,0.06289169,866.2705,1579.7284,0.017340206,1070.4951,927.26965,0.98601824,1067.7501,1274.422,0.06692425,1039.5958,1588.414,0.0135521935,947.1601,263.70502,0.9948024,1010.7217,265.5315,0.9897444,918.8193,270.9872,0.9878182,1032.0311,272.52274,0.9949505,1000.4536,1694.9922,0.011943572,1000.4536,1694.9922,0.011943572,1039.4365,1626.5894,0.01260092,895.46735,1690.2751,0.008883648,895.46735,1690.2751,0.008883648,863.6824,1625.6659,0.012716009,1006.66626,759.42194,1.0,972.40576,735.3862,1.0,936.3311,732.7399,1.0,907.38965,741.2781,1.0,883.5667,744.0184,1.0,938.98425,761.9869,1.0,905.1103,786.1886,1.0,882.41284,800.5361,1.0,863.6879,813.0109,1.0,948.46216,782.97534,1.0,912.9273,805.05585,1.0,887.8681,819.23755,1.0,866.6623,829.82477,1.0,955.27075,798.61096,1.0,921.7769,817.7668,1.0,897.7868,831.73206,1.0,877.7366,842.12823,1.0,959.77106,808.418,1.0,929.1688,824.7824,1.0,909.5184,833.98914,1.0,893.3779,840.7661,1.0,734.6482,742.9352,1.0,753.02673,737.464,1.0,765.28235,740.15765,1.0,769.55023,740.45483,1.0,769.76904,740.49927,1.0,744.3257,789.95996,1.0,751.0761,819.98846,1.0,750.4394,841.4094,1.0,747.18195,859.2456,1.0,737.74506,798.92035,1.0,748.1418,833.6531,1.0,751.08105,859.9007,1.0,750.78455,881.049,1.0,735.43445,803.0072,1.0,744.90656,833.5429,1.0,749.12103,855.69836,1.0,749.9425,874.08954,1.0,737.5593,803.9855,1.0,743.5402,827.70703,1.0,746.15765,844.32153,1.0,746.57654,858.91766,1.0
903.1754,269.23737,1.0,904.7297,281.86154,1.0,906.21606,295.3678,1.0,912.67804,317.9327,1.0,919.8835,332.14713,1.0,931.4802,347.28522,1.0,940.25757,355.09872,1.0,958.2317,365.6598,1.0,985.1593,369.6831,1.0,1011.0202,362.74808,1.0,1026.4297,349.87122,1.0,1033.1378,340.91727,1.0,1041.6357,324.36658,1.0,1049.8082,301.59796,1.0,1052.2476,286.71277,1.0,1052.8942,273.34378,1.0,1052.8783,261.00357,1.0,918.1922,249.78706,1.0,924.0892,242.9992,1.0,933.5272,238.07886,1.0,947.6367,236.15263,1.0,964.29156,236.80591,1.0,996.86755,235.55623,1.0,1012.1948,233.40862,1.0,1025.123,233.94356,1.0,1034.4824,237.78758,1.0,1039.8962,243.49194,1.0,982.0723,262.2721,1.0,983.0308,275.82538,1.0,983.63324,284.6445,1.0,984.1559,291.73804,1.0,971.7909,303.01526,1.0,976.09033,305.44067,1.0,983.9774,304.86584,1.0,991.06586,304.6713,1.0,994.61237,301.80258,1.0,932.25793,262.44424,1.0,939.51044,257.73053,1.0,950.6946,256.56052,1.0,961.798,262.09268,1.0,952.6295,264.2509,1.0,942.2493,265.138,1.0,997.67896,261.17664,1.0,1008.4615,254.1326,1.0,1019.62604,254.25113,1.0,1026.1141,258.5405,1.0,1017.05585,262.1301,1.0,1006.92267,262.29306,1.0,960.5955,334.19702,1.0,969.5074,321.72702,1.0,977.12585,317.47546,1.0,984.8182,318.0799,1.0,992.61743,316.8557,1.0,999.8981,320.66644,1.0,1006.7027,333.45566,1.0,1004.47675,339.8426,1.0,992.7346,346.2288,1.0,983.8216,347.41812,1.0,975.4234,347.12607,1.0,963.2153,341.26517,1.0,963.64014,333.82053,1.0,979.4962,326.3765,1.0,984.90936,326.0325,1.0,990.7582,326.1005,1.0,1003.6894,333.1466,1.0,989.7385,336.56204,1.0,983.48505,336.99417,1.0,977.5903,336.95987,1.0,947.42236,260.38324,1.0,1012.3895,257.61115,1.0,977.6357,300.6152,0.99710125,981.50574,434.5125,0.9992454,828.2202,430.1487,0.9992454,747.9784,643.32275,0.8819967,759.8707,733.9889,0.9423251,1134.7913,438.87634,0.9997646,1203.1814,678.23224,0.9715151,1014.5573,748.4481,0.9529697,971.3594,931.4626,0.9852323,872.2612,936.5695,0.9852323,879.3859,1232.8015,0.067921214,869.46954,1579.4924,0.016959399,1070.4575,926.35565,0.9865751,1067.3492,1274.3112,0.072749056,1039.8445,1587.7355,0.013254023,947.0381,263.88034,0.9948373,1010.4584,265.97586,0.98987836,918.5676,270.9613,0.9877343,1031.9762,272.70187,0.99498904,998.80316,1692.2509,0.011472492,998.80316,1692.2509,0.011472492,1040.8197,1624.9664,0.012058516,896.76337,1689.3826,0.00866717,896.76337,1689.3826,0.00866717,867.92737,1624.2067,0.012244384,985.1588,761.4069,1.0,951.6601,736.03973,1.0,920.1751,734.3374,1.0,893.9107,743.00214,1.0,871.4689,745.86285,1.0,916.24896,769.34076,1.0,884.0528,790.0263,1.0,861.7003,803.1964,1.0,842.8705,815.59814,1.0,923.649,791.09784,1.0,889.8803,810.2582,1.0,865.43976,823.2817,1.0,844.7673,833.8241,1.0,929.95,805.9795,1.0,898.0389,822.632,1.0,874.6131,834.7741,1.0,854.8735,844.4036,1.0,934.8309,813.7955,1.0,905.5337,827.4678,1.0,886.30206,835.2856,1.0,870.3416,841.24603,1.0,720.807,733.34784,1.0,738.4143,729.33545,1.0,748.9517,734.30896,1.0,750.77075,735.0262,1.0,747.45386,735.7061,1.0,720.16797,781.1983,1.0,722.2231,811.0385,1.0,718.054,832.1553,1.0,712.7898,850.12036,1.0,713.7771,789.97205,1.0,718.69403,825.10205,1.0,717.1499,851.20575,1.0,713.7272,872.2924,1.0,711.974,794.3867,1.0,715.94574,825.5249,1.0,715.95245,848.11536,1.0,713.3219,866.9629,1.0,714.40894,796.87506,1.0,716.4366,820.7288,1.0,716.3075,837.3142,1.0,713.8102,852.28845,1.0
904.0009,270.51242,1.0,905.6137,283.07416,1.0,907.18713,296.5167,1.0,913.681,319.00217,1.0,920.82117,333.22522,1.0,932.2375,348.42987,1.0,940.9525,356.25256,1.0,958.989,366.76355,1.0,986.00934,370.6871,1.0,1011.87164,363.82755,1.0,1027.3115,351.0858,1.0,1033.9717,342.1563,1.0,1042.3813,325.61584,1.0,1050.3344,302.80106,1.0,1052.6975,287.92227,1.0,1053.2769,274.56256,1.0,1053.2017,262.26483,1.0,918.5894,251.33006,1.0,924.38196,244.63396,1.0,933.7434,239.75446,1.0,947.7854,237.82355,1.0,964.3809,238.42363,1.0,996.9686,237.03448,1.0,1012.36816,234.83467,1.0,1025.286,235.29916,1.0,1034.655,239.08632,1.0,1040.0919,244.75754,1.0,982.36334,263.71228,1.0,983.3892,277.26065,1.0,984.0388,286.1282,1.0,984.54926,293.23254,1.0,972.1739,304.4659,1.0,976.5061,306.87888,1.0,984.4825,306.31625,1.0,991.7088,306.1015,1.0,995.3324,303.19168,1.0,932.6755,263.832,1.0,939.82855,259.14026,1.0,951.0231,257.96133,1.0,962.19434,263.47867,1.0,953.0199,265.65668,1.0,942.6503,266.53412,1.0,998.0399,262.44934,1.0,1008.8237,255.33623,1.0,1019.97894,255.41306,1.0,1026.4811,259.6517,1.0,1017.449,263.27527,1.0,1007.32684,263.49365,1.0,961.25494,335.5144,1.0,970.0493,323.0356,1.0,977.69293,318.83377,1.0,985.4324,319.45135,1.0,993.2654,318.17648,1.0,1000.6555,321.96475,1.0,1007.75726,334.68857,1.0,1005.4119,340.94962,1.0,993.602,347.1651,1.0,984.6999,348.34122,1.0,976.329,348.03522,1.0,964.0638,342.37082,1.0,964.2471,335.13272,1.0,980.1341,327.7866,1.0,985.61346,327.42844,1.0,991.50824,327.5142,1.0,1004.79297,334.3852,1.0,990.60406,337.44647,1.0,984.30743,337.86136,1.0,978.39307,337.8412,1.0,947.7495,261.8054,1.0,1012.86334,258.81647,1.0,977.228,301.1779,0.99711645,981.3585,434.7041,0.9992462,828.21564,430.09265,0.9992462,747.69366,639.69006,0.87359995,743.0458,718.9538,0.9254656,1134.5015,439.31555,0.9997579,1194.8599,682.1526,0.9707142,1000.391,750.92175,0.9436037,971.31384,930.22296,0.9858413,872.2964,934.9269,0.9858413,879.3494,1230.1842,0.068619624,869.50104,1578.7039,0.016264817,1070.3313,925.519,0.98697996,1062.9998,1270.0469,0.0745477,1036.911,1584.9873,0.012922263,946.891,264.3901,0.99484354,1010.21783,266.41333,0.9899272,918.4134,271.10022,0.9875327,1031.948,273.13055,0.99495786,992.57275,1685.3121,0.011077114,992.57275,1685.3121,0.011077114,1039.4275,1622.4208,0.011616286,896.7157,1687.5581,0.008332707,896.7157,1687.5581,0.008332707,867.89435,1623.0532,0.011681485,969.30975,765.06354,1.0,942.8617,738.1897,1.0,912.89026,735.5122,1.0,887.08563,743.9193,1.0,865.8676,746.97437,1.0,900.8632,775.2193,1.0,867.1371,797.89105,1.0,844.537,811.85706,1.0,826.3966,824.0005,1.0,907.0951,795.7852,1.0,870.7688,816.6206,1.0,845.497,829.5689,1.0,824.65027,840.0551,1.0,912.429,809.15845,1.0,879.0797,827.59796,1.0,855.89844,839.6652,1.0,837.0385,849.776,1.0,916.8639,816.0601,1.0,888.283,831.3581,1.0,870.152,840.9424,1.0,855.2679,848.40155,1.0,707.4717,724.47345,1.0,721.85266,720.6063,1.0,729.4039,723.05646,1.0,732.17804,723.35034,1.0,732.72015,721.8676,1.0,699.8452,766.3497,1.0,699.01953,793.87494,1.0,692.5705,813.2137,1.0,685.21576,829.6788,1.0,694.3419,775.72266,1.0,695.17847,809.36456,1.0,690.0948,833.46844,1.0,684.10394,852.63574,1.0,692.9753,781.3535,1.0,692.45087,812.2659,1.0,689.27057,832.9411,1.0,683.9598,849.8427,1.0,694.5532,785.151,1.0,693.3067,808.34125,1.0,690.55927,823.8917,1.0,685.6201,837.28485,1.0
904.8264,271.78748,1.0,906.4977,284.28677,1.0,908.1582,297.66556,1.0,914.68396,320.0716,1.0,921.75885,334.3033,1.0,932.99475,349.57452,1.0,941.64746,357.40637,1.0,959.7463,367.86734,1.0,986.8594,371.6911,1.0,1012.723,364.907,1.0,1028.1934,352.30035,1.0,1034.8057,343.39532,1.0,1043.1271,326.86514,1.0,1050.8604,304.00415,1.0,1053.1473,289.13177,1.0,1053.6597,275.78134,1.0,1053.5249,263.52606,1.0,918.98663,252.87305,1.0,924.6747,246.26872,1.0,933.9596,241.43005,1.0,947.9341,239.49446,1.0,964.4703,240.04135,1.0,997.06964,238.51274,1.0,1012.5415,236.26071,1.0,1025.4491,236.65475,1.0,1034.8275,240.38504,1.0,1040.2875,246.02312,1.0,982.6544,265.15247,1.0,983.7476,278.69592,1.0,984.4444,287.6119,1.0,984.9427,294.72708,1.0,972.5569,305.91656,1.0,976.9219,308.3171,1.0,984.98755,307.7667,1.0,992.35175,307.5317,1.0,996.0525,304.58075,1.0,933.0931,265.21976,1.0,940.14667,260.55,1.0,951.3515,259.36215,1.0,962.59076,264.86465,1.0,953.41034,267.06247,1.0,943.0514,267.93027,1.0,998.40094,263.72202,1.0,1009.186,256.53986,1.0,1020.3318,256.57498,1.0,1026.8479,260.7629,1.0,1017.8421,264.42044,1.0,1007.731,264.6942,1.0,961.91437,336.83176,1.0,970.59125,324.3442,1.0,978.26,320.19205,1.0,986.04663,320.82278,1.0,993.91327,319.49722,1.0,1001.41296,323.26306,1.0,1008.81177,335.92148,1.0,1006.34705,342.05664,1.0,994.4693,348.1014,1.0,985.57825,349.26428,1.0,977.2345,348.9444,1.0,964.9123,343.47644,1.0,964.854,336.44492,1.0,980.772,329.1967,1.0,986.3175,328.82437,1.0,992.25824,328.92786,1.0,1005.89655,335.62375,1.0,991.4696,338.33087,1.0,985.1298,338.72852,1.0,979.1959,338.7225,1.0,948.0766,263.2275,1.0,1013.3372,260.0218,1.0,976.85815,302.12164,0.9968988,981.3358,434.87915,0.9992326,828.21564,430.05353,0.9992326,747.33014,636.0518,0.866511,728.8156,705.84644,0.9159372,1134.456,439.70477,0.99974513,1185.6614,683.7321,0.9712557,995.2048,752.5344,0.94135076,972.4009,929.46,0.9863516,874.3146,933.8094,0.9863516,879.28107,1230.536,0.07455558,869.3732,1579.3688,0.016554406,1070.4872,925.1106,0.98726106,1063.0131,1270.5007,0.076831974,1036.5662,1585.351,0.012608424,946.82574,265.32596,0.99443597,1010.06116,267.1464,0.9891835,918.4184,271.2789,0.9865508,1031.9374,273.79584,0.99463373,990.95984,1687.0349,0.010681545,990.95984,1687.0349,0.010681545,1038.8352,1622.4208,0.011129157,895.656,1687.5627,0.008429831,895.656,1687.5627,0.008429831,867.6752,1623.8872,0.011566307,969.4369,762.27057,1.0,946.2348,734.0096,1.0,918.89545,731.91754,1.0,894.2045,741.4421,1.0,873.64795,744.4061,1.0,902.61786,776.4171,1.0,869.5692,800.1974,1.0,848.78375,814.5397,1.0,833.233,826.79865,1.0,908.4393,796.9482,1.0,871.9902,819.4343,1.0,847.84106,834.0367,1.0,829.6579,846.2171,1.0,913.2715,809.73944,1.0,878.90393,828.4604,1.0,857.77527,840.3656,1.0,840.98956,850.32733,1.0,917.667,816.7211,1.0,889.727,831.03,1.0,872.9781,840.2232,1.0,859.8634,847.528,1.0,694.68524,708.5218,1.0,708.04877,709.3103,1.0,716.9631,712.3348,1.0,720.9556,705.5815,1.0,718.83234,694.9339,1.0,689.361,749.0028,1.0,687.3138,774.01904,1.0,679.7318,790.43225,1.0,670.41754,803.5092,1.0,683.3111,758.1264,1.0,683.4282,789.7232,1.0,676.26935,811.2517,1.0,667.8494,828.4002,1.0,680.4669,763.9988,1.0,679.6556,793.49927,1.0,673.9999,812.4416,1.0,666.7765,828.27997,1.0,680.3657,767.16986,1.0,679.68616,789.70514,1.0,675.72205,803.9029,1.0,670.0587,815.5435,1.0
904.31415,271.97012,1.0,905.8943,284.46518,1.0,907.4946,297.90057,1.0,913.92224,320.36362,1.0,920.9438,334.61023,1.0,932.19025,349.9181,1.0,940.8859,357.74646,1.0,959.02655,368.15225,1.0,986.11633,371.96436,1.0,1011.9922,365.32986,1.0,1027.3969,352.90585,1.0,1033.9672,344.02106,1.0,1042.1425,327.42267,1.0,1049.8639,304.57306,1.0,1052.2017,289.72476,1.0,1052.7725,276.37958,1.0,1052.7488,264.1252,1.0,918.72736,253.1993,1.0,924.52545,246.61206,1.0,933.9157,241.80515,1.0,947.94434,239.93698,1.0,964.51166,240.57379,1.0,997.0622,239.10025,1.0,1012.5308,236.86035,1.0,1025.4049,237.3031,1.0,1034.6735,241.07906,1.0,1040.0841,246.71133,1.0,982.4557,265.80518,1.0,983.51276,279.38037,1.0,984.23175,288.30014,1.0,984.702,295.44263,1.0,972.0666,306.5579,1.0,976.44794,308.94528,1.0,984.59045,308.4807,1.0,991.97925,308.23654,1.0,995.7116,305.32108,1.0,932.5962,265.67737,1.0,939.80383,260.9592,1.0,951.16724,259.8201,1.0,962.4006,265.48605,1.0,953.2473,267.60687,1.0,942.75275,268.4573,1.0,997.99677,264.53638,1.0,1008.91455,257.26117,1.0,1020.17065,257.29474,1.0,1026.5894,261.5623,1.0,1017.62866,265.3312,1.0,1007.3547,265.5739,1.0,961.0594,337.14777,1.0,969.8873,324.90768,1.0,977.57513,320.82254,1.0,985.4374,321.4714,1.0,993.3294,320.20383,1.0,1000.8631,323.9479,1.0,1008.4585,336.51993,1.0,1005.8231,342.61337,1.0,993.84344,348.52905,1.0,984.882,349.63727,1.0,976.5129,349.29718,1.0,964.16223,343.7973,1.0,964.03674,336.75714,1.0,980.0488,329.73376,1.0,985.6267,329.3869,1.0,991.69507,329.51056,1.0,1005.5967,336.1925,1.0,990.87915,338.82263,1.0,984.5071,339.16345,1.0,978.5173,339.13446,1.0,947.74365,263.66696,1.0,1012.97003,260.77927,1.0,976.85254,302.2327,0.9969645,981.3102,434.9487,0.99924934,828.43555,429.93427,0.99924934,746.92523,632.9127,0.85383976,719.3213,699.1001,0.9125457,1134.1848,439.9631,0.9997493,1180.0647,684.2431,0.9711428,996.6727,752.46454,0.94122905,973.0615,927.5908,0.9863684,875.65424,931.67773,0.9863684,878.86456,1230.3134,0.077384435,869.27563,1579.7227,0.016882237,1070.4688,923.50385,0.98715544,1062.8346,1266.7659,0.07970666,1036.5994,1579.3688,0.012994199,946.8314,265.5579,0.99458057,1010.01904,267.3723,0.98950154,918.41797,271.62637,0.98690975,1031.9338,274.15866,0.9948039,986.1732,1683.0557,0.011103355,986.1732,1683.0557,0.011103355,1040.0912,1616.0225,0.011132044,895.59814,1687.9205,0.008668693,895.59814,1687.9205,0.008668693,867.64856,1624.1869,0.011512624,985.8893,759.2669,1.0,962.1374,730.6055,1.0,935.01746,728.2463,1.0,912.2897,738.111,1.0,895.0751,743.4569,1.0,926.2102,770.0283,1.0,895.116,795.5095,1.0,874.7136,811.0601,1.0,858.67615,824.42,1.0,932.4272,791.27747,1.0,896.1451,816.6749,1.0,871.75415,832.7149,1.0,853.08527,845.6958,1.0,936.7017,804.3503,1.0,903.5246,825.8018,1.0,881.9563,838.9042,1.0,864.6062,849.6085,1.0,940.22943,811.75055,1.0,913.0176,828.72723,1.0,894.90796,839.48047,1.0,880.2771,847.58813,1.0,692.97595,695.15094,1.0,702.1631,685.682,1.0,706.4692,684.02045,1.0,706.8186,682.9069,1.0,706.0201,680.35547,1.0,693.6758,724.6006,1.0,692.58594,746.09467,1.0,685.1498,762.69995,1.0,676.13116,775.8812,1.0,686.58997,738.0925,1.0,685.3235,767.38635,1.0,677.735,787.6884,1.0,669.0348,803.6414,1.0,681.665,747.34985,1.0,679.6516,774.1034,1.0,673.92194,791.565,1.0,666.48846,805.41406,1.0,679.49634,753.36664,1.0,677.58386,773.1688,1.0,673.56146,786.2435,1.0,667.84607,796.65393,1.0
903.80194,272.15274,1.0,905.29083,284.64362,1.0,906.831,298.13556,1.0,913.16046,320.65567,1.0,920.1287,334.91714,1.0,931.3858,350.26166,1.0,940.1243,358.08658,1.0,958.3068,368.4372,1.0,985.37335,372.2376,1.0,1011.26135,365.75275,1.0,1026.6003,353.51138,1.0,1033.1287,344.64676,1.0,1041.1577,327.9802,1.0,1048.8674,305.14197,1.0,1051.2559,290.31775,1.0,1051.8853,276.9778,1.0,1051.9725,264.72433,1.0,918.468,253.52554,1.0,924.3763,246.9554,1.0,933.8718,242.18022,1.0,947.95465,240.37952,1.0,964.553,241.10623,1.0,997.0547,239.68777,1.0,1012.52014,237.45999,1.0,1025.3607,237.95143,1.0,1034.5194,241.77307,1.0,1039.8809,247.39954,1.0,982.25696,266.4579,1.0,983.27795,280.06482,1.0,984.0191,288.98837,1.0,984.4613,296.1582,1.0,971.57623,307.19922,1.0,975.97394,309.57346,1.0,984.19336,309.19473,1.0,991.60675,308.94138,1.0,995.3707,306.0614,1.0,932.09937,266.13498,1.0,939.46094,261.36838,1.0,950.9829,260.27808,1.0,962.2103,266.10748,1.0,953.0843,268.1513,1.0,942.45416,268.98434,1.0,997.59265,265.35074,1.0,1008.6431,257.98245,1.0,1020.0095,258.01447,1.0,1026.3307,262.3617,1.0,1017.4152,266.24194,1.0,1006.9783,266.45358,1.0,960.20435,337.46378,1.0,969.1834,325.4712,1.0,976.89026,321.453,1.0,984.8281,322.12,1.0,992.74554,320.91043,1.0,1000.3132,324.63275,1.0,1008.1052,337.11838,1.0,1005.29926,343.17014,1.0,993.21765,348.95667,1.0,984.18585,350.01025,1.0,975.7912,349.65,1.0,963.4122,344.1182,1.0,963.2195,337.06934,1.0,979.3256,330.27084,1.0,984.93585,329.94943,1.0,991.13184,330.09323,1.0,1005.29675,336.7613,1.0,990.2887,339.3144,1.0,983.8843,339.5984,1.0,977.8386,339.5464,1.0,947.4107,264.1064,1.0,1012.6028,261.53677,1.0,976.8534,302.9613,0.99693173,981.15106,434.6989,0.99925005,828.7267,429.37024,0.99925005,746.72473,626.69543,0.8403152,719.30365,682.93646,0.90749145,1133.5754,440.0276,0.99974763,1178.6146,684.20166,0.9705667,1005.9987,748.18286,0.9403021,973.9526,927.5171,0.98651683,877.0852,931.6372,0.98651683,878.66864,1230.5356,0.07803503,869.20795,1578.1326,0.016547227,1070.82,923.3969,0.9871774,1062.7069,1264.0073,0.07885627,1036.3441,1577.798,0.012542619,946.94006,266.56934,0.99451274,1010.0427,268.1992,0.9894269,918.5234,272.15485,0.98659104,1031.9336,275.23047,0.9947637,985.7396,1682.0687,0.0107191065,985.7396,1682.0687,0.0107191065,1039.6873,1614.7236,0.0106752645,895.88654,1683.7839,0.008497585,895.88654,1683.7839,0.008497585,867.6019,1622.5558,0.011199407,987.5472,758.2437,1.0,964.9918,730.59033,1.0,938.3545,726.38153,1.0,915.1569,736.55206,1.0,894.749,741.23627,1.0,928.3411,767.3746,1.0,895.5698,793.7911,1.0,874.487,809.846,1.0,857.9385,823.58594,1.0,934.4488,788.75653,1.0,898.0697,814.6656,1.0,872.92957,830.8701,1.0,852.952,843.9355,1.0,938.4361,802.28876,1.0,904.0974,824.4173,1.0,881.5826,838.0776,1.0,863.1944,848.9026,1.0,941.05786,810.06354,1.0,912.3098,827.5933,1.0,894.05994,837.93427,1.0,879.1183,845.5552,1.0,692.7285,692.3474,1.0,707.9607,684.6142,1.0,716.4407,682.7233,1.0,716.83624,678.75006,1.0,716.7009,673.6425,1.0,694.06824,723.38446,1.0,692.7083,746.0406,1.0,684.894,763.2902,1.0,675.43774,777.87244,1.0,685.20337,734.8688,1.0,684.4502,763.8114,1.0,677.40234,785.0641,1.0,669.1442,802.8349,1.0,680.2165,742.4948,1.0,678.831,768.75183,1.0,673.7155,787.17334,1.0,666.82385,802.7495,1.0,678.434,746.9106,1.0,677.3994,766.8558,1.0,673.729,780.9999,1.0,668.0443,793.24615,1.0
903.28973,272.33536,1.0,904.68744,284.82202,1.0,906.16736,298.37057,1.0,912.39874,320.94772,1.0,919.3137,335.22406,1.0,930.5813,350.60522,1.0,939.36273,358.42667,1.0,957.5871,368.7221,1.0,984.6303,372.51083,1.0,1010.5305,366.1756,1.0,1025.8038,354.11688,1.0,1032.2902,345.27246,1.0,1040.1731,328.53772,1.0,1047.871,305.7109,1.0,1050.31,290.91074,1.0,1050.9982,277.57605,1.0,1051.1963,265.3235,1.0,918.2087,253.85178,1.0,924.22705,247.29875,1.0,933.82794,242.5553,1.0,947.9649,240.82204,1.0,964.5943,241.63867,1.0,997.04724,240.27528,1.0,1012.50946,238.05963,1.0,1025.3165,238.59978,1.0,1034.3654,242.46709,1.0,1039.6775,248.08775,1.0,982.05817,267.1106,1.0,983.0431,280.74927,1.0,983.80646,289.67657,1.0,984.22064,296.87378,1.0,971.0859,307.84055,1.0,975.5,310.20163,1.0,983.7962,309.90875,1.0,991.23425,309.6462,1.0,995.0299,306.80173,1.0,931.6025,266.5926,1.0,939.11804,261.77756,1.0,950.79865,260.73602,1.0,962.02014,266.72888,1.0,952.9213,268.69574,1.0,942.1556,269.51138,1.0,997.1885,266.1651,1.0,1008.37164,258.70374,1.0,1019.8484,258.7342,1.0,1026.072,263.16107,1.0,1017.2017,267.15268,1.0,1006.6019,267.33325,1.0,959.3493,337.77975,1.0,968.47943,326.0347,1.0,976.2054,322.0835,1.0,984.2189,322.76862,1.0,992.1617,321.61703,1.0,999.7633,325.3176,1.0,1007.752,337.71683,1.0,1004.7753,343.72687,1.0,992.5918,349.3843,1.0,983.4897,350.3832,1.0,975.0696,350.0028,1.0,962.6621,344.43906,1.0,962.4022,337.38156,1.0,978.6025,330.80792,1.0,984.24506,330.51196,1.0,990.56866,330.67593,1.0,1004.9969,337.33005,1.0,989.6983,339.80615,1.0,983.26154,340.03333,1.0,977.16,339.95834,1.0,947.07776,264.54587,1.0,1012.2356,262.29425,1.0,977.0003,302.98462,0.99714494,980.8289,435.09863,0.9992825,828.6864,429.33716,0.9992825,745.0117,625.1797,0.83266735,720.9309,668.5258,0.9110666,1132.9714,440.8601,0.9997574,1179.3643,683.2814,0.971016,1012.72546,743.38336,0.9433462,974.35596,928.5784,0.98613423,877.5723,933.2477,0.98613423,876.46844,1231.7634,0.07936973,870.64044,1580.0717,0.017058171,1071.1396,923.9091,0.9867154,1063.5688,1265.4111,0.079789646,1038.5118,1578.4221,0.012711062,947.0388,266.5618,0.9949072,1010.10815,268.25247,0.99018496,918.5153,272.34583,0.98753583,1032.0161,275.621,0.99513775,985.7049,1683.1154,0.0110699,985.7049,1683.1154,0.0110699,1043.3619,1615.4141,0.010677114,902.1028,1685.3392,0.0088120485,902.1028,1685.3392,0.0088120485,869.652,1624.8586,0.011280201,1014.3745,757.1722,1.0,993.15466,727.5859,1.0,968.94995,725.46576,1.0,947.5552,735.38855,1.0,929.3082,740.701,1.0,960.8636,767.6527,1.0,933.67664,794.13116,1.0,914.46246,810.02924,1.0,899.19604,823.759,1.0,966.5409,788.8401,1.0,933.5428,815.67773,1.0,910.3423,832.23083,1.0,892.87854,846.0299,1.0,969.4749,801.6172,1.0,938.63727,824.37024,1.0,918.2055,838.48224,1.0,902.021,850.2997,1.0,971.1112,808.4492,1.0,945.9248,827.1599,1.0,928.5421,838.9817,1.0,915.10626,847.5685,1.0,697.92896,678.0816,1.0,723.01117,671.2172,1.0,740.44946,671.71826,1.0,749.59296,666.73224,1.0,755.5816,656.1059,1.0,713.1644,703.4129,1.0,715.1591,724.727,1.0,709.016,742.61444,1.0,700.61926,756.45013,1.0,700.78455,718.38806,1.0,703.27014,749.15424,1.0,697.72437,769.70734,1.0,689.97565,784.5291,1.0,694.016,729.37354,1.0,695.6044,756.9983,1.0,692.9191,774.35986,1.0,687.75055,787.7673,1.0,692.34436,736.23456,1.0,692.903,757.48285,1.0,690.319,770.46765,1.0,685.7854,780.86816,1.0
901.0529,272.73245,1.0,902.515,285.18906,1.0,903.9964,298.65262,1.0,910.29,321.11755,1.0,917.2747,335.37564,1.0,928.5213,350.85605,1.0,937.2271,358.8621,1.0,955.3929,369.54614,1.0,982.4807,373.6754,1.0,1008.67316,367.0145,1.0,1023.95667,354.49533,1.0,1030.4492,345.50516,1.0,1038.4736,328.7897,1.0,1046.2864,306.05914,1.0,1048.6747,291.32104,1.0,1049.3768,278.03458,1.0,1049.5703,265.78818,1.0,916.31604,254.18552,1.0,922.3642,247.5957,1.0,932.00726,242.83377,1.0,946.1692,241.1002,1.0,962.8185,241.95279,1.0,995.01794,240.63597,1.0,1010.44836,238.40717,1.0,1023.31616,238.95163,1.0,1032.4036,242.8425,1.0,1037.8004,248.53183,1.0,980.1666,267.2934,1.0,981.1715,280.8366,1.0,981.90784,289.65048,1.0,982.3377,296.76556,1.0,969.3286,307.77698,1.0,973.70996,310.21634,1.0,981.8611,309.86777,1.0,989.2728,309.64227,1.0,993.0846,306.7584,1.0,929.9971,266.77444,1.0,937.4386,261.94003,1.0,948.9684,260.93665,1.0,960.1236,266.9113,1.0,950.9915,268.83246,1.0,940.3637,269.62952,1.0,995.4443,266.34085,1.0,1006.5728,258.97092,1.0,1017.95636,258.99734,1.0,1024.1375,263.448,1.0,1015.2329,267.29752,1.0,1004.77966,267.4544,1.0,957.7314,338.2546,1.0,966.659,326.45508,1.0,974.327,322.4765,1.0,982.21246,323.24554,1.0,990.0915,322.0601,1.0,997.6215,325.7691,1.0,1005.1041,338.29965,1.0,1002.3798,344.4097,1.0,990.3747,350.283,1.0,981.2307,351.34366,1.0,972.7858,350.9163,1.0,960.5887,345.10034,1.0,960.7924,337.8686,1.0,976.66034,331.52582,1.0,982.16223,331.25958,1.0,988.3434,331.39474,1.0,1002.2802,337.92953,1.0,987.3536,340.37357,1.0,981.0539,340.63263,1.0,975.0683,340.52264,1.0,945.2445,264.76163,1.0,1010.6261,262.544,1.0,976.9789,304.01797,0.99725837,980.0643,435.16217,0.9993174,827.2782,429.42346,0.9993174,741.2431,627.3206,0.83852506,726.3784,666.49243,0.9187546,1132.8505,440.90085,0.9997647,1179.5804,682.45245,0.97209495,1048.781,738.81866,0.9474691,974.35815,929.42456,0.9858868,877.07764,934.73303,0.9858868,876.5843,1231.8918,0.08437303,871.3372,1580.1901,0.018373813,1071.6385,924.116,0.9863588,1067.631,1266.8623,0.08283862,1041.3153,1578.7482,0.013508502,947.03613,266.79324,0.99514395,1010.01575,268.87598,0.99060005,918.37195,272.37488,0.9881581,1031.7971,275.84247,0.9953598,988.40643,1683.453,0.0119085675,988.40643,1683.453,0.0119085675,1045.6218,1615.5028,0.011082264,904.38477,1685.7582,0.009449748,904.38477,1685.7582,0.009449748,869.9207,1625.12,0.01193022,1087.7356,744.34174,1.0,1067.5276,719.3321,1.0,1045.6454,716.2269,1.0,1030.2278,724.9088,1.0,1020.39966,732.4707,1.0,1044.461,760.61945,1.0,1026.8478,787.80865,1.0,1014.24786,805.7599,1.0,1004.686,821.10474,1.0,1050.6248,778.9704,1.0,1028.5208,807.2025,1.0,1011.65967,826.4428,1.0,999.1591,842.7101,1.0,1052.9131,789.8157,1.0,1031.818,814.56866,1.0,1016.4256,830.7808,1.0,1003.63116,844.9105,1.0,1053.7988,795.5257,1.0,1035.8389,815.56494,1.0,1022.7283,829.72577,1.0,1012.37463,840.77704,1.0,762.53375,694.8727,1.0,783.4739,683.9878,1.0,799.1313,682.2954,1.0,808.0481,681.6935,1.0,811.8862,679.4514,1.0,780.9244,698.30444,1.0,790.26105,717.3876,1.0,790.5368,731.9976,1.0,787.07965,743.5205,1.0,769.4324,713.8937,1.0,780.9765,741.4347,1.0,783.5693,756.8716,1.0,781.5817,766.3676,1.0,762.18353,727.81976,1.0,773.4607,753.56195,1.0,779.0975,765.7242,1.0,779.7734,772.96783,1.0,758.7563,738.7088,1.0,768.2732,758.26373,1.0,773.11365,767.7164,1.0,774.0687,773.07245,1.0
898.8161,273.12955,1.0,900.34265,285.5561,1.0,901.8254,298.93463,1.0,908.1813,321.28735,1.0,915.2358,335.52722,1.0,926.4613,351.10684,1.0,935.09143,359.29752,1.0,953.1987,370.3702,1.0,980.33105,374.84003,1.0,1006.8158,367.8534,1.0,1022.1095,354.8738,1.0,1028.6083,345.73785,1.0,1036.7742,329.0417,1.0,1044.7018,306.4074,1.0,1047.0393,291.73132,1.0,1047.7555,278.49313,1.0,1047.9445,266.25287,1.0,914.42346,254.51926,1.0,920.5013,247.89265,1.0,930.1866,243.11223,1.0,944.37354,241.37839,1.0,961.04266,242.2669,1.0,992.9886,240.99664,1.0,1008.38727,238.7547,1.0,1021.3158,239.3035,1.0,1030.4417,243.21791,1.0,1035.9235,248.9759,1.0,978.275,267.47623,1.0,979.29987,280.92398,1.0,980.0092,289.6244,1.0,980.4547,296.65738,1.0,967.57135,307.71344,1.0,971.9199,310.23108,1.0,979.92596,309.82678,1.0,987.3114,309.63834,1.0,991.1393,306.7151,1.0,928.3917,266.95627,1.0,935.75916,262.1025,1.0,947.1381,261.1373,1.0,958.22705,267.0937,1.0,949.06165,268.9692,1.0,938.57184,269.74765,1.0,993.7001,266.5166,1.0,1004.7739,259.23813,1.0,1016.06433,259.26047,1.0,1022.2028,263.73492,1.0,1013.2641,267.44232,1.0,1002.9574,267.57556,1.0,956.1134,338.72943,1.0,964.8385,326.87543,1.0,972.44867,322.86954,1.0,980.206,323.72244,1.0,988.02124,322.5031,1.0,995.4798,326.22058,1.0,1002.4563,338.8825,1.0,999.9844,345.0925,1.0,988.15765,351.18167,1.0,978.97174,352.3041,1.0,970.5021,351.82974,1.0,958.51526,345.7616,1.0,959.1826,338.35562,1.0,974.7182,332.24374,1.0,980.0794,332.0072,1.0,986.11816,332.11356,1.0,999.56354,338.52902,1.0,985.00885,340.94098,1.0,978.8462,341.2319,1.0,972.97656,341.08694,1.0,943.4112,264.9774,1.0,1009.0166,262.79373,1.0,975.813,304.346,0.99707514,979.9202,435.8462,0.99931824,826.8832,430.53937,0.99931824,740.927,630.5451,0.8454366,749.3808,667.6288,0.925003,1132.9573,441.15298,0.999756,1181.8734,682.29193,0.97331303,1103.8558,730.4587,0.95118564,974.5464,931.5887,0.98617804,877.0965,936.48425,0.98617804,877.51526,1232.0232,0.08977026,872.3564,1579.6412,0.019621484,1071.9963,926.6931,0.98654515,1069.4291,1273.3905,0.086150825,1045.3647,1578.9279,0.013908608,946.309,266.99194,0.99491465,1009.0362,269.13647,0.99014986,917.90247,272.5261,0.9878292,1031.7133,275.8824,0.99518,994.64856,1684.4237,0.012219186,994.64856,1684.4237,0.012219186,1049.1598,1615.842,0.011286165,905.7252,1683.6705,0.009932967,905.7252,1683.6705,0.009932967,870.64417,1625.077,0.012315654,1161.0967,731.5113,1.0,1141.9004,711.0783,1.0,1122.3407,706.9881,1.0,1112.9004,714.42914,1.0,1111.4911,724.2405,1.0,1128.0585,753.5862,1.0,1120.0189,781.4861,1.0,1114.0332,801.49054,1.0,1110.1759,818.45056,1.0,1134.7087,769.1007,1.0,1123.4988,798.7273,1.0,1112.977,820.65485,1.0,1105.4397,839.39026,1.0,1136.3513,778.0141,1.0,1124.9987,804.767,1.0,1114.6458,823.07935,1.0,1105.2413,839.52136,1.0,1136.4865,782.6022,1.0,1125.753,803.9699,1.0,1116.9144,820.46985,1.0,1109.6431,833.9856,1.0,827.13855,711.6637,1.0,843.9366,696.75836,1.0,857.81305,692.8725,1.0,866.50323,696.6547,1.0,868.1908,702.797,1.0,848.6843,693.1959,1.0,865.363,710.04816,1.0,872.0576,721.3808,1.0,873.54,730.5909,1.0,838.08014,709.3993,1.0,858.6828,733.71515,1.0,869.41425,744.0359,1.0,873.1878,748.2061,1.0,830.351,726.26605,1.0,851.317,750.12555,1.0,865.2758,757.0885,1.0,871.7962,758.16833,1.0,825.16815,741.18304,1.0,843.6434,759.0447,1.0,855.9083,764.96515,1.0,862.3521,765.2767,1.0
896.5793,273.52664,1.0,898.1702,285.9231,1.0,899.65436,299.21667,1.0,906.0726,321.45718,1.0,913.19684,335.67877,1.0,924.40137,351.35767,1.0,932.9558,359.73294,1.0,951.0045,371.19424,1.0,978.18146,376.0046,1.0,1004.95844,368.6923,1.0,1020.26227,355.25226,1.0,1026.7673,345.97052,1.0,1035.0746,329.29367,1.0,1043.1173,306.75568,1.0,1045.4039,292.14163,1.0,1046.1343,278.95166,1.0,1046.3185,266.71756,1.0,912.5308,254.853,1.0,918.6384,248.1896,1.0,928.3659,243.39069,1.0,942.5778,241.65656,1.0,959.26685,242.58101,1.0,990.9593,241.35732,1.0,1006.3262,239.10223,1.0,1019.3154,239.65536,1.0,1028.4799,243.59334,1.0,1034.0464,249.41997,1.0,976.3834,267.65903,1.0,977.4282,281.01135,1.0,978.1106,289.5983,1.0,978.5717,296.54916,1.0,965.814,307.64987,1.0,970.1299,310.24582,1.0,977.9908,309.7858,1.0,985.35004,309.6344,1.0,989.1939,306.67175,1.0,926.7863,267.1381,1.0,934.0797,262.26498,1.0,945.3079,261.33795,1.0,956.33044,267.27606,1.0,947.13184,269.10596,1.0,936.78,269.8658,1.0,991.9558,266.69238,1.0,1002.97504,259.50534,1.0,1014.1723,259.5236,1.0,1020.26825,264.02185,1.0,1011.2953,267.58716,1.0,1001.1351,267.69675,1.0,954.4954,339.20428,1.0,963.018,327.2958,1.0,970.57025,323.26254,1.0,978.1996,324.19937,1.0,985.95105,322.94614,1.0,993.338,326.6721,1.0,999.8085,339.46533,1.0,997.58887,345.7753,1.0,985.94055,352.08038,1.0,976.71277,353.26456,1.0,968.2183,352.74323,1.0,956.4419,346.42288,1.0,957.5728,338.84268,1.0,972.77606,332.96164,1.0,977.9966,332.7548,1.0,983.89294,332.8324,1.0,996.84686,339.1285,1.0,982.6641,341.5084,1.0,976.63855,341.8312,1.0,970.8849,341.65128,1.0,941.57794,265.19315,1.0,1007.4071,263.0435,1.0,974.99414,304.98798,0.99703646,979.71765,435.18817,0.999316,826.5729,431.09677,0.999316,741.78406,637.3758,0.8519315,790.776,668.70746,0.93013376,1132.8624,439.2796,0.9997589,1187.4675,663.3582,0.9737102,1164.093,705.64294,0.95450675,974.3536,931.6384,0.98628795,876.75244,936.4953,0.98628795,879.6705,1232.051,0.092993155,872.30743,1577.0221,0.019866774,1071.9547,926.7816,0.9867398,1075.1559,1272.7494,0.08656107,1048.4275,1579.2229,0.014228836,945.2312,267.54507,0.994859,1008.19586,269.37512,0.99017525,917.5324,272.9677,0.98775923,1030.5267,276.0235,0.99515986,1000.7008,1685.0045,0.012419972,1000.7008,1685.0045,0.012419972,1050.874,1616.1233,0.011372265,905.5223,1681.5938,0.009996719,905.5223,1681.5938,0.009996719,870.3824,1621.8604,0.012396216,1177.2794,703.0805,1.0,1161.7227,689.0069,1.0,1152.2628,690.05817,1.0,1149.4763,703.5007,1.0,1151.3939,718.8303,1.0,1162.8096,713.63654,1.0,1163.1327,744.068,1.0,1161.3529,766.6353,1.0,1159.929,786.4651,1.0,1170.3553,727.63416,1.0,1165.4519,763.0698,1.0,1160.586,788.27527,1.0,1157.2671,809.9322,1.0,1173.2275,737.98114,1.0,1167.2948,771.29285,1.0,1161.6862,791.6721,1.0,1156.9691,809.5981,1.0,1174.1602,745.2171,1.0,1167.8096,771.2255,1.0,1161.9204,788.37854,1.0,1157.8325,802.8648,1.0,825.0166,705.8994,1.0,843.0313,700.4828,1.0,861.5079,700.8539,1.0,876.14764,701.55304,1.0,887.7533,700.6964,1.0,865.24396,711.34326,1.0,886.67804,719.5896,1.0,901.8123,726.1068,1.0,915.0426,730.8287,1.0,865.90796,716.44226,1.0,888.5011,729.51733,1.0,905.4319,737.55945,1.0,919.83923,744.3888,1.0,864.90045,719.704,1.0,885.5868,733.15845,1.0,902.5741,741.2629,1.0,916.2628,747.7142,1.0,862.51416,721.54675,1.0,879.09985,732.1516,1.0,891.39685,738.0561,1.0,901.8657,742.26013,1.0
895.61304,274.20694,1.0,897.1332,286.59915,1.0,898.57837,299.91882,1.0,904.8788,322.2313,1.0,911.8987,336.5272,1.0,922.9929,352.27286,1.0,931.5482,360.62253,1.0,949.60895,372.14514,1.0,976.82074,376.99146,1.0,1003.39465,369.7423,1.0,1018.7056,356.37534,1.0,1025.2576,347.13168,1.0,1033.7029,330.44687,1.0,1041.971,307.9115,1.0,1044.4446,293.31638,1.0,1045.3071,280.1384,1.0,1045.6677,267.92862,1.0,911.4457,255.62077,1.0,917.6084,248.98866,1.0,927.3968,244.26056,1.0,941.6413,242.62889,1.0,958.3649,243.64919,1.0,990.34924,242.78078,1.0,1005.7008,240.62497,1.0,1018.6601,241.21526,1.0,1027.8275,245.10579,1.0,1033.3428,250.84642,1.0,975.5079,268.87213,1.0,976.49115,282.29883,1.0,977.16766,290.96027,1.0,977.63336,297.9636,1.0,964.6565,308.90732,1.0,968.99475,311.47717,1.0,976.9167,311.07333,1.0,984.2611,310.911,1.0,988.0668,307.93338,1.0,925.7922,268.08517,1.0,933.10394,263.30936,1.0,944.2905,262.40112,1.0,955.2742,268.2606,1.0,946.13116,270.05905,1.0,935.79626,270.81976,1.0,990.9752,267.69904,1.0,1002.0691,260.6244,1.0,1013.1951,260.69263,1.0,1019.2471,265.10092,1.0,1010.2188,268.56726,1.0,1000.1281,268.67902,1.0,953.03143,340.2338,1.0,961.8072,328.30658,1.0,969.4198,324.33612,1.0,977.1235,325.22653,1.0,984.8673,323.99872,1.0,992.2631,327.70535,1.0,998.8337,340.52225,1.0,996.4348,346.94623,1.0,984.71967,353.17175,1.0,975.55176,354.32574,1.0,967.05347,353.78076,1.0,955.22076,347.47293,1.0,956.1058,339.91492,1.0,971.5247,333.6601,1.0,976.8571,333.43472,1.0,982.79065,333.56186,1.0,995.88104,340.2103,1.0,981.6714,342.87335,1.0,975.55756,343.14597,1.0,969.72003,342.9835,1.0,940.59033,266.17105,1.0,1006.41754,264.05374,1.0,972.3522,305.429,0.99684227,979.43695,434.2791,0.99932736,826.5211,432.2422,0.99932736,745.6676,657.6613,0.8538749,822.52527,668.6767,0.935091,1132.3528,436.316,0.99974704,1194.8652,654.31573,0.9710967,1204.5111,681.2447,0.9547518,974.5065,932.1018,0.9862032,876.9355,936.6409,0.9862032,879.74036,1233.7913,0.09341572,872.0057,1577.1187,0.019428495,1072.0775,927.56274,0.98634154,1079.5233,1276.2595,0.08259489,1052.6965,1582.4137,0.013543389,942.9283,268.56592,0.99465257,1006.9239,269.7731,0.98956096,916.52765,273.37875,0.9873176,1029.7607,276.3252,0.9946953,1017.29083,1685.7239,0.011855096,1017.29083,1685.7239,0.011855096,1052.6809,1620.0771,0.010955515,910.9724,1681.0061,0.009743111,910.9724,1681.0061,0.009743111,868.8853,1622.5421,0.012044762,1193.462,674.6498,1.0,1181.5449,666.93555,1.0,1182.1848,673.1282,1.0,1186.0524,692.5722,1.0,1191.2968,713.4202,1.0,1197.5607,673.6868,1.0,1206.2466,706.64984,1.0,1208.6725,731.78015,1.0,1209.6819,754.4796,1.0,1206.0021,686.16754,1.0,1207.4049,727.4123,1.0,1208.1951,755.8957,1.0,1209.0944,780.47406,1.0,1210.1039,697.9482,1.0,1209.591,737.81866,1.0,1208.7266,760.26483,1.0,1208.697,779.67487,1.0,1211.834,707.83203,1.0,1209.8662,738.4811,1.0,1206.9263,756.2873,1.0,1206.022,771.7441,1.0,875.87604,667.847,1.0,898.6267,642.3133,1.0,924.2079,625.199,1.0,942.7714,611.74365,1.0,952.0241,594.7298,1.0,926.8373,650.77515,1.0,951.9614,668.8046,1.0,968.2595,683.3573,1.0,980.6077,695.5633,1.0,916.747,674.9247,1.0,949.1989,696.1453,1.0,969.5687,710.2662,1.0,983.8287,721.32886,1.0,908.8225,695.092,1.0,940.0007,714.0322,1.0,961.2545,726.64923,1.0,976.04553,735.88385,1.0,903.3968,710.6644,1.0,931.1856,726.8353,1.0,948.8039,736.2844,1.0,962.985,743.59955,1.0
894.6468,274.8872,1.0,896.0961,287.2752,1.0,897.5024,300.62097,1.0,903.685,323.00537,1.0,910.6006,337.3756,1.0,921.58453,353.18805,1.0,930.1406,361.5121,1.0,948.2134,373.09604,1.0,975.46,377.9783,1.0,1001.83093,370.7923,1.0,1017.149,357.49838,1.0,1023.74774,348.29285,1.0,1032.3313,331.60007,1.0,1040.8246,309.06735,1.0,1043.4854,294.49112,1.0,1044.4801,281.32513,1.0,1045.017,269.1397,1.0,910.36053,256.38855,1.0,916.57837,249.78773,1.0,926.42773,245.13043,1.0,940.70483,243.60121,1.0,957.4631,244.71735,1.0,989.7392,244.20425,1.0,1005.0754,242.14772,1.0,1018.00476,242.77515,1.0,1027.1752,246.61826,1.0,1032.6392,252.27287,1.0,974.6324,270.08524,1.0,975.5541,283.5863,1.0,976.22473,292.32224,1.0,976.695,299.37802,1.0,963.49896,310.16473,1.0,967.85956,312.70853,1.0,975.8426,312.36087,1.0,983.1722,312.18762,1.0,986.9396,309.195,1.0,924.798,269.0323,1.0,932.1281,264.3537,1.0,943.27313,263.4643,1.0,954.21783,269.2451,1.0,945.1305,271.01215,1.0,934.8125,271.7737,1.0,989.9947,268.7057,1.0,1001.1631,261.74347,1.0,1012.21796,261.8617,1.0,1018.2259,266.18,1.0,1009.1423,269.54733,1.0,999.12115,269.6613,1.0,951.5674,341.2633,1.0,960.5963,329.31732,1.0,968.26935,325.40973,1.0,976.04736,326.25372,1.0,983.78357,325.0513,1.0,991.18823,328.73862,1.0,997.8588,341.57916,1.0,995.2807,348.11716,1.0,983.49884,354.26315,1.0,974.39075,355.38696,1.0,965.8887,354.8183,1.0,953.99963,348.52298,1.0,954.6387,340.98715,1.0,970.2734,334.35852,1.0,975.71765,334.11462,1.0,981.6883,334.29135,1.0,994.9153,341.2921,1.0,980.67865,344.2383,1.0,974.4765,344.46072,1.0,968.5551,344.31573,1.0,939.60266,267.14896,1.0,1005.4279,265.064,1.0,970.0772,307.0824,0.99598026,979.51337,434.756,0.99930495,826.76495,434.38406,0.99930495,752.8894,670.5658,0.8452041,860.7892,667.3897,0.9340371,1132.2617,435.12796,0.9997247,1199.8386,642.8893,0.95606273,1218.0657,671.9286,0.9406819,974.7581,933.4373,0.9851215,877.1445,937.4561,0.98514056,879.29047,1236.155,0.08911656,871.6574,1581.0806,0.018380716,1072.3717,929.41846,0.9851215,1084.0284,1278.0204,0.07767538,1058.7693,1594.1976,0.0128635485,940.98334,271.32028,0.99337137,1005.48956,271.49738,0.98730254,915.28143,274.49405,0.9849227,1028.7637,277.0212,0.9934168,1023.7864,1691.5221,0.0113133965,1023.7864,1691.5221,0.0113133965,1058.4171,1637.7031,0.010451071,910.6881,1683.3389,0.00925934,910.6881,1683.3389,0.00925934,868.2922,1628.6108,0.011408877,1209.6448,646.219,1.0,1201.3671,644.86414,1.0,1212.1068,656.19824,1.0,1222.6283,681.64374,1.0,1231.1997,708.0101,1.0,1232.3118,633.7372,1.0,1249.3604,669.23175,1.0,1255.9922,696.9249,1.0,1259.4349,722.49414,1.0,1241.6487,644.7009,1.0,1249.358,691.75476,1.0,1255.8041,723.5161,1.0,1260.9216,751.016,1.0,1246.9802,657.9153,1.0,1251.8871,704.3444,1.0,1255.767,728.85754,1.0,1260.4248,749.75165,1.0,1249.5077,670.44696,1.0,1251.9227,705.7367,1.0,1251.9323,724.196,1.0,1254.2114,740.62335,1.0,892.027,652.52045,1.0,917.0056,624.44885,1.0,943.7028,604.64606,1.0,962.697,587.59,1.0,972.5715,569.17004,1.0,946.30615,629.07794,1.0,975.68024,645.18866,1.0,993.5455,656.6762,1.0,1006.7317,666.6294,1.0,939.32324,653.992,1.0,972.7483,669.58966,1.0,993.3228,679.7154,1.0,1008.12994,687.95135,1.0,933.46735,675.2262,1.0,965.5807,690.43567,1.0,986.72723,698.88574,1.0,1002.5162,704.98474,1.0,928.849,692.47095,1.0,957.0872,705.2213,1.0,975.1167,712.0404,1.0,990.0425,717.3609,1.0
893.6806,275.5675,1.0,895.05914,287.95123,1.0,896.4264,301.32312,1.0,902.4913,323.77945,1.0,909.3024,338.22406,1.0,920.17615,354.10324,1.0,928.733,362.40164,1.0,946.81775,374.04694,1.0,974.0993,378.96515,1.0,1000.2672,371.84232,1.0,1015.5924,358.62143,1.0,1022.2379,349.45398,1.0,1030.9596,332.75327,1.0,1039.6783,310.22318,1.0,1042.526,295.6659,1.0,1043.653,282.5119,1.0,1044.3662,270.3508,1.0,909.2754,257.1563,1.0,915.5483,250.58679,1.0,925.4586,246.00029,1.0,939.7684,244.57355,1.0,956.56116,245.7855,1.0,989.12915,245.62772,1.0,1004.45,243.67046,1.0,1017.3494,244.33504,1.0,1026.523,248.1307,1.0,1031.9357,253.69931,1.0,973.75684,271.29834,1.0,974.61694,284.87375,1.0,975.2818,293.68417,1.0,975.75665,300.79248,1.0,962.34143,311.42218,1.0,966.7244,313.9399,1.0,974.76843,313.64844,1.0,982.08325,313.46423,1.0,985.81244,310.45663,1.0,923.8038,269.97937,1.0,931.15234,265.39807,1.0,942.2558,264.52747,1.0,953.16156,270.22958,1.0,944.12976,271.96524,1.0,933.82874,272.7277,1.0,989.0141,269.71234,1.0,1000.25714,262.86252,1.0,1011.2408,263.03073,1.0,1017.2047,267.25906,1.0,1008.0658,270.52744,1.0,998.1142,270.64355,1.0,950.10333,342.29282,1.0,959.3855,330.3281,1.0,967.1189,326.4833,1.0,974.97125,327.28088,1.0,982.6998,326.10388,1.0,990.11334,329.77188,1.0,996.88403,342.63608,1.0,994.1266,349.28806,1.0,982.27795,355.35452,1.0,973.22974,356.44818,1.0,964.7239,355.85583,1.0,952.7785,349.573,1.0,953.1716,342.0594,1.0,969.02203,335.05698,1.0,974.5782,334.79453,1.0,980.586,335.0208,1.0,993.9495,342.3739,1.0,979.6859,345.60327,1.0,973.3955,345.77548,1.0,967.39026,345.64798,1.0,938.615,268.1269,1.0,1004.43835,266.07422,1.0,969.6213,309.37317,0.99556977,979.01276,434.32193,0.9992928,826.7677,435.8286,0.9992928,765.0557,672.81433,0.8415056,886.93054,657.9236,0.93731225,1131.2577,432.81522,0.9997184,1201.2386,628.8452,0.95042163,1223.764,658.06696,0.93968475,974.98517,933.49915,0.9847576,877.2975,937.5316,0.9847576,878.8522,1237.2833,0.08732518,871.1793,1581.6248,0.017738754,1072.6729,929.4667,0.9847794,1085.4178,1278.0332,0.073864296,1061.4197,1595.2579,0.012408772,939.4179,273.96844,0.9928655,1004.7133,274.23334,0.98635644,914.3492,275.58395,0.98402506,1027.3779,277.9069,0.9928415,1025.3009,1693.8479,0.010960623,1025.3009,1693.8479,0.010960623,1061.425,1638.7963,0.010157836,910.40906,1683.6034,0.008957532,910.40906,1683.6034,0.008957532,867.8154,1629.4243,0.011096352,1217.4102,661.90906,1.0,1225.9279,650.38324,1.0,1227.9917,639.7856,1.0,1224.1945,629.6319,1.0,1213.5109,616.89484,1.0,1225.913,638.06696,1.0,1230.5134,632.21246,1.0,1229.5084,623.2693,1.0,1227.4686,616.2419,1.0,1220.4165,656.914,1.0,1231.3715,669.2578,1.0,1239.407,678.89594,1.0,1246.9037,688.14557,1.0,1216.5552,673.6039,1.0,1227.7611,687.52,1.0,1237.2732,699.05743,1.0,1245.3057,709.91113,1.0,1213.8369,687.94916,1.0,1223.9861,700.43933,1.0,1232.1487,708.93915,1.0,1240.2152,716.9557,1.0,895.5151,631.66974,1.0,914.3766,602.33295,1.0,939.8053,578.7207,1.0,956.64496,559.49146,1.0,962.9275,538.7769,1.0,938.43005,601.0355,1.0,966.2537,608.7798,1.0,985.14026,616.9459,1.0,1000.19727,624.0168,1.0,934.5251,626.2767,1.0,966.79456,635.78,1.0,987.59845,642.85187,1.0,1003.2945,648.6165,1.0,931.5783,648.1792,1.0,963.32166,657.7422,1.0,984.86536,663.3119,1.0,1001.2097,666.9824,1.0,929.53406,665.88873,1.0,959.3164,674.64087,1.0,977.0627,679.1814,1.0,991.3407,682.6309,1.0
895.58057,275.80264,1.0,896.9366,288.1153,1.0,898.3,301.415,1.0,904.499,323.80438,1.0,911.3849,338.25897,1.0,922.38934,354.2512,1.0,930.99316,362.62,1.0,949.09686,374.26596,1.0,976.46796,379.11703,1.0,1002.6433,371.95062,1.0,1017.98566,358.71057,1.0,1024.6793,349.5137,1.0,1033.5175,332.68628,1.0,1042.2639,310.00296,1.0,1044.9917,295.41525,1.0,1045.8966,282.22778,1.0,1046.2781,270.07773,1.0,910.65936,257.84314,1.0,916.69025,251.39629,1.0,926.36554,246.88777,1.0,940.50287,245.44722,1.0,957.2178,246.54645,1.0,989.78986,246.13676,1.0,1005.2703,244.0263,1.0,1018.312,244.51498,1.0,1027.6814,248.1596,1.0,1033.2548,253.62416,1.0,974.8269,271.71844,1.0,975.76807,285.26538,1.0,976.41437,294.05682,1.0,976.914,301.13867,1.0,964.0791,311.7612,1.0,968.3662,314.25375,1.0,976.3688,313.91544,1.0,983.6711,313.6932,1.0,987.3554,310.70132,1.0,925.329,270.76007,1.0,932.51953,266.28098,1.0,943.4382,265.3442,1.0,954.4475,270.85034,1.0,945.4819,272.6617,1.0,935.23566,273.45306,1.0,990.2583,270.00397,1.0,1001.3899,263.2316,1.0,1012.31635,263.31168,1.0,1018.38635,267.3327,1.0,1009.3635,270.69162,1.0,999.37714,270.86963,1.0,952.662,342.58945,1.0,961.39056,330.7886,1.0,968.9279,326.9437,1.0,976.7247,327.69766,1.0,984.3645,326.514,1.0,991.7806,330.07492,1.0,998.78143,342.7277,1.0,996.039,349.38367,1.0,984.3427,355.51093,1.0,975.4114,356.66144,1.0,966.9688,356.12158,1.0,955.18274,349.93668,1.0,955.69653,342.347,1.0,970.9654,335.41476,1.0,976.4617,335.14206,1.0,982.4685,335.31534,1.0,995.8446,342.5077,1.0,981.66547,345.96844,1.0,975.4617,346.19293,1.0,969.50494,346.08282,1.0,939.98553,268.95157,1.0,1005.566,266.383,1.0,968.7118,310.9564,0.99380535,979.0455,433.72192,0.9992519,826.73956,436.6089,0.9992519,775.3856,674.2609,0.81340134,891.9274,643.0484,0.9337903,1131.3513,430.835,0.9996401,1201.7216,624.31006,0.9059783,1220.5927,637.79803,0.88641423,975.6525,933.34106,0.9839235,878.0619,937.23206,0.9845443,878.712,1238.3491,0.08364443,871.2323,1582.9325,0.017067825,1073.2432,929.4501,0.9839235,1087.0593,1275.3151,0.068647675,1062.6046,1595.3507,0.011832005,938.35657,276.0034,0.99084127,1004.3259,276.1451,0.98105174,913.06616,276.98254,0.98018265,1027.3658,278.66956,0.98919636,1032.2628,1696.5387,0.01048146,1032.2628,1696.5387,0.01048146,1061.6112,1638.9253,0.009790879,912.2499,1687.1189,0.008634804,912.2499,1687.1189,0.008634804,868.1332,1630.8708,0.010704405,1196.1101,622.5695,1.0,1192.129,605.8071,1.0,1186.938,590.8437,1.0,1181.1398,577.4006,1.0,1173.167,561.9468,1.0,1197.0454,594.0281,1.0,1195.9662,590.4474,1.0,1190.9657,588.51587,1.0,1185.119,589.1462,1.0,1200.0203,613.9491,1.0,1199.6954,622.7798,1.0,1197.2668,630.3064,1.0,1194.2458,637.7972,1.0,1201.5333,632.06604,1.0,1199.5206,643.1333,1.0,1196.7098,652.23926,1.0,1193.0609,659.8494,1.0,1201.1964,647.2329,1.0,1199.4993,659.44415,1.0,1195.8798,666.3222,1.0,1192.1047,671.5955,1.0,875.37415,615.33966,1.0,892.3555,584.9773,1.0,915.1294,557.7912,1.0,929.5219,537.1268,1.0,933.21326,517.3057,1.0,905.8458,573.25946,1.0,928.9347,572.8529,1.0,944.42914,577.4242,1.0,957.7677,581.8217,1.0,904.5131,599.8167,1.0,933.6851,601.57294,1.0,951.2817,605.1658,1.0,964.86395,607.8477,1.0,905.6861,622.65497,1.0,937.7499,625.5647,1.0,954.49677,626.64813,1.0,965.71875,625.8349,1.0,908.8065,641.50806,1.0,939.92365,644.9549,1.0,952.15906,644.43243,1.0,959.84015,642.43976,1.0
897.4805,276.03775,1.0,898.814,288.27936,1.0,900.1736,301.5069,1.0,906.50684,323.82935,1.0,913.4673,338.29388,1.0,924.6026,354.3991,1.0,933.2533,362.83835,1.0,951.376,374.485,1.0,978.8367,379.26892,1.0,1005.0194,372.05893,1.0,1020.3789,358.7997,1.0,1027.1207,349.5734,1.0,1036.0752,332.61926,1.0,1044.8496,309.7827,1.0,1047.4573,295.1646,1.0,1048.1401,281.94366,1.0,1048.1898,269.80466,1.0,912.04333,258.52994,1.0,917.83215,252.20576,1.0,927.2725,247.77527,1.0,941.2373,246.3209,1.0,957.8743,247.30739,1.0,990.45056,246.6458,1.0,1006.0906,244.38216,1.0,1019.2746,244.69493,1.0,1028.8397,248.1885,1.0,1034.5739,253.54901,1.0,975.897,272.13855,1.0,976.9192,285.657,1.0,977.547,294.42944,1.0,978.0713,301.48483,1.0,965.8168,312.10022,1.0,970.00793,314.56763,1.0,977.96906,314.18243,1.0,985.2589,313.92218,1.0,988.8984,310.946,1.0,926.8542,271.54077,1.0,933.88666,267.16388,1.0,944.6206,266.16092,1.0,955.73346,271.47113,1.0,946.834,273.3582,1.0,936.6425,274.17847,1.0,991.50256,270.29556,1.0,1002.5227,263.60068,1.0,1013.3919,263.59262,1.0,1019.56805,267.4063,1.0,1010.66125,270.8558,1.0,1000.6401,271.0957,1.0,955.2206,342.8861,1.0,963.3956,331.2491,1.0,970.73694,327.40405,1.0,978.4781,328.1144,1.0,986.0292,326.92413,1.0,993.4479,330.37796,1.0,1000.67883,342.81934,1.0,997.9514,349.47928,1.0,986.4074,355.66733,1.0,977.593,356.87473,1.0,969.2138,356.38736,1.0,957.58704,350.30035,1.0,958.2215,342.63458,1.0,972.9087,335.77255,1.0,978.34515,335.48956,1.0,984.351,335.60986,1.0,997.7397,342.64145,1.0,983.64496,346.33362,1.0,977.52783,346.61035,1.0,971.6197,346.51767,1.0,941.356,269.77625,1.0,1006.6936,266.69174,1.0,968.61743,311.412,0.99328727,979.00134,433.71735,0.9992027,826.4965,436.99866,0.9992027,781.3127,676.377,0.7932516,880.2449,628.68115,0.9318557,1131.5062,430.436,0.9996244,1207.3622,626.1537,0.8955896,1217.4578,632.0046,0.8788207,975.68555,931.8032,0.9826604,878.1155,934.94214,0.9833522,878.69867,1234.4874,0.079909176,870.9431,1580.4601,0.016208883,1073.2556,928.66425,0.9826604,1084.5454,1268.8053,0.06463191,1061.7994,1589.9172,0.011256198,938.18976,276.9409,0.9900978,1004.2634,277.03873,0.9796629,912.3359,277.9698,0.978133,1027.443,279.19238,0.98819625,1030.0215,1687.7714,0.009993139,1030.0215,1687.7714,0.009993139,1059.9514,1634.5569,0.009400607,912.61206,1681.2681,0.008209557,912.61206,1681.2681,0.008209557,867.3759,1628.9369,0.010206989,1174.8102,583.23,1.0,1158.3301,561.231,1.0,1145.8843,541.9018,1.0,1138.0851,525.1693,1.0,1132.8231,506.99866,1.0,1168.1779,549.9892,1.0,1161.4191,548.6823,1.0,1152.4229,553.7625,1.0,1142.7694,562.0505,1.0,1179.624,570.98413,1.0,1168.0194,576.3018,1.0,1155.1267,581.71686,1.0,1141.588,587.4488,1.0,1186.5115,590.52826,1.0,1171.2802,598.74664,1.0,1156.1466,605.4211,1.0,1140.8162,609.78766,1.0,1188.5558,606.5167,1.0,1175.0125,618.449,1.0,1159.611,623.7053,1.0,1143.9943,626.23535,1.0,855.64374,602.3641,1.0,873.70856,577.4845,1.0,897.55066,558.1262,1.0,919.4323,545.9996,1.0,934.86017,537.2183,1.0,870.20013,562.8814,1.0,877.9504,549.1539,1.0,889.96576,547.6145,1.0,900.2597,548.5795,1.0,868.5537,581.9183,1.0,880.77014,578.3347,1.0,897.0571,575.9237,1.0,908.56976,573.9334,1.0,872.0293,601.73663,1.0,885.00494,600.90247,1.0,900.4562,596.29144,1.0,912.091,590.0504,1.0,876.90625,618.8156,1.0,892.46674,621.0527,1.0,902.9174,616.7972,1.0,912.07367,610.6586,1.0
899.3805,276.27286,1.0,900.69147,288.44342,1.0,902.0471,301.5988,1.0,908.51465,323.85428,1.0,915.54974,338.3288,1.0,926.8158,354.54706,1.0,935.5135,363.05667,1.0,953.6551,374.70398,1.0,981.2053,379.4208,1.0,1007.39545,372.16724,1.0,1022.77216,358.88885,1.0,1029.5621,349.6331,1.0,1038.633,332.55225,1.0,1047.4352,309.56247,1.0,1049.923,294.914,1.0,1050.3837,281.65955,1.0,1050.1017,269.5316,1.0,913.4273,259.21674,1.0,918.97406,253.01524,1.0,928.17944,248.66275,1.0,941.9718,247.19458,1.0,958.53094,248.06831,1.0,991.1113,247.15485,1.0,1006.9109,244.738,1.0,1020.2372,244.87488,1.0,1029.9982,248.2174,1.0,1035.8931,253.47386,1.0,976.96704,272.55865,1.0,978.0703,286.04865,1.0,978.67957,294.80206,1.0,979.2286,301.83102,1.0,967.5545,312.43924,1.0,971.6497,314.88147,1.0,979.56934,314.44943,1.0,986.84674,314.15115,1.0,990.44135,311.19073,1.0,928.3794,272.32147,1.0,935.25385,268.04675,1.0,945.80304,266.97766,1.0,957.0194,272.0919,1.0,948.1861,274.0547,1.0,938.04944,274.90384,1.0,992.74677,270.58716,1.0,1003.6555,263.96976,1.0,1014.46747,263.87357,1.0,1020.74976,267.47992,1.0,1011.95905,271.02,1.0,1001.903,271.32175,1.0,957.77924,343.18277,1.0,965.4007,331.70966,1.0,972.54596,327.86444,1.0,980.2315,328.53116,1.0,987.69385,327.33426,1.0,995.1152,330.681,1.0,1002.57623,342.91095,1.0,999.86383,349.5749,1.0,988.47217,355.8237,1.0,979.77466,357.08798,1.0,971.45874,356.6531,1.0,959.99133,350.664,1.0,960.7464,342.92218,1.0,974.85205,336.13037,1.0,980.22864,335.83707,1.0,986.23346,335.9044,1.0,999.63477,342.77524,1.0,985.62445,346.6988,1.0,979.594,347.02777,1.0,973.73444,346.9525,1.0,942.72656,270.60092,1.0,1007.8212,267.0005,1.0,968.8683,312.25745,0.9928033,978.84924,433.2732,0.99913806,826.2279,437.00742,0.99913806,783.3937,681.0199,0.77593684,869.0458,617.4286,0.9299449,1131.4706,429.53897,0.9996425,1210.548,639.8443,0.90241545,1203.136,614.50275,0.8890372,976.1105,930.93134,0.9818232,878.2657,933.39404,0.9818311,879.157,1231.7113,0.080581464,870.59827,1575.1937,0.016417928,1073.9552,928.46857,0.9818232,1085.0139,1266.1105,0.06235393,1061.2698,1580.7589,0.0110291215,938.3385,278.99078,0.98924047,1004.2685,278.70178,0.97908604,912.2833,279.15207,0.9760395,1027.5614,279.93698,0.98823905,1029.2559,1684.2583,0.009748617,1029.2559,1684.2583,0.009748617,1059.4935,1622.1766,0.009285706,912.5819,1676.4447,0.008256373,912.5819,1676.4447,0.008256373,866.6025,1624.3419,0.010319466,1151.584,579.4918,1.0,1130.2705,553.4296,1.0,1112.0629,532.825,1.0,1099.205,517.27136,1.0,1092.6963,499.21793,1.0,1134.2358,543.0922,1.0,1120.2942,542.3478,1.0,1106.565,546.32904,1.0,1093.6602,551.3244,1.0,1143.7964,564.5142,1.0,1124.0973,568.2022,1.0,1106.6785,571.5138,1.0,1091.2952,575.0222,1.0,1149.6112,584.41797,1.0,1128.375,591.67163,1.0,1110.4739,595.46826,1.0,1093.9596,597.28595,1.0,1151.5042,601.4183,1.0,1133.8611,612.64105,1.0,1118.3276,617.3552,1.0,1103.4323,619.7459,1.0,834.9261,576.74066,1.0,848.3956,545.9923,1.0,863.0036,521.2077,1.0,873.79675,502.16766,1.0,878.4676,486.37247,1.0,842.39355,533.9756,1.0,852.9592,525.24194,1.0,866.0989,523.2689,1.0,877.75604,523.38275,1.0,843.12775,555.1031,1.0,858.60077,551.0733,1.0,874.7884,548.57947,1.0,887.0049,547.1695,1.0,846.9524,575.8867,1.0,863.6104,573.845,1.0,878.8106,570.46686,1.0,890.41077,566.8624,1.0,851.7452,594.0466,1.0,869.2234,594.7353,1.0,881.03784,591.0888,1.0,891.1089,586.5643,1.0
900.31134,276.06512,1.0,901.8001,288.33383,1.0,903.25775,301.5443,1.0,909.8267,323.81848,1.0,916.9875,338.20883,1.0,928.4558,354.15387,1.0,937.22455,362.46707,1.0,955.2975,373.9195,1.0,982.58386,378.45648,1.0,1008.5829,370.9603,1.0,1023.6846,357.51276,1.0,1030.4119,348.2627,1.0,1039.4104,331.26633,1.0,1048.0659,308.3192,1.0,1050.4589,293.63925,1.0,1050.9249,280.37012,1.0,1050.6909,268.16232,1.0,914.47986,258.6108,1.0,920.0663,252.39291,1.0,929.26605,247.9427,1.0,942.9665,246.31549,1.0,959.42126,247.01564,1.0,991.84076,245.8214,1.0,1007.5145,243.35008,1.0,1020.7653,243.42242,1.0,1030.551,246.69875,1.0,1036.4215,251.91026,1.0,977.88806,271.185,1.0,979.134,284.66257,1.0,979.82605,293.44672,1.0,980.45386,300.51938,1.0,968.551,311.19916,1.0,972.78516,313.63266,1.0,980.7442,313.1856,1.0,987.9298,312.81512,1.0,991.56604,309.80704,1.0,929.1124,271.31165,1.0,936.03503,267.0142,1.0,946.6384,265.8245,1.0,957.7552,270.79068,1.0,949.0098,272.78232,1.0,938.9121,273.71228,1.0,993.67676,269.05267,1.0,1004.49634,262.47565,1.0,1015.3284,262.34555,1.0,1021.72534,265.8778,1.0,1012.7739,269.38217,1.0,1002.7001,269.71707,1.0,958.71387,342.1966,1.0,966.3242,330.22284,1.0,973.63293,326.28235,1.0,981.40564,326.90097,1.0,989.017,325.61523,1.0,996.4742,329.02283,1.0,1003.5938,341.58817,1.0,1001.1597,348.3873,1.0,989.79614,354.89746,1.0,980.97156,356.25125,1.0,972.56793,355.86597,1.0,960.87646,349.82712,1.0,961.7594,341.9264,1.0,976.05444,334.62317,1.0,981.43695,334.28778,1.0,987.4016,334.31567,1.0,1000.4995,341.46555,1.0,986.7515,345.66818,1.0,980.68945,346.0418,1.0,974.846,346.0072,1.0,943.51306,269.41376,1.0,1008.7151,265.38803,1.0,969.7484,312.60013,0.9925853,978.81757,432.17804,0.9990891,826.07465,435.70715,0.9990891,783.55444,678.7613,0.7631341,857.9081,605.1785,0.9280367,1131.5604,428.6489,0.99965537,1210.1958,643.9963,0.9092758,1185.042,593.8404,0.89842236,975.935,928.6385,0.9814615,877.8298,930.7641,0.9814615,882.11395,1228.5748,0.081694014,870.5694,1573.971,0.016641486,1074.0403,926.5129,0.98181796,1084.4554,1258.6526,0.061360996,1058.3419,1573.8954,0.010955039,939.3725,279.84558,0.98877394,1004.34094,278.9988,0.9789317,912.3255,279.82236,0.9743815,1028.017,279.96692,0.9883291,1024.063,1682.3615,0.009672298,1024.063,1682.3615,0.009672298,1055.9794,1613.2019,0.009320501,912.4766,1676.6687,0.008318903,912.4766,1676.6687,0.008318903,866.4966,1623.0123,0.010511647,1128.3577,575.75366,1.0,1102.2108,545.62823,1.0,1078.2415,523.7483,1.0,1060.3248,509.3734,1.0,1052.5696,491.4372,1.0,1100.2938,536.1953,1.0,1079.1693,536.01324,1.0,1060.707,538.89557,1.0,1044.551,540.59827,1.0,1107.9688,558.0443,1.0,1080.175,560.10266,1.0,1058.2301,561.31067,1.0,1041.0024,562.59564,1.0,1112.711,578.30774,1.0,1085.4698,584.5966,1.0,1064.8013,585.5154,1.0,1047.1029,584.7842,1.0,1114.4524,596.3198,1.0,1092.7097,606.8331,1.0,1077.0443,611.0051,1.0,1062.8704,613.2564,1.0,814.20844,551.11725,1.0,823.0827,514.5002,1.0,828.45654,484.28925,1.0,828.16125,458.33575,1.0,822.075,435.52664,1.0,814.5869,505.06976,1.0,827.9681,501.33005,1.0,842.23193,498.92334,1.0,855.2523,498.18607,1.0,817.7018,528.2879,1.0,836.4314,523.81195,1.0,852.51965,521.2353,1.0,865.44,520.40564,1.0,821.8754,550.03687,1.0,842.21594,546.7874,1.0,857.16504,544.6423,1.0,868.73047,543.6745,1.0,826.58405,569.2775,1.0,845.98,568.41797,1.0,859.1582,565.38043,1.0,870.1441,562.46985,1.0
901.2422,275.85742,1.0,902.9088,288.22424,1.0,904.4683,301.48984,1.0,911.13885,323.7827,1.0,918.42523,338.08887,1.0,930.0959,353.76068,1.0,938.9356,361.87747,1.0,956.9398,373.13504,1.0,983.96234,377.4922,1.0,1009.77026,369.7534,1.0,1024.5969,356.13666,1.0,1031.2617,346.8923,1.0,1040.1877,329.9804,1.0,1048.6965,307.07596,1.0,1050.9948,292.36453,1.0,1051.4663,279.0807,1.0,1051.2802,266.7931,1.0,915.53235,258.00488,1.0,921.1585,251.7706,1.0,930.35266,247.22266,1.0,943.96124,245.43642,1.0,960.3116,245.96295,1.0,992.5702,244.48795,1.0,1008.1181,241.96217,1.0,1021.29346,241.96996,1.0,1031.1038,245.18008,1.0,1036.9498,250.34666,1.0,978.8091,269.8113,1.0,980.1977,283.27646,1.0,980.97253,292.09134,1.0,981.6791,299.2077,1.0,969.54755,309.95905,1.0,973.9206,312.38385,1.0,981.919,311.9218,1.0,989.0129,311.4791,1.0,992.6907,308.42334,1.0,929.8455,270.30182,1.0,936.8162,265.98163,1.0,947.4739,264.67133,1.0,958.4909,269.48947,1.0,949.8335,271.50995,1.0,939.77484,272.52075,1.0,994.6068,267.5182,1.0,1005.33716,260.98154,1.0,1016.1894,260.81754,1.0,1022.701,264.2757,1.0,1013.58887,267.74435,1.0,1003.49713,268.1124,1.0,959.6485,341.21042,1.0,967.24774,328.73602,1.0,974.7199,324.70026,1.0,982.57983,325.27075,1.0,990.3402,323.89618,1.0,997.8332,327.36462,1.0,1004.6114,340.26535,1.0,1002.4557,347.19974,1.0,991.12006,353.97122,1.0,982.1685,355.41452,1.0,973.6772,355.07883,1.0,961.76166,348.99023,1.0,962.7724,340.93057,1.0,977.2568,333.11597,1.0,982.64526,332.7385,1.0,988.56976,332.72696,1.0,1001.3643,340.15585,1.0,987.87854,344.6376,1.0,981.7849,345.05585,1.0,975.95764,345.0619,1.0,944.29956,268.22656,1.0,1009.60895,263.7756,1.0,969.86,312.1319,0.99267286,978.9863,429.7906,0.9990821,826.45306,431.45624,0.9990821,780.87164,675.0994,0.7458514,835.33185,582.98706,0.92454535,1131.5195,428.1249,0.99967295,1207.2988,653.03485,0.91336167,1144.5055,589.91113,0.90543616,974.9455,923.52374,0.9806139,876.04004,925.3269,0.9806139,881.89386,1215.5741,0.078835405,869.45056,1559.1168,0.0160222,1073.851,921.7205,0.9814203,1073.968,1208.62,0.06022075,1056.8566,1556.0056,0.010730674,939.6235,279.80353,0.9888395,1004.2915,278.8584,0.97956,912.57733,279.86008,0.97408897,1028.2255,279.941,0.9887841,1016.96594,1660.498,0.009527038,1016.96594,1660.498,0.009527038,1055.7466,1595.7617,0.009188427,906.2084,1664.2748,0.0080234185,906.2084,1664.2748,0.0080234185,865.6573,1607.1136,0.010242071,1120.8422,593.45557,1.0,1093.6104,565.0869,1.0,1063.8065,545.4982,1.0,1039.7137,533.3179,1.0,1025.7312,519.8963,1.0,1076.7424,558.3817,1.0,1050.9878,563.8027,1.0,1033.7057,567.2964,1.0,1017.6179,568.978,1.0,1083.0975,581.20386,1.0,1055.4332,589.439,1.0,1035.2126,592.67554,1.0,1019.1189,595.0341,1.0,1088.099,601.50134,1.0,1061.6938,611.0314,1.0,1043.4362,613.9043,1.0,1027.851,615.0833,1.0,1092.7574,617.84344,1.0,1072.1523,629.6529,1.0,1057.4391,635.7614,1.0,1043.9838,639.56494,1.0,798.29486,541.53674,1.0,807.0181,499.9478,1.0,820.8591,465.4553,1.0,826.431,440.63742,1.0,825.45746,416.38797,1.0,819.5411,481.25122,1.0,860.76715,478.80844,1.0,881.9846,476.537,1.0,899.5188,474.7858,1.0,822.64014,507.31873,1.0,869.01685,503.7247,1.0,895.4796,498.9522,1.0,916.4255,494.52704,1.0,826.9481,531.2862,1.0,872.2199,526.08594,1.0,897.725,521.0963,1.0,917.0336,517.58484,1.0,831.94995,550.588,1.0,868.5597,549.44507,1.0,890.3879,544.17004,1.0,908.73206,538.951,1.0
902.173,275.6497,1.0,904.0175,288.11462,1.0,905.6789,301.43536,1.0,912.4509,323.74692,1.0,919.863,337.9689,1.0,931.7359,353.3675,1.0,940.64667,361.28787,1.0,958.58215,372.35056,1.0,985.3409,376.5279,1.0,1010.95764,368.54645,1.0,1025.5093,354.76056,1.0,1032.1115,345.52194,1.0,1040.9651,328.6945,1.0,1049.3273,305.8327,1.0,1051.5306,291.08978,1.0,1052.0076,277.79126,1.0,1051.8694,265.42383,1.0,916.5849,257.39896,1.0,922.25073,251.14827,1.0,931.4393,246.50262,1.0,944.95593,244.55733,1.0,961.2019,244.91028,1.0,993.2996,243.1545,1.0,1008.72174,240.57426,1.0,1021.82166,240.5175,1.0,1031.6566,243.66144,1.0,1037.4783,248.78307,1.0,979.7301,268.43765,1.0,981.2614,281.89035,1.0,982.119,290.736,1.0,982.90436,297.89606,1.0,970.54407,308.71893,1.0,975.056,311.135,1.0,983.0939,310.65802,1.0,990.09595,310.14307,1.0,993.81537,307.03964,1.0,930.57855,269.292,1.0,937.5975,264.94907,1.0,948.30927,263.51813,1.0,959.2267,268.18826,1.0,950.65717,270.23758,1.0,940.6376,271.3292,1.0,995.5368,265.9837,1.0,1006.178,259.48746,1.0,1017.05035,259.28952,1.0,1023.67664,262.67355,1.0,1014.40375,266.10654,1.0,1004.2942,266.50772,1.0,960.5831,340.22427,1.0,968.17126,327.2492,1.0,975.8069,323.11816,1.0,983.754,323.64053,1.0,991.6634,322.17715,1.0,999.1922,325.70642,1.0,1005.62897,338.94257,1.0,1003.7516,346.01215,1.0,992.444,353.04495,1.0,983.3655,354.5778,1.0,974.7864,354.2917,1.0,962.6468,348.15335,1.0,963.7854,339.93478,1.0,978.45917,331.6088,1.0,983.8536,331.1892,1.0,989.73785,331.13824,1.0,1002.2291,338.84616,1.0,989.00555,343.607,1.0,982.8804,344.0699,1.0,977.0692,344.11658,1.0,945.08606,267.0394,1.0,1010.50287,262.16315,1.0,970.4569,311.51663,0.9930968,979.8939,429.03162,0.9991007,828.6359,429.90973,0.9991007,771.2446,659.22687,0.74637634,820.184,555.8248,0.9279909,1131.152,428.1535,0.99969155,1202.4769,659.90436,0.91940993,1123.0824,593.833,0.91346985,974.8566,922.8389,0.9803951,875.75055,924.3158,0.9803951,882.57526,1210.2882,0.077805616,869.2475,1547.0593,0.015875932,1073.9626,921.3621,0.9814553,1074.5048,1219.9299,0.061052423,1056.6708,1546.7095,0.011074843,939.99786,279.75314,0.9894612,1004.3016,278.81763,0.98087794,912.8526,280.09656,0.9753527,1029.0388,279.94794,0.9895693,1015.17566,1653.539,0.0099275485,1015.17566,1653.539,0.0099275485,1055.7052,1587.1324,0.009628023,904.9331,1655.6705,0.00793322,904.9331,1655.6705,0.00793322,865.1846,1593.5303,0.010409366,1115.0317,618.4651,1.0,1087.5118,593.3571,1.0,1055.142,579.4058,1.0,1029.434,574.0501,1.0,1014.2515,564.78046,1.0,1064.3171,594.96716,1.0,1040.3457,607.243,1.0,1022.75824,616.2141,1.0,1006.43933,624.1138,1.0,1073.7865,616.85675,1.0,1046.7584,631.8075,1.0,1025.3729,640.4564,1.0,1008.18536,647.2412,1.0,1081.9585,634.88165,1.0,1055.9299,648.217,1.0,1036.7268,655.2684,1.0,1020.51373,660.3443,1.0,1089.234,648.52625,1.0,1070.3237,661.2402,1.0,1058.3098,668.9682,1.0,1047.4287,675.3559,1.0,800.9923,527.3176,1.0,811.88586,484.86746,1.0,834.9462,449.6998,1.0,849.4188,426.44727,1.0,854.56525,402.5558,1.0,853.66547,466.28436,1.0,900.2307,466.33875,1.0,930.2167,464.95026,1.0,954.37115,463.79602,1.0,853.8307,493.71643,1.0,908.49915,491.19003,1.0,942.6671,489.80087,1.0,967.5247,488.41614,1.0,855.3113,520.5304,1.0,905.8075,516.0895,1.0,936.9667,512.667,1.0,958.20624,509.72726,1.0,855.35846,543.0902,1.0,897.29083,538.17175,1.0,923.57184,534.02,1.0,944.1254,530.52625,1.0
902.96185,274.31744,1.0,904.7841,286.6622,1.0,906.4979,299.87085,1.0,913.4318,322.0559,1.0,920.9187,336.25818,1.0,932.7483,351.72018,1.0,941.5842,359.7396,1.0,959.6831,370.80734,1.0,986.8038,374.77963,1.0,1012.68555,366.75168,1.0,1027.2617,352.9274,1.0,1033.7297,343.6397,1.0,1042.2201,326.76166,1.0,1050.2196,303.8436,1.0,1052.2212,289.12964,1.0,1052.5557,275.88287,1.0,1052.2335,263.59818,1.0,917.2704,256.3501,1.0,922.86035,250.09076,1.0,931.93243,245.43144,1.0,945.4782,243.4352,1.0,961.76624,243.74231,1.0,993.75226,241.86838,1.0,1009.19,239.19987,1.0,1022.365,239.05649,1.0,1032.1503,242.15596,1.0,1038.0334,247.2016,1.0,980.4129,266.9353,1.0,982.03064,280.15894,1.0,982.9849,288.83652,1.0,983.79694,295.84836,1.0,971.78076,306.83194,1.0,976.1513,309.2452,1.0,984.0489,308.71274,1.0,991.01556,308.1691,1.0,994.57556,305.08878,1.0,931.53033,268.1569,1.0,938.4633,263.77277,1.0,949.1236,262.318,1.0,960.2439,266.87286,1.0,951.54785,268.95355,1.0,941.5089,270.1074,1.0,996.1029,264.50647,1.0,1006.785,257.95468,1.0,1017.69653,257.68933,1.0,1024.346,261.10547,1.0,1015.17365,264.61572,1.0,1004.96497,265.02148,1.0,961.7459,338.88702,1.0,969.50964,325.86145,1.0,977.05225,321.65598,1.0,984.9552,322.11276,1.0,992.78174,320.66034,1.0,1000.22296,324.14578,1.0,1006.76917,337.31564,1.0,1005.0538,344.4421,1.0,993.7498,351.47644,1.0,984.6193,353.03864,1.0,975.94293,352.8254,1.0,963.67664,346.78818,1.0,964.9298,338.56708,1.0,979.69305,330.14163,1.0,985.1032,329.65735,1.0,990.9569,329.57535,1.0,1003.4327,337.21613,1.0,990.24744,342.1829,1.0,984.05756,342.68057,1.0,978.20447,342.7625,1.0,945.837,265.79465,1.0,1011.33167,260.62143,1.0,971.3109,309.72113,0.99357885,979.8678,428.8568,0.9991487,828.80524,428.9929,0.9991487,746.7548,647.28815,0.7590277,816.41516,527.0065,0.93417484,1130.9303,428.7207,0.99970907,1199.4014,669.78784,0.9242345,1116.1282,600.7503,0.92059225,974.25793,922.3718,0.9805707,874.6122,923.6595,0.9805707,882.0956,1208.3094,0.07477647,868.12317,1544.3314,0.015705576,1073.9037,921.0841,0.9815855,1076.2863,1224.919,0.060287513,1056.5243,1547.7572,0.011417717,940.5297,278.17798,0.9902027,1004.3718,276.79822,0.9822599,912.8578,280.12305,0.97704786,1029.3927,279.7055,0.99036026,1013.20416,1656.593,0.010368496,1013.20416,1656.593,0.010368496,1055.6703,1587.4172,0.01018998,899.3273,1654.4092,0.007830282,899.3273,1654.4092,0.007830282,864.46136,1591.1124,0.010630924,1113.0724,645.96326,1.0,1083.1287,627.93787,1.0,1050.4569,622.11816,1.0,1026.9957,625.2009,1.0,1008.90826,621.517,1.0,1059.8387,635.419,1.0,1036.7317,659.8467,1.0,1021.41425,674.7238,1.0,1008.0581,688.18176,1.0,1074.8406,648.7229,1.0,1051.0868,669.2649,1.0,1034.2285,684.34247,1.0,1022.77875,697.27136,1.0,1087.2858,659.52655,1.0,1064.0432,674.9975,1.0,1049.4839,687.18536,1.0,1038.984,696.7158,1.0,1097.0444,669.1285,1.0,1077.9258,683.2895,1.0,1068.8936,692.2083,1.0,1061.8219,699.7203,1.0,812.4837,513.9774,1.0,835.44147,470.6924,1.0,865.328,440.69388,1.0,886.21655,416.88397,1.0,894.3481,394.59094,1.0,889.9938,463.18033,1.0,938.5635,470.72827,1.0,967.26874,475.34384,1.0,989.19183,479.34833,1.0,889.9252,489.55386,1.0,942.1321,495.5856,1.0,972.5527,499.90518,1.0,994.3396,502.72714,1.0,887.38214,515.2778,1.0,935.2117,518.5372,1.0,964.98413,521.5235,1.0,985.28503,521.95807,1.0,882.7119,537.2766,1.0,922.32245,538.45795,1.0,946.09143,539.5458,1.0,964.85504,539.3702,1.0
903.7507,272.9852,1.0,905.5508,285.20975,1.0,907.317,298.30634,1.0,914.4127,320.36487,1.0,921.9744,334.54745,1.0,933.7607,350.07288,1.0,942.5218,358.1913,1.0,960.78406,369.2641,1.0,988.2667,373.0314,1.0,1014.41345,364.9569,1.0,1029.0143,351.09424,1.0,1035.3481,341.7575,1.0,1043.4751,324.8288,1.0,1051.112,301.85452,1.0,1052.9117,287.1695,1.0,1053.1038,273.9745,1.0,1052.5977,261.77255,1.0,917.9558,255.30122,1.0,923.4699,249.03326,1.0,932.4256,244.36026,1.0,946.0005,242.31308,1.0,962.3305,242.57433,1.0,994.20483,240.58226,1.0,1009.65826,237.82549,1.0,1022.9083,237.59547,1.0,1032.6439,240.65047,1.0,1038.5886,245.62012,1.0,981.09576,265.43292,1.0,982.7998,278.42752,1.0,983.85077,286.93704,1.0,984.6895,293.8007,1.0,973.0175,304.94495,1.0,977.2466,307.3554,1.0,985.00385,306.7675,1.0,991.93524,306.19513,1.0,995.33575,303.1379,1.0,932.4821,267.02182,1.0,939.32916,262.59644,1.0,949.9379,261.11783,1.0,961.2611,265.55746,1.0,952.43854,267.66956,1.0,942.3802,268.88556,1.0,996.669,263.02924,1.0,1007.39197,256.42194,1.0,1018.34265,256.08917,1.0,1025.0151,259.53738,1.0,1015.94354,263.12488,1.0,1005.6358,263.53525,1.0,962.9087,337.54977,1.0,970.84796,324.47372,1.0,978.2976,320.19376,1.0,986.1564,320.58496,1.0,993.9,319.14352,1.0,1001.2537,322.58514,1.0,1007.90936,335.68872,1.0,1006.35596,342.87207,1.0,995.0556,349.90793,1.0,985.87317,351.4995,1.0,977.09955,351.35913,1.0,964.7065,345.423,1.0,966.0742,337.19934,1.0,980.9269,328.67447,1.0,986.3528,328.12546,1.0,992.176,328.01248,1.0,1004.6362,335.58612,1.0,991.48926,340.75882,1.0,985.2347,341.29126,1.0,979.3397,341.40845,1.0,946.5879,264.54987,1.0,1012.1605,259.0797,1.0,972.5792,307.26654,0.99409455,979.9069,429.3738,0.9992058,828.89435,428.81998,0.9992058,730.1535,636.3068,0.77640706,816.7769,512.14105,0.9405593,1130.9194,429.92764,0.99972266,1198.7317,677.71387,0.92857665,1112.6165,625.216,0.92726076,974.6048,922.8338,0.980715,874.1779,923.7006,0.980715,882.3963,1209.5707,0.070180446,868.8169,1544.1633,0.01517585,1075.0316,921.9669,0.9815364,1077.4613,1226.7936,0.05816359,1056.6223,1549.6013,0.01159314,941.19763,275.45404,0.9910176,1005.20636,275.57635,0.98366463,912.94476,280.00424,0.9789823,1030.012,279.74304,0.99114877,1013.3003,1658.5504,0.010810187,1013.3003,1658.5504,0.010810187,1056.4678,1588.9259,0.010804995,899.5717,1654.135,0.007569266,899.5717,1654.135,0.007569266,865.0125,1591.3989,0.0107142115,1119.5903,667.2934,1.0,1088.9059,660.92084,1.0,1056.1763,667.36316,1.0,1032.0421,676.6987,1.0,1013.5317,685.2989,1.0,1064.5657,672.54285,1.0,1048.5497,696.7893,1.0,1038.6534,714.23,1.0,1029.897,730.8498,1.0,1079.8402,678.8136,1.0,1062.6332,697.76965,1.0,1052.6333,715.0501,1.0,1045.3475,730.8307,1.0,1094.7296,684.11017,1.0,1079.7418,699.46063,1.0,1071.8751,713.2944,1.0,1065.178,725.1204,1.0,1108.6154,688.3955,1.0,1099.5115,700.413,1.0,1097.2261,708.8569,1.0,1095.0967,716.68774,1.0,831.7648,502.20233,1.0,860.68665,463.50983,1.0,897.2471,440.87796,1.0,922.4299,421.73108,1.0,935.04645,401.25732,1.0,927.2646,469.53094,1.0,968.8436,485.27036,1.0,992.9203,495.0551,1.0,1010.6854,503.1119,1.0,922.06384,495.2443,1.0,967.3853,510.72293,1.0,992.8112,519.2951,1.0,1011.3781,525.2214,1.0,913.4718,519.3882,1.0,956.22925,531.00256,1.0,980.7372,537.6823,1.0,998.78125,541.12103,1.0,903.4178,539.93976,1.0,939.0357,546.81177,1.0,959.93555,551.3667,1.0,977.14667,553.6667,1.0
904.53955,271.65292,1.0,906.3174,283.7573,1.0,908.13605,296.74182,1.0,915.3936,318.67386,1.0,923.03015,332.83676,1.0,934.773,348.42557,1.0,943.45935,356.64307,1.0,961.88495,367.72086,1.0,989.7297,371.28314,1.0,1016.1413,363.16214,1.0,1030.7667,349.26108,1.0,1036.9664,339.87527,1.0,1044.7301,322.89594,1.0,1052.0044,299.86545,1.0,1053.6023,285.20935,1.0,1053.6519,272.0661,1.0,1052.9618,259.9469,1.0,918.64124,254.25237,1.0,924.07947,247.97575,1.0,932.9188,243.28908,1.0,946.5228,241.19095,1.0,962.8948,241.40636,1.0,994.6574,239.29614,1.0,1010.1265,236.4511,1.0,1023.4516,236.13446,1.0,1033.1377,239.14499,1.0,1039.1437,244.03865,1.0,981.77856,263.93054,1.0,983.56903,276.69608,1.0,984.7166,285.03757,1.0,985.5821,291.75302,1.0,974.2542,303.05795,1.0,978.34186,305.4656,1.0,985.95886,304.8222,1.0,992.8549,304.22116,1.0,996.09595,301.18704,1.0,933.4339,265.88672,1.0,940.195,261.42014,1.0,950.75226,259.91766,1.0,962.2783,264.24203,1.0,953.32916,266.38556,1.0,943.2515,267.66373,1.0,997.2351,261.55203,1.0,1007.99896,254.88916,1.0,1018.98883,254.489,1.0,1025.6844,257.9693,1.0,1016.71344,261.63406,1.0,1006.30664,262.049,1.0,964.0715,336.21255,1.0,972.18634,323.086,1.0,979.54297,318.73154,1.0,987.35754,319.0572,1.0,995.0184,317.6267,1.0,1002.28455,321.0245,1.0,1009.04956,334.0618,1.0,1007.65814,341.30203,1.0,996.3614,348.33942,1.0,987.127,349.96036,1.0,978.2561,349.89285,1.0,965.73627,344.05783,1.0,967.21857,335.83163,1.0,982.16077,327.2073,1.0,987.60236,326.5936,1.0,993.3951,326.4496,1.0,1005.8397,333.9561,1.0,992.73114,339.33472,1.0,986.41187,339.90192,1.0,980.4749,340.0544,1.0,947.3388,263.3051,1.0,1012.9894,257.538,1.0,972.94006,305.92578,0.994539,980.28503,429.685,0.9992609,829.3786,428.17355,0.9992609,715.49963,619.9096,0.7935239,823.3486,509.63477,0.94632167,1131.1915,431.19644,0.9997394,1195.7498,677.21686,0.93277663,1108.1943,668.5152,0.933436,974.607,922.90186,0.980879,874.19525,923.799,0.980879,878.4887,1210.4594,0.06666366,866.6508,1545.8989,0.014877678,1075.0187,922.00476,0.9816115,1076.804,1229.8671,0.055637136,1053.3821,1551.4592,0.011952731,941.26306,274.86826,0.99170995,1005.4652,274.23703,0.984899,913.1562,279.96918,0.9806739,1030.7108,279.02213,0.99185777,1009.05383,1660.2562,0.0115072075,1009.05383,1660.2562,0.0115072075,1055.2163,1590.3352,0.01166643,895.411,1655.3875,0.007468764,895.411,1655.3875,0.007468764,863.67444,1593.3118,0.011032997,1121.943,698.94403,1.0,1088.4155,696.4514,1.0,1057.5631,707.146,1.0,1036.1033,721.32404,1.0,1021.61395,732.4722,1.0,1063.2307,707.606,1.0,1049.3269,730.69543,1.0,1041.0961,749.46094,1.0,1034.0521,765.8391,1.0,1078.3446,711.3832,1.0,1063.4343,735.1853,1.0,1054.7244,755.2819,1.0,1049.5372,772.173,1.0,1093.543,715.9923,1.0,1079.9645,736.6738,1.0,1073.2778,752.5357,1.0,1069.2526,765.1714,1.0,1108.8015,720.45844,1.0,1101.4141,734.55536,1.0,1098.0322,743.2396,1.0,1096.292,751.3209,1.0,852.5268,497.96133,1.0,885.66156,464.87097,1.0,926.1306,449.56845,1.0,955.9794,437.61136,1.0,974.35834,422.4241,1.0,954.3761,485.80588,1.0,987.483,510.20764,1.0,1005.4003,523.72595,1.0,1018.7924,534.8344,1.0,945.3366,510.27094,1.0,979.4607,534.3573,1.0,997.86597,546.29016,1.0,1011.87524,554.56604,1.0,932.06006,532.0706,1.0,965.2432,551.28894,1.0,983.5991,561.68036,1.0,997.7009,567.3215,1.0,917.7395,549.6289,1.0,946.0684,563.3735,1.0,961.72906,570.5864,1.0,975.2322,574.1131,1.0
905.24054,271.2753,1.0,907.0207,283.39594,1.0,908.8299,296.3713,1.0,916.0519,318.2707,1.0,923.7751,332.30493,1.0,935.77026,347.69913,1.0,944.61786,355.73184,1.0,963.2169,366.50595,1.0,991.13586,369.84207,1.0,1017.5783,361.61597,1.0,1032.0566,347.76282,1.0,1038.1053,338.41403,1.0,1045.7031,321.51654,1.0,1052.7981,298.581,1.0,1054.3875,283.9728,1.0,1054.4305,270.88876,1.0,1053.7607,258.82098,1.0,919.4402,253.54572,1.0,924.913,247.18211,1.0,933.8248,242.4124,1.0,947.51917,240.23703,1.0,963.972,240.38799,1.0,995.86316,238.04005,1.0,1011.38104,235.21625,1.0,1024.6494,234.96593,1.0,1034.3804,238.01912,1.0,1040.3157,242.91182,1.0,983.07874,262.86868,1.0,984.94434,275.59723,1.0,986.09753,283.9411,1.0,986.9884,290.66306,1.0,975.8099,302.032,1.0,979.8263,304.44504,1.0,987.43054,303.77573,1.0,994.18585,303.16507,1.0,997.2822,300.11874,1.0,934.4298,264.97037,1.0,941.09467,260.36343,1.0,951.69855,258.79892,1.0,963.3233,263.18536,1.0,954.3631,265.36658,1.0,944.27765,266.71783,1.0,998.46466,260.31882,1.0,1009.19543,253.58018,1.0,1020.24133,253.21094,1.0,1026.944,256.7969,1.0,1017.91284,260.45425,1.0,1007.4886,260.8299,1.0,965.5764,334.89133,1.0,973.60815,321.79175,1.0,980.90533,317.3978,1.0,988.6516,317.68903,1.0,996.286,316.2426,1.0,1003.4789,319.60678,1.0,1010.1246,332.6005,1.0,1009.00446,339.71414,1.0,997.89215,346.815,1.0,988.6563,348.4341,1.0,979.8718,348.40564,1.0,967.28674,342.6582,1.0,968.768,334.48392,1.0,983.56665,325.77966,1.0,988.93243,325.16376,1.0,994.65814,325.03983,1.0,1006.863,332.52814,1.0,994.18286,337.82748,1.0,987.9097,338.43903,1.0,982.00146,338.6073,1.0,948.26227,262.25708,1.0,1014.0519,256.30777,1.0,972.9664,304.0497,0.99486256,980.35565,429.36523,0.9993028,829.4338,427.16513,0.9993028,701.68744,595.6574,0.8076588,843.10693,505.04663,0.9513879,1131.2776,431.56534,0.99974984,1194.0663,676.99414,0.93457675,1108.7126,707.0722,0.937935,974.7248,922.86694,0.98084545,874.43884,924.2216,0.98084545,878.2934,1211.0237,0.06117508,865.3627,1547.1267,0.01388045,1075.0107,921.5122,0.98157066,1076.8207,1231.4584,0.0517977,1051.2189,1551.6002,0.011560539,941.4148,273.31393,0.99219334,1005.4805,272.09558,0.9856745,913.7324,279.42795,0.9819161,1030.7377,277.8573,0.9923369,1005.84753,1662.5165,0.011319852,1005.84753,1662.5165,0.011319852,1053.7072,1592.1428,0.011565038,893.17926,1656.0852,0.0070008915,893.17926,1656.0852,0.0070008915,862.3103,1594.4329,0.010586122,1123.5518,726.36,1.0,1088.9371,728.8832,1.0,1057.3829,741.59625,1.0,1037.0774,757.3824,1.0,1025.3,769.3538,1.0,1061.6035,738.2072,1.0,1049.8557,762.1756,1.0,1041.9774,782.522,1.0,1034.7872,800.80084,1.0,1078.7386,741.3238,1.0,1066.1135,771.67847,1.0,1057.274,796.2584,1.0,1051.443,816.2908,1.0,1094.7914,747.2793,1.0,1081.8436,775.2801,1.0,1074.2628,796.02966,1.0,1069.5135,811.62274,1.0,1110.4408,754.3309,1.0,1101.5652,775.9456,1.0,1095.9529,790.3401,1.0,1091.7423,802.4631,1.0,872.18115,496.2766,1.0,910.1994,471.62048,1.0,952.54004,466.3287,1.0,983.53546,462.79666,1.0,1004.08514,451.23544,1.0,973.5885,508.7645,1.0,993.7674,540.0442,1.0,1003.9533,556.7247,1.0,1011.6692,570.95874,1.0,960.266,530.308,1.0,981.14923,560.8392,1.0,993.3409,577.62177,1.0,1003.2147,590.7585,1.0,942.2355,548.13074,1.0,964.7962,573.84705,1.0,977.32806,589.1493,1.0,988.5767,598.95636,1.0,923.4061,562.04333,1.0,943.5412,581.6623,1.0,954.7506,592.3785,1.0,966.0061,598.5297,1.0
905.9415,270.89764,1.0,907.724,283.03458,1.0,909.5238,296.0008,1.0,916.7102,317.86755,1.0,924.52,331.77313,1.0,936.7675,346.9727,1.0,945.7764,354.82065,1.0,964.5489,365.29105,1.0,992.5421,368.40097,1.0,1019.0153,360.06982,1.0,1033.3467,346.2646,1.0,1039.2441,336.95276,1.0,1046.6763,320.13718,1.0,1053.5919,297.29657,1.0,1055.1725,282.73627,1.0,1055.2092,269.71143,1.0,1054.5597,257.69507,1.0,920.23914,252.83907,1.0,925.7466,246.38846,1.0,934.7309,241.53572,1.0,948.5155,239.2831,1.0,965.04926,239.36961,1.0,997.0689,236.78395,1.0,1012.6355,233.98141,1.0,1025.8472,233.7974,1.0,1035.6232,236.89325,1.0,1041.4875,241.785,1.0,984.3789,261.80682,1.0,986.3196,274.49835,1.0,987.47845,282.84464,1.0,988.3948,289.57306,1.0,977.36554,301.0061,1.0,981.3107,303.42447,1.0,988.9022,302.72922,1.0,995.51685,302.10898,1.0,998.4685,299.05048,1.0,935.4257,264.05405,1.0,941.99426,259.30673,1.0,952.64484,257.68015,1.0,964.3683,262.12872,1.0,955.3971,264.34756,1.0,945.3038,265.77194,1.0,999.6942,259.0856,1.0,1010.39185,252.27122,1.0,1021.4939,251.93286,1.0,1028.2035,255.62451,1.0,1019.1123,259.27444,1.0,1008.6706,259.61075,1.0,967.08136,333.57013,1.0,975.03,320.4975,1.0,982.26776,316.06406,1.0,989.94574,316.3209,1.0,997.5537,314.8585,1.0,1004.6732,318.18906,1.0,1011.1996,331.1392,1.0,1010.35077,338.12625,1.0,999.4229,345.2906,1.0,990.18567,346.90784,1.0,981.48755,346.91843,1.0,968.8372,341.25858,1.0,970.3175,333.13617,1.0,984.9726,324.35202,1.0,990.2625,323.73392,1.0,995.92126,323.63004,1.0,1007.88617,331.1002,1.0,995.6346,336.32025,1.0,989.40765,336.97614,1.0,983.528,337.16022,1.0,949.18567,261.20905,1.0,1015.1144,255.07756,1.0,974.023,301.7559,0.99528193,980.7317,427.84677,0.9993478,830.1858,424.05914,0.9993478,692.3094,573.3952,0.8225886,860.6473,503.05875,0.955997,1131.2777,431.6344,0.9997624,1192.3644,676.7324,0.93717,1107.7688,732.2179,0.9423151,975.0628,923.02673,0.9805577,875.09174,925.0653,0.9805577,876.6479,1213.2773,0.056453142,865.16254,1549.9932,0.012975377,1075.0338,920.98816,0.98120195,1076.1521,1239.815,0.04826455,1049.0195,1556.3679,0.011004845,942.61536,271.25543,0.9928245,1006.9192,270.53754,0.98678976,914.1819,278.91467,0.98340726,1031.0427,277.6933,0.9929428,1000.8995,1664.1208,0.010925304,1000.8995,1664.1208,0.010925304,1052.4568,1598.82,0.011321098,893.3966,1656.2711,0.006579806,893.3966,1656.2711,0.006579806,862.0106,1600.4227,0.010181393,1122.3673,754.67554,1.0,1083.529,752.7097,1.0,1051.3636,767.9084,1.0,1033.0657,786.69867,1.0,1022.4863,799.27765,1.0,1059.7346,763.2615,1.0,1049.9888,783.3118,1.0,1040.679,801.9624,1.0,1031.3934,819.3561,1.0,1079.802,771.8074,1.0,1064.4681,811.22253,1.0,1051.0968,840.90515,1.0,1042.1005,863.54095,1.0,1095.4714,782.53357,1.0,1077.2661,821.80725,1.0,1064.6746,845.30286,1.0,1057.2076,861.8388,1.0,1107.8063,792.4108,1.0,1089.573,821.92487,1.0,1077.7814,838.9008,1.0,1068.9216,852.7579,1.0,890.1167,499.66547,1.0,929.29645,485.11615,1.0,969.0582,490.3079,1.0,998.86115,494.09824,1.0,1021.3355,488.77087,1.0,983.329,537.714,1.0,989.28613,572.3096,1.0,993.07,591.34143,1.0,995.588,607.11365,1.0,966.4796,553.5933,1.0,972.6774,588.975,1.0,976.9795,608.97577,1.0,981.8781,624.5746,1.0,945.1575,564.60596,1.0,955.3911,596.2784,1.0,960.8274,615.631,1.0,967.6958,628.894,1.0,923.0266,572.07007,1.0,933.2758,597.422,1.0,939.0069,611.94916,1.0,946.38367,621.5482,1.0
906.6426,270.52,1.0,908.42725,282.67325,1.0,910.21765,295.63028,1.0,917.36847,317.4644,1.0,925.265,331.2413,1.0,937.7648,346.24625,1.0,946.93494,353.90942,1.0,965.8809,364.07614,1.0,993.9483,366.9599,1.0,1020.45233,358.52365,1.0,1034.6367,344.76636,1.0,1040.3829,335.4915,1.0,1047.6494,318.75778,1.0,1054.3856,296.01215,1.0,1055.9575,281.49973,1.0,1055.9878,268.53406,1.0,1055.3586,256.56915,1.0,921.0381,252.13242,1.0,926.5802,245.5948,1.0,935.6369,240.65904,1.0,949.5119,238.32918,1.0,966.12646,238.35126,1.0,998.27466,235.52785,1.0,1013.89,232.74657,1.0,1027.045,232.62886,1.0,1036.866,235.76738,1.0,1042.6594,240.65817,1.0,985.6791,260.74496,1.0,987.6949,273.3995,1.0,988.8594,281.7482,1.0,989.8011,288.4831,1.0,978.92114,299.98016,1.0,982.7952,302.4039,1.0,990.3739,301.6827,1.0,996.8478,301.0529,1.0,999.6548,297.98218,1.0,936.42163,263.13773,1.0,942.89386,258.25006,1.0,953.5911,256.5614,1.0,965.4132,261.07205,1.0,956.431,263.32858,1.0,946.3299,264.82605,1.0,1000.92377,257.85242,1.0,1011.5883,250.96225,1.0,1022.7464,250.6548,1.0,1029.4629,254.4521,1.0,1020.3117,258.09464,1.0,1009.85254,258.3916,1.0,968.5863,332.24893,1.0,976.45184,319.20325,1.0,983.6301,314.7303,1.0,991.23987,314.95276,1.0,998.82135,313.47437,1.0,1005.8676,316.7713,1.0,1012.27454,329.6779,1.0,1011.69714,336.53836,1.0,1000.9537,343.76617,1.0,991.71497,345.3816,1.0,983.1033,345.4312,1.0,970.3877,339.85895,1.0,971.86694,331.78845,1.0,986.37854,322.92438,1.0,991.5925,322.30408,1.0,997.1843,322.22025,1.0,1008.90936,329.6722,1.0,997.08636,334.81302,1.0,990.9056,335.51324,1.0,985.05457,335.71313,1.0,950.10913,260.161,1.0,1016.1769,253.84734,1.0,974.51465,300.152,0.9954121,981.4781,425.83817,0.9993681,831.8329,419.79388,0.9993681,685.59503,547.07776,0.8362528,872.27203,506.34766,0.96005565,1131.1233,431.88245,0.9997588,1191.1149,675.102,0.9398446,1107.1144,749.05786,0.945967,975.6148,923.9422,0.9801998,876.19977,926.90106,0.9801998,876.14453,1220.7942,0.052829426,865.11755,1560.6183,0.012354961,1075.0298,920.9833,0.98062074,1076.0424,1253.2928,0.04511664,1047.7144,1571.2682,0.010548171,942.86127,269.8158,0.99296457,1007.2076,268.8773,0.9868483,914.6965,278.64825,0.9840456,1030.9819,277.15787,0.9930505,1000.0853,1678.0693,0.010525841,1000.0853,1678.0693,0.010525841,1050.5693,1613.8876,0.011036828,893.5835,1663.6782,0.0062742596,893.5835,1663.6782,0.0062742596,861.8663,1612.3915,0.00988373,1120.7363,773.93445,1.0,1080.3955,767.3244,1.0,1047.3737,782.1765,1.0,1030.0966,802.5818,1.0,1019.17365,817.96075,1.0,1061.4452,804.6714,1.0,1052.8215,848.5666,1.0,1042.7926,878.1359,1.0,1034.2336,901.0111,1.0,1081.8716,812.8377,1.0,1068.4066,858.23627,1.0,1053.2957,888.1509,1.0,1042.684,910.74786,1.0,1095.5382,818.262,1.0,1077.7399,860.99207,1.0,1061.926,888.9586,1.0,1050.9376,908.68695,1.0,1104.1367,821.458,1.0,1086.614,854.86,1.0,1073.4421,877.44116,1.0,1063.5188,895.35986,1.0,904.69946,500.50845,1.0,945.1427,499.1968,1.0,979.685,517.7842,1.0,1005.9137,530.5477,1.0,1027.916,531.0556,1.0,980.9492,565.22815,1.0,974.3959,602.6739,1.0,971.3317,624.14154,1.0,968.9094,641.70447,1.0,961.23584,574.36273,1.0,953.8618,612.7408,1.0,950.1792,635.44995,1.0,949.34674,653.7916,1.0,937.8046,578.883,1.0,935.9601,615.10547,1.0,934.04193,637.2084,1.0,935.5304,654.32886,1.0,914.63324,579.56586,1.0,915.17346,608.9176,1.0,914.87494,626.79596,1.0,917.51056,641.203,1.0
906.9787,269.8768,1.0,908.60754,281.99927,1.0,910.2678,294.95175,1.0,917.28644,316.80112,1.0,925.1973,330.61237,1.0,937.88873,345.65363,1.0,947.24915,353.37686,1.0,966.4536,363.5682,1.0,994.67365,366.49033,1.0,1020.9653,358.06775,1.0,1034.9036,344.33328,1.0,1040.5664,335.10538,1.0,1047.7716,318.47723,1.0,1054.5977,295.81577,1.0,1056.1666,281.39008,1.0,1056.2377,268.48477,1.0,1055.6968,256.58768,1.0,922.13153,251.7781,1.0,927.8363,245.27336,1.0,937.05536,240.32933,1.0,951.02563,238.00752,1.0,967.6483,238.02315,1.0,999.9147,235.18047,1.0,1015.4477,232.47932,1.0,1028.5221,232.43694,1.0,1038.1704,235.62685,1.0,1043.7971,240.54222,1.0,987.0982,260.40192,1.0,989.1678,273.0466,1.0,990.3305,281.3892,1.0,991.2465,288.0866,1.0,980.03296,299.58707,1.0,983.95514,302.00217,1.0,991.505,301.2628,1.0,997.9694,300.7053,1.0,1000.77594,297.64893,1.0,937.59015,262.7532,1.0,944.0819,257.77975,1.0,954.8619,256.1022,1.0,966.7537,260.79044,1.0,957.7041,263.03436,1.0,947.5134,264.4914,1.0,1002.10254,257.60193,1.0,1012.6441,250.66466,1.0,1023.85657,250.36594,1.0,1030.5095,254.2549,1.0,1021.43475,257.93063,1.0,1011.00745,258.19727,1.0,969.3523,331.8151,1.0,977.3945,318.8433,1.0,984.6406,314.4516,1.0,992.3205,314.707,1.0,999.835,313.24738,1.0,1006.8021,316.54584,1.0,1013.00726,329.39618,1.0,1012.56433,336.3137,1.0,1001.9484,343.61813,1.0,992.7362,345.21567,1.0,983.98334,345.20465,1.0,971.1814,339.45914,1.0,972.6285,331.39136,1.0,987.31,322.6245,1.0,992.5994,322.0061,1.0,998.1725,321.93002,1.0,1009.6535,329.38608,1.0,998.059,334.6021,1.0,991.9427,335.28812,1.0,986.0144,335.45593,1.0,951.13934,259.89087,1.0,1017.1064,253.75662,1.0,975.0776,300.18628,0.9954748,982.19696,424.02588,0.9993887,833.3415,415.67422,0.9993887,687.8804,520.89905,0.84693086,886.6365,505.3697,0.9633069,1131.0525,432.37753,0.9997572,1190.5519,674.0596,0.9394536,1105.284,765.39856,0.9472473,975.42834,925.4713,0.9795742,876.2029,929.8192,0.9795742,875.57404,1227.703,0.049237974,864.69165,1571.2756,0.011637436,1074.6538,921.12335,0.9797526,1076.501,1264.4967,0.041764714,1047.1909,1579.1216,0.009903546,942.97473,269.81802,0.99297774,1007.7169,268.88748,0.9867679,915.2915,278.6451,0.98451227,1030.9248,277.09335,0.9931165,999.01886,1684.9978,0.009923585,999.01886,1684.9978,0.009923585,1049.7616,1623.1058,0.01045923,893.62085,1672.9425,0.005930219,893.62085,1672.9425,0.005930219,860.9522,1624.2015,0.009433851,1107.0164,784.19666,1.0,1071.5657,774.24817,1.0,1045.8942,784.0911,1.0,1033.3506,803.93524,1.0,1021.3677,816.9248,1.0,1060.0305,825.69763,1.0,1046.608,861.10474,1.0,1036.4628,884.78314,1.0,1028.5637,904.9562,1.0,1076.6891,839.8547,1.0,1059.9781,877.6664,1.0,1046.7322,903.1097,1.0,1036.4716,923.81085,1.0,1086.8481,848.179,1.0,1070.075,882.73206,1.0,1057.7424,905.50165,1.0,1048.2052,923.82385,1.0,1092.1892,851.5545,1.0,1076.7727,880.5477,1.0,1066.7045,899.9489,1.0,1059.0115,915.60767,1.0,907.7365,502.28058,1.0,947.3085,503.7673,1.0,979.9814,520.50836,1.0,1005.04944,531.7873,1.0,1025.9658,534.00854,1.0,980.514,563.74133,1.0,976.00995,601.97723,1.0,972.65204,623.6762,1.0,970.0938,640.2955,1.0,961.378,573.4326,1.0,956.39105,613.07904,1.0,952.9028,634.8344,1.0,951.2591,651.9687,1.0,938.5963,578.0172,1.0,937.47,614.8843,1.0,936.49646,635.844,1.0,937.67993,651.68353,1.0,915.3151,579.33997,1.0,915.94934,608.52686,1.0,916.8785,625.1682,1.0,919.7491,638.6762,1.0
907.3148,269.2336,1.0,908.7879,281.32532,1.0,910.31805,294.27322,1.0,917.20435,316.13785,1.0,925.12964,329.98343,1.0,938.01263,345.061,1.0,947.5634,352.8443,1.0,967.02637,363.06027,1.0,995.3989,366.02075,1.0,1021.4783,357.61182,1.0,1035.1703,343.90024,1.0,1040.7499,334.71927,1.0,1047.8938,318.1967,1.0,1054.8096,295.6194,1.0,1056.3757,281.28046,1.0,1056.4874,268.4355,1.0,1056.0349,256.6062,1.0,923.2249,251.42381,1.0,929.09247,244.95192,1.0,938.47375,239.9996,1.0,952.5394,237.68587,1.0,969.17017,237.69504,1.0,1001.5547,234.83308,1.0,1017.0053,232.21207,1.0,1029.9993,232.24501,1.0,1039.4749,235.4863,1.0,1044.9347,240.42625,1.0,988.51733,260.05887,1.0,990.6407,272.6937,1.0,991.80164,281.0302,1.0,992.692,287.69016,1.0,981.1447,299.19394,1.0,985.11505,301.60043,1.0,992.63605,300.84283,1.0,999.091,300.35767,1.0,1001.8971,297.3157,1.0,938.75867,262.36865,1.0,945.2699,257.30948,1.0,956.1326,255.64302,1.0,968.0942,260.5088,1.0,958.9771,262.74017,1.0,948.69696,264.15677,1.0,1003.2813,257.35144,1.0,1013.69995,250.36705,1.0,1024.9667,250.07706,1.0,1031.556,254.05771,1.0,1022.55774,257.7666,1.0,1012.16235,258.00296,1.0,970.1183,331.3813,1.0,978.33716,318.48337,1.0,985.6512,314.17288,1.0,993.4011,314.46124,1.0,1000.84875,313.0204,1.0,1007.73663,316.32037,1.0,1013.74,329.11447,1.0,1013.4315,336.08902,1.0,1002.9431,343.4701,1.0,993.7575,345.04977,1.0,984.8634,344.97812,1.0,971.97504,339.0593,1.0,973.39,330.9943,1.0,988.2415,322.32462,1.0,993.6063,321.70816,1.0,999.16064,321.6398,1.0,1010.3976,329.0999,1.0,999.0317,334.39124,1.0,992.97986,335.063,1.0,986.97424,335.19873,1.0,952.1695,259.62073,1.0,1018.0358,253.66591,1.0,975.5225,299.3925,0.9955817,983.741,422.4206,0.99941605,836.3724,412.34116,0.99941605,691.688,504.128,0.85843426,903.02844,504.41986,0.9665596,1131.1096,432.50003,0.9997534,1189.4882,673.8928,0.9408444,1104.2716,772.92426,0.9495914,974.061,927.5707,0.9796199,875.67487,932.90125,0.97979385,874.64215,1239.3322,0.045886576,863.6103,1585.154,0.010922272,1072.4471,922.2401,0.9796199,1074.242,1272.3019,0.03844932,1043.5818,1594.4442,0.009170279,943.4779,269.3679,0.9930655,1008.2781,267.45364,0.98671687,915.87933,278.54053,0.98499167,1031.4191,276.22742,0.99311715,994.64734,1705.1792,0.00921023,994.64734,1705.1792,0.00921023,1045.0509,1637.8688,0.009771272,893.4798,1685.3217,0.005577806,893.4798,1685.3217,0.005577806,859.2499,1638.1138,0.008946077,1095.8384,793.37915,1.0,1062.5765,783.3744,1.0,1036.8959,793.66534,1.0,1022.6099,812.16187,1.0,1010.26013,826.4565,1.0,1047.7396,840.43555,1.0,1031.2406,875.0768,1.0,1020.7332,896.34186,1.0,1012.6988,913.5272,1.0,1063.3008,853.7349,1.0,1045.952,890.27625,1.0,1032.7928,913.63025,1.0,1021.8155,932.251,1.0,1073.4768,860.6807,1.0,1057.4601,894.389,1.0,1045.4623,915.77295,1.0,1035.5541,933.15356,1.0,1079.076,862.4261,1.0,1065.0265,890.1586,1.0,1055.2173,907.3714,1.0,1046.1927,921.07324,1.0,922.1914,494.6803,1.0,957.8845,519.7264,1.0,979.0646,557.0746,1.0,994.3574,585.2794,1.0,1012.55023,601.001,1.0,967.0507,576.2668,1.0,949.6134,620.14166,1.0,939.5753,644.6358,1.0,932.0756,664.2188,1.0,946.2706,569.41724,1.0,927.0568,618.43005,1.0,916.1359,647.3455,1.0,908.7801,670.0267,1.0,923.17883,559.83984,1.0,906.81366,606.3654,1.0,898.08795,635.05884,1.0,893.6821,657.6235,1.0,901.0143,549.4783,1.0,890.2938,586.93427,1.0,885.4456,610.2545,1.0,883.2148,630.33386,1.0
907.65094,268.59045,1.0,908.9682,280.65134,1.0,910.3682,293.59467,1.0,917.1223,315.47458,1.0,925.06195,329.35446,1.0,938.1366,344.4684,1.0,947.8776,352.31174,1.0,967.5991,362.55234,1.0,996.1242,365.55118,1.0,1021.9912,357.1559,1.0,1035.4371,343.4672,1.0,1040.9333,334.33313,1.0,1048.0161,317.91614,1.0,1055.0216,295.42303,1.0,1056.5848,281.1708,1.0,1056.7373,268.3862,1.0,1056.3729,256.62473,1.0,924.31836,251.06952,1.0,930.34863,244.63048,1.0,939.8922,239.66989,1.0,954.05316,237.36421,1.0,970.692,237.36693,1.0,1003.19464,234.4857,1.0,1018.563,231.94482,1.0,1031.4764,232.05309,1.0,1040.7794,235.34576,1.0,1046.0724,240.3103,1.0,989.93646,259.71582,1.0,992.1136,272.3408,1.0,993.27277,280.6712,1.0,994.13745,287.29367,1.0,982.2565,298.80084,1.0,986.27496,301.1987,1.0,993.7671,300.4229,1.0,1000.21265,300.01007,1.0,1003.0182,296.98245,1.0,939.9272,261.98413,1.0,946.4579,256.8392,1.0,957.4034,255.18384,1.0,969.43463,260.22717,1.0,960.2502,262.44595,1.0,949.8805,263.8221,1.0,1004.4601,257.10095,1.0,1014.7558,250.06946,1.0,1026.0769,249.7882,1.0,1032.6025,253.8605,1.0,1023.6808,257.6026,1.0,1013.3173,257.80862,1.0,970.8843,330.94748,1.0,979.2798,318.12344,1.0,986.66174,313.89417,1.0,994.4817,314.21545,1.0,1001.8624,312.79343,1.0,1008.67114,316.0949,1.0,1014.47266,328.83276,1.0,1014.2987,335.86438,1.0,1003.93787,343.32205,1.0,994.77875,344.88385,1.0,985.74347,344.7516,1.0,972.76874,338.6595,1.0,974.15155,330.5972,1.0,989.17303,322.02475,1.0,994.61316,321.41022,1.0,1000.14886,321.34955,1.0,1011.1417,328.81378,1.0,1000.00433,334.18033,1.0,994.01697,334.8379,1.0,987.9341,334.94153,1.0,953.1997,259.3506,1.0,1018.96533,253.57518,1.0,975.6205,299.2499,0.9955661,985.2834,421.03445,0.9994281,839.3492,409.16818,0.9994281,694.54706,494.3135,0.8672505,905.94794,500.03815,0.96930325,1131.2175,432.90073,0.99973553,1187.2457,673.4894,0.94220775,1100.022,775.83203,0.9511964,971.3843,928.2721,0.979716,873.2818,934.02216,0.9802421,866.73956,1241.4543,0.0438206,856.38354,1593.1637,0.010593666,1069.4868,922.5221,0.979716,1060.8848,1274.0719,0.03588651,1036.9612,1603.257,0.0086357,943.5253,269.3782,0.99293053,1008.2689,266.8099,0.98615104,916.6972,278.43207,0.98508614,1031.53,275.82233,0.9928421,983.51465,1720.9325,0.00866869,983.51465,1720.9325,0.00866869,1040.4624,1646.0121,0.009267819,878.5483,1696.8442,0.005420754,878.5483,1696.8442,0.005420754,853.9356,1647.0143,0.008780377,1089.581,790.2763,1.0,1057.9496,778.4896,1.0,1033.3911,788.7325,1.0,1018.29596,806.88617,1.0,1003.5195,820.5954,1.0,1040.9996,839.75134,1.0,1023.6825,873.313,1.0,1013.1911,893.45483,1.0,1005.72644,910.293,1.0,1055.2045,853.0604,1.0,1036.8251,888.464,1.0,1023.4553,910.5576,1.0,1012.85156,928.58356,1.0,1064.538,859.4938,1.0,1047.443,892.06165,1.0,1035.1292,911.95905,1.0,1025.1113,928.4822,1.0,1069.942,861.0669,1.0,1055.8047,888.7485,1.0,1046.4023,905.9069,1.0,1038.265,919.41205,1.0,923.8445,479.2719,1.0,950.2254,516.86896,1.0,969.74054,559.48987,1.0,986.12836,588.9532,1.0,1006.681,604.2923,1.0,963.9556,541.26105,1.0,957.0774,562.75977,1.0,947.76404,579.4163,1.0,940.12427,594.2689,1.0,944.5044,528.56714,1.0,934.6969,552.8672,1.0,924.8003,572.40405,1.0,918.61896,587.8419,1.0,922.8636,517.46643,1.0,912.7611,543.4324,1.0,903.98413,562.01495,1.0,899.8434,576.8053,1.0,900.57916,507.16898,1.0,891.9666,533.11127,1.0,887.5041,548.3032,1.0,885.2874,561.1353,1.0
907.8204,269.24023,1.0,909.3294,281.38345,1.0,910.94415,294.36734,1.0,918.3123,316.19373,1.0,926.72656,329.98105,1.0,940.2228,344.96982,1.0,950.0201,352.78867,1.0,969.7029,363.13162,1.0,998.12555,366.10406,1.0,1023.717,357.4972,1.0,1036.8988,343.52136,1.0,1042.2196,334.29327,1.0,1049.1996,317.74567,1.0,1056.1168,295.18875,1.0,1057.58,280.8944,1.0,1057.5834,268.07556,1.0,1057.162,256.25134,1.0,924.7952,251.29858,1.0,930.864,244.75504,1.0,940.4016,239.71274,1.0,954.54724,237.30478,1.0,971.19,237.20996,1.0,1003.8439,234.04625,1.0,1019.2726,231.37361,1.0,1032.2052,231.4048,1.0,1041.5289,234.68854,1.0,1046.8342,239.73958,1.0,990.7447,259.78403,1.0,993.05975,272.51498,1.0,994.34314,280.85703,1.0,995.2682,287.48895,1.0,983.5764,299.1505,1.0,987.60095,301.52588,1.0,994.9673,300.72812,1.0,1001.4274,300.31985,1.0,1004.23035,297.25262,1.0,940.5988,262.2348,1.0,947.1834,257.10757,1.0,958.1995,255.43993,1.0,970.27734,260.52023,1.0,961.0171,262.73532,1.0,950.62616,264.11453,1.0,1005.36926,257.28482,1.0,1015.74634,250.17256,1.0,1027.059,249.77014,1.0,1033.7568,253.74864,1.0,1024.7981,257.61023,1.0,1014.35443,257.9254,1.0,972.569,331.5274,1.0,980.7002,318.63495,1.0,988.0165,314.3441,1.0,995.8174,314.64352,1.0,1003.2055,313.1813,1.0,1009.96075,316.46518,1.0,1015.73474,329.24854,1.0,1015.77783,336.3954,1.0,1005.6043,344.07446,1.0,996.43555,345.74835,1.0,987.3866,345.647,1.0,974.4448,339.4071,1.0,975.8394,331.16214,1.0,990.6267,322.5382,1.0,996.0237,321.93494,1.0,1001.46277,321.8314,1.0,1012.3795,329.27512,1.0,1001.4559,334.87454,1.0,995.5198,335.58664,1.0,989.47577,335.70865,1.0,953.9977,259.55008,1.0,1020.14526,253.56914,1.0,975.8439,299.28427,0.99570674,986.1965,420.68112,0.9994485,841.23376,407.85394,0.9994485,695.6925,492.66882,0.87584424,903.97974,499.1723,0.97192955,1131.1592,433.5083,0.9997264,1184.4126,673.41345,0.9432179,1093.1487,776.5177,0.95274305,970.28723,928.021,0.9800068,872.6151,934.3589,0.98083836,866.15283,1241.298,0.041675687,855.93463,1593.3619,0.010292023,1067.9594,921.6831,0.9800068,1052.2598,1274.8827,0.03379357,1033.901,1601.052,0.008242136,943.5432,269.4944,0.9931114,1008.2659,266.71982,0.98628795,917.24066,278.2107,0.98559916,1031.6888,275.58746,0.99287015,982.40247,1716.585,0.008282919,982.40247,1716.585,0.008282919,1039.0085,1643.6406,0.008920778,875.9501,1696.91,0.0052856924,875.9501,1696.91,0.0052856924,853.9535,1646.8036,0.008651302,1087.1908,781.91797,1.0,1054.7191,769.61017,1.0,1029.2167,778.0576,1.0,1012.57715,795.9883,1.0,999.50696,809.52374,1.0,1038.1237,826.3489,1.0,1019.90076,859.83374,1.0,1008.826,879.8209,1.0,1000.2919,896.684,1.0,1051.7937,840.79285,1.0,1031.3523,876.726,1.0,1016.8511,899.7525,1.0,1005.5946,918.4466,1.0,1060.8887,848.39667,1.0,1041.7258,880.90186,1.0,1028.2683,900.9032,1.0,1017.61975,917.0734,1.0,1065.9056,851.39294,1.0,1050.352,878.4469,1.0,1039.7415,894.6753,1.0,1030.5502,907.234,1.0,907.1649,525.4056,1.0,931.0275,540.28674,1.0,955.0996,552.52374,1.0,974.81824,564.79144,1.0,993.2326,574.9526,1.0,938.6015,519.75793,1.0,951.73145,504.95938,1.0,958.4922,491.53433,1.0,960.8763,481.98828,1.0,921.333,504.6167,1.0,931.86053,487.10782,1.0,936.6471,472.52466,1.0,936.73047,464.36142,1.0,904.9943,498.28244,1.0,908.3396,479.76627,1.0,914.32117,465.90387,1.0,917.4382,458.16876,1.0,889.79205,497.35965,1.0,887.66736,481.50894,1.0,889.71576,469.08777,1.0,890.603,461.05084,1.0
907.9898,269.89,1.0,909.6906,282.11557,1.0,911.5201,295.14005,1.0,919.5023,316.9129,1.0,928.39124,330.60764,1.0,942.309,345.47125,1.0,952.1625,353.2656,1.0,971.80664,363.71094,1.0,1000.12695,366.65698,1.0,1025.4427,357.8385,1.0,1038.3605,343.5755,1.0,1043.5057,334.25342,1.0,1050.383,317.57523,1.0,1057.212,294.95447,1.0,1058.5752,280.61798,1.0,1058.4294,267.76495,1.0,1057.9509,255.87794,1.0,925.27216,251.52765,1.0,931.37933,244.87958,1.0,940.911,239.7556,1.0,955.04126,237.24535,1.0,971.6879,237.053,1.0,1004.49304,233.60678,1.0,1019.98224,230.80238,1.0,1032.934,230.75652,1.0,1042.2784,234.03131,1.0,1047.5961,239.16884,1.0,991.5529,259.85226,1.0,994.0059,272.68918,1.0,995.4135,281.04288,1.0,996.3989,287.68423,1.0,984.8963,299.5002,1.0,988.92694,301.85303,1.0,996.1675,301.0333,1.0,1002.6422,300.6296,1.0,1005.44244,297.52283,1.0,941.2705,262.48547,1.0,947.909,257.37598,1.0,958.99567,255.69601,1.0,971.12,260.8133,1.0,961.78394,263.0247,1.0,951.3718,264.40692,1.0,1006.27844,257.46872,1.0,1016.7369,250.27568,1.0,1028.041,249.75208,1.0,1034.9111,253.63678,1.0,1025.9153,257.6179,1.0,1015.3916,258.0422,1.0,974.2536,332.10733,1.0,982.12054,319.14642,1.0,989.3712,314.79404,1.0,997.1531,315.0716,1.0,1004.5486,313.5692,1.0,1011.2503,316.83545,1.0,1016.9968,329.66434,1.0,1017.25696,336.92642,1.0,1007.2708,344.82684,1.0,998.0923,346.61288,1.0,989.0297,346.54245,1.0,976.121,340.1547,1.0,977.5273,331.72705,1.0,992.08044,323.0517,1.0,997.43414,322.4597,1.0,1002.77673,322.31323,1.0,1013.6173,329.73648,1.0,1002.9074,335.5688,1.0,997.0226,336.33542,1.0,991.0175,336.47577,1.0,954.79565,259.74957,1.0,1021.3252,253.56311,1.0,977.7142,298.78,0.9958261,986.37854,420.6289,0.9994507,841.6946,407.7084,0.9994507,702.657,503.59818,0.88180625,898.8431,501.44284,0.97401613,1131.0625,433.5494,0.9997244,1182.719,673.1061,0.9447731,1089.0013,768.90936,0.9545264,970.51953,927.9494,0.98029506,873.0446,934.38696,0.98116386,867.0703,1240.9951,0.03968208,856.6571,1591.582,0.010050491,1067.9945,921.5119,0.98029506,1053.5947,1273.9446,0.032192253,1035.8019,1599.9037,0.007939935,944.8253,269.2437,0.9932512,1009.5954,265.9126,0.98646766,917.643,277.7426,0.98580086,1032.0751,274.96857,0.99293935,984.4076,1714.1721,0.007972599,984.4076,1714.1721,0.007972599,1041.2627,1642.13,0.008650407,877.13635,1695.6051,0.005167316,877.13635,1695.6051,0.005167316,855.02246,1644.7472,0.00855276,1085.4136,770.81964,1.0,1054.2635,754.8405,1.0,1028.8053,758.6666,1.0,1012.12317,774.5111,1.0,998.9247,787.41187,1.0,1037.5046,803.8438,1.0,1018.8748,837.8873,1.0,1006.3898,858.6723,1.0,996.66266,875.9403,1.0,1050.5997,820.95337,1.0,1027.8717,856.9652,1.0,1012.22284,879.6238,1.0,1000.25916,897.42847,1.0,1058.4714,831.0827,1.0,1037.4507,862.9425,1.0,1023.0756,882.81067,1.0,1011.4558,898.1406,1.0,1062.7618,836.44696,1.0,1045.4781,863.48584,1.0,1033.5774,879.2553,1.0,1022.9331,890.4389,1.0,875.086,501.13455,1.0,911.8989,514.2512,1.0,945.51404,521.3355,1.0,971.1077,528.7224,1.0,992.95624,538.54,1.0,945.13617,479.65387,1.0,958.0438,454.90942,1.0,964.2329,438.29056,1.0,969.8614,423.9247,1.0,924.28265,465.27478,1.0,936.739,442.42374,1.0,944.2556,426.4948,1.0,950.5617,412.0191,1.0,902.1923,456.3702,1.0,913.99335,436.05844,1.0,922.32263,421.64786,1.0,930.3315,408.4702,1.0,880.11475,452.6385,1.0,889.2453,434.4898,1.0,895.86224,423.02686,1.0,904.0162,412.11996,1.0
908.15924,270.5398,1.0,910.0518,282.84766,1.0,912.09595,295.91272,1.0,920.6923,317.63205,1.0,930.05585,331.2342,1.0,944.3952,345.97266,1.0,954.3049,353.74252,1.0,973.9104,364.29025,1.0,1002.1283,367.20987,1.0,1027.1686,358.1798,1.0,1039.822,343.62967,1.0,1044.7919,334.21353,1.0,1051.5665,317.40475,1.0,1058.3073,294.72018,1.0,1059.5704,280.34158,1.0,1059.2755,267.4543,1.0,1058.7399,255.50456,1.0,925.749,251.75673,1.0,931.8947,245.00414,1.0,941.4205,239.79846,1.0,955.53534,237.18591,1.0,972.1859,236.89603,1.0,1005.1423,233.16733,1.0,1020.6919,230.23117,1.0,1033.6628,230.10825,1.0,1043.028,233.37407,1.0,1048.3579,238.59811,1.0,992.3611,259.92047,1.0,994.952,272.86334,1.0,996.4838,281.2287,1.0,997.5296,287.87952,1.0,986.21625,299.84988,1.0,990.2529,302.1802,1.0,997.3677,301.3385,1.0,1003.857,300.9394,1.0,1006.65454,297.793,1.0,941.94214,262.73618,1.0,948.6345,257.64438,1.0,959.7919,255.9521,1.0,971.9627,261.10635,1.0,962.55084,263.31403,1.0,952.1175,264.6993,1.0,1007.1876,257.65262,1.0,1017.7274,250.37878,1.0,1029.0231,249.73402,1.0,1036.0654,253.52492,1.0,1027.0326,257.62552,1.0,1016.4287,258.159,1.0,975.9383,332.68726,1.0,983.5409,319.6579,1.0,990.72595,315.24396,1.0,998.48883,315.49966,1.0,1005.89166,313.9571,1.0,1012.5399,317.2057,1.0,1018.2589,330.0801,1.0,1018.7361,337.45743,1.0,1008.93726,345.57925,1.0,999.7491,347.4774,1.0,990.67285,347.43787,1.0,977.79706,340.90228,1.0,979.2152,332.292,1.0,993.5342,323.56516,1.0,998.84467,322.98444,1.0,1004.09064,322.79507,1.0,1014.8551,330.1978,1.0,1004.35895,336.263,1.0,998.5254,337.0842,1.0,992.5592,337.2429,1.0,955.5937,259.94907,1.0,1022.5051,253.55707,1.0,979.13165,297.012,0.9962093,986.54285,420.77582,0.9994846,842.20105,407.98453,0.9994846,709.7865,506.79395,0.8891659,892.31964,492.89258,0.97625655,1130.8846,433.5671,0.99974346,1181.8105,672.8701,0.94693685,1088.2532,763.1054,0.95724034,970.53406,925.9395,0.9810832,872.9128,932.63635,0.9817898,871.7736,1234.8685,0.03853597,859.1023,1582.8325,0.009923353,1068.1554,919.24274,0.9810832,1055.6946,1271.8625,0.033715613,1035.9851,1591.8414,0.008305677,946.2859,267.2025,0.99387145,1011.33203,264.16238,0.98771966,918.0878,277.31793,0.9870747,1032.7888,274.51474,0.99359035,985.08936,1703.0742,0.008565545,985.08936,1703.0742,0.008565545,1041.3092,1632.8568,0.009133377,877.52966,1687.6243,0.005201778,877.52966,1687.6243,0.005201778,856.9266,1635.003,0.008771,1088.3088,755.2011,1.0,1060.2959,734.14685,1.0,1034.8447,732.7268,1.0,1017.2976,744.26685,1.0,1002.5862,753.7452,1.0,1041.265,773.5398,1.0,1022.6868,803.83325,1.0,1007.83344,821.9947,1.0,994.9189,837.1727,1.0,1053.1764,791.9405,1.0,1029.5139,825.5708,1.0,1011.1669,845.80695,1.0,996.2558,861.43994,1.0,1060.7097,804.3355,1.0,1038.1711,834.62646,1.0,1021.0093,853.08185,1.0,1006.7765,867.42004,1.0,1064.9512,811.1036,1.0,1045.9016,837.29913,1.0,1031.8856,852.9878,1.0,1020.0239,864.053,1.0,872.348,487.20712,1.0,916.94885,491.27774,1.0,953.5186,486.85034,1.0,980.0257,487.99576,1.0,1004.2626,490.9124,1.0,939.543,449.12927,1.0,945.3729,415.0765,1.0,950.3929,404.58002,1.0,953.26135,400.35098,1.0,917.5763,444.4413,1.0,923.808,415.40604,1.0,929.8718,405.48764,1.0,935.0253,400.40988,1.0,894.749,445.0253,1.0,900.5171,418.81915,1.0,906.96106,407.27557,1.0,914.64624,399.7755,1.0,871.6909,449.97052,1.0,873.507,432.1079,1.0,877.3263,421.65277,1.0,883.13666,413.05823,1.0
908.31757,271.48532,1.0,910.257,283.81824,1.0,912.39105,296.8996,1.0,921.0759,318.5499,1.0,930.59094,332.02185,1.0,945.2948,346.46503,1.0,955.4747,353.9761,1.0,975.39386,364.12228,1.0,1003.5499,366.76053,1.0,1028.2535,357.77148,1.0,1040.7584,343.5275,1.0,1045.6912,334.27472,1.0,1052.2316,317.71262,1.0,1058.6433,295.22778,1.0,1059.6466,280.90564,1.0,1059.1931,268.07083,1.0,1058.535,256.11676,1.0,926.48627,252.33028,1.0,932.68445,245.41699,1.0,942.32996,240.04419,1.0,956.5431,237.33041,1.0,973.2402,237.01634,1.0,1005.97546,233.27191,1.0,1021.333,230.34953,1.0,1034.1826,230.29265,1.0,1043.4031,233.64127,1.0,1048.61,238.93086,1.0,993.3038,260.07373,1.0,996.0286,273.03806,1.0,997.7111,281.44543,1.0,998.8403,288.1239,1.0,987.3657,300.14804,1.0,991.41614,302.4639,1.0,998.53235,301.63174,1.0,1004.9683,301.18066,1.0,1007.65765,298.03485,1.0,942.8866,263.08585,1.0,949.49414,257.7559,1.0,960.6078,255.97491,1.0,972.69617,261.28207,1.0,963.467,263.51663,1.0,953.1163,264.97397,1.0,1007.92194,257.7139,1.0,1018.23157,250.29437,1.0,1029.4609,249.69762,1.0,1036.3062,253.70488,1.0,1027.414,257.76068,1.0,1016.9638,258.23962,1.0,977.704,332.64352,1.0,985.25604,319.89874,1.0,992.19867,315.53958,1.0,999.8125,315.77957,1.0,1006.9873,314.27148,1.0,1013.44055,317.48782,1.0,1019.0088,330.1039,1.0,1019.6701,337.29022,1.0,1010.2303,345.28934,1.0,1001.23505,347.15268,1.0,992.287,347.09705,1.0,979.6152,340.64282,1.0,980.9375,332.25656,1.0,995.01385,323.80624,1.0,1000.19336,323.2124,1.0,1005.31976,323.06927,1.0,1015.6728,330.21295,1.0,1005.66504,336.06296,1.0,999.9593,336.8642,1.0,994.0775,337.01102,1.0,956.4,260.16403,1.0,1022.7337,253.68295,1.0,983.15234,296.37805,0.996395,986.5455,421.11615,0.9994914,842.17444,408.6176,0.9994914,716.0079,543.1697,0.89463603,879.79895,486.58804,0.97818923,1130.9165,433.6147,0.99975157,1181.7701,673.06903,0.9483893,1088.9515,756.7237,0.9592706,970.9863,923.9344,0.98163205,872.92346,930.07306,0.98222065,871.7505,1234.1182,0.03776159,857.95984,1580.0739,0.009905628,1069.0492,917.7958,0.98163205,1057.8436,1271.7145,0.033677734,1034.9491,1589.9133,0.008290734,949.5795,265.89453,0.9941792,1014.67267,263.6562,0.9883211,918.75824,277.00302,0.9876383,1033.9796,274.33084,0.99392736,985.61383,1702.5037,0.008521462,985.61383,1702.5037,0.008521462,1038.0927,1630.1938,0.00919465,876.8276,1683.5148,0.005179827,876.8276,1683.5148,0.005179827,855.32855,1631.5481,0.008838808,1092.0276,737.4785,1.0,1071.7457,710.9266,1.0,1047.0583,703.23334,1.0,1028.547,707.59,1.0,1011.4537,708.4346,1.0,1058.886,733.95667,1.0,1038.0824,752.9127,1.0,1019.58484,764.0806,1.0,1002.4734,774.0423,1.0,1065.7594,755.494,1.0,1039.0493,776.78284,1.0,1016.67615,789.3746,1.0,997.32983,799.3775,1.0,1067.7413,771.1256,1.0,1042.1793,792.79065,1.0,1021.2464,805.4744,1.0,1003.30865,815.2446,1.0,1066.81,781.1311,1.0,1046.1671,801.4949,1.0,1030.0121,812.65906,1.0,1015.35736,820.871,1.0,870.51666,490.28012,1.0,912.9544,482.9943,1.0,947.19257,467.3633,1.0,973.93823,460.95126,1.0,999.383,456.25247,1.0,928.4481,440.2881,1.0,938.1895,412.32983,1.0,945.84314,397.03406,1.0,952.8651,384.03827,1.0,909.811,442.06927,1.0,919.783,418.2806,1.0,928.9144,404.02985,1.0,938.2915,391.95874,1.0,889.38947,448.07114,1.0,898.74457,426.2252,1.0,909.27924,412.6586,1.0,919.8392,401.73218,1.0,868.0426,456.98712,1.0,872.91425,440.8162,1.0,881.1921,432.077,1.0,891.1893,425.57816,1.0
908.4759,272.43085,1.0,910.4622,284.78882,1.0,912.6861,297.8865,1.0,921.4595,319.46774,1.0,931.126,332.8095,1.0,946.19446,346.9574,1.0,956.6444,354.20972,1.0,976.87726,363.95435,1.0,1004.9716,366.3112,1.0,1029.3385,357.36313,1.0,1041.6948,343.42532,1.0,1046.5903,334.33588,1.0,1052.8966,318.02048,1.0,1058.9795,295.73538,1.0,1059.7229,281.46967,1.0,1059.1108,268.68735,1.0,1058.3303,256.729,1.0,927.2236,252.90384,1.0,933.4742,245.82985,1.0,943.23944,240.28992,1.0,957.55084,237.47491,1.0,974.2944,237.13667,1.0,1006.80865,233.3765,1.0,1021.9742,230.4679,1.0,1034.7024,230.47705,1.0,1043.7782,233.90846,1.0,1048.862,239.2636,1.0,994.2464,260.227,1.0,997.1052,273.21277,1.0,998.9384,281.6622,1.0,1000.1509,288.36826,1.0,988.51526,300.4462,1.0,992.5794,302.7476,1.0,999.697,301.92496,1.0,1006.07965,301.42197,1.0,1008.6608,298.27673,1.0,943.831,263.43555,1.0,950.3538,257.86743,1.0,961.4237,255.99773,1.0,973.4297,261.4578,1.0,964.38306,263.71924,1.0,954.115,265.2486,1.0,1008.65625,257.77518,1.0,1018.73566,250.20996,1.0,1029.8988,249.66121,1.0,1036.5469,253.88486,1.0,1027.7953,257.8958,1.0,1017.4989,258.32022,1.0,979.46967,332.5998,1.0,986.9712,320.1396,1.0,993.6714,315.8352,1.0,1001.13617,316.05948,1.0,1008.08295,314.58588,1.0,1014.3412,317.76993,1.0,1019.7586,330.12775,1.0,1020.60406,337.12302,1.0,1011.5233,344.99945,1.0,1002.721,346.82797,1.0,993.9012,346.7562,1.0,981.4333,340.38336,1.0,982.65985,332.22116,1.0,996.4935,324.04733,1.0,1001.5421,323.44037,1.0,1006.54895,323.34344,1.0,1016.4904,330.22812,1.0,1006.97107,335.86295,1.0,1001.3932,336.64417,1.0,995.5959,336.7791,1.0,957.2064,260.379,1.0,1022.9623,253.80884,1.0,985.6952,296.262,0.9966782,986.1446,422.65063,0.99950695,841.3505,411.32327,0.99950695,722.01526,581.26807,0.9000925,876.8569,486.86465,0.98008025,1130.9387,433.978,0.99976397,1181.725,674.1371,0.95049435,1089.6598,735.5906,0.9619693,971.5972,923.8598,0.98201287,872.8981,929.18976,0.9823583,870.8577,1232.2144,0.035938557,856.84656,1570.9913,0.009510781,1070.2964,918.5298,0.98201287,1058.5731,1269.896,0.033945628,1034.8082,1589.5618,0.00831941,951.36774,265.3256,0.99464613,1016.56805,263.52475,0.9892512,919.20306,276.97955,0.98858213,1034.6812,274.32568,0.99441856,985.7398,1702.1074,0.008614223,985.7398,1702.1074,0.008614223,1038.1329,1629.7144,0.0093781315,876.9173,1672.591,0.0049828407,876.9173,1672.591,0.0049828407,853.8131,1621.5029,0.008715594,1092.3933,710.17645,1.0,1082.107,686.6811,1.0,1063.3892,671.4658,1.0,1045.6105,667.6989,1.0,1029.3927,664.9758,1.0,1077.988,696.5072,1.0,1055.6418,700.27026,1.0,1036.5298,699.52167,1.0,1019.9461,699.00146,1.0,1077.7344,721.095,1.0,1048.9187,725.5427,1.0,1025.4088,723.59094,1.0,1007.52765,720.23566,1.0,1072.802,738.875,1.0,1043.8245,744.12,1.0,1020.7059,739.7168,1.0,1002.89966,734.4502,1.0,1066.3706,750.0922,1.0,1038.7234,756.8697,1.0,1020.2417,753.00085,1.0,1005.7344,747.2076,1.0,870.0787,500.42444,1.0,909.45105,479.43973,1.0,936.99963,456.32452,1.0,962.282,443.2053,1.0,988.25903,434.3143,1.0,905.6668,424.1698,1.0,916.1774,400.00034,1.0,931.31146,388.33185,1.0,946.6072,378.54996,1.0,889.6134,430.34314,1.0,901.6768,408.27365,1.0,922.8136,401.36386,1.0,942.3967,396.79276,1.0,876.9942,445.3891,1.0,890.3982,428.3037,1.0,913.07465,423.7815,1.0,933.1857,420.65256,1.0,868.08704,466.25372,1.0,881.6567,458.9294,1.0,899.5653,460.10406,1.0,916.35706,463.2684,1.0
908.6343,273.37637,1.0,910.6674,285.7594,1.0,912.9812,298.87338,1.0,921.8431,320.38556,1.0,931.6611,333.59717,1.0,947.09406,347.44977,1.0,957.81415,354.4433,1.0,978.3607,363.78638,1.0,1006.39325,365.86185,1.0,1030.4235,356.9548,1.0,1042.6312,343.32315,1.0,1047.4895,334.39703,1.0,1053.5616,318.32834,1.0,1059.3156,296.24298,1.0,1059.7992,282.0337,1.0,1059.0284,269.30386,1.0,1058.1255,257.34122,1.0,927.9608,253.4774,1.0,934.26385,246.24269,1.0,944.1489,240.53564,1.0,958.55865,237.61942,1.0,975.3486,237.257,1.0,1007.64185,233.4811,1.0,1022.6153,230.58626,1.0,1035.2222,230.66147,1.0,1044.1533,234.17566,1.0,1049.1141,239.59634,1.0,995.189,260.38025,1.0,998.1818,273.38748,1.0,1000.1657,281.87894,1.0,1001.4615,288.61264,1.0,989.66473,300.74435,1.0,993.7426,303.0313,1.0,1000.8617,302.21817,1.0,1007.191,301.66324,1.0,1009.66394,298.5186,1.0,944.7754,263.78522,1.0,951.21344,257.97897,1.0,962.2396,256.02054,1.0,974.1632,261.6335,1.0,965.2992,263.92184,1.0,955.1138,265.52322,1.0,1009.39056,257.83643,1.0,1019.23975,250.12555,1.0,1030.3365,249.62482,1.0,1036.7876,254.06482,1.0,1028.1765,258.03098,1.0,1018.034,258.40082,1.0,981.23535,332.5561,1.0,988.68634,320.38043,1.0,995.14417,316.13083,1.0,1002.45984,316.3394,1.0,1009.17865,314.90027,1.0,1015.2418,318.05203,1.0,1020.5084,330.15155,1.0,1021.538,336.9558,1.0,1012.81635,344.70953,1.0,1004.207,346.50327,1.0,995.5154,346.41537,1.0,983.2514,340.12387,1.0,984.38214,332.18576,1.0,997.9732,324.28842,1.0,1002.8908,323.66837,1.0,1007.7781,323.61765,1.0,1017.30804,330.24326,1.0,1008.27716,335.66293,1.0,1002.827,336.42416,1.0,997.1142,336.54724,1.0,958.0128,260.594,1.0,1023.19086,253.93474,1.0,987.1606,295.69934,0.9967707,984.9042,423.72174,0.99948883,838.2506,413.4454,0.99948883,732.1203,613.6371,0.9015581,873.63,488.1756,0.9813027,1131.5579,433.99805,0.9997604,1181.0775,676.8397,0.94905007,1090.2921,719.9499,0.96190405,971.824,924.523,0.9822985,872.75494,929.0064,0.9825681,870.767,1232.0403,0.035124265,856.18286,1568.2825,0.009258168,1070.8931,920.0396,0.9822985,1066.0414,1268.3165,0.034485314,1037.5209,1589.2947,0.008213555,951.8647,264.23016,0.9948478,1017.4673,262.81967,0.98965156,919.12915,276.97137,0.9888891,1036.8062,274.0638,0.99463904,993.6524,1701.7346,0.008437849,993.6524,1701.7346,0.008437849,1039.0033,1629.3505,0.009288158,877.02374,1670.0109,0.0048261844,877.02374,1670.0109,0.0048261844,852.9059,1618.036,0.008545214,1070.8655,701.1307,1.0,1077.8531,677.8176,1.0,1074.3385,659.8291,1.0,1067.8342,648.1154,1.0,1059.9106,639.7591,1.0,1094.9446,672.39996,1.0,1076.356,654.96356,1.0,1057.8949,642.09265,1.0,1042.4893,631.02795,1.0,1087.9519,689.5472,1.0,1061.4147,670.4123,1.0,1039.4519,656.4169,1.0,1021.53406,645.0222,1.0,1076.1536,703.693,1.0,1048.0991,687.02313,1.0,1027.4486,672.4746,1.0,1011.05347,659.9824,1.0,1062.4135,713.9607,1.0,1038.6931,703.4667,1.0,1022.1141,691.2925,1.0,1009.0827,680.3215,1.0,862.59485,510.4705,1.0,895.35583,479.75723,1.0,915.91895,451.43668,1.0,937.0568,432.6631,1.0,956.50244,417.39853,1.0,875.5275,424.56772,1.0,901.66235,402.95938,1.0,923.1297,392.63876,1.0,941.8845,384.97852,1.0,866.8629,439.81976,1.0,900.1685,420.2387,1.0,928.65485,411.38965,1.0,952.1851,405.45142,1.0,867.37946,461.0193,1.0,909.7013,450.26968,1.0,941.2376,449.09683,1.0,964.3209,448.2535,1.0,873.01984,483.63107,1.0,908.4127,478.96188,1.0,929.29645,478.22284,1.0,946.0509,476.3704,1.0
907.95764,274.78513,1.0,910.2356,287.06628,1.0,912.77313,300.0959,1.0,921.9845,321.3885,1.0,932.02484,334.45706,1.0,947.7216,348.1503,1.0,958.6033,355.07114,1.0,979.3821,364.49756,1.0,1007.437,366.6176,1.0,1031.004,357.45157,1.0,1042.6985,343.497,1.0,1047.223,334.47885,1.0,1052.7092,318.29517,1.0,1058.0172,296.3044,1.0,1058.3497,282.19086,1.0,1057.4722,269.55185,1.0,1056.6995,257.7065,1.0,927.82086,254.78534,1.0,934.1951,247.51851,1.0,944.20215,241.81586,1.0,958.7555,238.91968,1.0,975.5851,238.53972,1.0,1008.23535,234.69705,1.0,1023.0539,231.72241,1.0,1035.4434,231.65028,1.0,1044.2552,235.0608,1.0,1048.9677,240.44122,1.0,995.6977,261.67587,1.0,998.83466,274.7947,1.0,1000.87933,283.2955,1.0,1002.2036,289.97852,1.0,990.324,301.9817,1.0,994.45013,304.2976,1.0,1001.5576,303.42676,1.0,1007.93256,302.87155,1.0,1010.4092,299.72882,1.0,944.9135,264.92642,1.0,951.4297,259.13434,1.0,962.59735,257.18616,1.0,974.48926,262.80695,1.0,965.5523,265.2061,1.0,955.3433,266.8034,1.0,1009.6366,259.1003,1.0,1019.48834,251.3653,1.0,1030.5668,250.77808,1.0,1036.9508,255.1476,1.0,1028.4198,259.30548,1.0,1018.241,259.71988,1.0,982.0397,333.89355,1.0,989.4537,321.82288,1.0,995.87585,317.61252,1.0,1003.10443,317.86404,1.0,1009.7666,316.371,1.0,1015.7216,319.47168,1.0,1020.9431,331.41748,1.0,1021.8714,337.97754,1.0,1013.3129,345.6474,1.0,1004.8576,347.517,1.0,996.2248,347.48212,1.0,984.1255,341.26572,1.0,985.1119,333.50003,1.0,998.71185,325.86328,1.0,1003.49194,325.25793,1.0,1008.32104,325.15204,1.0,1017.8348,331.49948,1.0,1008.7515,336.6655,1.0,1003.35876,337.48148,1.0,997.7783,337.55853,1.0,958.20197,261.75476,1.0,1023.517,255.1218,1.0,987.2246,295.76596,0.9969076,984.1034,425.6138,0.9994687,836.4809,416.6004,0.9994687,741.3691,638.2409,0.9026459,871.3204,489.32745,0.981953,1131.726,434.6272,0.99975926,1176.608,686.0168,0.94859356,1090.4229,688.3552,0.96236736,971.74805,925.8959,0.9828817,872.44806,929.0386,0.9831059,870.95245,1232.5359,0.03574257,854.5374,1568.3607,0.00927361,1071.0481,922.7531,0.9828817,1069.4031,1268.7601,0.036903642,1038.7482,1590.3368,0.008283813,951.9033,264.2131,0.9951099,1017.7145,262.79257,0.9902109,919.1228,276.96198,0.989299,1037.8282,274.06357,0.994921,994.4445,1705.4371,0.008369617,994.4445,1705.4371,0.008369617,1039.9147,1629.7021,0.009264869,875.0678,1670.2296,0.004804523,875.0678,1670.2296,0.004804523,851.03534,1617.983,0.00855177,1084.1003,661.88074,1.0,1098.4175,633.7502,1.0,1095.2822,606.5226,1.0,1080.9927,587.584,1.0,1064.7161,577.5696,1.0,1109.881,627.7189,1.0,1095.7122,605.85864,1.0,1078.7642,590.23535,1.0,1064.6111,579.4085,1.0,1095.4849,643.661,1.0,1073.6019,618.40094,1.0,1056.7491,600.72266,1.0,1045.4944,589.2729,1.0,1078.804,655.0453,1.0,1055.9242,629.7659,1.0,1042.373,612.8539,1.0,1034.1396,602.024,1.0,1061.7421,662.10925,1.0,1043.0055,642.6096,1.0,1032.8896,628.251,1.0,1026.9016,618.652,1.0,861.7175,518.2569,1.0,865.3428,481.3626,1.0,881.2776,450.78775,1.0,912.2172,436.7183,1.0,937.9073,428.91565,1.0,859.9224,441.68594,1.0,884.3039,409.7404,1.0,906.9893,394.3601,1.0,925.9097,383.99106,1.0,865.2571,461.99057,1.0,897.38025,431.52444,1.0,925.1739,416.59787,1.0,944.74225,407.90396,1.0,878.16644,483.57254,1.0,922.5638,458.49152,1.0,948.16504,447.7014,1.0,963.0478,441.29364,1.0,894.4526,504.2337,1.0,929.2328,483.7017,1.0,938.5976,477.88748,1.0,942.5504,474.16635,1.0
907.28107,276.19385,1.0,909.8037,288.37314,1.0,912.565,301.3184,1.0,922.12585,322.3914,1.0,932.3887,335.31696,1.0,948.34924,348.85086,1.0,959.3924,355.69897,1.0,980.4035,365.20874,1.0,1008.4807,367.3734,1.0,1031.5846,357.94836,1.0,1042.7659,343.67087,1.0,1046.9565,334.56067,1.0,1051.8567,318.262,1.0,1056.7189,296.36588,1.0,1056.9004,282.348,1.0,1055.9159,269.7998,1.0,1055.2734,258.0718,1.0,927.6809,256.09326,1.0,934.1264,248.79431,1.0,944.2553,243.09608,1.0,958.95233,240.21994,1.0,975.8216,239.82243,1.0,1008.8289,235.91301,1.0,1023.49243,232.85857,1.0,1035.6646,232.63911,1.0,1044.3573,235.94594,1.0,1048.821,241.28612,1.0,996.2064,262.9715,1.0,999.48755,276.20197,1.0,1001.59296,284.7121,1.0,1002.9457,291.34436,1.0,990.9832,303.21902,1.0,995.15765,305.5639,1.0,1002.2535,304.63535,1.0,1008.67413,304.07986,1.0,1011.15436,300.93906,1.0,945.05164,266.06766,1.0,951.64594,260.28973,1.0,962.955,258.35175,1.0,974.81537,263.9804,1.0,965.8055,266.49036,1.0,955.57294,268.08362,1.0,1009.8826,260.36417,1.0,1019.7369,252.60504,1.0,1030.7969,251.93135,1.0,1037.1141,256.23038,1.0,1028.663,260.58002,1.0,1018.44806,261.03897,1.0,982.844,335.23105,1.0,990.22095,323.26532,1.0,996.6076,319.09418,1.0,1003.749,319.38867,1.0,1010.35455,317.84174,1.0,1016.20135,320.89133,1.0,1021.37775,332.6834,1.0,1022.20483,338.99927,1.0,1013.8096,346.58524,1.0,1005.50824,348.53073,1.0,996.93427,348.5489,1.0,984.99963,342.40756,1.0,985.84155,334.81433,1.0,999.45044,327.43814,1.0,1004.0931,326.84753,1.0,1008.8641,326.68643,1.0,1018.36145,332.7557,1.0,1009.22595,337.6681,1.0,1003.8905,338.5388,1.0,998.4424,338.56982,1.0,958.39105,262.91556,1.0,1023.8432,256.30887,1.0,987.7151,297.2907,0.9964907,984.2783,427.62192,0.9993791,835.8955,420.31216,0.9993791,760.1475,658.0043,0.9007451,868.372,503.6497,0.98058987,1132.6611,434.93167,0.9997435,1174.4233,692.98145,0.94846255,1090.991,662.23047,0.9622404,971.85516,926.3406,0.98319256,872.5187,929.0943,0.98337805,871.5845,1232.4817,0.03777125,855.7208,1568.4266,0.009720481,1071.1917,923.58685,0.98319256,1075.4424,1268.1956,0.039266217,1047.3604,1586.3523,0.008393055,952.2123,264.6449,0.994578,1017.9927,263.22485,0.9895305,919.1892,277.53262,0.98769826,1038.414,274.45657,0.9945442,1004.5336,1699.6998,0.008171488,1004.5336,1699.6998,0.008171488,1046.837,1624.5543,0.009233453,876.9229,1670.3746,0.0049060667,876.9229,1670.3746,0.0049060667,852.7078,1617.9874,0.008795287,1097.3352,622.6308,1.0,1118.9817,589.6828,1.0,1116.226,553.21606,1.0,1094.1512,527.05255,1.0,1069.5215,515.38007,1.0,1124.8174,583.0378,1.0,1115.0684,556.75366,1.0,1099.6334,538.37805,1.0,1086.7329,527.78906,1.0,1103.0177,597.7748,1.0,1085.7892,566.3896,1.0,1074.0464,545.0285,1.0,1069.4546,533.5235,1.0,1081.4543,606.3975,1.0,1063.7491,572.50867,1.0,1057.2975,553.2332,1.0,1057.2258,544.06555,1.0,1061.0708,610.2578,1.0,1047.318,581.7526,1.0,1043.6654,565.2094,1.0,1044.7205,556.9825,1.0,871.05054,532.55725,1.0,863.52405,498.0944,1.0,872.1337,464.14832,1.0,896.4902,444.2728,1.0,918.0006,432.70837,1.0,856.06885,462.8971,1.0,868.24445,428.49414,1.0,886.66943,409.89603,1.0,903.7062,397.95892,1.0,867.77246,481.70276,1.0,895.0528,444.4421,1.0,917.55524,424.5719,1.0,933.17004,413.91763,1.0,886.51917,498.5977,1.0,921.6471,462.59338,1.0,934.98615,449.92648,1.0,939.4618,444.55377,1.0,908.18463,513.4284,1.0,936.66925,482.2156,1.0,937.97076,475.1755,1.0,934.8441,473.01846,1.0
906.6045,277.6026,1.0,909.3719,289.68002,1.0,912.35693,302.54092,1.0,922.2673,323.3943,1.0,932.7525,336.17685,1.0,948.9768,349.5514,1.0,960.18146,356.3268,1.0,981.42487,365.91992,1.0,1009.5245,368.12918,1.0,1032.1652,358.44513,1.0,1042.8333,343.84473,1.0,1046.69,334.6425,1.0,1051.0042,318.22882,1.0,1055.4205,296.42734,1.0,1055.4509,282.50516,1.0,1054.3596,270.04776,1.0,1053.8474,258.4371,1.0,927.541,257.4012,1.0,934.0576,250.07011,1.0,944.3085,244.3763,1.0,959.1492,241.52022,1.0,976.0581,241.10513,1.0,1009.4224,237.12898,1.0,1023.931,233.99474,1.0,1035.8857,233.62793,1.0,1044.4592,236.83109,1.0,1048.6746,242.13101,1.0,996.7151,264.26712,1.0,1000.1404,277.6092,1.0,1002.3066,286.12866,1.0,1003.6878,292.71024,1.0,991.64246,304.45636,1.0,995.8652,306.8302,1.0,1002.9494,305.8439,1.0,1009.4158,305.28818,1.0,1011.8996,302.14926,1.0,945.18976,267.20886,1.0,951.8622,261.4451,1.0,963.31274,259.51733,1.0,975.1415,265.15387,1.0,966.05865,267.77463,1.0,955.80255,269.36383,1.0,1010.12866,261.62805,1.0,1019.9854,253.84477,1.0,1031.027,253.08461,1.0,1037.2773,257.31314,1.0,1028.9062,261.85452,1.0,1018.6551,262.35803,1.0,983.64825,336.56854,1.0,990.9883,324.70773,1.0,997.33936,320.57587,1.0,1004.3936,320.91333,1.0,1010.9425,319.31247,1.0,1016.68115,322.31097,1.0,1021.8124,333.94934,1.0,1022.5382,340.02103,1.0,1014.30615,347.5231,1.0,1006.1589,349.54446,1.0,997.64374,349.61563,1.0,985.8738,343.5494,1.0,986.5712,336.12863,1.0,1000.1891,329.013,1.0,1004.6943,328.43713,1.0,1009.4071,328.22083,1.0,1018.8881,334.01193,1.0,1009.7004,338.67065,1.0,1004.42224,339.59613,1.0,999.1065,339.5811,1.0,958.58014,264.07632,1.0,1024.1694,257.4959,1.0,987.9908,297.95282,0.99612117,984.3978,430.26788,0.9992851,835.2234,425.50937,0.9992851,777.8206,674.88025,0.89058346,866.82526,523.3079,0.97690725,1133.5721,435.0264,0.9997315,1171.7278,695.0546,0.948075,1090.2197,627.2496,0.96205246,972.6411,926.9433,0.9836397,873.62775,929.1064,0.983718,873.9809,1232.4531,0.03983945,855.87537,1567.574,0.009958471,1071.6545,924.7802,0.9836397,1076.6774,1267.9161,0.041876175,1047.3228,1582.6642,0.008480551,952.4126,265.401,0.99412656,1017.9728,263.8569,0.9889622,919.24695,278.8178,0.98639613,1038.4086,274.62152,0.9942678,1004.171,1694.7457,0.008083247,1004.171,1694.7457,0.008083247,1045.9048,1620.1633,0.009164541,880.9975,1669.3115,0.004958154,880.9975,1669.3115,0.004958154,852.6862,1616.6501,0.008831861,1099.6129,603.36566,1.0,1120.3467,568.4303,1.0,1120.7368,532.08594,1.0,1098.7134,506.03418,1.0,1077.663,494.49054,1.0,1126.4866,555.7877,1.0,1125.2784,531.168,1.0,1115.9447,511.7695,1.0,1107.8912,498.8976,1.0,1102.3641,565.4172,1.0,1091.6193,535.2276,1.0,1085.5343,511.84998,1.0,1084.0768,502.0019,1.0,1079.8911,571.1167,1.0,1068.9603,536.9154,1.0,1070.6783,520.50433,1.0,1076.0476,518.94586,1.0,1058.155,574.6468,1.0,1050.5829,541.07043,1.0,1054.3501,526.7997,1.0,1061.5088,525.65704,1.0,876.7708,544.87177,1.0,863.0691,511.91742,1.0,873.52783,476.4474,1.0,901.1443,457.1498,1.0,923.7038,449.62512,1.0,857.1986,484.36908,1.0,860.0967,448.71564,1.0,874.39844,427.2545,1.0,890.0821,413.22052,1.0,874.27075,499.6142,1.0,894.58105,457.2857,1.0,912.1752,433.17,1.0,925.8461,419.8639,1.0,896.782,512.08325,1.0,924.87946,465.80508,1.0,921.7416,461.88776,1.0,913.70044,469.0414,1.0,920.34125,520.68567,1.0,942.0523,480.52417,1.0,934.2554,476.27963,1.0,924.8938,482.01935,1.0
905.8389,278.7726,1.0,908.5981,290.99686,1.0,911.55414,303.93536,1.0,921.3994,324.91827,1.0,931.7803,337.80832,1.0,947.9114,351.39008,1.0,959.1218,358.26636,1.0,980.34143,367.94305,1.0,1008.36896,370.14117,1.0,1030.929,360.59076,1.0,1041.6489,346.09488,1.0,1045.5658,336.909,1.0,1049.972,320.51035,1.0,1054.4733,298.69476,1.0,1054.635,284.69934,1.0,1053.6792,272.12796,1.0,1053.2445,260.38895,1.0,926.5877,258.52698,1.0,933.1034,251.12856,1.0,943.4031,245.43674,1.0,958.35425,242.63933,1.0,975.4548,242.2978,1.0,1008.9228,238.53635,1.0,1023.56464,235.44531,1.0,1035.6268,235.144,1.0,1044.258,238.43123,1.0,1048.396,243.81465,1.0,996.0872,265.68918,1.0,999.51263,279.16486,1.0,1001.6514,287.82684,1.0,1003.05225,294.54355,1.0,990.6266,306.358,1.0,995.0101,308.78186,1.0,1002.2997,307.8583,1.0,1008.8952,307.27286,1.0,1011.6451,304.06665,1.0,944.27954,268.6977,1.0,950.9021,263.03583,1.0,962.39197,261.05817,1.0,974.4513,266.49564,1.0,965.3155,269.1286,1.0,954.9927,270.77478,1.0,1009.4121,263.04,1.0,1019.443,255.41026,1.0,1030.6389,254.73335,1.0,1036.7899,258.9362,1.0,1028.3131,263.29327,1.0,1018.07196,263.75476,1.0,983.0499,338.46243,1.0,990.29,326.91754,1.0,996.6031,322.85452,1.0,1003.6941,323.2484,1.0,1010.198,321.6177,1.0,1015.8974,324.56824,1.0,1020.8605,336.00278,1.0,1021.461,341.86615,1.0,1013.23474,349.29367,1.0,1005.1395,351.23923,1.0,996.7155,351.30408,1.0,985.1315,345.25854,1.0,986.01215,338.005,1.0,999.5314,331.60254,1.0,1004.0071,331.05692,1.0,1008.6351,330.8478,1.0,1017.8981,336.0458,1.0,1008.6485,340.23563,1.0,1003.52344,341.0882,1.0,998.3408,341.08798,1.0,957.73535,265.56345,1.0,1023.70605,259.03375,1.0,989.10876,298.92426,0.99606395,984.2326,432.36395,0.99925256,834.0481,429.6777,0.99925256,795.58234,690.15906,0.8736209,866.93054,535.89404,0.9738564,1134.4171,435.05017,0.9997351,1169.024,698.69763,0.94745433,1090.2802,605.63165,0.9625635,973.53503,927.2564,0.983918,874.91345,929.1141,0.983918,878.7092,1233.6898,0.040528,860.1492,1568.1282,0.009900248,1072.1566,925.39874,0.9839636,1077.7389,1267.7043,0.041689783,1047.2366,1580.4205,0.008251795,953.05096,265.7892,0.9941319,1017.998,264.77094,0.9891026,919.29034,279.6488,0.9862434,1038.3676,275.0035,0.99432707,1006.1483,1689.6646,0.007830414,1006.1483,1689.6646,0.007830414,1045.8867,1618.56,0.008951992,892.8736,1669.3683,0.004919725,892.8736,1669.3683,0.004919725,855.34375,1617.4692,0.00871824,1100.8082,584.4019,1.0,1120.6398,552.7437,1.0,1131.252,518.3282,1.0,1121.4484,489.36356,1.0,1104.2214,476.9461,1.0,1128.8568,539.78876,1.0,1129.7456,515.4921,1.0,1119.8392,494.47018,1.0,1111.5881,479.7971,1.0,1105.0273,549.8468,1.0,1097.0608,516.30963,1.0,1089.2758,489.2186,1.0,1086.4747,478.27194,1.0,1081.0487,555.06244,1.0,1071.503,518.249,1.0,1071.8013,497.2151,1.0,1077.1003,494.11792,1.0,1058.2817,557.3914,1.0,1053.2809,522.0871,1.0,1057.2842,504.88202,1.0,1065.4991,501.96753,1.0,885.98834,549.6439,1.0,867.07166,519.1808,1.0,870.40643,484.17767,1.0,887.6274,459.3384,1.0,906.2747,446.37332,1.0,864.64,497.20035,1.0,865.71246,464.40897,1.0,877.01355,442.0608,1.0,889.9997,426.81116,1.0,886.03906,508.25555,1.0,903.66205,464.86835,1.0,915.8406,440.96255,1.0,924.4687,428.16528,1.0,909.5135,516.0798,1.0,928.9439,469.52213,1.0,923.48956,462.54407,1.0,914.7988,468.47202,1.0,931.9516,521.2353,1.0,946.4545,480.24274,1.0,937.1172,473.14548,1.0,926.9861,477.49246,1.0
905.0733,279.94266,1.0,907.8243,292.3137,1.0,910.7513,305.32983,1.0,920.5316,326.4423,1.0,930.80804,339.43982,1.0,946.84595,353.22876,1.0,958.0622,360.20587,1.0,979.25806,369.96622,1.0,1007.2135,372.15317,1.0,1029.6927,362.7364,1.0,1040.4646,348.34506,1.0,1044.4417,339.1755,1.0,1048.9401,322.79184,1.0,1053.5259,300.9622,1.0,1053.8191,286.89352,1.0,1052.9988,274.20816,1.0,1052.6416,262.3408,1.0,925.63446,259.65277,1.0,932.1491,252.187,1.0,942.4977,246.49718,1.0,957.5593,243.75845,1.0,974.85144,243.49048,1.0,1008.4232,239.94373,1.0,1023.1983,236.8959,1.0,1035.3679,236.66005,1.0,1044.0569,240.03137,1.0,1048.1174,245.49829,1.0,995.45935,267.11124,1.0,998.8849,280.7205,1.0,1000.9963,289.52505,1.0,1002.4167,296.3769,1.0,989.6107,308.2596,1.0,994.155,310.73355,1.0,1001.64996,309.8727,1.0,1008.3747,309.25754,1.0,1011.39056,305.984,1.0,943.3693,270.18655,1.0,949.9421,264.62653,1.0,961.4712,262.59903,1.0,973.7611,267.83737,1.0,964.5724,270.48254,1.0,954.18286,272.18576,1.0,1008.69556,264.45197,1.0,1018.9006,256.97577,1.0,1030.2507,256.3821,1.0,1036.3025,260.55923,1.0,1027.72,264.73203,1.0,1017.4889,265.15146,1.0,982.45166,340.3563,1.0,989.59174,329.12735,1.0,995.86676,325.13315,1.0,1002.9945,325.58353,1.0,1009.4535,323.9229,1.0,1015.1137,326.8255,1.0,1019.90857,338.05618,1.0,1020.3838,343.7113,1.0,1012.1633,351.06424,1.0,1004.1202,352.934,1.0,995.7873,352.99252,1.0,984.38916,346.96765,1.0,985.4531,339.88135,1.0,998.8737,334.19205,1.0,1003.3199,333.67673,1.0,1007.8631,333.4748,1.0,1016.908,338.07968,1.0,1007.5967,341.8006,1.0,1002.6247,342.58026,1.0,997.5752,342.59488,1.0,956.89056,267.05057,1.0,1023.24274,260.5716,1.0,990.27716,299.7327,0.9960002,983.29346,434.34546,0.99924433,831.99567,433.7876,0.99924433,811.9164,697.68384,0.8587361,870.2024,544.1266,0.9721179,1134.5913,434.9033,0.9997431,1163.9958,701.7238,0.9468636,1090.5325,586.9497,0.96359026,974.42267,927.48627,0.9838669,875.8295,929.06006,0.9838669,879.8412,1234.0894,0.04081178,860.32776,1569.1576,0.009748268,1073.0157,925.9124,0.98400086,1077.8258,1267.5935,0.040798303,1045.5837,1579.7452,0.007990806,953.34515,266.81866,0.9941633,1017.98883,266.06137,0.98924744,919.2852,280.87332,0.98623955,1038.3229,275.32034,0.99438834,1005.9511,1685.0193,0.0075475397,1005.9511,1685.0193,0.0075475397,1043.7946,1618.4211,0.008736546,896.2691,1669.3336,0.0048492686,896.2691,1669.3336,0.0048492686,855.3405,1618.4818,0.00860414,1095.0513,570.8296,1.0,1118.4264,538.8128,1.0,1127.8992,503.376,1.0,1122.1361,475.45706,1.0,1106.0441,463.78693,1.0,1121.2244,524.18506,1.0,1118.913,495.58203,1.0,1112.44,476.52582,1.0,1107.8447,466.52618,1.0,1096.7158,533.3378,1.0,1084.8993,494.868,1.0,1082.478,471.3912,1.0,1084.8373,465.63068,1.0,1073.3312,538.924,1.0,1061.4813,497.9488,1.0,1066.1696,479.2459,1.0,1075.936,479.43613,1.0,1053.0024,542.09406,1.0,1047.0775,503.93246,1.0,1053.2067,487.7908,1.0,1063.0453,487.36407,1.0,898.22534,553.1762,1.0,878.9651,523.6808,1.0,877.753,490.2452,1.0,889.29004,464.54263,1.0,905.4072,450.54565,1.0,876.7153,503.6392,1.0,876.0889,475.35294,1.0,883.6907,453.65497,1.0,892.8865,437.09467,1.0,898.4167,512.85394,1.0,913.4017,474.4452,1.0,923.12067,448.99533,1.0,929.8014,432.04825,1.0,921.9658,519.6238,1.0,938.7636,477.61026,1.0,932.14716,467.38934,1.0,923.53687,470.4487,1.0,944.18677,523.9562,1.0,955.60986,484.28958,1.0,945.3451,475.4812,1.0,935.3189,478.8743,1.0
904.30774,281.11267,1.0,907.0505,293.63055,1.0,909.9485,306.72427,1.0,919.66376,327.96628,1.0,929.8359,341.0713,1.0,945.7805,355.06744,1.0,957.0025,362.14542,1.0,978.1746,371.98935,1.0,1006.058,374.16516,1.0,1028.4565,364.88202,1.0,1039.2804,350.5952,1.0,1043.3175,341.44202,1.0,1047.908,325.07333,1.0,1052.5786,303.2296,1.0,1053.003,289.0877,1.0,1052.3184,276.28836,1.0,1052.0387,264.29263,1.0,924.6812,260.77853,1.0,931.1948,253.24544,1.0,941.5922,247.55762,1.0,956.7644,244.87758,1.0,974.2481,244.68314,1.0,1007.9236,241.35109,1.0,1022.8319,238.3465,1.0,1035.109,238.17612,1.0,1043.8558,241.63152,1.0,1047.8387,247.18193,1.0,994.8315,268.53326,1.0,998.2571,282.27612,1.0,1000.34106,291.22324,1.0,1001.78107,298.2102,1.0,988.59485,310.16125,1.0,993.2999,312.68524,1.0,1001.0002,311.88715,1.0,1007.8542,311.24222,1.0,1011.1361,307.90137,1.0,942.4591,271.67538,1.0,948.982,266.21725,1.0,960.5504,264.13986,1.0,973.0709,269.17914,1.0,963.8293,271.8365,1.0,953.373,273.59674,1.0,1007.979,265.86392,1.0,1018.3581,258.54123,1.0,1029.8627,258.03085,1.0,1035.8152,262.1823,1.0,1027.1268,266.1708,1.0,1016.90576,266.5482,1.0,981.85333,342.25018,1.0,988.8935,331.33716,1.0,995.1305,327.41177,1.0,1002.295,327.9186,1.0,1008.709,326.22815,1.0,1014.33,329.08273,1.0,1018.95667,340.1096,1.0,1019.3066,345.55643,1.0,1011.0919,352.83484,1.0,1003.1009,354.62875,1.0,994.8591,354.68094,1.0,983.64685,348.6768,1.0,984.89404,341.75772,1.0,998.216,336.7816,1.0,1002.6327,336.2965,1.0,1007.0911,336.10178,1.0,1015.91797,340.11356,1.0,1006.5448,343.36557,1.0,1001.72595,344.07233,1.0,996.8095,344.10178,1.0,956.0458,268.5377,1.0,1022.77936,262.10944,1.0,991.9638,301.79703,0.9954876,982.775,435.07428,0.99920696,830.6461,435.85333,0.99920696,825.4737,703.8644,0.82994944,880.7018,550.20935,0.9658647,1134.9039,434.2952,0.9997427,1158.3754,703.05896,0.94000864,1085.9247,564.20123,0.9607777,975.905,927.2938,0.9835083,877.5455,928.51984,0.9835083,883.805,1234.0603,0.03960676,860.9392,1569.9529,0.009419755,1074.2645,926.06775,0.9837283,1078.186,1267.522,0.039482243,1044.6609,1579.1316,0.007649112,953.59625,269.48862,0.9936858,1018.09686,268.73184,0.98846805,919.28503,282.75122,0.9850542,1038.3252,276.01917,0.9939167,1004.3531,1683.3422,0.007198219,1004.3531,1683.3422,0.007198219,1042.3251,1618.0585,0.008391025,897.9517,1669.3612,0.0047020027,897.9517,1669.3612,0.0047020027,855.41077,1619.6847,0.008312317,1080.6088,562.69055,1.0,1108.1743,532.23517,1.0,1115.0597,492.2556,1.0,1099.6659,463.64484,1.0,1078.7953,456.8103,1.0,1106.9185,514.40967,1.0,1093.5438,480.0436,1.0,1091.8003,468.6449,1.0,1094.6796,465.0927,1.0,1080.0266,524.114,1.0,1064.714,481.11975,1.0,1068.4177,463.43762,1.0,1075.6887,461.64667,1.0,1056.1296,529.0573,1.0,1045.0304,482.82138,1.0,1054.5323,471.10184,1.0,1065.9318,476.2686,1.0,1036.2738,530.42633,1.0,1033.9425,490.6814,1.0,1043.6489,479.1882,1.0,1053.2416,480.5922,1.0,913.2806,554.14734,1.0,892.9245,523.89746,1.0,890.19037,487.9044,1.0,900.0897,458.60654,1.0,913.31696,440.47256,1.0,894.3819,506.83487,1.0,899.713,479.11838,1.0,906.0136,458.72577,1.0,913.12396,443.28418,1.0,918.38446,515.909,1.0,933.3771,476.8903,1.0,940.7842,452.14508,1.0,944.8721,437.34665,1.0,942.24005,521.82043,1.0,954.99426,477.63034,1.0,948.44635,467.1064,1.0,940.36597,472.16245,1.0,963.52936,524.53046,1.0,969.5262,482.9485,1.0,960.0897,473.95868,1.0,951.6025,479.74896,1.0
903.5113,283.1212,1.0,906.40643,295.735,1.0,909.50476,308.90668,1.0,919.41644,330.31363,1.0,929.6194,343.41806,1.0,945.606,357.2615,1.0,956.904,364.14902,1.0,978.0856,373.57538,1.0,1005.62164,375.52155,1.0,1027.7631,366.42914,1.0,1038.417,352.2895,1.0,1042.3005,343.14334,1.0,1046.4933,326.72354,1.0,1050.8518,304.83636,1.0,1051.2458,290.71246,1.0,1050.6224,277.89774,1.0,1050.4054,265.87244,1.0,923.5312,262.56976,1.0,930.09576,255.02415,1.0,940.5839,249.30675,1.0,955.7482,246.59271,1.0,973.23157,246.32053,1.0,1006.62006,242.95097,1.0,1021.4767,239.95572,1.0,1033.6945,239.75871,1.0,1042.433,243.22522,1.0,1046.443,248.7723,1.0,993.8711,270.32587,1.0,997.5132,284.22952,1.0,999.8333,293.25494,1.0,1001.3976,300.27255,1.0,987.8635,312.28787,1.0,992.7262,314.73865,1.0,1000.4975,313.92422,1.0,1007.4053,313.16696,1.0,1010.7845,309.804,1.0,941.4409,273.59082,1.0,947.98065,268.02292,1.0,959.6722,265.88385,1.0,972.2376,271.1704,1.0,963.0991,273.8731,1.0,952.5582,275.60773,1.0,1006.9846,267.81583,1.0,1017.2929,260.2306,1.0,1028.7395,259.72604,1.0,1034.6929,264.00046,1.0,1025.998,268.07886,1.0,1015.7978,268.50043,1.0,981.1884,344.13007,1.0,988.3988,333.38947,1.0,994.7793,329.36758,1.0,1001.95874,329.80136,1.0,1008.43195,328.0608,1.0,1014.0266,330.88803,1.0,1018.6562,341.65198,1.0,1018.94525,346.92432,1.0,1010.9267,353.9605,1.0,1003.1077,355.75763,1.0,994.9938,355.8761,1.0,983.6181,350.26965,1.0,984.1411,343.6386,1.0,997.85095,339.06378,1.0,1002.27563,338.53864,1.0,1006.7913,338.30133,1.0,1015.70905,341.68588,1.0,1006.43317,344.45944,1.0,1001.6971,345.1683,1.0,996.77466,345.26956,1.0,955.6539,270.46564,1.0,1021.6626,263.9415,1.0,993.2861,302.32007,0.99524575,982.6813,435.72195,0.9991818,830.3783,437.8621,0.9991818,835.6033,707.20917,0.78834367,899.23505,551.14667,0.9484925,1134.9841,433.58182,0.999741,1149.8882,703.5116,0.9245716,1074.172,546.72614,0.9486996,976.24347,928.1811,0.9832487,878.12683,928.88,0.9832487,884.4239,1237.3268,0.03773451,862.24176,1575.6012,0.008870788,1074.3601,927.4821,0.98348653,1078.6588,1273.2905,0.037642505,1044.0034,1581.9185,0.007201469,953.9818,269.87857,0.9935476,1018.2026,269.695,0.9882523,919.1019,283.04288,0.9848045,1037.9971,276.2612,0.9937525,1003.35767,1683.5652,0.0068213576,1003.35767,1683.5652,0.0068213576,1041.9679,1620.7789,0.007931406,902.83826,1673.3248,0.0044790646,902.83826,1673.3248,0.0044790646,855.89624,1624.7334,0.007834894,1064.0306,561.22705,1.0,1089.6144,528.1449,1.0,1092.551,487.38962,1.0,1077.2377,458.83792,1.0,1057.1118,456.6516,1.0,1082.3491,506.2648,1.0,1069.6858,465.72076,1.0,1069.7015,461.95935,1.0,1073.6057,467.50726,1.0,1057.6858,517.7224,1.0,1041.1697,472.571,1.0,1045.5931,459.78397,1.0,1052.5559,461.44498,1.0,1035.6422,524.37854,1.0,1022.058,479.1841,1.0,1032.03,468.93723,1.0,1042.2771,472.29907,1.0,1018.5379,527.1833,1.0,1013.1044,490.59692,1.0,1021.44403,480.50912,1.0,1028.9404,480.20865,1.0,929.07623,560.0098,1.0,910.85236,526.9611,1.0,910.58215,490.32678,1.0,921.70374,460.7215,1.0,935.7722,443.90805,1.0,915.05865,511.90414,1.0,920.178,484.97534,1.0,925.6908,464.6949,1.0,931.7688,448.12683,1.0,940.36664,520.63525,1.0,955.67615,482.56787,1.0,962.24524,456.16763,1.0,965.8248,437.46878,1.0,964.08496,525.0759,1.0,975.6988,479.98383,1.0,968.5471,469.73535,1.0,960.1282,474.0877,1.0,983.61017,525.51654,1.0,988.1813,483.8559,1.0,977.85864,475.44714,1.0,968.6546,481.00656,1.0
902.71484,285.12973,1.0,905.7624,297.83942,1.0,909.0611,311.08908,1.0,919.1691,332.66095,1.0,929.40283,345.76483,1.0,945.4315,359.45557,1.0,956.8055,366.1526,1.0,977.9965,375.1614,1.0,1005.1853,376.87793,1.0,1027.0697,367.97623,1.0,1037.5536,353.98376,1.0,1041.2836,344.8447,1.0,1045.0787,328.37375,1.0,1049.125,306.44315,1.0,1049.4886,292.3372,1.0,1048.9265,279.50708,1.0,1048.772,267.45227,1.0,922.38116,264.36096,1.0,928.9967,256.8029,1.0,939.57556,251.05588,1.0,954.732,248.30785,1.0,972.21497,247.9579,1.0,1005.3165,244.55084,1.0,1020.12146,241.56494,1.0,1032.2799,241.34131,1.0,1041.0103,244.81894,1.0,1045.0471,250.36266,1.0,992.91077,272.11847,1.0,996.7692,286.1829,1.0,999.3255,295.28665,1.0,1001.0141,302.3349,1.0,987.1322,314.41452,1.0,992.15247,316.79208,1.0,999.99475,315.96133,1.0,1006.9563,315.0917,1.0,1010.4328,311.7066,1.0,940.42267,275.5063,1.0,946.97925,269.82858,1.0,958.79395,267.62787,1.0,971.40424,273.16168,1.0,962.369,275.9097,1.0,951.74347,277.61868,1.0,1005.9902,269.76776,1.0,1016.22766,261.91992,1.0,1027.6165,261.42123,1.0,1033.5707,265.8186,1.0,1024.8691,269.98694,1.0,1014.6899,270.45267,1.0,980.5235,346.00995,1.0,987.9041,335.44177,1.0,994.4281,331.3234,1.0,1001.6225,331.6841,1.0,1008.1549,329.89343,1.0,1013.72314,332.6933,1.0,1018.35565,343.19437,1.0,1018.584,348.2922,1.0,1010.7614,355.08615,1.0,1003.1146,356.8865,1.0,995.12854,357.07126,1.0,983.58936,351.86252,1.0,983.38824,345.5195,1.0,997.4859,341.34598,1.0,1001.9186,340.78076,1.0,1006.49146,340.50092,1.0,1015.50006,343.25818,1.0,1006.32153,345.55334,1.0,1001.6682,346.26428,1.0,996.7398,346.43735,1.0,955.26196,272.3936,1.0,1020.5458,265.77356,1.0,994.762,303.83453,0.99485004,982.68835,436.2956,0.9991264,830.3652,439.0028,0.9991264,840.83105,705.7614,0.76419216,917.20123,554.1481,0.92803454,1135.0115,433.5884,0.99973094,1144.6814,703.47754,0.9174935,1063.9524,546.14264,0.9388889,976.7548,928.2104,0.98379505,878.9253,928.884,0.98379505,887.3251,1237.4926,0.038217332,864.16895,1576.2805,0.008515962,1074.5844,927.5368,0.9839959,1078.7872,1273.1564,0.036963306,1042.859,1581.8273,0.0068203006,954.7545,271.2572,0.993168,1018.4484,271.6795,0.9876111,918.9916,284.795,0.98350734,1037.4886,277.79688,0.9932614,1003.2218,1683.3011,0.0064443727,1003.2218,1683.3011,0.0064443727,1039.847,1620.6941,0.0075207134,906.4411,1674.4556,0.0043327645,906.4411,1674.4556,0.0043327645,857.4812,1624.8832,0.0074965083,1049.7084,561.1842,1.0,1074.9797,526.1592,1.0,1075.5787,484.94547,1.0,1059.6791,457.6053,1.0,1041.3732,455.074,1.0,1060.7828,507.3412,1.0,1044.3989,466.04105,1.0,1048.5239,456.9457,1.0,1055.2302,457.97482,1.0,1036.163,518.3426,1.0,1022.54517,474.049,1.0,1030.5892,459.5375,1.0,1039.3396,459.40723,1.0,1016.3244,524.5205,1.0,1009.5049,480.65427,1.0,1020.95044,469.0255,1.0,1030.8064,470.0752,1.0,1002.58356,527.1686,1.0,1000.9913,492.3594,1.0,1011.36395,480.24902,1.0,1019.67957,478.90967,1.0,938.8159,559.6356,1.0,920.06287,527.65314,1.0,921.43835,493.10968,1.0,934.31744,465.248,1.0,947.51886,449.09302,1.0,925.48145,509.34778,1.0,932.41766,480.9716,1.0,939.0982,460.3998,1.0,945.88556,444.47214,1.0,949.5775,518.0635,1.0,964.36945,481.4862,1.0,970.7759,455.68222,1.0,973.77264,437.4984,1.0,971.8221,522.96826,1.0,984.48804,481.5832,1.0,977.19165,471.17477,1.0,968.28015,473.41724,1.0,989.2944,523.8186,1.0,995.15857,485.1085,1.0,985.7737,475.19647,1.0,976.6547,478.0075,1.0
901.9184,287.13824,1.0,905.1183,299.94385,1.0,908.6174,313.27148,1.0,918.92175,335.0083,1.0,929.18634,348.1116,1.0,945.257,361.6496,1.0,956.707,368.1562,1.0,977.9075,376.74744,1.0,1004.74896,378.2343,1.0,1026.3763,369.52332,1.0,1036.6902,355.67804,1.0,1040.2666,346.54605,1.0,1043.6641,330.02393,1.0,1047.3983,308.0499,1.0,1047.7313,293.96194,1.0,1047.2306,281.11646,1.0,1047.1387,269.03207,1.0,921.23114,266.1522,1.0,927.89764,258.5816,1.0,938.5672,252.805,1.0,953.7158,250.02296,1.0,971.19836,249.59529,1.0,1004.01294,246.15073,1.0,1018.76624,243.17415,1.0,1030.8654,242.92392,1.0,1039.5875,246.41266,1.0,1043.6512,251.953,1.0,991.9504,273.9111,1.0,996.02527,288.1363,1.0,998.8177,297.31836,1.0,1000.6306,304.39725,1.0,986.4009,316.54117,1.0,991.57874,318.84552,1.0,999.49207,317.99844,1.0,1006.5074,317.01648,1.0,1010.0812,313.60922,1.0,939.4045,277.42172,1.0,945.9779,271.63422,1.0,957.9157,269.37186,1.0,970.57086,275.15295,1.0,961.63885,277.9463,1.0,950.9287,279.62967,1.0,1004.9957,271.71967,1.0,1015.1625,263.60925,1.0,1026.4933,263.11642,1.0,1032.4485,267.63678,1.0,1023.7403,271.895,1.0,1013.582,272.4049,1.0,979.8586,347.88983,1.0,987.4094,337.49405,1.0,994.07697,333.2792,1.0,1001.28625,333.56683,1.0,1007.87787,331.72607,1.0,1013.41974,334.4986,1.0,1018.0552,344.7368,1.0,1018.22266,349.6601,1.0,1010.5962,356.21182,1.0,1003.12146,358.01538,1.0,995.2633,358.26645,1.0,983.56067,353.45538,1.0,982.6353,347.4004,1.0,997.1208,343.6282,1.0,1001.56146,343.02286,1.0,1006.19165,342.7005,1.0,1015.29114,344.8305,1.0,1006.2099,346.64722,1.0,1001.6394,347.36026,1.0,996.7049,347.60513,1.0,954.87006,274.32153,1.0,1019.42896,267.60565,1.0,994.9955,306.5194,0.99447685,982.50446,436.9978,0.999063,830.2115,440.40247,0.999063,845.0484,704.2937,0.727298,926.1519,555.71387,0.8876416,1134.7974,433.59314,0.9997251,1141.1047,703.0312,0.90089077,1056.8413,548.21716,0.9143681,977.78174,927.99817,0.98420084,880.4766,928.5453,0.98420084,888.6073,1237.1398,0.037716717,866.7238,1574.596,0.008092492,1075.0868,927.45105,0.9844094,1078.9866,1271.4769,0.03625995,1042.9559,1576.7219,0.0064249863,954.85815,273.6575,0.99279004,1018.69135,274.32693,0.9871057,918.72546,286.85767,0.98223644,1037.1431,280.01053,0.9928904,1003.82684,1674.9651,0.006080028,1003.82684,1674.9651,0.006080028,1039.9305,1614.1688,0.007076179,912.24774,1671.7657,0.0041575786,912.24774,1671.7657,0.0041575786,859.66986,1621.5509,0.0070819,1052.8131,555.6345,1.0,1076.6913,523.85614,1.0,1084.3992,484.35117,1.0,1070.9376,456.79944,1.0,1053.0468,455.57303,1.0,1059.884,508.04074,1.0,1041.1257,467.0141,1.0,1045.1323,451.01505,1.0,1053.0789,446.05936,1.0,1035.3789,519.1296,1.0,1020.3773,472.04422,1.0,1029.7881,455.26108,1.0,1040.5157,455.00903,1.0,1017.0836,524.4842,1.0,1009.69366,478.47037,1.0,1021.64966,465.95093,1.0,1032.2238,468.16028,1.0,1005.5929,525.62506,1.0,1003.52106,488.74963,1.0,1014.29236,476.6186,1.0,1023.078,476.46112,1.0,935.3622,556.23773,1.0,915.3283,525.66644,1.0,913.92694,490.39224,1.0,925.17993,460.26532,1.0,937.1613,441.5345,1.0,920.7699,509.64703,1.0,923.9152,481.8258,1.0,928.4598,459.83612,1.0,933.4256,442.55615,1.0,944.93494,516.28033,1.0,958.58234,477.98654,1.0,964.39966,450.52603,1.0,966.2792,432.44653,1.0,967.73267,518.8859,1.0,976.4955,475.60855,1.0,969.2997,464.2601,1.0,960.5946,467.09793,1.0,985.76685,517.94293,1.0,987.7694,478.2868,1.0,977.1991,470.3383,1.0,967.9805,475.9413,1.0
902.14734,287.8299,1.0,905.343,300.5076,1.0,908.826,313.77408,1.0,918.99475,335.35553,1.0,929.18097,348.44223,1.0,945.1378,362.0903,1.0,956.548,368.78586,1.0,977.7539,377.6165,1.0,1004.7102,379.22348,1.0,1026.3573,370.4097,1.0,1036.5634,356.41754,1.0,1040.1023,347.21167,1.0,1043.6084,330.60052,1.0,1047.3485,308.60703,1.0,1047.6942,294.55823,1.0,1047.1588,281.74088,1.0,1047.0935,269.7459,1.0,921.3995,267.23688,1.0,928.0411,259.77774,1.0,938.65955,254.05244,1.0,953.7871,251.28223,1.0,971.22345,250.80878,1.0,1004.1523,247.39885,1.0,1018.8636,244.46078,1.0,1030.92,244.20503,1.0,1039.5509,247.63298,1.0,1043.6178,253.07208,1.0,992.1161,275.00192,1.0,996.26056,289.37363,1.0,999.12524,298.66766,1.0,1000.97144,305.81195,1.0,986.6504,317.82513,1.0,991.7893,320.1267,1.0,999.79456,319.22836,1.0,1006.86865,318.29764,1.0,1010.4817,314.88043,1.0,939.52423,278.52493,1.0,946.0127,272.74744,1.0,957.9406,270.41843,1.0,970.70465,276.26004,1.0,961.80164,279.06534,1.0,951.09216,280.76453,1.0,1005.3906,272.85654,1.0,1015.3837,264.69034,1.0,1026.7661,264.1777,1.0,1032.6975,268.74387,1.0,1023.9585,273.06854,1.0,1013.8404,273.5569,1.0,980.47687,348.77985,1.0,987.7944,338.61505,1.0,994.371,334.4939,1.0,1001.58954,334.80405,1.0,1008.2265,332.94965,1.0,1013.63446,335.72614,1.0,1017.8858,345.79495,1.0,1018.1757,350.77805,1.0,1010.8717,357.41953,1.0,1003.496,359.22723,1.0,995.6782,359.45337,1.0,984.11707,354.44724,1.0,983.3068,348.31528,1.0,997.5341,344.77048,1.0,1001.8353,344.2019,1.0,1006.4182,343.8764,1.0,1015.17444,345.92166,1.0,1006.4698,347.955,1.0,1002.0496,348.69666,1.0,997.19977,348.87634,1.0,954.9867,275.4016,1.0,1019.7154,268.695,1.0,995.478,308.92673,0.99417144,982.2242,437.34216,0.99903697,829.75037,441.08618,0.99903697,846.7593,704.0269,0.7004819,925.99603,554.9027,0.8695471,1134.698,433.59818,0.9997239,1138.1686,702.9595,0.8850625,1053.5688,545.1033,0.8992091,977.89264,927.70404,0.98425597,880.6339,928.1786,0.98425597,888.449,1235.9941,0.0366007,866.56085,1571.0682,0.007667182,1075.1514,927.2295,0.9845181,1080.3137,1270.3909,0.03568994,1043.0304,1575.7848,0.006143249,954.9636,275.0462,0.9925212,1018.76154,276.66858,0.98676115,918.52734,288.17563,0.9815283,1036.4423,281.87744,0.9926746,1004.282,1674.2867,0.0058313855,1004.282,1674.2867,0.0058313855,1039.9453,1613.4398,0.006758523,911.27356,1668.9608,0.0039787083,911.27356,1668.9608,0.0039787083,859.26306,1617.1613,0.0067113712,1057.0338,553.04346,1.0,1079.638,522.97595,1.0,1089.6913,483.5221,1.0,1077.1412,456.13324,1.0,1060.5721,452.82114,1.0,1060.6522,507.93292,1.0,1042.8135,474.5161,1.0,1044.104,454.67227,1.0,1050.8573,443.60324,1.0,1037.7689,515.8315,1.0,1025.3796,474.0603,1.0,1032.841,456.1338,1.0,1043.2156,452.5499,1.0,1021.6602,518.67084,1.0,1014.70667,478.7451,1.0,1025.1606,464.98822,1.0,1036.5557,464.2305,1.0,1011.47644,519.08405,1.0,1009.3987,486.66058,1.0,1017.9717,473.2031,1.0,1026.7153,469.8681,1.0,931.174,552.931,1.0,911.1009,523.00183,1.0,909.4209,487.07587,1.0,920.2505,457.57574,1.0,932.5222,439.77063,1.0,915.946,506.3722,1.0,917.7576,477.45383,1.0,922.473,456.064,1.0,928.2697,439.3874,1.0,940.202,513.5631,1.0,952.66266,474.96875,1.0,958.7886,448.01575,1.0,961.77954,429.8705,1.0,963.44836,516.1877,1.0,971.6221,472.02698,1.0,964.1827,462.58768,1.0,955.6966,466.6087,1.0,982.203,515.0817,1.0,984.051,473.93906,1.0,973.28406,467.43533,1.0,964.54156,473.9862,1.0
902.3763,288.52155,1.0,905.56775,301.07135,1.0,909.03467,314.27664,1.0,919.0677,335.7028,1.0,929.17554,348.77283,1.0,945.0186,362.53098,1.0,956.3889,369.41553,1.0,977.60034,378.48553,1.0,1004.6714,380.21268,1.0,1026.3384,371.29608,1.0,1036.4364,357.15707,1.0,1039.9381,347.87732,1.0,1043.5527,331.1771,1.0,1047.2987,309.16415,1.0,1047.6572,295.15454,1.0,1047.087,282.3653,1.0,1047.0483,270.45978,1.0,921.5679,268.32156,1.0,928.18445,260.9739,1.0,938.7519,255.29988,1.0,953.85834,252.54147,1.0,971.2486,252.02226,1.0,1004.2916,248.64697,1.0,1018.96094,245.7474,1.0,1030.9747,245.48616,1.0,1039.5144,248.85329,1.0,1043.5842,254.19116,1.0,992.28186,276.09274,1.0,996.4959,290.61096,1.0,999.4328,300.01697,1.0,1001.3123,307.22668,1.0,986.8999,319.10913,1.0,991.9999,321.40787,1.0,1000.0971,320.45828,1.0,1007.2299,319.57883,1.0,1010.88214,316.1516,1.0,939.6439,279.62814,1.0,946.04755,273.86066,1.0,957.9656,271.465,1.0,970.83844,277.3671,1.0,961.9645,280.18436,1.0,951.2557,281.8994,1.0,1005.78546,273.9934,1.0,1015.60504,265.77142,1.0,1027.039,265.23898,1.0,1032.9464,269.85098,1.0,1024.1766,274.2421,1.0,1014.0989,274.7089,1.0,981.09515,349.66983,1.0,988.1793,339.73605,1.0,994.665,335.70862,1.0,1001.89276,336.04123,1.0,1008.5751,334.17322,1.0,1013.8492,336.95367,1.0,1017.7165,346.85315,1.0,1018.1287,351.89603,1.0,1011.1472,358.6272,1.0,1003.8704,360.4391,1.0,996.09314,360.6403,1.0,984.67346,355.4391,1.0,983.9783,349.23016,1.0,997.94745,345.91275,1.0,1002.1092,345.38092,1.0,1006.6447,345.0523,1.0,1015.05774,347.01282,1.0,1006.7297,349.26276,1.0,1002.4599,350.03302,1.0,997.69464,350.14752,1.0,955.1034,276.4817,1.0,1020.0018,269.7844,1.0,996.82355,310.74295,0.99384874,982.2026,437.42706,0.99899113,829.7728,441.25146,0.99899113,847.24146,703.78143,0.6849744,924.69977,554.4969,0.8592742,1134.6323,433.60263,0.99972236,1135.9216,703.0733,0.8805165,1053.378,543.5361,0.89638084,978.04047,927.2032,0.98427004,880.9347,927.68243,0.98427004,887.0115,1235.4689,0.035336833,864.8641,1568.7583,0.0073090643,1075.1462,926.72394,0.9846047,1080.3429,1267.8643,0.034682337,1043.019,1572.9606,0.0058854977,955.222,276.2843,0.99222827,1019.02,277.89395,0.9864,918.42444,289.82556,0.9807499,1036.2681,282.5931,0.9924512,1004.36304,1670.9603,0.0055451915,1004.36304,1670.9603,0.0055451915,1039.9607,1611.3126,0.006489685,908.7412,1666.7057,0.0038034045,908.7412,1666.7057,0.0038034045,857.9311,1614.9333,0.0064332425,1061.511,551.4317,1.0,1084.7094,522.7057,1.0,1095.9973,483.71143,1.0,1083.8953,456.98,1.0,1068.4556,452.48758,1.0,1070.5508,504.39816,1.0,1052.4756,472.43542,1.0,1050.4421,453.4399,1.0,1055.2828,443.03305,1.0,1046.9003,510.6657,1.0,1033.4835,471.93716,1.0,1038.1937,453.97336,1.0,1048.7716,450.01245,1.0,1029.3063,513.1132,1.0,1021.87646,476.1836,1.0,1030.0125,462.3743,1.0,1041.5663,460.55045,1.0,1017.54224,513.8998,1.0,1016.834,483.4937,1.0,1023.9744,469.9282,1.0,1032.4045,465.41953,1.0,927.46716,551.028,1.0,907.1892,520.7934,1.0,903.939,485.3741,1.0,913.52954,455.9538,1.0,925.2717,438.51938,1.0,911.2092,505.11096,1.0,913.798,476.8722,1.0,918.586,456.68594,1.0,924.10785,441.0175,1.0,935.70184,511.81787,1.0,947.60846,473.14374,1.0,953.30457,446.84943,1.0,956.4883,428.5599,1.0,959.0841,514.5481,1.0,966.33887,470.0403,1.0,959.2252,462.6356,1.0,951.6494,468.62247,1.0,977.827,513.7825,1.0,979.36786,472.6552,1.0,969.0755,467.4678,1.0,960.9563,475.72394,1.0
902.6052,289.21317,1.0,905.7924,301.6351,1.0,909.2433,314.7792,1.0,919.1406,336.05002,1.0,929.1701,349.10342,1.0,944.8995,362.97168,1.0,956.2299,370.04517,1.0,977.4468,379.35455,1.0,1004.63257,381.20184,1.0,1026.3195,372.18246,1.0,1036.3096,357.8966,1.0,1039.7738,348.54294,1.0,1043.4971,331.7537,1.0,1047.249,309.72128,1.0,1047.6201,295.75082,1.0,1047.0151,282.98972,1.0,1047.0032,271.1736,1.0,921.73627,269.40625,1.0,928.3279,262.17004,1.0,938.84424,256.54733,1.0,953.9296,253.80072,1.0,971.2737,253.23575,1.0,1004.43097,249.89511,1.0,1019.0583,247.03404,1.0,1031.0295,246.76727,1.0,1039.4778,250.07361,1.0,1043.5508,255.31024,1.0,992.4476,277.18356,1.0,996.7312,291.84833,1.0,999.7404,301.36624,1.0,1001.65314,308.6414,1.0,987.1494,320.39313,1.0,992.21045,322.68903,1.0,1000.39966,321.6882,1.0,1007.5912,320.86002,1.0,1011.28265,317.42282,1.0,939.7637,280.73135,1.0,946.0824,274.97388,1.0,957.9905,272.51157,1.0,970.9722,278.47415,1.0,962.12726,281.3034,1.0,951.4192,283.03427,1.0,1006.1803,275.13028,1.0,1015.82635,266.8525,1.0,1027.3118,266.30026,1.0,1033.1954,270.95807,1.0,1024.3949,275.41565,1.0,1014.3573,275.86087,1.0,981.71344,350.55984,1.0,988.5643,340.85703,1.0,994.95905,336.92334,1.0,1002.19604,337.27844,1.0,1008.9237,335.3968,1.0,1014.06396,338.18124,1.0,1017.5471,347.91135,1.0,1018.0818,353.01398,1.0,1011.4228,359.83487,1.0,1004.24493,361.65094,1.0,996.50806,361.8272,1.0,985.22986,356.43094,1.0,984.6498,350.14502,1.0,998.3608,347.05502,1.0,1002.383,346.55997,1.0,1006.8713,346.22824,1.0,1014.94104,348.10397,1.0,1006.98956,350.57053,1.0,1002.8701,351.36942,1.0,998.1896,351.41873,1.0,955.22003,277.5618,1.0,1020.28815,270.87375,1.0,996.7741,312.31494,0.9935116,982.1624,437.37277,0.99894935,829.74866,441.1495,0.99894935,847.78284,705.00543,0.6634715,923.1979,554.0718,0.84736425,1134.5762,433.59604,0.99972403,1135.5637,703.09564,0.8763064,1053.6078,539.3443,0.8948839,978.1523,926.5541,0.9841964,881.1437,926.87085,0.9841964,886.9512,1235.1155,0.03445881,865.2389,1567.0187,0.0070648994,1075.1609,926.23737,0.9846485,1081.008,1267.686,0.033854656,1044.0099,1571.5393,0.005718464,955.2264,277.73184,0.991911,1019.00995,278.98688,0.98604894,918.2847,290.76746,0.9799837,1036.139,283.82422,0.9922575,1004.4912,1669.45,0.0053599575,1004.4912,1669.45,0.0053599575,1041.7404,1609.9031,0.0063088983,908.8647,1665.4868,0.0036945627,908.8647,1665.4868,0.0036945627,858.3338,1613.2936,0.0062402454,1062.4961,547.81146,1.0,1088.3217,519.8979,1.0,1098.3608,482.5036,1.0,1085.5442,455.4865,1.0,1068.4763,451.65527,1.0,1086.6843,500.55588,1.0,1080.3326,467.76486,1.0,1074.2295,449.5783,1.0,1073.6831,442.1869,1.0,1059.7833,507.6208,1.0,1047.3823,467.95853,1.0,1048.627,447.90894,1.0,1056.7765,444.83337,1.0,1036.9633,510.89185,1.0,1029.489,470.9148,1.0,1037.3762,455.7025,1.0,1049.47,455.77393,1.0,1020.4808,511.82855,1.0,1020.50653,479.49905,1.0,1028.7177,465.31836,1.0,1038.7246,461.88147,1.0,926.4394,552.5142,1.0,905.9118,521.66345,1.0,901.9304,485.94797,1.0,912.61096,457.10104,1.0,928.4086,444.69574,1.0,908.9058,507.31653,1.0,909.0365,478.54523,1.0,913.5224,456.92084,1.0,919.624,440.40714,1.0,933.8146,513.68884,1.0,945.2428,474.68674,1.0,950.2125,447.23383,1.0,952.68243,428.5074,1.0,957.37646,515.6733,1.0,963.995,470.2587,1.0,956.1892,462.32587,1.0,948.23315,468.42706,1.0,976.4819,514.40607,1.0,976.9844,473.34464,1.0,965.5427,466.08316,1.0,956.8637,472.45337,1.0
903.0604,289.70135,1.0,906.11005,302.24225,1.0,909.4228,315.47336,1.0,919.2503,336.82895,1.0,929.313,349.936,1.0,945.0691,363.8442,1.0,956.3259,370.91046,1.0,977.5112,380.3529,1.0,1004.6344,382.33173,1.0,1026.2407,373.3985,1.0,1036.169,359.1169,1.0,1039.6871,349.78998,1.0,1043.6028,333.09473,1.0,1047.603,311.10422,1.0,1048.127,297.0988,1.0,1047.6779,284.2919,1.0,1047.7719,272.38522,1.0,922.22504,269.66678,1.0,928.8568,262.39703,1.0,939.42773,256.84067,1.0,954.50433,254.18529,1.0,971.8804,253.69095,1.0,1005.32904,250.48767,1.0,1020.0383,247.68636,1.0,1032.0001,247.46835,1.0,1040.448,250.80096,1.0,1044.4281,256.09763,1.0,992.9235,277.8032,1.0,997.0146,292.4615,1.0,999.91675,301.9639,1.0,1001.78235,309.24054,1.0,987.31976,321.02908,1.0,992.35266,323.28577,1.0,1000.5164,322.3273,1.0,1007.73,321.54086,1.0,1011.3699,318.15448,1.0,940.1972,281.1083,1.0,946.50934,275.28442,1.0,958.49023,272.85828,1.0,971.4546,279.00055,1.0,962.51575,281.75436,1.0,951.7781,283.4234,1.0,1006.604,275.73416,1.0,1016.35516,267.36432,1.0,1027.8767,266.8577,1.0,1033.6738,271.6015,1.0,1024.9204,276.02603,1.0,1014.85516,276.45374,1.0,982.44995,351.17953,1.0,988.7239,341.24612,1.0,995.1062,337.28445,1.0,1002.32477,337.68774,1.0,1009.0059,335.78555,1.0,1014.1453,338.66254,1.0,1017.2758,348.7706,1.0,1018.0943,353.8951,1.0,1011.618,360.77167,1.0,1004.4307,362.58078,1.0,996.7148,362.71155,1.0,985.6253,357.08475,1.0,985.43835,350.75082,1.0,998.64954,347.52173,1.0,1002.5861,347.05414,1.0,1006.9424,346.7528,1.0,1014.7079,348.9348,1.0,1006.9684,351.2471,1.0,1002.9364,352.0195,1.0,998.434,352.03433,1.0,955.5838,277.97464,1.0,1020.7715,271.4705,1.0,997.81195,313.29468,0.9931745,982.23035,437.35657,0.9989406,829.8673,441.11368,0.9989406,849.2919,705.4306,0.6474614,923.2597,553.7989,0.84708154,1134.5935,433.5995,0.9997275,1135.4196,703.40845,0.8705059,1054.7401,536.6178,0.89555293,978.36584,926.71106,0.9836643,881.40594,927.04614,0.9836643,886.92377,1235.0784,0.03248013,866.05676,1567.0812,0.0066541997,1075.3258,926.3759,0.9842004,1081.9144,1267.6223,0.031674568,1043.9952,1571.6135,0.0053735645,955.6304,278.54074,0.9916254,1019.50574,279.54657,0.9856796,918.2802,291.61884,0.9793598,1036.1259,284.32016,0.9920304,1004.442,1669.9784,0.005033889,1004.442,1669.9784,0.005033889,1041.7406,1610.1395,0.0059867455,909.7524,1665.5701,0.0034958431,909.7524,1665.5701,0.0034958431,859.026,1613.7244,0.005957849,1058.6265,549.7452,1.0,1083.4459,518.4351,1.0,1089.6791,479.06824,1.0,1075.9456,452.63327,1.0,1058.5693,450.44162,1.0,1075.6272,499.43103,1.0,1058.4169,464.08813,1.0,1055.9612,449.01917,1.0,1058.624,443.0966,1.0,1051.7754,509.64178,1.0,1035.4404,467.07303,1.0,1041.2152,452.50684,1.0,1050.419,453.12253,1.0,1031.6777,515.66974,1.0,1019.8289,473.0694,1.0,1029.0847,461.31754,1.0,1040.3907,463.45294,1.0,1016.16327,518.4497,1.0,1011.6534,483.19614,1.0,1020.4278,471.515,1.0,1028.9973,470.34662,1.0,934.58905,552.85114,1.0,912.7403,523.16113,1.0,910.6805,488.34735,1.0,920.4226,458.98672,1.0,932.55536,441.66943,1.0,916.97644,508.55048,1.0,917.34186,480.2865,1.0,922.012,458.8,1.0,928.15393,441.61984,1.0,942.4029,515.0048,1.0,953.9342,475.79044,1.0,959.5033,448.91086,1.0,962.14484,430.10187,1.0,965.9934,516.5697,1.0,971.39966,471.19092,1.0,963.63776,464.0115,1.0,956.168,470.4771,1.0,984.54254,513.76965,1.0,983.2068,472.4943,1.0,972.2929,467.30148,1.0,964.42096,475.4602,1.0
903.51556,290.1895,1.0,906.4277,302.8494,1.0,909.60223,316.1675,1.0,919.36,337.6079,1.0,929.4558,350.76855,1.0,945.23865,364.71677,1.0,956.42194,371.77576,1.0,977.5756,381.35126,1.0,1004.6362,383.4616,1.0,1026.1621,374.61456,1.0,1036.0283,360.3372,1.0,1039.6003,351.03702,1.0,1043.7085,334.4358,1.0,1047.9572,312.48712,1.0,1048.6339,298.44672,1.0,1048.3406,285.5941,1.0,1048.5405,273.5968,1.0,922.71375,269.9273,1.0,929.3857,262.62402,1.0,940.0112,257.13403,1.0,955.07904,254.56984,1.0,972.48706,254.14613,1.0,1006.2271,251.08023,1.0,1021.01843,248.33867,1.0,1032.9708,248.16943,1.0,1041.4181,251.52832,1.0,1045.3055,256.885,1.0,993.39954,278.4228,1.0,997.298,293.07465,1.0,1000.09314,302.56155,1.0,1001.91156,309.8397,1.0,987.4902,321.66504,1.0,992.49493,323.8825,1.0,1000.6332,322.9664,1.0,1007.8688,322.22168,1.0,1011.4571,318.88617,1.0,940.6307,281.48523,1.0,946.93634,275.59494,1.0,958.99,273.20496,1.0,971.937,279.52695,1.0,962.90424,282.2053,1.0,952.13696,283.81256,1.0,1007.0278,276.33804,1.0,1016.88403,267.87616,1.0,1028.4417,267.41513,1.0,1034.1521,272.2449,1.0,1025.446,276.63638,1.0,1015.353,277.04657,1.0,983.18646,351.7992,1.0,988.8835,341.63522,1.0,995.2534,337.6456,1.0,1002.4534,338.09705,1.0,1009.0881,336.1743,1.0,1014.22675,339.14383,1.0,1017.0046,349.62985,1.0,1018.1068,354.77628,1.0,1011.8132,361.70844,1.0,1004.6166,363.51065,1.0,996.9216,363.59592,1.0,986.0207,357.7386,1.0,986.227,351.35663,1.0,998.93835,347.98843,1.0,1002.7893,347.54828,1.0,1007.0135,347.2774,1.0,1014.4748,349.7657,1.0,1006.9472,351.9237,1.0,1003.0026,352.6696,1.0,998.67847,352.64993,1.0,955.9475,278.3875,1.0,1021.2548,272.06726,1.0,998.09705,314.41608,0.99312246,982.20465,437.31467,0.9989282,829.7841,441.03754,0.9989282,849.62976,706.08167,0.6305316,925.44617,553.2251,0.8418119,1134.6251,433.5918,0.9997324,1134.4694,703.51605,0.8679347,1055.3826,539.5213,0.8951976,978.51794,927.1425,0.9836385,881.5949,927.4202,0.9836385,888.3745,1235.1235,0.031674426,867.4427,1567.3778,0.0064338837,1075.441,926.8648,0.9842673,1082.2433,1268.5142,0.030761408,1044.6532,1571.6454,0.005192782,955.77454,279.33017,0.9916345,1019.7413,279.92496,0.98576367,918.2681,292.14407,0.97918665,1036.0878,284.60535,0.9920518,1005.78864,1670.319,0.0048681614,1005.78864,1670.319,0.0048681614,1042.2552,1610.2946,0.0058401525,913.60956,1665.6735,0.0034073836,913.60956,1665.6735,0.0034073836,859.91644,1614.2772,0.005830246,1049.1959,554.4162,1.0,1073.5303,519.44904,1.0,1077.5178,478.11194,1.0,1061.5829,452.46863,1.0,1045.5503,452.2377,1.0,1057.8912,503.21494,1.0,1038.5912,465.9104,1.0,1038.6268,450.72433,1.0,1042.4542,444.28687,1.0,1034.3138,514.41754,1.0,1021.1877,470.47034,1.0,1029.6652,455.97223,1.0,1038.9681,456.77408,1.0,1016.2683,520.3898,1.0,1008.8887,475.82812,1.0,1019.9257,463.89285,1.0,1029.9059,465.73267,1.0,1003.58997,522.7395,1.0,999.0754,488.37964,1.0,1007.10706,475.5561,1.0,1013.18445,472.83475,1.0,943.1236,554.9056,1.0,923.0525,525.27423,1.0,923.7135,490.94516,1.0,936.3982,462.4929,1.0,951.09076,446.35266,1.0,930.9972,508.7543,1.0,935.6519,478.89215,1.0,941.13916,457.58377,1.0,947.0641,440.70905,1.0,955.87146,515.5744,1.0,970.4772,477.4582,1.0,976.81744,451.3485,1.0,979.41284,432.15485,1.0,977.78986,518.63196,1.0,985.55054,476.3263,1.0,977.2114,469.26013,1.0,968.2672,474.59937,1.0,993.6462,518.2073,1.0,994.1072,480.07455,1.0,983.02026,474.62857,1.0,974.8369,481.33243,1.0
903.9707,290.67767,1.0,906.74524,303.45654,1.0,909.78174,316.86163,1.0,919.4697,338.38684,1.0,929.5987,351.60114,1.0,945.40826,365.58932,1.0,956.51794,372.64105,1.0,977.64,382.3496,1.0,1004.63806,384.5915,1.0,1026.0835,375.8306,1.0,1035.8877,361.5575,1.0,1039.5137,352.28403,1.0,1043.8141,335.77682,1.0,1048.3112,313.87003,1.0,1049.1407,299.79468,1.0,1049.0033,286.89627,1.0,1049.3092,274.8084,1.0,923.2025,270.18787,1.0,929.91455,262.851,1.0,940.59467,257.42737,1.0,955.6538,254.9544,1.0,973.0938,254.60132,1.0,1007.1252,251.6728,1.0,1021.99854,248.99098,1.0,1033.9415,248.87051,1.0,1042.3882,252.25568,1.0,1046.183,257.6724,1.0,993.8755,279.04242,1.0,997.5814,293.6878,1.0,1000.26953,303.1592,1.0,1002.0408,310.43884,1.0,987.6606,322.30096,1.0,992.6372,324.47925,1.0,1000.74994,323.6055,1.0,1008.0075,322.90253,1.0,1011.5444,319.61786,1.0,941.0642,281.86218,1.0,947.3633,275.90546,1.0,959.4898,273.55167,1.0,972.41943,280.0533,1.0,963.2927,282.65625,1.0,952.4959,284.2017,1.0,1007.45154,276.94196,1.0,1017.41284,268.38797,1.0,1029.0067,267.97253,1.0,1034.6304,272.88834,1.0,1025.9717,277.24677,1.0,1015.8509,277.6394,1.0,983.923,352.41888,1.0,989.04315,342.0243,1.0,995.4006,338.0067,1.0,1002.58215,338.50635,1.0,1009.1703,336.56305,1.0,1014.30817,339.62512,1.0,1016.73334,350.4891,1.0,1018.1194,355.65744,1.0,1012.00836,362.64523,1.0,1004.80237,364.4405,1.0,997.12836,364.4803,1.0,986.4161,358.39243,1.0,987.0156,351.96243,1.0,999.2271,348.45514,1.0,1002.99243,348.04245,1.0,1007.08466,347.802,1.0,1014.2417,350.59653,1.0,1006.926,352.60028,1.0,1003.0689,353.31967,1.0,998.923,353.26553,1.0,956.3113,278.80035,1.0,1021.73816,272.664,1.0,997.9708,315.56564,0.9928318,982.1953,437.29413,0.9988847,829.7746,440.99512,0.9988847,848.44025,705.5303,0.61353767,932.12946,552.87,0.82008296,1134.616,433.59317,0.9997244,1134.7053,703.4603,0.86049986,1054.2148,541.5266,0.88242936,978.6377,927.19006,0.98385197,881.81415,927.46216,0.98385197,888.367,1235.1056,0.03131839,867.8083,1567.3892,0.0061583463,1075.4613,926.918,0.98448735,1082.2509,1268.0205,0.030907497,1044.7615,1571.6392,0.004983445,955.7577,280.585,0.9913158,1019.74695,280.66702,0.98527855,918.2463,292.65335,0.9782465,1036.0254,285.10553,0.99172217,1004.8193,1670.4557,0.00466918,1004.8193,1670.4557,0.00466918,1042.6906,1610.2261,0.0055847205,913.5346,1665.6475,0.0032857694,913.5346,1665.6475,0.0032857694,861.06866,1614.1,0.0055770865,1053.3615,552.9893,1.0,1076.3467,520.34717,1.0,1085.7003,482.43555,1.0,1073.528,455.21906,1.0,1056.4229,451.35785,1.0,1067.2251,502.13123,1.0,1055.9436,468.6141,1.0,1052.1914,450.4462,1.0,1052.7795,441.2125,1.0,1041.4764,510.4368,1.0,1027.8589,469.2699,1.0,1032.5198,451.60306,1.0,1041.1758,448.50107,1.0,1020.9876,515.1113,1.0,1013.5039,472.4861,1.0,1024.6207,460.03012,1.0,1036.7185,462.2772,1.0,1006.7846,517.6223,1.0,1005.389,484.09766,1.0,1015.49536,471.72604,1.0,1025.2922,470.1087,1.0,942.1017,555.0489,1.0,921.15796,527.11584,1.0,919.68,492.46353,1.0,932.62823,463.89493,1.0,947.379,448.7441,1.0,927.9149,510.09036,1.0,930.1634,479.50204,1.0,935.0606,456.93286,1.0,940.96124,439.19385,1.0,952.58795,515.615,1.0,966.19275,477.16202,1.0,971.5142,449.75558,1.0,973.23016,430.51416,1.0,975.157,517.6104,1.0,983.79114,474.3151,1.0,975.3092,464.17477,1.0,965.29333,467.37363,1.0,991.98773,516.8255,1.0,994.8166,478.31558,1.0,983.67236,468.90866,1.0,973.8246,472.05582,1.0
903.8873,291.05035,1.0,906.78326,303.76797,1.0,909.90295,317.1454,1.0,919.6836,338.56094,1.0,929.8216,351.6819,1.0,945.53644,365.54837,1.0,956.5303,372.55112,1.0,977.52216,382.2029,1.0,1004.5032,384.3488,1.0,1026.1372,375.49368,1.0,1036.0708,361.0897,1.0,1039.7588,351.795,1.0,1044.1395,335.26926,1.0,1048.6937,313.42844,1.0,1049.4241,299.38788,1.0,1049.199,286.5227,1.0,1049.3795,274.5004,1.0,923.08673,270.729,1.0,929.75354,263.42197,1.0,940.3248,257.94876,1.0,955.3305,255.42172,1.0,972.68066,255.03612,1.0,1006.61664,252.04471,1.0,1021.4136,249.32047,1.0,1033.31,249.16469,1.0,1041.7416,252.48747,1.0,1045.6368,257.78265,1.0,993.62195,279.34784,1.0,997.37866,294.01175,1.0,1000.0601,303.51035,1.0,1001.82794,310.77762,1.0,987.5962,322.47183,1.0,992.4789,324.66806,1.0,1000.6092,323.80124,1.0,1007.88214,323.07477,1.0,1011.34247,319.8287,1.0,940.77386,282.12494,1.0,947.16626,276.22336,1.0,959.333,273.86563,1.0,972.3385,280.23044,1.0,963.13776,282.82953,1.0,952.2696,284.39633,1.0,1007.13965,277.13174,1.0,1017.12177,268.6685,1.0,1028.6619,268.18762,1.0,1034.3757,272.9783,1.0,1025.6321,277.3432,1.0,1015.5016,277.75293,1.0,983.68616,352.3905,1.0,988.8444,342.0413,1.0,995.16406,338.08456,1.0,1002.3214,338.56076,1.0,1008.9803,336.66092,1.0,1014.16644,339.69156,1.0,1016.72144,350.59952,1.0,1017.9926,355.75732,1.0,1011.7183,362.79132,1.0,1004.44946,364.57788,1.0,996.75073,364.61258,1.0,986.04376,358.4808,1.0,986.78784,351.92432,1.0,998.9641,348.32474,1.0,1002.7667,347.9302,1.0,1006.89606,347.7063,1.0,1014.1922,350.71838,1.0,1006.65027,352.85992,1.0,1002.7104,353.56464,1.0,998.4777,353.49966,1.0,956.1305,278.99527,1.0,1021.43896,272.81842,1.0,998.424,316.2543,0.9926639,982.09033,437.39795,0.9988769,829.5749,441.20294,0.9988769,848.67883,705.4505,0.6024048,935.9126,550.46063,0.81401503,1134.6057,433.593,0.9997219,1134.4104,703.5025,0.85368025,1052.7439,541.6127,0.8745655,978.6502,927.15985,0.9840819,881.82043,927.4682,0.9840819,887.304,1235.8671,0.0309242,867.5037,1567.9907,0.0059370524,1075.48,926.85144,0.9846484,1082.2328,1268.1252,0.03018118,1044.7711,1571.7545,0.0047950423,955.9434,280.9467,0.991202,1020.1625,281.1831,0.9850198,918.2405,293.04855,0.97798884,1035.9587,285.46283,0.991533,1005.21936,1670.6407,0.0044969027,1005.21936,1670.6407,0.0044969027,1042.6897,1610.3058,0.0053998707,913.2324,1666.5516,0.003190416,913.2324,1666.5516,0.003190416,860.7566,1614.7246,0.0053858,1051.5352,551.1947,1.0,1073.6672,520.3154,1.0,1081.3315,481.0875,1.0,1067.3667,455.2043,1.0,1052.787,451.93567,1.0,1060.5167,500.76373,1.0,1040.2286,464.86212,1.0,1039.3412,448.00253,1.0,1043.5367,440.32297,1.0,1036.8832,510.55392,1.0,1023.7716,469.642,1.0,1032.368,457.4718,1.0,1042.42,460.2352,1.0,1019.33374,516.1695,1.0,1010.93665,475.2511,1.0,1021.451,465.85333,1.0,1031.8805,469.74274,1.0,1007.2141,518.75433,1.0,1003.6527,485.57333,1.0,1013.2679,475.46146,1.0,1021.31445,475.73276,1.0,944.1562,554.1746,1.0,922.80994,525.6347,1.0,921.7491,492.50516,1.0,935.4306,465.91333,1.0,952.1888,453.18793,1.0,929.16064,508.15375,1.0,930.857,477.22937,1.0,935.1585,454.06055,1.0,940.7893,435.7921,1.0,953.4227,514.19855,1.0,966.786,476.3521,1.0,972.7784,450.45148,1.0,975.39,431.44983,1.0,975.9995,516.3726,1.0,982.6148,473.5571,1.0,973.32904,465.70047,1.0,964.3301,470.6654,1.0,993.4726,515.5586,1.0,995.8302,477.22836,1.0,983.6779,470.89874,1.0,974.4802,477.491,1.0
903.80396,291.42303,1.0,906.8213,304.0794,1.0,910.0242,317.42914,1.0,919.89746,338.73505,1.0,930.0445,351.76263,1.0,945.6646,365.50745,1.0,956.5426,372.46115,1.0,977.40436,382.05624,1.0,1004.36835,384.1061,1.0,1026.1909,375.1568,1.0,1036.2538,360.6219,1.0,1040.0039,351.306,1.0,1044.465,334.76166,1.0,1049.0762,312.98682,1.0,1049.7075,298.98108,1.0,1049.3947,286.14914,1.0,1049.4497,274.19238,1.0,922.97095,271.27017,1.0,929.59247,263.99292,1.0,940.055,258.47015,1.0,955.00726,255.88904,1.0,972.2675,255.47092,1.0,1006.10803,252.41661,1.0,1020.8286,249.64993,1.0,1032.6785,249.45885,1.0,1041.095,252.71927,1.0,1045.0908,257.89288,1.0,993.36847,279.6533,1.0,997.1759,294.33566,1.0,999.85077,303.8615,1.0,1001.6151,311.11642,1.0,987.5318,322.64267,1.0,992.3206,324.85687,1.0,1000.4684,323.99695,1.0,1007.7568,323.24704,1.0,1011.14056,320.03958,1.0,940.4836,282.38773,1.0,946.96924,276.54123,1.0,959.1763,274.1796,1.0,972.2576,280.40753,1.0,962.9828,283.00284,1.0,952.0433,284.591,1.0,1006.82776,277.3215,1.0,1016.8307,268.949,1.0,1028.317,268.40268,1.0,1034.1211,273.06824,1.0,1025.2925,277.43964,1.0,1015.1522,277.86646,1.0,983.44934,352.3621,1.0,988.6457,342.0583,1.0,994.9276,338.16238,1.0,1002.06067,338.6152,1.0,1008.7903,336.75876,1.0,1014.0248,339.75797,1.0,1016.70953,350.7099,1.0,1017.86584,355.8572,1.0,1011.4282,362.93738,1.0,1004.0966,364.71524,1.0,996.37317,364.74487,1.0,985.67145,358.56915,1.0,986.56006,351.88617,1.0,998.7012,348.1943,1.0,1002.541,347.81796,1.0,1006.7075,347.6106,1.0,1014.1427,350.84027,1.0,1006.37445,353.11954,1.0,1002.35187,353.8096,1.0,998.0325,353.7338,1.0,955.9497,279.19016,1.0,1021.13983,272.9728,1.0,998.4146,316.45047,0.9927734,982.0406,437.59058,0.9988633,829.5544,441.5556,0.9988633,848.28845,704.87366,0.58401024,936.045,550.31934,0.7985102,1134.5267,433.62555,0.9997196,1134.6448,703.44495,0.8435135,1052.2595,542.91174,0.8615188,978.6933,927.15314,0.9838508,881.8495,927.46967,0.9838508,886.4978,1236.2745,0.030585073,867.3953,1568.0114,0.005654498,1075.5371,926.83655,0.9844593,1082.225,1268.7593,0.029995894,1045.1448,1572.4222,0.0045880964,955.9481,281.2538,0.9913641,1020.218,281.88766,0.9852937,918.19073,293.08612,0.97833884,1035.9437,285.95255,0.99165076,1005.2026,1670.6974,0.0043294956,1005.2026,1670.6974,0.0043294956,1043.8662,1610.9209,0.0051511014,912.86584,1666.35,0.0030724902,912.86584,1666.35,0.0030724902,860.721,1614.5398,0.005130605,1050.2328,549.30963,1.0,1072.8491,520.3485,1.0,1081.6333,481.16995,1.0,1068.2925,453.3283,1.0,1052.3068,452.87936,1.0,1061.326,500.2119,1.0,1042.7374,464.5777,1.0,1041.7135,448.26883,1.0,1046.5623,442.7041,1.0,1036.9127,509.12106,1.0,1023.06573,468.38766,1.0,1029.7128,453.69962,1.0,1038.9861,454.7649,1.0,1018.7549,514.0285,1.0,1010.34265,474.42688,1.0,1020.51404,463.83386,1.0,1030.9961,467.76852,1.0,1006.3939,516.7035,1.0,1004.40594,485.0825,1.0,1013.2822,473.60245,1.0,1021.44604,472.7574,1.0,943.173,553.4064,1.0,921.74274,524.6596,1.0,921.1265,492.02286,1.0,934.7214,465.73138,1.0,950.9727,452.2957,1.0,927.812,507.36182,1.0,929.63776,477.0887,1.0,934.4631,454.0636,1.0,940.6001,436.2222,1.0,951.87024,514.296,1.0,966.43365,476.05594,1.0,972.72046,450.17065,1.0,975.31824,431.71353,1.0,974.58746,516.8714,1.0,983.0341,473.63773,1.0,973.3625,465.34537,1.0,963.70593,470.3058,1.0,992.5029,516.17633,1.0,995.9249,477.36545,1.0,983.2974,470.1217,1.0,972.90814,475.7178,1.0
903.7205,291.79572,1.0,906.85925,304.39084,1.0,910.1454,317.71286,1.0,920.1113,338.90912,1.0,930.2674,351.84338,1.0,945.7928,365.4665,1.0,956.55493,372.37122,1.0,977.2865,381.90955,1.0,1004.23346,383.86343,1.0,1026.2445,374.81992,1.0,1036.4369,360.15405,1.0,1040.2489,350.81696,1.0,1044.7903,334.2541,1.0,1049.4587,312.5452,1.0,1049.9908,298.57428,1.0,1049.5902,285.7756,1.0,1049.5199,273.88437,1.0,922.8551,271.81134,1.0,929.43146,264.56384,1.0,939.78516,258.99152,1.0,954.684,256.35635,1.0,971.8544,255.90572,1.0,1005.5995,252.78851,1.0,1020.24365,249.9794,1.0,1032.0469,249.75302,1.0,1040.4484,252.95107,1.0,1044.5447,258.00314,1.0,993.1149,279.95874,1.0,996.97314,294.65958,1.0,999.64136,304.21265,1.0,1001.40234,311.4552,1.0,987.46747,322.8135,1.0,992.1623,325.04572,1.0,1000.32764,324.1927,1.0,1007.6314,323.41928,1.0,1010.93866,320.25043,1.0,940.19324,282.65048,1.0,946.7722,276.8591,1.0,959.0195,274.49356,1.0,972.1767,280.58463,1.0,962.8278,283.17612,1.0,951.817,284.78564,1.0,1006.51587,277.5113,1.0,1016.5396,269.22952,1.0,1027.9722,268.61774,1.0,1033.8665,273.1582,1.0,1024.9529,277.53607,1.0,1014.80286,277.98,1.0,983.21246,352.3337,1.0,988.44696,342.0753,1.0,994.6911,338.24023,1.0,1001.79987,338.66962,1.0,1008.6003,336.8566,1.0,1013.8831,339.82437,1.0,1016.69763,350.8203,1.0,1017.7391,355.95712,1.0,1011.1382,363.08347,1.0,1003.7437,364.8526,1.0,995.99554,364.8772,1.0,985.29913,358.65753,1.0,986.3323,351.84805,1.0,998.43823,348.0639,1.0,1002.3153,347.70575,1.0,1006.5189,347.51492,1.0,1014.09326,350.96216,1.0,1006.0987,353.37915,1.0,1001.99335,354.0546,1.0,997.5872,353.96793,1.0,955.7689,279.38507,1.0,1020.8407,273.12723,1.0,998.0526,317.11737,0.99294275,981.96497,437.82263,0.99883753,829.6162,441.9804,0.99883753,847.7982,704.7023,0.5660894,935.3958,550.46063,0.7770863,1134.3137,433.6649,0.9997149,1134.81,703.3456,0.835245,1051.97,543.82153,0.8464197,978.7326,927.0515,0.9839584,881.9114,927.4539,0.9839584,885.2564,1236.8711,0.030694429,867.2388,1568.0391,0.0054626702,1075.5538,926.6491,0.984563,1081.4945,1268.8429,0.03014029,1045.1321,1572.7944,0.004434438,955.713,281.97327,0.9915864,1020.14465,282.9283,0.9856442,918.0827,293.31158,0.9788004,1035.7825,286.67584,0.9918059,1005.0242,1670.7489,0.004200511,1005.0242,1670.7489,0.004200511,1043.8877,1611.213,0.0049532596,912.64355,1666.3276,0.002994857,912.64355,1666.3276,0.002994857,860.6473,1614.5591,0.0049385405,1050.5288,552.30676,1.0,1072.3486,521.1421,1.0,1079.5359,482.0403,1.0,1066.2473,455.7265,1.0,1052.6708,454.68518,1.0,1058.268,502.70782,1.0,1038.7217,469.2089,1.0,1038.0371,450.8284,1.0,1042.7794,441.69476,1.0,1034.9277,511.49832,1.0,1022.0653,469.4521,1.0,1029.9886,456.36945,1.0,1039.8029,457.3696,1.0,1017.79474,516.28705,1.0,1010.0133,475.1728,1.0,1021.03546,465.13373,1.0,1032.0273,468.12924,1.0,1006.2357,518.67395,1.0,1004.08563,485.83588,1.0,1014.2646,474.6183,1.0,1022.98804,473.39554,1.0,942.80286,553.27045,1.0,921.66187,524.49915,1.0,921.3673,492.2507,1.0,935.48724,466.53873,1.0,951.5992,453.57547,1.0,927.79144,507.78864,1.0,929.6288,477.45786,1.0,934.26685,454.68765,1.0,940.3538,436.76437,1.0,951.4298,514.86786,1.0,965.6676,476.89523,1.0,972.1281,451.5065,1.0,975.4801,432.79318,1.0,973.97955,517.4945,1.0,982.54816,474.41138,1.0,973.21655,468.2442,1.0,964.6367,474.76428,1.0,992.08136,516.9355,1.0,995.4076,478.26562,1.0,983.2679,472.84116,1.0,974.3623,479.98148,1.0
904.0076,289.44977,1.0,906.82477,302.05746,1.0,909.8225,315.38815,1.0,919.1829,336.7853,1.0,928.9334,349.89423,1.0,944.168,363.7279,1.0,954.9189,370.7628,1.0,975.6418,380.40863,1.0,1002.5993,382.6186,1.0,1024.6758,373.79767,1.0,1035.1461,359.42435,1.0,1039.0757,350.1183,1.0,1043.803,333.63425,1.0,1048.5948,311.9005,1.0,1049.1954,297.9221,1.0,1048.7979,285.12363,1.0,1048.803,273.1945,1.0,923.1917,269.563,1.0,929.80005,262.44052,1.0,940.2178,257.04117,1.0,955.03613,254.59114,1.0,972.0966,254.30566,1.0,1005.30817,251.37262,1.0,1019.8178,248.67757,1.0,1031.5889,248.53159,1.0,1039.9515,251.78331,1.0,1043.9956,256.91837,1.0,992.7978,278.23584,1.0,996.4537,292.7358,1.0,998.99207,302.2161,1.0,1000.6581,309.4665,1.0,986.625,320.90823,1.0,991.359,323.16916,1.0,999.4132,322.33228,1.0,1006.6206,321.6638,1.0,1010.0276,318.52997,1.0,940.2462,280.85062,1.0,946.9388,275.44113,1.0,958.8156,273.21512,1.0,971.5726,278.8681,1.0,962.4238,281.4203,1.0,951.65826,282.96103,1.0,1006.1642,275.9406,1.0,1016.0845,268.14362,1.0,1027.3013,267.6145,1.0,1033.0973,271.90094,1.0,1024.3582,276.14008,1.0,1014.38043,276.54843,1.0,981.06085,350.61603,1.0,987.0616,340.2973,1.0,993.50555,336.51874,1.0,1000.643,337.0708,1.0,1007.4502,335.2584,1.0,1012.9517,338.2777,1.0,1016.35236,349.18185,1.0,1016.86206,354.34128,1.0,1009.73706,361.25317,1.0,1002.2768,362.9231,1.0,994.54987,362.87943,1.0,983.6305,356.83527,1.0,984.1813,350.1592,1.0,997.0368,346.576,1.0,1001.0531,346.24362,1.0,1005.4395,346.07785,1.0,1013.65247,349.2744,1.0,1005.0286,351.42618,1.0,1000.774,352.0407,1.0,996.24335,351.95706,1.0,955.3872,277.92383,1.0,1020.1842,271.9455,1.0,997.8843,317.16183,0.99279404,981.96533,437.90765,0.998777,829.652,442.10907,0.998777,847.5943,704.4619,0.5605011,935.0239,550.5543,0.76453537,1134.2787,433.70624,0.9997033,1134.9695,703.2358,0.83425134,1051.8517,544.5631,0.8421722,978.8,927.04504,0.9840954,882.0329,927.46155,0.9840954,884.0502,1236.6765,0.031093404,865.93384,1567.2057,0.0054126973,1075.5671,926.6285,0.9846895,1081.1313,1268.6884,0.030246543,1045.1304,1572.4575,0.0043461826,955.6394,282.12875,0.9914379,1020.15015,283.2845,0.9854077,918.0522,293.49536,0.97842634,1035.7832,287.10303,0.9916582,1004.92993,1670.711,0.004095267,1004.92993,1670.711,0.004095267,1043.8871,1610.5969,0.004837417,912.2469,1665.4633,0.0029776546,912.2469,1665.4633,0.0029776546,859.1541,1613.7802,0.0048423093,1052.1364,554.2833,1.0,1073.8867,522.01294,1.0,1078.6011,483.55377,1.0,1064.1338,459.22482,1.0,1050.5421,458.06747,1.0,1066.2092,505.30444,1.0,1054.3757,470.704,1.0,1049.8268,453.1763,1.0,1050.6499,445.18948,1.0,1041.5264,514.1145,1.0,1027.3694,471.218,1.0,1031.5878,454.4574,1.0,1039.8468,452.7909,1.0,1021.4259,519.2186,1.0,1012.012,475.08926,1.0,1023.4412,464.28622,1.0,1035.8961,468.3527,1.0,1007.24774,521.61066,1.0,1004.88336,487.02585,1.0,1015.08795,474.8808,1.0,1024.7477,473.85248,1.0,941.4974,556.34467,1.0,921.49475,527.9626,1.0,921.67505,495.326,1.0,935.37225,469.00467,1.0,951.4238,455.50107,1.0,926.70624,511.14447,1.0,929.0954,480.72797,1.0,934.14716,458.44656,1.0,940.4857,440.67374,1.0,950.43726,518.2071,1.0,965.4223,480.95807,1.0,972.62146,455.4298,1.0,976.5248,436.04645,1.0,973.13165,520.9601,1.0,982.39,477.6308,1.0,974.1491,470.7754,1.0,965.9318,476.24496,1.0,991.4416,520.49744,1.0,994.74243,482.7746,1.0,982.53345,476.49237,1.0,973.28534,482.231,1.0
904.29474,287.10385,1.0,906.7903,299.7241,1.0,909.4997,313.06342,1.0,918.2545,334.66147,1.0,927.5994,347.94504,1.0,942.5433,361.98935,1.0,953.28284,369.15433,1.0,973.99713,378.9077,1.0,1000.96515,381.37372,1.0,1023.10693,372.77545,1.0,1033.8553,358.6946,1.0,1037.9025,349.41962,1.0,1042.8157,333.0144,1.0,1047.7308,311.2558,1.0,1048.3999,297.26993,1.0,1048.0055,284.47165,1.0,1048.086,272.5046,1.0,923.52826,267.31464,1.0,930.16864,260.31717,1.0,940.65045,255.0908,1.0,955.38824,252.82593,1.0,972.3388,252.70561,1.0,1005.01685,249.95673,1.0,1019.3919,247.37575,1.0,1031.1307,247.31015,1.0,1039.4546,250.61555,1.0,1043.4464,255.83359,1.0,992.48065,276.51294,1.0,995.9342,290.81204,1.0,998.3427,300.21954,1.0,999.91376,307.4778,1.0,985.7826,319.00293,1.0,990.55566,321.2926,1.0,998.49884,320.47186,1.0,1005.60986,319.90833,1.0,1009.1165,316.8095,1.0,940.2992,279.05075,1.0,947.1053,274.02316,1.0,958.61176,271.93665,1.0,970.96844,277.15158,1.0,962.0198,279.66443,1.0,951.4996,281.13638,1.0,1005.8125,274.3699,1.0,1015.62933,267.05768,1.0,1026.6304,266.61124,1.0,1032.3282,270.64368,1.0,1023.76337,274.7441,1.0,1013.95795,275.11688,1.0,978.9092,348.89838,1.0,985.6762,338.51932,1.0,992.31995,334.79727,1.0,999.48615,335.47195,1.0,1006.30005,333.6602,1.0,1012.0203,336.73102,1.0,1016.007,347.54343,1.0,1015.98505,352.72546,1.0,1008.33594,359.4229,1.0,1000.8099,360.99362,1.0,993.10425,360.88165,1.0,981.96185,355.01297,1.0,982.0303,348.4704,1.0,995.63544,345.08807,1.0,999.79095,344.7815,1.0,1004.36005,344.6408,1.0,1013.2117,347.58667,1.0,1003.95856,349.47318,1.0,999.55457,350.02682,1.0,994.8995,349.9462,1.0,955.00555,276.4626,1.0,1019.5277,270.76376,1.0,997.9549,317.30124,0.99270844,981.8963,437.98978,0.9987238,829.63983,442.23007,0.9987238,847.3101,704.422,0.55141217,934.86914,550.82,0.74410105,1134.1527,433.7495,0.99969405,1135.0283,703.1984,0.8299116,1051.8438,544.76215,0.829676,978.8964,927.0398,0.98430634,882.1582,927.46844,0.98430634,883.4168,1236.5996,0.032264277,865.1854,1566.3347,0.0053581693,1075.6346,926.6111,0.98489314,1080.6139,1268.3225,0.031068508,1044.901,1572.2379,0.0043030465,955.8031,282.12637,0.9913233,1020.2163,283.61032,0.98524547,918.0144,293.54803,0.9780562,1035.5558,287.69504,0.99154747,1005.14856,1670.3473,0.004042314,1005.14856,1670.3473,0.004042314,1043.417,1610.4265,0.004746684,912.0582,1664.9188,0.0029621725,912.0582,1664.9188,0.0029621725,858.29376,1612.2479,0.0047245002,1053.5358,560.2858,1.0,1074.0969,529.6954,1.0,1076.2749,495.76755,1.0,1062.9424,470.9744,1.0,1050.7361,459.57043,1.0,1073.4204,511.10367,1.0,1072.9413,479.951,1.0,1067.6708,462.88083,1.0,1063.9803,454.46005,1.0,1049.3627,520.2496,1.0,1033.4823,480.59195,1.0,1033.3218,460.43927,1.0,1037.7667,455.8103,1.0,1026.7207,526.5973,1.0,1012.8878,484.20184,1.0,1022.13367,469.557,1.0,1033.2833,471.00647,1.0,1009.5346,530.2463,1.0,1004.347,495.6456,1.0,1014.07355,482.64117,1.0,1023.51263,481.80643,1.0,939.35736,559.73035,1.0,920.2575,531.4059,1.0,920.6786,497.75424,1.0,933.7659,470.82455,1.0,948.79504,455.80972,1.0,926.572,515.2701,1.0,930.39233,487.17062,1.0,936.5262,465.65634,1.0,943.4156,448.47235,1.0,950.3701,523.4767,1.0,966.715,487.47278,1.0,974.2197,461.53574,1.0,977.8651,441.52765,1.0,972.85205,526.7881,1.0,983.7927,484.8862,1.0,976.2591,475.33328,1.0,967.64087,477.98038,1.0,990.49677,526.2861,1.0,995.3523,489.30615,1.0,983.9973,481.3072,1.0,974.7366,484.64465,1.0
904.58185,284.7579,1.0,906.7558,297.39072,1.0,909.1768,310.7387,1.0,917.3261,332.53766,1.0,926.26544,345.99588,1.0,940.9185,360.25076,1.0,951.6467,367.5459,1.0,972.3524,377.4068,1.0,999.331,380.12888,1.0,1021.53815,371.75323,1.0,1032.5647,357.96487,1.0,1036.7292,348.72092,1.0,1041.8284,332.39456,1.0,1046.867,310.61108,1.0,1047.6045,296.61774,1.0,1047.2131,283.81967,1.0,1047.369,271.81473,1.0,923.8648,265.06628,1.0,930.5372,258.19385,1.0,941.08307,253.14044,1.0,955.7404,251.06071,1.0,972.58105,251.10556,1.0,1004.7255,248.54083,1.0,1018.96606,246.07391,1.0,1030.6727,246.08873,1.0,1038.9576,249.4478,1.0,1042.8973,254.7488,1.0,992.1635,274.79004,1.0,995.41473,288.88828,1.0,997.69336,298.223,1.0,999.1695,305.48914,1.0,984.9402,317.09766,1.0,989.7524,319.41605,1.0,997.5844,318.61145,1.0,1004.5991,318.15286,1.0,1008.2055,315.08905,1.0,940.3522,277.2509,1.0,947.2718,272.6052,1.0,958.4079,270.65817,1.0,970.3643,275.43503,1.0,961.6158,277.9086,1.0,951.3409,279.31174,1.0,1005.4608,272.79922,1.0,1015.1742,265.97177,1.0,1025.9595,265.60797,1.0,1031.5591,269.3864,1.0,1023.1686,273.3481,1.0,1013.5355,273.68533,1.0,976.75757,347.1807,1.0,984.29083,336.7413,1.0,991.1344,333.07578,1.0,998.3293,333.87314,1.0,1005.1499,332.06198,1.0,1011.0889,335.18436,1.0,1015.66174,345.90497,1.0,1015.10803,351.10965,1.0,1006.9348,357.59262,1.0,999.34296,359.06412,1.0,991.65857,358.88388,1.0,980.29315,353.1907,1.0,979.8793,346.7816,1.0,994.234,343.60016,1.0,998.52875,343.3194,1.0,1003.28064,343.20377,1.0,1012.7709,345.89893,1.0,1002.8885,347.5202,1.0,998.3352,348.0129,1.0,993.55554,347.93533,1.0,954.62384,275.00134,1.0,1018.8712,269.58206,1.0,997.7221,317.322,0.99295086,981.85443,438.23718,0.9987269,829.6099,442.57907,0.9987269,846.73267,704.8224,0.5443737,934.26624,555.4995,0.7333827,1134.099,433.89526,0.9996941,1135.5342,703.25476,0.83053577,1051.981,547.4818,0.82742405,979.1268,926.8362,0.9842666,882.60297,927.1293,0.9842666,883.46796,1237.1906,0.03346444,865.2428,1566.4961,0.0054088864,1075.6505,926.5431,0.98480093,1080.7046,1269.846,0.032314472,1046.4844,1571.3453,0.0043092743,955.79913,282.13614,0.9916504,1019.98755,283.83014,0.985776,917.88226,293.55704,0.9788869,1035.2538,287.8883,0.9918329,1005.1381,1668.4761,0.004079738,1005.1381,1668.4761,0.004079738,1047.1136,1608.416,0.004715392,912.2245,1664.9314,0.0030352406,912.2245,1664.9314,0.0030352406,858.311,1612.2799,0.004675209,1057.3921,567.3657,1.0,1077.9891,536.5175,1.0,1077.5747,501.56946,1.0,1063.4927,476.63715,1.0,1046.2755,470.89865,1.0,1071.5413,521.42975,1.0,1069.774,491.0004,1.0,1063.3032,472.50983,1.0,1058.8379,461.7267,1.0,1048.801,530.4703,1.0,1032.9641,492.08276,1.0,1033.5035,472.0467,1.0,1038.5757,466.14304,1.0,1027.3754,537.21625,1.0,1013.7123,495.1707,1.0,1023.1073,481.1636,1.0,1034.6165,481.81174,1.0,1011.45917,541.66925,1.0,1004.0221,507.0835,1.0,1012.6101,493.94165,1.0,1021.4747,492.17297,1.0,935.0876,568.51447,1.0,916.852,537.92206,1.0,919.28,504.1371,1.0,934.7182,478.84674,1.0,951.1406,465.09323,1.0,924.17114,522.52576,1.0,928.5491,497.06137,1.0,936.2005,476.38803,1.0,944.38995,460.16553,1.0,946.85864,532.7048,1.0,966.2226,497.1551,1.0,975.4321,471.3588,1.0,980.56195,451.9933,1.0,968.71765,538.2525,1.0,983.517,496.27396,1.0,976.5951,485.26633,1.0,968.1135,487.78076,1.0,986.13635,540.19037,1.0,994.20355,502.6411,1.0,983.192,492.2746,1.0,973.20776,495.09314,1.0
903.22894,281.0601,1.0,905.3335,293.5931,1.0,907.71423,306.83765,1.0,915.65295,328.5511,1.0,924.2387,342.01355,1.0,938.30615,356.33264,1.0,948.6801,363.69525,1.0,968.7852,373.6509,1.0,995.8695,376.5282,1.0,1018.72723,368.354,1.0,1030.3286,354.82285,1.0,1035.0145,345.79852,1.0,1040.9298,329.72733,1.0,1046.8036,308.0787,1.0,1048.0818,294.06583,1.0,1048.1642,281.23022,1.0,1048.3917,269.1374,1.0,921.9569,261.63153,1.0,928.676,254.93916,1.0,939.1506,250.04018,1.0,953.68005,248.01756,1.0,970.51746,248.11403,1.0,1003.12775,245.67233,1.0,1017.7054,243.34094,1.0,1029.6588,243.40271,1.0,1038.1827,246.7339,1.0,1042.3958,251.98726,1.0,989.903,271.21085,1.0,992.624,284.93884,1.0,994.4732,294.05203,1.0,995.67316,301.19388,1.0,981.7502,312.6581,1.0,986.4825,315.07468,1.0,994.32825,314.35507,1.0,1001.3095,314.004,1.0,1004.9572,310.93427,1.0,937.51685,273.59174,1.0,945.0625,269.69702,1.0,956.33636,267.90454,1.0,968.15765,271.5643,1.0,959.1485,273.89194,1.0,948.6367,275.31555,1.0,1003.69147,269.25784,1.0,1013.6932,263.33237,1.0,1024.512,263.11148,1.0,1030.6116,266.42554,1.0,1021.83044,269.92047,1.0,1012.01587,270.13165,1.0,972.5906,343.20193,1.0,980.5731,332.29633,1.0,987.63367,328.5927,1.0,995.0403,329.38666,1.0,1002.04755,327.68356,1.0,1008.2546,330.86624,1.0,1013.4269,341.91638,1.0,1012.6876,347.40152,1.0,1003.68506,354.00433,1.0,995.64453,355.46658,1.0,987.5967,355.28534,1.0,975.7991,349.501,1.0,975.7948,342.83472,1.0,990.58624,338.695,1.0,995.13635,338.3878,1.0,1000.14154,338.3128,1.0,1010.36725,341.88666,1.0,999.70685,343.96222,1.0,994.7541,344.48203,1.0,989.6835,344.42978,1.0,952.238,271.47266,1.0,1017.8537,266.38193,1.0,995.22815,317.30127,0.9929097,981.8382,438.2675,0.99867105,829.61456,442.575,0.99867105,840.463,705.1104,0.5413413,932.83777,564.26056,0.7160787,1134.0619,433.95993,0.9996821,1138.6185,703.236,0.83376366,1052.0834,553.4467,0.8250453,979.2785,926.17725,0.9845774,882.89075,926.38306,0.9845774,879.5198,1236.178,0.03646623,863.89685,1564.6681,0.005725746,1075.6663,925.9714,0.9850632,1080.5736,1269.5234,0.03457341,1046.0748,1570.21,0.0043251854,954.8321,282.16678,0.99160403,1018.7963,283.79376,0.9857255,917.6685,293.5857,0.9787611,1035.1206,287.87817,0.99182767,1002.21954,1668.772,0.0040663052,1002.21954,1668.772,0.0040663052,1046.6669,1605.4452,0.0046540457,908.3029,1662.3368,0.0032128147,908.3029,1662.3368,0.0032128147,857.7739,1609.8475,0.0047399416,1062.6514,581.0101,1.0,1082.3092,549.14185,1.0,1080.095,513.76715,1.0,1062.8599,488.53815,1.0,1044.0802,483.90067,1.0,1074.7079,538.64764,1.0,1071.7198,504.74036,1.0,1063.6096,488.77182,1.0,1057.7898,480.92734,1.0,1051.4127,549.2713,1.0,1035.3342,508.02548,1.0,1035.7103,491.18317,1.0,1040.5448,487.7728,1.0,1030.601,556.45435,1.0,1016.4281,512.9927,1.0,1025.5461,500.5074,1.0,1036.6287,501.45523,1.0,1014.9671,560.2012,1.0,1006.7855,524.79553,1.0,1015.44604,512.61066,1.0,1024.1548,511.38855,1.0,928.02606,581.73737,1.0,911.06616,550.6458,1.0,917.85596,516.63904,1.0,937.7196,492.11905,1.0,956.252,481.59995,1.0,918.59235,538.4079,1.0,926.8311,511.75067,1.0,937.8424,490.60828,1.0,948.75824,474.88312,1.0,941.6748,550.72565,1.0,964.4611,513.827,1.0,975.14636,488.93457,1.0,981.0665,471.4468,1.0,964.0646,557.4296,1.0,983.413,514.10846,1.0,976.5136,503.25485,1.0,966.58026,506.0944,1.0,982.48376,559.8932,1.0,994.44763,521.00836,1.0,983.4795,510.38123,1.0,971.9814,512.63135,1.0
901.876,277.36227,1.0,903.91113,289.79553,1.0,906.25165,302.93658,1.0,913.9798,324.56454,1.0,922.2119,338.03122,1.0,935.6938,352.41452,1.0,945.7135,359.8446,1.0,965.218,369.895,1.0,992.40796,372.92752,1.0,1015.9163,364.9548,1.0,1028.0927,351.68085,1.0,1033.2998,342.87613,1.0,1040.0314,327.06006,1.0,1046.7404,305.5463,1.0,1048.5591,291.5139,1.0,1049.1154,278.64078,1.0,1049.4143,266.46005,1.0,920.049,258.1968,1.0,926.8148,251.68448,1.0,937.2181,246.93991,1.0,951.6197,244.9744,1.0,968.45386,245.1225,1.0,1001.52997,242.80383,1.0,1016.4447,240.60796,1.0,1028.6449,240.71669,1.0,1037.4078,244.02,1.0,1041.8942,249.22571,1.0,987.6426,267.63162,1.0,989.8334,280.98938,1.0,991.25305,289.88107,1.0,992.1768,296.89865,1.0,978.5601,308.21857,1.0,983.21265,310.73334,1.0,991.0721,310.0987,1.0,998.0199,309.85513,1.0,1001.709,306.77948,1.0,934.6815,269.93256,1.0,942.85315,266.78882,1.0,954.2648,265.15088,1.0,965.951,267.69357,1.0,956.6812,269.87527,1.0,945.93256,271.31934,1.0,1001.9221,265.71646,1.0,1012.21216,260.69296,1.0,1023.06445,260.61496,1.0,1029.6641,263.46466,1.0,1020.49225,266.49283,1.0,1010.4962,266.57797,1.0,968.42365,339.2232,1.0,976.8554,327.85138,1.0,984.133,324.10962,1.0,991.75134,324.90015,1.0,998.9451,323.30515,1.0,1005.42017,326.54816,1.0,1011.19196,337.92776,1.0,1010.2672,343.69336,1.0,1000.43536,350.41608,1.0,991.9461,351.86902,1.0,983.5347,351.6868,1.0,971.305,345.81134,1.0,971.7104,338.88785,1.0,986.93854,333.78986,1.0,991.74396,333.45618,1.0,997.0024,333.4218,1.0,1007.96356,337.8744,1.0,996.5252,340.40424,1.0,991.173,340.95114,1.0,985.81134,340.92422,1.0,949.85205,267.944,1.0,1016.8362,263.18176,1.0,993.7768,316.32205,0.9931596,981.724,438.35574,0.998676,829.51227,442.5696,0.998676,823.77277,705.05505,0.5441446,925.26215,586.45123,0.706124,1133.9357,434.14188,0.9996859,1148.5074,702.39636,0.8377735,1055.6226,573.3928,0.8238275,979.29395,925.6866,0.98458314,882.90875,925.74915,0.98458314,879.3669,1233.0844,0.038547803,864.0871,1560.2881,0.0058877543,1075.6792,925.624,0.9850953,1081.679,1268.4248,0.037224777,1046.6244,1567.9291,0.004406628,954.6667,281.69138,0.9918706,1017.84,283.25357,0.9862404,917.5232,292.53098,0.9794402,1034.3594,287.44046,0.99215627,1002.31696,1668.3711,0.0041389065,1002.31696,1668.3711,0.0041389065,1047.4265,1602.2766,0.0046753827,907.92145,1658.837,0.003329767,907.92145,1658.837,0.003329767,858.2658,1604.8965,0.00478796,1068.2427,598.5153,1.0,1087.7341,566.6938,1.0,1082.0529,529.3035,1.0,1058.2281,508.08405,1.0,1035.4396,509.8344,1.0,1072.2784,555.02094,1.0,1050.4402,524.54315,1.0,1044.3243,516.5316,1.0,1042.6327,514.50433,1.0,1049.0132,569.7146,1.0,1030.496,532.0189,1.0,1036.3865,523.1906,1.0,1045.0388,525.3743,1.0,1030.393,578.5639,1.0,1016.27954,538.55725,1.0,1027.1185,531.6236,1.0,1038.3524,534.92584,1.0,1016.4489,582.693,1.0,1008.7926,548.42114,1.0,1018.1781,539.7952,1.0,1026.2958,540.8123,1.0,918.60657,597.0945,1.0,906.7988,564.9066,1.0,916.747,532.93134,1.0,938.7015,512.42737,1.0,957.90344,503.32135,1.0,912.3901,556.9883,1.0,926.7676,530.826,1.0,940.32007,512.6822,1.0,953.49817,499.71317,1.0,931.9437,574.3147,1.0,961.9545,537.197,1.0,975.9461,515.7344,1.0,984.86206,501.82962,1.0,953.02936,585.6933,1.0,982.7046,542.21735,1.0,976.4639,531.83636,1.0,966.0133,534.59906,1.0,972.3516,592.2627,1.0,993.8873,554.287,1.0,985.61096,542.0145,1.0,974.7092,542.3426,1.0
900.523,273.66446,1.0,902.48883,285.99792,1.0,904.789,299.03552,1.0,912.3066,320.578,1.0,920.1852,334.0489,1.0,933.0814,348.49637,1.0,942.7468,355.99396,1.0,961.6508,366.13907,1.0,988.9465,369.32684,1.0,1013.1054,361.55557,1.0,1025.8566,348.53882,1.0,1031.5851,339.95374,1.0,1039.1328,324.39282,1.0,1046.6771,303.0139,1.0,1049.0364,288.96194,1.0,1050.0664,276.05133,1.0,1050.437,263.7827,1.0,918.1411,254.76205,1.0,924.9536,248.4298,1.0,935.2856,243.83965,1.0,949.5593,241.93123,1.0,966.3903,242.13095,1.0,999.9322,239.93533,1.0,1015.184,237.87498,1.0,1027.631,238.03067,1.0,1036.633,241.30609,1.0,1041.3926,246.46417,1.0,985.3821,264.05243,1.0,987.04266,277.03995,1.0,988.03284,285.7101,1.0,988.68054,292.6034,1.0,975.3701,303.77902,1.0,979.94275,306.39197,1.0,987.8159,305.84232,1.0,994.7303,305.70627,1.0,998.4607,302.6247,1.0,931.84625,266.2734,1.0,940.64386,263.88065,1.0,952.19324,262.39725,1.0,963.7443,263.82285,1.0,954.21387,265.8586,1.0,943.2284,267.32315,1.0,1000.1528,262.17508,1.0,1010.7311,258.0536,1.0,1021.617,258.11847,1.0,1028.7166,260.50375,1.0,1019.15405,263.06522,1.0,1008.9765,263.0243,1.0,964.2567,335.24445,1.0,973.1377,323.4064,1.0,980.6323,319.62656,1.0,988.46234,320.41367,1.0,995.8427,318.92673,1.0,1002.58575,322.23007,1.0,1008.9571,333.93918,1.0,1007.8468,339.98523,1.0,997.18567,346.8278,1.0,988.2477,348.27148,1.0,979.47284,348.08826,1.0,966.8109,342.12164,1.0,967.6259,334.94098,1.0,983.2908,328.8847,1.0,988.35156,328.52457,1.0,993.8633,328.53085,1.0,1005.55994,333.86212,1.0,993.34357,336.84625,1.0,987.5919,337.42023,1.0,981.9392,337.41867,1.0,947.4662,264.41534,1.0,1015.81866,259.98163,1.0,987.3617,314.53217,0.99338806,981.67004,438.95667,0.99866956,829.3467,443.14926,0.99866956,807.1114,705.47205,0.54740816,917.78094,604.39276,0.69312406,1133.9933,434.7641,0.99968654,1157.1991,700.1419,0.84294903,1062.6631,594.0612,0.82354915,979.56354,925.26245,0.9845095,883.09924,925.31055,0.9845095,879.2936,1232.2133,0.040410683,864.04877,1558.0593,0.0060537714,1076.0278,925.21436,0.98500735,1082.2191,1268.0083,0.03896236,1046.967,1566.1594,0.0044661327,952.13794,279.99103,0.9920832,1015.3469,281.35464,0.9866567,917.2136,289.51556,0.97984326,1034.2083,286.22754,0.9924084,1002.5393,1666.0042,0.0041770977,1002.5393,1666.0042,0.0041770977,1047.513,1600.5123,0.0046634558,907.90155,1655.4915,0.003428259,907.90155,1655.4915,0.003428259,858.2015,1601.9432,0.0047978014,1066.5269,623.29016,1.0,1090.9391,598.4878,1.0,1087.9498,565.7843,1.0,1062.4689,547.70654,1.0,1040.6511,546.9706,1.0,1079.7368,589.29205,1.0,1051.116,560.0335,1.0,1044.6359,552.6423,1.0,1043.8474,550.5019,1.0,1055.6013,600.9826,1.0,1035.196,565.6222,1.0,1039.5143,557.8217,1.0,1046.4373,560.488,1.0,1036.7136,608.3431,1.0,1022.54047,572.8519,1.0,1031.3802,566.97565,1.0,1039.6243,569.94116,1.0,1021.3909,611.8344,1.0,1015.53485,582.529,1.0,1024.198,576.8125,1.0,1031.1844,579.7673,1.0,914.7094,611.546,1.0,907.8982,579.6153,1.0,922.4116,553.47156,1.0,948.0571,543.74963,1.0,966.4159,546.25214,1.0,907.1388,580.5792,1.0,924.5239,562.4359,1.0,941.038,548.67664,1.0,956.697,538.98883,1.0,921.7235,604.25836,1.0,958.7227,575.87695,1.0,975.77936,558.0302,1.0,986.9856,546.36084,1.0,939.87756,620.2027,1.0,976.24744,584.4991,1.0,975.1157,569.8194,1.0,967.0437,565.89856,1.0,958.43677,629.83844,1.0,984.6714,597.0857,1.0,981.17194,583.37146,1.0,973.7002,579.14703,1.0
899.547,270.1976,1.0,901.18445,282.67157,1.0,903.2198,295.80624,1.0,910.51044,317.55896,1.0,918.26184,331.15887,1.0,930.8917,345.69125,1.0,940.40405,353.22733,1.0,959.1997,363.34924,1.0,986.4135,366.7452,1.0,1010.834,359.44785,1.0,1024.225,346.8665,1.0,1030.2898,338.353,1.0,1038.152,322.86423,1.0,1045.8362,301.3631,1.0,1048.1886,287.19043,1.0,1049.093,274.14435,1.0,1049.3259,261.74066,1.0,916.8812,250.57265,1.0,923.568,244.07265,1.0,933.7793,239.4586,1.0,947.9999,237.661,1.0,964.72156,238.04033,1.0,997.9358,236.2864,1.0,1013.16516,234.30858,1.0,1025.6921,234.63168,1.0,1034.7638,238.1146,1.0,1039.6912,243.5711,1.0,983.2929,260.63132,1.0,984.8436,273.4584,1.0,985.7747,281.9938,1.0,986.3871,288.85248,1.0,973.24884,300.26047,1.0,977.7212,302.88464,1.0,985.5523,302.31235,1.0,992.4651,302.24716,1.0,996.2111,299.23242,1.0,930.93036,262.63083,1.0,939.2353,259.5858,1.0,950.4477,258.2618,1.0,961.8992,260.7508,1.0,952.4535,262.792,1.0,941.76025,264.08475,1.0,998.15295,259.39954,1.0,1008.87317,254.69547,1.0,1019.5864,254.80931,1.0,1026.335,257.7087,1.0,1017.16644,260.38663,1.0,1007.16864,260.3817,1.0,962.48956,331.6867,1.0,971.2226,320.12082,1.0,978.5457,316.33102,1.0,986.12897,317.20398,1.0,993.3822,315.75208,1.0,1000.08057,319.14697,1.0,1006.3427,330.80365,1.0,1005.04956,336.7215,1.0,994.56476,343.31558,1.0,985.78894,344.61743,1.0,977.2715,344.3465,1.0,965.0632,338.39337,1.0,965.78784,331.4017,1.0,981.0646,325.7926,1.0,986.01904,325.4932,1.0,991.37354,325.5335,1.0,1003.0677,330.67236,1.0,990.962,333.18253,1.0,985.3576,333.69247,1.0,979.8108,333.59225,1.0,945.68317,260.7192,1.0,1013.35876,257.01437,1.0,981.9209,314.0896,0.99335885,981.5719,439.0579,0.99866647,829.1704,443.25256,0.99866647,791.4233,705.7586,0.55634785,906.7432,623.16943,0.6900913,1133.9734,434.8632,0.9996935,1169.8573,698.3713,0.8501594,1072.2266,617.8602,0.82823193,979.65405,924.89185,0.9839298,883.1134,925.073,0.9839298,879.3372,1227.7421,0.04117435,864.3136,1552.3265,0.006094708,1076.1947,924.7107,0.9846341,1082.6047,1263.2158,0.040954594,1048.3058,1561.774,0.0046583517,948.72046,278.69696,0.9918055,1013.0173,279.23154,0.9864663,916.88086,286.85504,0.9789388,1033.7233,283.65405,0.9924098,1005.7244,1656.8237,0.004299978,1005.7244,1656.8237,0.004299978,1048.4468,1597.698,0.0047377003,907.8854,1649.1128,0.0034324222,907.8854,1649.1128,0.0034324222,858.5389,1596.1418,0.0047736326,1012.32983,659.83484,1.0,1036.2874,635.2803,1.0,1041.6171,609.07544,1.0,1028.8427,598.13806,1.0,1017.2467,601.2201,1.0,1028.5436,633.4549,1.0,1016.693,615.96875,1.0,1017.6519,611.32434,1.0,1020.97284,610.18475,1.0,1008.44025,648.5011,1.0,1004.756,627.44415,1.0,1015.1104,621.76624,1.0,1024.5093,623.06647,1.0,993.673,659.07697,1.0,994.1524,637.5166,1.0,1007.44226,632.15826,1.0,1017.90796,632.67413,1.0,982.3791,665.1507,1.0,987.30664,647.0885,1.0,998.9166,641.765,1.0,1007.54047,642.14545,1.0,923.90814,616.99554,1.0,914.4146,600.586,1.0,926.7999,585.14996,1.0,947.2709,582.0841,1.0,964.53656,585.3328,1.0,908.15424,608.81244,1.0,932.7396,600.5515,1.0,951.1447,594.80817,1.0,963.3325,590.701,1.0,920.1985,628.655,1.0,954.8213,617.67175,1.0,974.5795,608.1041,1.0,987.00574,599.5569,1.0,933.4098,641.4551,1.0,964.6233,629.3613,1.0,977.96436,616.0475,1.0,983.3109,605.45166,1.0,945.1249,647.8746,1.0,968.764,635.6304,1.0,976.3773,625.16547,1.0,977.6098,616.59314,1.0
898.5709,266.73074,1.0,899.88,279.3452,1.0,901.6506,292.57693,1.0,908.71436,314.53992,1.0,916.33856,328.26883,1.0,928.7021,342.88614,1.0,938.0612,350.46066,1.0,956.7486,360.5594,1.0,983.8806,364.16357,1.0,1008.56256,357.3401,1.0,1022.5933,345.19415,1.0,1028.9945,336.75226,1.0,1037.1713,321.33566,1.0,1044.9954,299.71228,1.0,1047.341,285.4189,1.0,1048.1196,272.23737,1.0,1048.2148,259.6986,1.0,915.62134,246.38322,1.0,922.1824,239.71552,1.0,932.273,235.07756,1.0,946.4404,233.39076,1.0,963.05286,233.94969,1.0,995.93933,232.63748,1.0,1011.14636,230.74219,1.0,1023.75336,231.23268,1.0,1032.8947,234.92311,1.0,1037.9896,240.67802,1.0,981.2037,257.21024,1.0,982.64465,269.87686,1.0,983.51654,278.2775,1.0,984.0936,285.10153,1.0,971.12756,296.74194,1.0,975.49963,299.37735,1.0,983.2887,298.78238,1.0,990.1999,298.78802,1.0,993.9616,295.84018,1.0,930.01447,258.98825,1.0,937.8268,255.29091,1.0,948.70215,254.12634,1.0,960.054,257.67877,1.0,950.6931,259.72534,1.0,940.29205,260.84637,1.0,996.15314,256.624,1.0,1007.0152,251.33736,1.0,1017.5559,251.50017,1.0,1023.95337,254.91367,1.0,1015.1788,257.708,1.0,1005.3608,257.73914,1.0,960.7224,328.12897,1.0,969.3075,316.8352,1.0,976.45905,313.03552,1.0,983.79553,313.99432,1.0,990.9217,312.57742,1.0,997.5753,316.0639,1.0,1003.72833,327.66812,1.0,1002.2523,333.45773,1.0,991.9439,339.80338,1.0,983.3302,340.96338,1.0,975.0702,340.60474,1.0,963.31537,334.6651,1.0,963.9497,327.86243,1.0,978.8383,322.70047,1.0,983.68646,322.46182,1.0,988.88385,322.53616,1.0,1000.5755,327.4826,1.0,988.5803,329.51883,1.0,983.1233,329.96472,1.0,977.6824,329.76584,1.0,943.90015,257.0231,1.0,1010.8988,254.04709,1.0,977.948,309.804,0.9936207,980.67285,439.40924,0.99870694,828.2807,443.6419,0.99870694,773.64355,705.8844,0.56791395,890.54065,651.42206,0.6980075,1133.065,435.17654,0.9997077,1187.5262,696.7622,0.85853493,1080.9382,646.5956,0.8366367,979.737,926.6195,0.9830852,882.7414,927.17914,0.9830852,879.1875,1226.4729,0.0412343,864.91565,1552.7584,0.0061623584,1076.7325,926.0599,0.98410606,1085.8561,1261.8763,0.043024097,1050.2424,1561.8466,0.0050738333,946.47125,271.09482,0.9919935,1011.4411,273.8569,0.9869071,916.0203,280.00928,0.97928727,1033.4402,279.44025,0.992744,1007.67816,1657.183,0.004645534,1007.67816,1657.183,0.004645534,1013.4425,1603.6758,0.0050516007,907.8904,1649.2904,0.003457031,907.8904,1649.2904,0.003457031,859.7663,1596.7543,0.0048347632,958.1328,696.3795,1.0,981.6356,672.0728,1.0,995.28436,652.36664,1.0,995.2163,648.5696,1.0,993.84235,655.4696,1.0,977.3503,677.6178,1.0,982.27,671.904,1.0,990.6681,670.00635,1.0,998.09827,669.86755,1.0,961.2791,696.01965,1.0,974.3159,689.2661,1.0,990.7066,685.7107,1.0,1002.5814,685.64496,1.0,950.6323,709.81085,1.0,965.7643,702.1813,1.0,983.50433,697.3409,1.0,996.1917,695.40717,1.0,943.3673,718.467,1.0,959.07837,711.64795,1.0,973.63525,706.71747,1.0,983.8965,704.5237,1.0,881.5363,696.0854,1.0,889.9127,661.6634,1.0,914.8536,634.9445,1.0,942.07495,628.27856,1.0,961.0326,637.5117,1.0,892.6508,660.61224,1.0,933.54974,654.0907,1.0,953.9034,647.12726,1.0,966.9712,642.113,1.0,894.8329,688.4744,1.0,949.9855,682.20386,1.0,974.9532,672.0783,1.0,987.24426,664.92346,1.0,902.51495,711.4037,1.0,958.3766,699.383,1.0,972.4016,685.43427,1.0,974.4146,676.5523,1.0,911.637,727.9721,1.0,955.9787,716.8922,1.0,962.7603,705.4591,1.0,959.4943,698.52875,1.0
897.5949,263.2639,1.0,898.57556,276.01886,1.0,900.08136,289.34763,1.0,906.9182,311.52087,1.0,914.4152,325.3788,1.0,926.51245,340.08102,1.0,935.71844,347.694,1.0,954.2975,357.76953,1.0,981.3477,361.58197,1.0,1006.29114,355.23236,1.0,1020.9617,343.52182,1.0,1027.6992,335.15152,1.0,1036.1904,319.80707,1.0,1044.1544,298.06146,1.0,1046.4932,283.6474,1.0,1047.1461,270.33038,1.0,1047.1038,257.65652,1.0,914.36145,242.19382,1.0,920.79675,235.35837,1.0,930.76666,230.69652,1.0,944.881,229.12053,1.0,961.38416,229.85907,1.0,993.94293,228.98856,1.0,1009.12756,227.1758,1.0,1021.8146,227.8337,1.0,1031.0255,231.73161,1.0,1036.2881,237.78496,1.0,979.1145,253.78912,1.0,980.4456,266.29532,1.0,981.2584,274.5612,1.0,981.8002,281.3506,1.0,969.0063,293.2234,1.0,973.2781,295.87003,1.0,981.0251,295.25238,1.0,987.93475,295.3289,1.0,991.71204,292.44794,1.0,929.09863,255.34564,1.0,936.4183,250.99605,1.0,946.95667,249.99089,1.0,958.2089,254.60674,1.0,948.93274,256.65872,1.0,938.8239,257.60797,1.0,994.1533,253.84846,1.0,1005.1573,247.97923,1.0,1015.5254,248.19102,1.0,1021.5718,252.1186,1.0,1013.1911,255.02943,1.0,1003.5529,255.09656,1.0,958.95526,324.5712,1.0,967.39233,313.54962,1.0,974.37244,309.74,1.0,981.46216,310.78464,1.0,988.4612,309.40277,1.0,995.07007,312.9808,1.0,1001.1139,324.5326,1.0,999.4551,330.194,1.0,989.323,336.29117,1.0,980.8715,337.30933,1.0,972.86884,336.86295,1.0,961.56757,330.9368,1.0,962.11163,324.32315,1.0,976.6121,319.60837,1.0,981.3539,319.43045,1.0,986.3941,319.5388,1.0,998.08325,324.29288,1.0,986.1987,325.8551,1.0,980.88904,326.23697,1.0,975.55396,325.93942,1.0,942.1172,253.327,1.0,1008.43884,251.0798,1.0,975.85095,302.5095,0.9938371,980.55493,440.2175,0.9987539,827.92487,444.37277,0.9987539,759.4657,704.33453,0.5892055,871.63293,683.71594,0.7203425,1133.185,436.06226,0.9997124,1196.2919,693.7857,0.8693352,1103.7549,681.6953,0.8490828,980.0638,933.56836,0.9827551,882.7243,934.5399,0.9827551,879.33264,1228.4929,0.042372767,868.12427,1559.1392,0.006532108,1077.4033,932.5968,0.98381215,1088.9966,1269.9888,0.04335088,1060.7068,1573.0669,0.0053450153,944.6967,262.25275,0.99212486,1010.07056,265.33224,0.98707885,915.4872,273.8256,0.9797245,1033.2598,272.44305,0.99290764,1019.3875,1670.479,0.0048876205,1019.3875,1670.479,0.0048876205,1048.1248,1614.0652,0.0053041647,910.249,1658.0269,0.003625289,910.249,1658.0269,0.003625289,864.0615,1604.7367,0.005066197,903.9358,732.9242,1.0,926.9839,708.86536,1.0,948.9516,695.6578,1.0,961.59,699.0011,1.0,970.4379,709.7191,1.0,926.15704,721.7807,1.0,947.847,727.83923,1.0,963.6842,728.6884,1.0,975.2237,729.5504,1.0,914.11804,743.53815,1.0,943.87585,751.088,1.0,966.3028,749.6552,1.0,980.6535,748.22345,1.0,907.59174,760.54474,1.0,937.3762,766.8459,1.0,959.56635,762.5235,1.0,974.47546,758.14014,1.0,904.35547,771.78326,1.0,930.85016,776.20746,1.0,948.3538,771.67,1.0,960.2525,766.9019,1.0,881.1452,710.3015,1.0,891.22626,690.4652,1.0,916.53937,679.4947,1.0,942.5109,682.36304,1.0,959.22455,696.9473,1.0,891.3705,700.9807,1.0,928.7847,707.9109,1.0,951.3031,711.9674,1.0,966.4079,714.29834,1.0,888.2057,723.19977,1.0,931.198,732.66425,1.0,956.6166,734.6151,1.0,972.4232,733.6639,1.0,890.04034,738.8908,1.0,929.64984,745.5103,1.0,956.987,744.5177,1.0,975.1515,741.5494,1.0,894.8192,748.39935,1.0,926.811,751.8676,1.0,946.23193,751.47754,1.0,958.31647,748.6005,1.0
897.5513,261.97556,1.0,898.6915,274.7452,1.0,900.1357,288.05554,1.0,906.5976,310.1042,1.0,913.7685,323.76395,1.0,925.4583,338.09436,1.0,934.4856,345.53482,1.0,952.9493,355.401,1.0,979.86163,359.12656,1.0,1005.09827,352.8538,1.0,1020.1544,341.33823,1.0,1027.07,333.12973,1.0,1035.6366,317.995,1.0,1043.5618,296.4439,1.0,1045.803,282.076,1.0,1046.407,268.81973,1.0,1046.408,256.21378,1.0,913.75464,240.45132,1.0,920.16547,233.55115,1.0,930.05975,228.82486,1.0,944.05566,227.11732,1.0,960.4669,227.74144,1.0,992.66034,226.72984,1.0,1007.7455,225.1166,1.0,1020.3729,225.97385,1.0,1029.6105,230.0284,1.0,1034.9539,236.11502,1.0,977.9167,251.60208,1.0,979.009,264.0563,1.0,979.72626,272.28497,1.0,980.19073,279.0711,1.0,967.2767,290.9934,1.0,971.6034,293.64005,1.0,979.4129,293.0019,1.0,986.36096,293.11157,1.0,990.1394,290.2244,1.0,927.7866,253.01212,1.0,935.1648,248.49545,1.0,945.9819,247.45448,1.0,957.21356,252.263,1.0,947.91833,254.33243,1.0,937.7152,255.2723,1.0,993.16364,251.5762,1.0,1004.1432,245.55429,1.0,1014.75543,245.87798,1.0,1020.90027,250.05693,1.0,1012.13257,252.87291,1.0,1002.382,252.8451,1.0,956.6385,321.95142,1.0,965.33856,311.02588,1.0,972.5388,307.2484,1.0,979.7254,308.31937,1.0,986.91815,306.95068,1.0,993.7644,310.5641,1.0,1000.619,321.95813,1.0,998.44257,327.25174,1.0,987.8081,332.96774,1.0,979.36536,333.93643,1.0,971.43085,333.51746,1.0,959.79224,327.93097,1.0,959.6317,321.62628,1.0,974.7729,317.36615,1.0,979.573,317.24435,1.0,984.8531,317.31287,1.0,997.755,321.6419,1.0,984.86676,322.3453,1.0,979.40735,322.66684,1.0,974.0475,322.40875,1.0,941.16864,250.9144,1.0,1007.647,248.77254,1.0,974.72217,299.53833,0.9940253,980.7528,440.33716,0.9988217,827.6355,444.3816,0.9988217,751.15454,694.2964,0.61769265,851.7993,720.74396,0.74449044,1133.8701,436.29272,0.9997131,1201.2583,688.3489,0.87804073,1110.8942,715.5726,0.8586435,979.8335,937.1206,0.98278815,882.17847,939.8537,0.98278815,879.34155,1231.0471,0.042790618,868.72656,1567.843,0.006710475,1077.4885,934.3875,0.98368,1088.6696,1275.1366,0.044114605,1060.1444,1585.7482,0.005681652,942.75433,260.30817,0.9922326,1008.8935,260.9171,0.98703843,915.4234,272.1316,0.9801675,1032.9227,268.14413,0.992913,1018.7755,1683.6882,0.005147821,1018.7755,1683.6882,0.005147821,1050.7277,1626.5844,0.005508331,909.569,1671.838,0.0036745518,909.569,1671.838,0.0036745518,865.641,1612.6787,0.005152984,849.7388,769.4689,1.0,872.33215,745.6579,1.0,902.6189,738.9489,1.0,927.9637,749.4327,1.0,947.03357,763.96857,1.0,874.9638,765.94354,1.0,913.42395,783.7745,1.0,936.7003,787.3704,1.0,952.3491,789.2333,1.0,866.957,791.05664,1.0,913.4358,812.91,1.0,941.899,813.5997,1.0,958.7256,810.8019,1.0,864.5511,811.2786,1.0,908.98816,831.51056,1.0,935.62836,827.7061,1.0,952.7592,820.8731,1.0,865.3437,825.09955,1.0,902.6219,840.76697,1.0,923.07245,836.6225,1.0,936.6085,829.2801,1.0,869.3021,725.7666,1.0,886.9306,719.32635,1.0,911.0093,728.19415,1.0,933.43994,742.8501,1.0,951.5872,757.169,1.0,900.69995,741.9314,1.0,925.8804,760.31525,1.0,944.8888,769.2379,1.0,959.11774,775.9838,1.0,899.7657,751.6045,1.0,923.13684,768.84827,1.0,941.15076,777.0789,1.0,952.7498,784.1979,1.0,900.6712,757.49963,1.0,921.20966,773.8204,1.0,938.1097,781.1243,1.0,949.1258,786.2861,1.0,902.41974,761.9121,1.0,917.5221,776.4059,1.0,928.91284,784.26355,1.0,936.7578,790.23126,1.0
897.5077,260.6872,1.0,898.8075,273.47156,1.0,900.18994,286.76343,1.0,906.277,308.68753,1.0,913.12177,322.1491,1.0,924.4042,336.1077,1.0,933.2528,343.3756,1.0,951.601,353.03247,1.0,978.3756,356.67117,1.0,1003.90533,350.47525,1.0,1019.3471,339.15463,1.0,1026.4407,331.10797,1.0,1035.0828,316.18292,1.0,1042.969,294.82635,1.0,1045.1129,280.50458,1.0,1045.668,267.30905,1.0,1045.712,254.77103,1.0,913.14777,238.70885,1.0,919.53424,231.74393,1.0,929.35284,226.95322,1.0,943.2303,225.1141,1.0,959.5497,225.62381,1.0,991.3778,224.47112,1.0,1006.3634,223.05739,1.0,1018.93134,224.11398,1.0,1028.1953,228.32516,1.0,1033.6195,234.44507,1.0,976.71893,249.41504,1.0,977.5723,261.81726,1.0,978.19415,270.00873,1.0,978.5813,276.79163,1.0,965.5471,288.76343,1.0,969.9287,291.41006,1.0,977.80066,290.75137,1.0,984.7872,290.89423,1.0,988.5668,288.00085,1.0,926.4746,250.67857,1.0,933.9113,245.99486,1.0,945.0071,244.91808,1.0,956.21814,249.91928,1.0,946.904,252.00615,1.0,936.60645,252.9366,1.0,992.17395,249.30396,1.0,1003.12915,243.12935,1.0,1013.9855,243.56491,1.0,1020.22876,247.99525,1.0,1011.0741,250.71638,1.0,1001.2112,250.59361,1.0,954.32166,319.33167,1.0,963.28485,308.5021,1.0,970.70526,304.7568,1.0,977.9886,305.85413,1.0,985.3752,304.49863,1.0,992.45874,308.14737,1.0,1000.1241,319.38367,1.0,997.43,324.30948,1.0,986.2933,329.6443,1.0,977.85925,330.56354,1.0,969.9928,330.17197,1.0,958.01685,324.9251,1.0,957.15186,318.9294,1.0,972.9336,315.12393,1.0,977.7921,315.0583,1.0,983.312,315.08694,1.0,997.42676,318.99094,1.0,983.53485,318.8355,1.0,977.92566,319.0967,1.0,972.541,318.87808,1.0,940.2201,248.5018,1.0,1006.85516,246.46526,1.0,974.7523,296.83423,0.99438405,980.7078,441.36792,0.9988992,827.5142,444.86313,0.9988992,739.23566,684.1986,0.6496099,841.8903,745.0244,0.7684011,1133.9015,437.8727,0.9997221,1205.9604,681.6412,0.8880376,1131.2153,739.94214,0.8704814,979.9065,940.38354,0.9835789,882.1884,943.74976,0.9835789,881.71,1232.2913,0.044906396,870.83026,1573.8046,0.0076300665,1077.6245,937.0173,0.9843449,1087.1466,1279.8796,0.046669967,1059.5355,1593.0931,0.0067412327,942.1062,258.01917,0.9926254,1007.9055,258.2522,0.98756504,915.2925,270.0719,0.9812694,1031.7106,265.9419,0.9932178,1018.6054,1697.1298,0.005981049,1018.6054,1697.1298,0.005981049,1051.0839,1633.1075,0.006342359,909.6284,1682.1135,0.004047398,909.6284,1682.1135,0.004047398,868.5355,1619.6678,0.0057929526,1006.995,798.273,1.0,999.40216,787.2993,1.0,1004.604,795.21643,1.0,1011.73834,814.37054,1.0,1015.5604,832.9113,1.0,1007.88776,821.3274,1.0,1021.8412,850.5383,1.0,1022.3536,858.94183,1.0,1021.2643,861.44403,1.0,1011.6854,839.40173,1.0,1026.6383,873.74536,1.0,1027.7554,880.9299,1.0,1026.629,880.4402,1.0,1013.65247,852.5571,1.0,1029.0441,884.8254,1.0,1030.4354,889.14307,1.0,1030.1035,886.7073,1.0,1014.3955,860.36914,1.0,1028.0997,886.443,1.0,1029.5022,890.27185,1.0,1028.5889,887.51166,1.0,825.2639,793.9706,1.0,857.563,777.97437,1.0,890.2759,781.899,1.0,916.52826,799.6732,1.0,934.69275,816.163,1.0,866.4351,811.49115,1.0,896.18286,838.72,1.0,919.6883,849.6282,1.0,937.77985,855.09735,1.0,855.16705,832.3102,1.0,887.7647,862.8172,1.0,916.4369,875.0327,1.0,936.56366,880.3145,1.0,849.6221,847.1614,1.0,879.09503,877.95105,1.0,902.81335,888.6095,1.0,919.01416,892.3322,1.0,848.5002,855.9096,1.0,871.2749,880.9818,1.0,888.6727,892.28876,1.0,902.8612,897.8327,1.0
897.4641,259.39886,1.0,898.9234,272.1979,1.0,900.24426,285.47134,1.0,905.95636,307.27087,1.0,912.47504,320.53424,1.0,923.3501,334.12103,1.0,932.02,341.2164,1.0,950.2528,350.6639,1.0,976.8895,354.2158,1.0,1002.71246,348.09668,1.0,1018.5398,336.97104,1.0,1025.8114,329.08618,1.0,1034.5289,314.37082,1.0,1042.3762,293.20883,1.0,1044.4227,278.93317,1.0,1044.9288,265.7984,1.0,1045.0162,253.32828,1.0,912.5409,236.96637,1.0,918.903,229.9367,1.0,928.64594,225.08156,1.0,942.4049,223.1109,1.0,958.63245,223.50616,1.0,990.0953,222.2124,1.0,1004.9814,220.99818,1.0,1017.48975,222.25414,1.0,1026.7803,226.62195,1.0,1032.2853,232.77513,1.0,975.5212,247.228,1.0,976.1357,259.57825,1.0,976.66205,267.73248,1.0,976.97186,274.51215,1.0,963.81757,286.53348,1.0,968.2541,289.18005,1.0,976.1885,288.5009,1.0,983.21344,288.6769,1.0,986.99414,285.7773,1.0,925.1626,248.34503,1.0,932.65784,243.49425,1.0,944.0322,242.38167,1.0,955.2228,247.57555,1.0,945.8896,249.67987,1.0,935.4977,250.6009,1.0,991.18427,247.0317,1.0,1002.11505,240.7044,1.0,1013.2156,241.25186,1.0,1019.55725,245.93358,1.0,1010.01556,248.55986,1.0,1000.0403,248.34213,1.0,952.0049,316.71188,1.0,961.2311,305.97833,1.0,968.87164,302.2652,1.0,976.25183,303.38885,1.0,983.8322,302.04657,1.0,991.153,305.73068,1.0,999.6292,316.8092,1.0,996.4175,321.36722,1.0,984.7784,326.32086,1.0,976.3531,327.19064,1.0,968.55475,326.82645,1.0,956.2415,321.91925,1.0,954.672,316.23254,1.0,971.0943,312.8817,1.0,976.0112,312.8722,1.0,981.771,312.86102,1.0,997.0985,316.33997,1.0,982.20294,315.32574,1.0,976.444,315.52655,1.0,971.03455,315.34738,1.0,939.2716,246.08922,1.0,1006.0633,244.15799,1.0,974.585,293.4331,0.99476105,980.60284,441.66663,0.99897754,827.3037,444.9094,0.99897754,729.90515,674.82416,0.6806999,829.4591,775.116,0.7900537,1133.902,438.42386,0.99973315,1206.9115,676.37177,0.8976973,1149.642,777.42645,0.8814726,977.9645,940.898,0.9845797,881.2395,943.8377,0.9845797,881.42175,1236.7177,0.048422683,871.01587,1583.5808,0.008457699,1074.6893,937.9583,0.9851955,1079.522,1291.552,0.047699608,1057.8092,1599.5216,0.007144782,941.8514,255.6414,0.9930419,1006.9985,252.9207,0.9881844,915.2717,268.33905,0.98243856,1030.6597,262.59888,0.99353105,1014.94055,1706.5679,0.006284972,1014.94055,1706.5679,0.006284972,1051.1713,1637.2142,0.006603194,910.0759,1694.4916,0.004418212,910.0759,1694.4916,0.004418212,868.6847,1630.027,0.0062464727,1164.2513,827.0772,1.0,1126.4722,828.94073,1.0,1106.5891,851.4839,1.0,1095.5131,879.3084,1.0,1084.0873,901.85406,1.0,1140.8118,876.7112,1.0,1130.2584,917.30225,1.0,1108.0068,930.51324,1.0,1090.1794,933.6548,1.0,1156.414,887.7469,1.0,1139.8407,934.58075,1.0,1113.6118,948.2601,1.0,1094.5325,950.0785,1.0,1162.7538,893.83563,1.0,1149.0999,938.1402,1.0,1125.2426,950.58,1.0,1107.4478,952.54144,1.0,1163.4474,895.63873,1.0,1153.5775,932.1191,1.0,1135.9321,943.92114,1.0,1120.5693,945.7432,1.0,811.01245,820.5134,1.0,847.9715,812.54517,1.0,878.1618,824.8871,1.0,901.58344,848.34296,1.0,919.26385,866.58,1.0,852.7678,855.82196,1.0,876.8418,888.38965,1.0,898.5897,904.59796,1.0,916.45135,915.72516,1.0,838.8992,871.01855,1.0,867.89856,906.3129,1.0,892.39703,923.71216,1.0,908.65326,934.6545,1.0,830.8905,881.0148,1.0,856.957,915.07416,1.0,877.78076,931.21747,1.0,890.4302,940.47284,1.0,827.6048,885.8363,1.0,847.0539,915.3495,1.0,861.93646,929.95575,1.0,873.3979,939.6874,1.0
897.1659,258.37238,1.0,898.5413,271.277,1.0,899.805,284.6252,1.0,905.3661,306.4901,1.0,911.7695,319.7332,1.0,922.5539,333.23193,1.0,931.2549,340.18198,1.0,949.32153,349.3562,1.0,975.6292,352.81854,1.0,1001.2816,346.95505,1.0,1017.24414,336.10635,1.0,1024.7012,328.3646,1.0,1033.7277,313.84915,1.0,1041.836,292.75842,1.0,1043.9604,278.42163,1.0,1044.5153,265.21414,1.0,1044.6407,252.58943,1.0,912.00385,235.55989,1.0,918.4207,228.52028,1.0,928.3247,223.68262,1.0,942.1019,221.75085,1.0,958.3097,222.12852,1.0,989.5681,220.67416,1.0,1004.48663,219.45694,1.0,1017.01355,220.71129,1.0,1026.3358,225.1377,1.0,1031.8627,231.44672,1.0,974.91956,245.8677,1.0,975.5121,258.18765,1.0,976.00885,266.3434,1.0,976.31506,273.16623,1.0,963.02094,285.22714,1.0,967.46515,287.8625,1.0,975.3711,287.19308,1.0,982.4627,287.40768,1.0,986.318,284.5204,1.0,924.4751,246.96173,1.0,932.12354,242.12244,1.0,943.5374,241.03728,1.0,954.53986,246.22528,1.0,945.26935,248.34425,1.0,934.86786,249.26347,1.0,990.7789,245.77986,1.0,1001.7424,239.44087,1.0,1012.8695,240.01869,1.0,1019.22363,244.79492,1.0,1009.59,247.44748,1.0,999.6317,247.21266,1.0,950.9951,315.0419,1.0,960.4643,304.62152,1.0,968.0621,301.03186,1.0,975.39703,302.16592,1.0,982.9857,300.82858,1.0,990.2119,304.4345,1.0,998.55,315.1838,1.0,995.0494,319.59137,1.0,983.46924,324.2599,1.0,975.236,325.05637,1.0,967.62695,324.74823,1.0,955.47894,320.06006,1.0,953.5625,314.58398,1.0,970.1064,311.38358,1.0,975.0639,311.3908,1.0,980.84515,311.3721,1.0,996.16345,314.69226,1.0,981.2407,313.59323,1.0,975.46,313.73837,1.0,970.0107,313.56897,1.0,938.7981,244.76047,1.0,1005.6228,243.03908,1.0,973.5769,291.32266,0.9951004,980.76483,441.80106,0.9990409,827.0447,444.8889,0.9990409,726.642,673.12354,0.70992327,821.0761,816.4985,0.8087811,1134.485,438.7132,0.9997468,1206.3563,675.0055,0.90723455,1160.8407,813.5032,0.8921384,976.97253,943.2486,0.985542,879.6414,944.68207,0.985542,880.97516,1244.6106,0.05482092,870.99817,1593.7786,0.009732541,1074.3037,941.81506,0.9860756,1079.1166,1305.0005,0.05189103,1057.539,1610.8572,0.007931779,940.58044,253.6813,0.9933582,1005.84515,249.75668,0.98878396,915.1173,266.42792,0.9833202,1030.2819,260.54846,0.9938481,1013.89294,1724.7107,0.006780931,1013.89294,1724.7107,0.006780931,1053.5436,1645.9003,0.0070586777,909.92566,1709.0211,0.0050540636,909.92566,1709.0211,0.0050540636,868.5955,1639.0568,0.0068990123,1167.4885,848.3818,1.0,1131.5273,861.0112,1.0,1115.615,889.55975,1.0,1108.4261,921.24744,1.0,1099.4229,945.3634,1.0,1151.6449,913.28253,1.0,1143.1523,955.9414,1.0,1124.8041,973.13354,1.0,1109.0874,979.37524,1.0,1168.9725,920.9992,1.0,1156.2344,967.7212,1.0,1133.9369,984.2704,1.0,1116.5638,988.69904,1.0,1176.3445,925.3662,1.0,1166.7413,968.2159,1.0,1144.893,983.621,1.0,1127.1682,988.6238,1.0,1177.4424,925.8075,1.0,1170.3597,961.69916,1.0,1153.7073,976.9454,1.0,1138.0607,982.40625,1.0,798.6319,843.2262,1.0,837.09314,844.37744,1.0,864.9845,862.7237,1.0,885.38654,889.2809,1.0,901.8993,909.8886,1.0,836.2302,895.5305,1.0,858.52954,934.7385,1.0,878.79095,954.5564,1.0,895.7136,967.86444,1.0,819.57806,907.77783,1.0,843.31036,949.1599,1.0,865.47546,970.34344,1.0,881.586,984.572,1.0,810.2956,915.49304,1.0,832.14575,953.9481,1.0,850.9659,973.86,1.0,864.17084,986.4123,1.0,806.4769,919.13214,1.0,822.25275,951.51184,1.0,836.2664,968.3865,1.0,848.2317,980.2298,1.0
896.8676,257.3459,1.0,898.1592,270.35614,1.0,899.3658,283.77905,1.0,904.7758,305.70935,1.0,911.0639,318.93216,1.0,921.75775,332.34283,1.0,930.48975,339.14752,1.0,948.39026,348.04852,1.0,974.3689,351.42126,1.0,999.8507,345.81342,1.0,1015.94855,335.24167,1.0,1023.59094,327.643,1.0,1032.9263,313.32748,1.0,1041.2958,292.308,1.0,1043.4982,277.91013,1.0,1044.1018,264.62988,1.0,1044.2654,251.85059,1.0,911.46686,234.15341,1.0,917.93835,227.10385,1.0,928.0034,222.28368,1.0,941.79895,220.39082,1.0,957.98694,220.75087,1.0,989.041,219.13593,1.0,1003.9919,217.91571,1.0,1016.53735,219.16844,1.0,1025.8915,223.65344,1.0,1031.4401,230.11829,1.0,974.3179,244.50742,1.0,974.8885,256.79706,1.0,975.35565,264.95438,1.0,975.65826,271.8203,1.0,962.2243,283.92078,1.0,966.6763,286.54492,1.0,974.5537,285.8853,1.0,981.712,286.13846,1.0,985.64185,283.26346,1.0,923.7876,245.57843,1.0,931.58923,240.75061,1.0,943.04254,239.69289,1.0,953.857,244.87502,1.0,944.6492,247.00864,1.0,934.238,247.92604,1.0,990.37354,244.52802,1.0,1001.36975,238.17732,1.0,1012.5235,238.7855,1.0,1018.88995,243.65627,1.0,1009.1645,246.33511,1.0,999.2232,246.08318,1.0,949.9854,313.3719,1.0,959.6975,303.26468,1.0,967.25244,299.79852,1.0,974.54224,300.94296,1.0,982.13916,299.6106,1.0,989.2708,303.13837,1.0,997.4708,313.5584,1.0,993.6813,317.81552,1.0,982.1601,322.1989,1.0,974.119,322.9221,1.0,966.69916,322.67,1.0,954.7164,318.20087,1.0,952.45294,312.93542,1.0,969.11847,309.88544,1.0,974.11664,309.90942,1.0,979.9194,309.88318,1.0,995.22845,313.0446,1.0,980.27856,311.86075,1.0,974.4761,311.95023,1.0,968.98676,311.79056,1.0,938.3246,243.43172,1.0,1005.1824,241.92018,1.0,971.9102,289.84717,0.9954043,980.88885,442.00757,0.9991038,825.88336,445.12015,0.9991038,727.68427,673.7011,0.7363303,810.2846,848.1991,0.82583445,1135.8943,438.895,0.9997594,1205.0493,675.31476,0.91562974,1170.7802,851.53644,0.900903,977.2815,946.35596,0.98628664,879.6514,947.72156,0.98628664,881.58344,1257.3577,0.0633254,871.3113,1620.0032,0.012477964,1074.9116,944.9904,0.9867074,1080.3966,1314.6543,0.063505545,1058.9995,1632.5013,0.0102178175,939.0173,252.96643,0.99362165,1004.0585,247.79999,0.9892692,915.0338,265.4787,0.9840685,1029.8184,259.2563,0.9941163,1016.0462,1751.651,0.008348543,1016.0462,1751.651,0.008348543,1057.3605,1669.3401,0.008228919,905.25684,1739.6317,0.0066814655,905.25684,1739.6317,0.0066814655,869.7727,1668.8403,0.00826582,1170.6923,870.71027,1.0,1134.5591,891.204,1.0,1120.4824,922.1719,1.0,1115.8978,953.4732,1.0,1109.4084,977.52515,1.0,1157.2703,945.6927,1.0,1150.0469,988.7276,1.0,1135.6797,1007.0181,1.0,1122.9006,1016.95447,1.0,1175.597,950.2963,1.0,1165.2516,996.59796,1.0,1147.5764,1017.09924,1.0,1132.5795,1027.8322,1.0,1184.8689,952.0312,1.0,1175.9954,993.5048,1.0,1158.2096,1012.34937,1.0,1142.6908,1022.13025,1.0,1187.1543,951.1938,1.0,1180.3188,985.6404,1.0,1167.301,1003.0803,1.0,1154.1998,1012.1427,1.0,792.27454,865.45984,1.0,831.6523,874.19135,1.0,854.9486,898.224,1.0,871.3225,926.2512,1.0,887.1259,946.39966,1.0,824.58386,932.49603,1.0,845.40594,969.8518,1.0,860.75055,990.4391,1.0,874.2772,1006.73004,1.0,807.09576,942.54803,1.0,831.7989,981.9345,1.0,850.1206,1004.7062,1.0,864.38605,1021.90906,1.0,796.6136,946.9313,1.0,817.72046,984.6984,1.0,834.4418,1006.8291,1.0,848.1813,1022.18695,1.0,792.6774,947.7976,1.0,805.3777,980.09076,1.0,817.4316,998.3838,1.0,829.2573,1012.2288,1.0
896.56934,256.3194,1.0,897.7771,269.43527,1.0,898.9266,282.93292,1.0,904.1856,304.9286,1.0,910.35834,318.13113,1.0,920.96155,331.45374,1.0,929.7247,338.11307,1.0,947.459,346.7408,1.0,973.1085,350.02402,1.0,998.41986,344.67178,1.0,1014.65295,334.37698,1.0,1022.4808,326.92145,1.0,1032.1249,312.80582,1.0,1040.7555,291.8576,1.0,1043.0359,277.3986,1.0,1043.6884,264.04562,1.0,1043.8899,251.11176,1.0,910.9298,232.74693,1.0,917.45605,225.68742,1.0,927.6822,220.88474,1.0,941.496,219.03078,1.0,957.6641,219.37321,1.0,988.51385,217.59769,1.0,1003.49713,216.37447,1.0,1016.06116,217.62561,1.0,1025.4471,222.16919,1.0,1031.0175,228.78987,1.0,973.71625,243.14713,1.0,974.2649,255.40645,1.0,974.7025,263.5653,1.0,975.00146,270.4744,1.0,961.4277,282.61444,1.0,965.8874,285.2274,1.0,973.7363,284.5775,1.0,980.96124,284.86923,1.0,984.9657,282.00653,1.0,923.1001,244.19511,1.0,931.05493,239.3788,1.0,942.54767,238.3485,1.0,953.1741,243.52475,1.0,944.02893,245.67302,1.0,933.6081,246.58861,1.0,989.96814,243.27618,1.0,1000.9971,236.91379,1.0,1012.1775,237.55234,1.0,1018.5563,242.51762,1.0,1008.739,245.22275,1.0,998.81464,244.9537,1.0,948.97565,311.7019,1.0,958.9307,301.90787,1.0,966.4429,298.56516,1.0,973.68744,299.72003,1.0,981.29266,298.39264,1.0,988.32965,301.8422,1.0,996.3916,311.93298,1.0,992.3131,316.0397,1.0,980.8509,320.13794,1.0,973.00195,320.7878,1.0,965.77136,320.59177,1.0,953.9538,316.34167,1.0,951.34344,311.28687,1.0,968.13055,308.3873,1.0,973.1693,308.42804,1.0,978.9935,308.39426,1.0,994.2934,311.39688,1.0,979.3164,310.12823,1.0,973.4922,310.16205,1.0,967.9629,310.01215,1.0,937.85114,242.10298,1.0,1004.74194,240.80127,1.0,971.3705,289.48413,0.9957132,980.50885,442.3829,0.9991624,824.78894,445.49823,0.9991624,731.20374,674.85785,0.76073664,800.414,872.536,0.8412904,1136.2289,439.26755,0.9997672,1203.3429,675.1656,0.92313635,1176.0431,874.4486,0.90811634,977.4199,953.8994,0.9871278,879.7697,954.5295,0.9871278,880.82086,1270.4965,0.07440578,869.2072,1644.6932,0.016043846,1075.0701,953.26935,0.98742926,1079.2119,1324.2325,0.076576486,1055.5763,1659.9312,0.012593236,938.56903,252.17929,0.9939471,1003.61804,248.04974,0.9897419,914.92065,264.54062,0.9849686,1029.3573,259.21277,0.99435085,1011.5713,1780.2802,0.00982903,1011.5713,1780.2802,0.00982903,1055.8109,1698.5353,0.009274958,892.34076,1761.6082,0.008663932,892.34076,1761.6082,0.008663932,868.90314,1696.4847,0.009817237,1173.3809,894.8354,1.0,1137.7837,914.8271,1.0,1125.5381,947.15454,1.0,1122.3265,976.9348,1.0,1115.2484,1000.1804,1.0,1161.2776,971.21106,1.0,1153.8379,1012.988,1.0,1140.595,1030.1968,1.0,1129.0695,1040.0353,1.0,1179.62,974.3147,1.0,1169.7787,1019.7846,1.0,1154.1965,1040.4565,1.0,1140.7412,1051.3241,1.0,1188.888,974.56555,1.0,1180.5757,1015.4246,1.0,1165.175,1035.2311,1.0,1151.2662,1047.2186,1.0,1191.7068,972.8577,1.0,1185.311,1006.00653,1.0,1174.1212,1023.7779,1.0,1162.3406,1034.379,1.0,789.45416,888.7854,1.0,826.80585,899.59814,1.0,847.2353,923.05493,1.0,860.85046,951.4256,1.0,873.69934,971.515,1.0,816.37555,959.42035,1.0,832.7784,997.9688,1.0,844.8258,1018.86224,1.0,854.32367,1035.7665,1.0,798.59436,967.5042,1.0,817.24414,1006.7477,1.0,831.78015,1030.3954,1.0,842.2828,1048.3801,1.0,787.66675,969.89746,1.0,803.8545,1006.1888,1.0,816.75336,1028.1002,1.0,826.8803,1043.7319,1.0,783.05206,969.23224,1.0,792.4155,999.2324,1.0,802.06555,1017.7879,1.0,810.82904,1032.2955,1.0
896.51697,255.84761,1.0,897.70447,268.95023,1.0,898.8089,282.4163,1.0,903.9611,304.3622,1.0,910.062,317.52087,1.0,920.67725,330.7088,1.0,929.54865,337.25482,1.0,947.298,345.72958,1.0,972.878,348.9384,1.0,998.09235,343.60464,1.0,1014.3435,333.411,1.0,1022.34015,326.01965,1.0,1032.0325,312.04266,1.0,1040.5864,291.21817,1.0,1042.9265,276.83966,1.0,1043.591,263.5392,1.0,1043.7562,250.65273,1.0,910.71893,232.2695,1.0,917.20874,225.22823,1.0,927.3893,220.44138,1.0,941.1893,218.60727,1.0,957.3865,218.97209,1.0,988.43604,217.25809,1.0,1003.41974,216.04951,1.0,1016.02057,217.29823,1.0,1025.3834,221.8048,1.0,1030.9266,228.39754,1.0,973.435,242.62442,1.0,973.87134,254.82816,1.0,974.2646,262.9567,1.0,974.5078,269.82336,1.0,961.0757,281.8875,1.0,965.4731,284.50546,1.0,973.3218,283.85654,1.0,980.51794,284.14218,1.0,984.5295,281.30576,1.0,923.06445,243.57062,1.0,930.9589,238.7688,1.0,942.4632,237.75525,1.0,953.0478,242.99887,1.0,943.85205,245.10213,1.0,933.4669,245.9599,1.0,989.77295,242.81076,1.0,1000.861,236.45337,1.0,1011.9914,237.13054,1.0,1018.30316,242.11508,1.0,1008.5514,244.75922,1.0,998.6197,244.4844,1.0,948.63043,310.75632,1.0,958.6942,301.32532,1.0,966.1046,298.08313,1.0,973.3134,299.22855,1.0,980.8082,297.89944,1.0,987.79974,301.23508,1.0,996.20746,310.85867,1.0,991.9801,314.834,1.0,980.4894,318.80878,1.0,972.7573,319.4622,1.0,965.578,319.2727,1.0,953.75366,315.21396,1.0,950.96875,310.35077,1.0,967.756,307.55795,1.0,972.80286,307.55502,1.0,978.6066,307.51132,1.0,994.166,310.35028,1.0,978.9714,309.11536,1.0,973.2143,309.16083,1.0,967.63574,309.02,1.0,937.80176,241.47914,1.0,1004.4674,240.31969,1.0,971.4314,288.99368,0.9958029,979.9774,442.8081,0.99920374,823.4081,445.9794,0.99920374,734.8664,676.90967,0.7826491,794.2873,890.814,0.85523057,1136.5468,439.6368,0.99976945,1202.7177,675.73883,0.9298851,1177.9991,892.90546,0.9151349,977.08527,959.5377,0.98777616,879.46985,959.93365,0.98777616,878.88043,1285.0027,0.086818196,868.9543,1664.028,0.018957837,1074.7007,959.14185,0.9879879,1081.5027,1332.9448,0.08583196,1058.1151,1678.4489,0.013914875,938.6222,251.08258,0.99384296,1003.6622,247.79163,0.9894249,914.70905,263.51117,0.9850214,1028.9895,258.71423,0.9941521,1014.59827,1799.1647,0.010524676,1014.59827,1799.1647,0.010524676,1059.0309,1718.7872,0.009654541,890.84143,1781.1873,0.010104061,890.84143,1781.1873,0.010104061,868.858,1716.0448,0.010740603,1173.2805,910.7984,1.0,1138.4103,928.9877,1.0,1126.5057,960.77966,1.0,1123.9656,990.4983,1.0,1118.1584,1013.41907,1.0,1163.5155,986.41583,1.0,1155.3267,1027.0022,1.0,1142.2474,1043.7795,1.0,1130.4674,1053.1809,1.0,1181.806,988.7662,1.0,1173.2799,1032.3285,1.0,1159.2073,1052.881,1.0,1146.5696,1064.6057,1.0,1190.4591,987.77295,1.0,1183.431,1026.5254,1.0,1170.011,1046.2094,1.0,1157.5171,1059.4065,1.0,1192.399,984.82056,1.0,1186.9012,1016.63776,1.0,1177.6768,1033.9171,1.0,1167.4408,1044.9464,1.0,785.37415,907.1211,1.0,822.7401,917.51544,1.0,841.5484,942.0083,1.0,852.8243,970.0071,1.0,864.9211,989.3219,1.0,808.63257,978.3204,1.0,824.12006,1017.42456,1.0,835.2353,1038.9514,1.0,844.098,1056.5442,1.0,791.50287,984.6699,1.0,808.92206,1024.455,1.0,821.4321,1048.166,1.0,830.5523,1066.6238,1.0,781.8246,985.4849,1.0,796.3701,1022.23914,1.0,806.7776,1045.0215,1.0,815.1887,1062.3037,1.0,777.9705,984.1899,1.0,785.08136,1013.52155,1.0,792.2336,1031.5247,1.0,798.76544,1046.0785,1.0
896.46454,255.37581,1.0,897.6319,268.4652,1.0,898.6913,281.89966,1.0,903.7366,303.7958,1.0,909.7657,316.9106,1.0,920.393,329.9639,1.0,929.3726,336.39655,1.0,947.1369,344.71835,1.0,972.64746,347.85275,1.0,997.76483,342.5375,1.0,1014.03406,332.44507,1.0,1022.1996,325.11786,1.0,1031.94,311.2795,1.0,1040.4174,290.5787,1.0,1042.8171,276.28073,1.0,1043.4935,263.0328,1.0,1043.6226,250.1937,1.0,910.50806,231.79207,1.0,916.96136,224.76903,1.0,927.0964,219.998,1.0,940.8826,218.18376,1.0,957.1088,218.57097,1.0,988.3582,216.91847,1.0,1003.34235,215.72456,1.0,1015.98,216.97086,1.0,1025.3198,221.4404,1.0,1030.8357,228.0052,1.0,973.1537,242.10172,1.0,973.4778,254.24985,1.0,973.82666,262.3481,1.0,974.01416,269.17233,1.0,960.7237,281.16058,1.0,965.0587,283.78354,1.0,972.90717,283.13553,1.0,980.0747,283.41513,1.0,984.09326,280.60495,1.0,923.02875,242.94612,1.0,930.8629,238.15878,1.0,942.3787,237.16202,1.0,952.9216,242.47298,1.0,943.6751,244.53123,1.0,933.32574,245.3312,1.0,989.5777,242.34534,1.0,1000.7249,235.99297,1.0,1011.8053,236.70874,1.0,1018.05005,241.71255,1.0,1008.3638,244.29568,1.0,998.42474,244.01512,1.0,948.2853,309.81073,1.0,958.4577,300.74277,1.0,965.7664,297.6011,1.0,972.93945,298.73706,1.0,980.3238,297.40622,1.0,987.2698,300.62796,1.0,996.02325,309.7844,1.0,991.6471,313.62836,1.0,980.1278,317.47964,1.0,972.5127,318.1366,1.0,965.38464,317.95367,1.0,953.5535,314.08624,1.0,950.59406,309.41467,1.0,967.3814,306.72864,1.0,972.43634,306.68198,1.0,978.21967,306.62836,1.0,994.03864,309.30368,1.0,978.6264,308.10245,1.0,972.9364,308.15964,1.0,967.30865,308.02783,1.0,937.75244,240.8553,1.0,1004.19293,239.83812,1.0,971.0644,288.5154,0.99601513,979.6301,443.07443,0.99924624,822.6276,446.30634,0.99924624,736.82776,681.9422,0.8027564,790.4615,902.1593,0.8683647,1136.6326,439.84253,0.9997712,1201.7688,677.1823,0.93596256,1179.3397,903.83185,0.92150486,977.9401,961.9544,0.98839587,879.86926,962.2804,0.98839587,878.77637,1288.9248,0.09653969,865.78235,1670.4678,0.021822318,1076.011,961.62836,0.9884987,1082.4619,1335.9285,0.092885,1058.0249,1683.8944,0.015070195,938.35895,249.93814,0.9940204,1003.36383,247.71252,0.9896011,914.174,262.82205,0.98554844,1028.7596,258.41946,0.99420875,1017.2754,1810.8551,0.0110937115,1017.2754,1810.8551,0.0110937115,1058.861,1723.9497,0.010079293,884.9956,1791.5607,0.011431186,884.9956,1791.5607,0.011431186,865.9777,1722.6635,0.011823949,1175.2073,919.2721,1.0,1139.621,936.60706,1.0,1127.4087,969.043,1.0,1124.3364,998.71967,1.0,1119.0269,1020.70685,1.0,1163.5813,995.879,1.0,1156.1354,1035.397,1.0,1144.7024,1052.0035,1.0,1134.2283,1061.8877,1.0,1181.0962,997.81323,1.0,1173.7158,1039.8693,1.0,1161.184,1058.8687,1.0,1149.6332,1070.5676,1.0,1189.2755,996.62213,1.0,1182.5934,1034.6554,1.0,1170.2051,1052.8975,1.0,1158.7183,1065.4052,1.0,1190.3422,993.8248,1.0,1184.449,1025.5563,1.0,1175.2828,1042.5255,1.0,1165.3226,1053.7593,1.0,781.90424,920.4016,1.0,818.3981,931.1469,1.0,836.81366,957.5613,1.0,848.0002,985.8039,1.0,858.7129,1005.07074,1.0,803.3394,992.1612,1.0,819.04315,1030.9609,1.0,829.4101,1053.941,1.0,837.07605,1072.8423,1.0,787.6762,998.3508,1.0,803.2078,1041.8818,1.0,813.8202,1069.7501,1.0,820.618,1091.847,1.0,779.70624,998.8528,1.0,792.0412,1037.4043,1.0,800.48395,1064.3469,1.0,807.0105,1084.4958,1.0,777.7371,996.6526,1.0,783.8942,1026.0245,1.0,790.0375,1045.0688,1.0,795.4721,1059.9087,1.0
896.4121,254.90402,1.0,897.55927,267.9802,1.0,898.57367,281.38303,1.0,903.5121,303.2294,1.0,909.46936,316.30035,1.0,920.1087,329.21896,1.0,929.1966,335.53827,1.0,946.9759,343.70712,1.0,972.41693,346.76712,1.0,997.4373,341.47037,1.0,1013.7247,331.4791,1.0,1022.059,324.21606,1.0,1031.8474,310.51633,1.0,1040.2483,289.93927,1.0,1042.7078,275.72177,1.0,1043.3962,262.52637,1.0,1043.489,249.73468,1.0,910.2972,231.31462,1.0,916.71405,224.30983,1.0,926.8035,219.55463,1.0,940.5759,217.76024,1.0,956.8311,218.16983,1.0,988.28046,216.57887,1.0,1003.265,215.39961,1.0,1015.93933,216.64348,1.0,1025.2561,221.07602,1.0,1030.7448,227.61287,1.0,972.8724,241.57903,1.0,973.0842,253.67155,1.0,973.38873,261.7395,1.0,973.5205,268.5213,1.0,960.3717,280.43362,1.0,964.6444,283.0616,1.0,972.49255,282.41455,1.0,979.6314,282.68808,1.0,983.65704,279.90417,1.0,922.99304,242.32162,1.0,930.7669,237.54878,1.0,942.29425,236.56877,1.0,952.79535,241.9471,1.0,943.49817,243.96034,1.0,933.1845,244.70251,1.0,989.3825,241.87991,1.0,1000.58887,235.53255,1.0,1011.61926,236.28693,1.0,1017.79694,241.31001,1.0,1008.17615,243.83217,1.0,998.2298,243.54582,1.0,947.94006,308.8651,1.0,958.2212,300.16022,1.0,965.42816,297.11905,1.0,972.5655,298.24557,1.0,979.8394,296.91302,1.0,986.73987,300.0208,1.0,995.8391,308.71008,1.0,991.314,312.42267,1.0,979.7663,316.1505,1.0,972.26807,316.811,1.0,965.1912,316.6346,1.0,953.3534,312.95853,1.0,950.2194,308.47858,1.0,967.00684,305.8993,1.0,972.0699,305.80896,1.0,977.83276,305.74542,1.0,993.9112,308.2571,1.0,978.28143,307.08954,1.0,972.6585,307.15842,1.0,966.9815,307.03568,1.0,937.7031,240.23146,1.0,1003.9184,239.35654,1.0,970.3495,287.622,0.99621016,979.3345,443.10736,0.9992855,822.0849,446.3198,0.9992855,740.33356,683.7369,0.82091445,787.78595,909.03723,0.880021,1136.5841,439.89493,0.9997654,1199.512,679.6778,0.94104403,1180.2948,916.74915,0.9254422,978.48193,960.9974,0.9891268,880.6999,961.4668,0.9891331,880.5144,1291.1904,0.11004715,867.3936,1667.2288,0.025659792,1076.2639,960.52795,0.9891268,1083.6515,1333.5999,0.10207325,1065.4877,1680.5243,0.016953971,937.86554,248.73155,0.9942017,1002.9769,247.3273,0.9897459,913.65326,262.1045,0.9861123,1028.572,258.02097,0.9941968,1036.3903,1809.4194,0.012092825,1036.3903,1809.4194,0.012092825,1065.1233,1721.2009,0.0107628545,886.13776,1790.8778,0.013191632,886.13776,1790.8778,0.013191632,868.0315,1717.9692,0.013126099,1175.3286,924.86255,1.0,1140.2356,942.8783,1.0,1127.8207,974.3852,1.0,1123.7767,1003.62616,1.0,1118.1841,1025.4722,1.0,1163.1543,1001.3551,1.0,1155.0156,1041.074,1.0,1143.1917,1057.555,1.0,1132.7588,1067.6837,1.0,1180.3494,1002.31775,1.0,1171.8027,1044.8801,1.0,1158.9667,1064.2323,1.0,1147.6067,1076.1522,1.0,1188.5068,999.7924,1.0,1180.8528,1036.866,1.0,1168.6525,1055.4158,1.0,1157.2576,1068.0433,1.0,1190.0677,995.6855,1.0,1184.4806,1026.4767,1.0,1176.1559,1042.9996,1.0,1166.6964,1053.8237,1.0,781.2076,928.8327,1.0,816.0877,940.9161,1.0,833.04126,968.8751,1.0,843.5479,997.8964,1.0,853.20233,1017.06946,1.0,800.45404,1002.9196,1.0,815.52277,1043.6926,1.0,825.80475,1067.735,1.0,833.73285,1086.8918,1.0,784.5023,1008.24884,1.0,798.95374,1050.4292,1.0,810.3223,1075.6731,1.0,818.4622,1094.8777,1.0,776.4977,1008.22595,1.0,787.3508,1046.1805,1.0,797.2059,1070.0934,1.0,804.9335,1087.9425,1.0,775.47217,1006.2595,1.0,781.8956,1037.2091,1.0,788.6507,1056.3633,1.0,794.87775,1071.6383,1.0
896.3642,254.32983,1.0,897.41705,267.38147,1.0,898.34766,280.80774,1.0,903.21857,302.6654,1.0,909.1608,315.7324,1.0,919.76807,328.69672,1.0,928.8623,335.11594,1.0,946.86884,343.36676,1.0,972.55414,346.45743,1.0,997.7171,341.25436,1.0,1014.2143,331.35248,1.0,1022.55054,324.06787,1.0,1032.1879,310.2919,1.0,1040.347,289.67276,1.0,1042.675,275.4159,1.0,1043.2362,262.2175,1.0,1043.3423,249.46019,1.0,910.31647,230.85873,1.0,916.73737,223.8298,1.0,926.7749,219.03021,1.0,940.55994,217.1825,1.0,956.8146,217.57838,1.0,988.29065,216.02742,1.0,1003.25934,214.92468,1.0,1015.78906,216.3024,1.0,1025.0297,220.8479,1.0,1030.5076,227.42307,1.0,972.93726,241.32732,1.0,973.1863,253.44153,1.0,973.5187,261.4762,1.0,973.69183,268.25748,1.0,960.3587,280.2141,1.0,964.7203,282.785,1.0,972.65533,282.15042,1.0,979.89087,282.37537,1.0,983.8505,279.61044,1.0,922.91534,242.18047,1.0,930.68604,237.33954,1.0,942.2736,236.37686,1.0,952.89404,241.82317,1.0,943.51843,243.82791,1.0,933.11865,244.56444,1.0,989.3852,241.65141,1.0,1000.5501,235.30457,1.0,1011.53564,236.05836,1.0,1017.69275,241.12575,1.0,1008.0942,243.58006,1.0,998.1975,243.25977,1.0,947.7241,308.36823,1.0,958.1637,299.6097,1.0,965.5617,296.55487,1.0,972.7542,297.6314,1.0,980.15546,296.3459,1.0,987.12115,299.4358,1.0,996.22205,308.16113,1.0,991.62445,311.91495,1.0,980.10223,315.64328,1.0,972.51715,316.2903,1.0,965.3951,316.1007,1.0,953.3509,312.42053,1.0,950.02637,307.94452,1.0,967.0922,305.45374,1.0,972.3411,305.35492,1.0,978.1946,305.30966,1.0,994.2936,307.68204,1.0,978.61505,306.49356,1.0,972.89954,306.5753,1.0,967.13086,306.43402,1.0,937.6839,240.02,1.0,1003.9059,239.07191,1.0,969.1975,287.68604,0.9964031,979.0796,443.10403,0.9993204,821.74554,446.22525,0.9993204,745.58624,685.42236,0.83669835,785.1872,913.9743,0.8901211,1136.4137,439.98282,0.999766,1197.6215,681.77655,0.9458536,1181.0265,919.8549,0.9299889,978.4963,960.2854,0.98954743,880.7313,960.80743,0.98967075,884.4095,1289.7845,0.11438466,872.63184,1661.5715,0.026484609,1076.2612,959.7633,0.98954743,1086.5597,1330.6539,0.101283595,1072.0244,1672.2273,0.016911529,937.19824,248.67467,0.9943633,1002.2731,247.50343,0.989962,913.151,261.85333,0.9865227,1028.1335,257.96472,0.9942173,1041.5006,1798.4065,0.011928405,1041.5006,1798.4065,0.011928405,1071.7085,1712.3279,0.010646215,892.9247,1782.9258,0.013544583,892.9247,1782.9258,0.013544583,873.0406,1712.5559,0.013479193,1176.2009,927.58746,1.0,1141.443,945.16516,1.0,1129.6611,978.3725,1.0,1124.9221,1006.5089,1.0,1118.8536,1027.4677,1.0,1163.0645,1004.866,1.0,1153.8446,1042.3297,1.0,1141.9829,1058.4796,1.0,1131.9878,1068.8755,1.0,1179.6139,1005.54047,1.0,1171.3252,1044.71,1.0,1159.5039,1063.8357,1.0,1149.6443,1076.1334,1.0,1187.409,1002.78394,1.0,1179.5555,1037.3215,1.0,1168.4187,1055.0176,1.0,1158.2562,1068.1959,1.0,1188.3312,998.66956,1.0,1182.5663,1028.0472,1.0,1174.9905,1044.3103,1.0,1166.8296,1055.4763,1.0,780.95844,934.55084,1.0,815.4773,949.48425,1.0,831.1004,978.85254,1.0,841.883,1006.5611,1.0,850.2471,1025.8676,1.0,798.4969,1011.4831,1.0,813.02014,1050.9305,1.0,822.67865,1073.1644,1.0,829.7596,1090.7249,1.0,783.37415,1014.8359,1.0,795.76984,1055.2495,1.0,806.004,1077.89,1.0,812.9071,1094.8456,1.0,776.23645,1012.64624,1.0,785.73914,1047.7736,1.0,794.1481,1068.7559,1.0,800.56915,1084.6647,1.0,775.8508,1008.972,1.0,780.52655,1037.5732,1.0,786.22363,1054.9359,1.0,791.378,1068.3265,1.0
896.3163,253.75565,1.0,897.2748,266.78278,1.0,898.12164,280.23248,1.0,902.92505,302.1014,1.0,908.85223,315.16443,1.0,919.4274,328.17447,1.0,928.528,334.6936,1.0,946.7617,343.0264,1.0,972.6914,346.14774,1.0,997.9968,341.03836,1.0,1014.704,331.2259,1.0,1023.04205,323.91965,1.0,1032.5283,310.06747,1.0,1040.4458,289.40625,1.0,1042.6423,275.11,1.0,1043.0763,261.90863,1.0,1043.1956,249.18568,1.0,910.33575,230.40286,1.0,916.76074,223.34978,1.0,926.74634,218.50578,1.0,940.54395,216.60477,1.0,956.7981,216.98692,1.0,988.3009,215.47598,1.0,1003.2537,214.44975,1.0,1015.6388,215.9613,1.0,1024.8031,220.61978,1.0,1030.2703,227.23325,1.0,973.00214,241.07559,1.0,973.2883,253.2115,1.0,973.6487,261.21292,1.0,973.86316,267.99362,1.0,960.3457,279.99463,1.0,964.7962,282.50836,1.0,972.8181,281.8863,1.0,980.15027,282.06265,1.0,984.044,279.3167,1.0,922.8376,242.03929,1.0,930.6052,237.13031,1.0,942.253,236.18495,1.0,952.99274,241.69923,1.0,943.5387,243.69548,1.0,933.05273,244.42638,1.0,989.3879,241.42293,1.0,1000.5113,235.07658,1.0,1011.452,235.82979,1.0,1017.5886,240.9415,1.0,1008.0122,243.32796,1.0,998.1652,242.97372,1.0,947.5082,307.8713,1.0,958.1062,299.0592,1.0,965.6953,295.99072,1.0,972.943,297.01724,1.0,980.47156,295.77872,1.0,987.5025,298.85077,1.0,996.605,307.6122,1.0,991.9349,311.40723,1.0,980.4381,315.13608,1.0,972.7663,315.76962,1.0,965.59894,315.5668,1.0,953.3484,311.88254,1.0,949.8334,307.41046,1.0,967.1776,305.0082,1.0,972.61237,304.90088,1.0,978.55634,304.87393,1.0,994.6759,307.10696,1.0,978.9487,305.89755,1.0,973.1406,305.99213,1.0,967.28015,305.83237,1.0,937.6646,239.80856,1.0,1003.8933,238.78731,1.0,968.07886,287.50674,0.9965047,978.9365,443.1529,0.9993505,821.57477,446.30414,0.9993505,752.10657,689.8687,0.8512436,784.4947,921.71027,0.89938474,1136.2983,440.00165,0.999766,1195.0027,683.0146,0.95023143,1181.3954,917.49963,0.9342105,978.42804,959.7973,0.99003285,880.70685,960.38586,0.9902463,884.3614,1289.4261,0.12862939,872.53314,1660.221,0.03001242,1076.1492,959.2088,0.99003285,1086.5491,1329.1469,0.10966142,1071.4126,1668.6954,0.018185128,936.4784,248.59058,0.99439055,1001.6105,247.54591,0.98992497,912.6404,261.68912,0.98674595,1027.9406,258.00024,0.9941592,1039.36,1795.109,0.012520438,1039.36,1795.109,0.012520438,1070.9312,1708.483,0.011048797,891.95935,1782.5986,0.0150992,891.95935,1782.5986,0.0150992,872.90326,1710.3428,0.014707329,1177.8579,928.81525,1.0,1143.1721,945.0419,1.0,1130.9044,978.67816,1.0,1125.7296,1006.51935,1.0,1119.2838,1028.3717,1.0,1162.7333,1004.6253,1.0,1156.2328,1043.5912,1.0,1144.1589,1060.6344,1.0,1133.2821,1070.8003,1.0,1177.8401,1005.8223,1.0,1170.7104,1046.3004,1.0,1157.8914,1065.7721,1.0,1146.4476,1077.2534,1.0,1184.3389,1003.75964,1.0,1176.7294,1038.6936,1.0,1165.1866,1056.2834,1.0,1154.0216,1068.8707,1.0,1184.4155,1000.362,1.0,1177.7543,1029.2065,1.0,1168.9266,1045.0225,1.0,1159.1647,1055.4647,1.0,783.3266,939.1113,1.0,815.85077,954.3824,1.0,831.35803,983.0831,1.0,842.15094,1009.94525,1.0,849.98926,1030.0553,1.0,800.6466,1015.996,1.0,814.3023,1055.244,1.0,824.17255,1075.3082,1.0,832.32825,1090.1787,1.0,786.5365,1018.3447,1.0,799.13696,1058.1265,1.0,810.4458,1078.4493,1.0,818.6998,1092.6532,1.0,780.1581,1015.85315,1.0,790.7584,1050.1858,1.0,800.4519,1069.5139,1.0,808.3405,1083.2465,1.0,780.0892,1012.19495,1.0,786.83,1040.5721,1.0,794.3517,1057.4447,1.0,801.51276,1069.0817,1.0
896.2684,253.18146,1.0,897.13257,266.18405,1.0,897.8956,279.65723,1.0,902.6315,301.5374,1.0,908.54364,314.5965,1.0,919.0868,327.65222,1.0,928.1937,334.27127,1.0,946.65466,342.68604,1.0,972.8286,345.83804,1.0,998.2766,340.82236,1.0,1015.1936,331.09927,1.0,1023.53357,323.77145,1.0,1032.8688,309.84302,1.0,1040.5446,289.13974,1.0,1042.6096,274.80408,1.0,1042.9164,261.59976,1.0,1043.049,248.9112,1.0,910.35504,229.94698,1.0,916.7841,222.86975,1.0,926.7178,217.98135,1.0,940.528,216.02702,1.0,956.78156,216.39548,1.0,988.31116,214.92453,1.0,1003.24805,213.97482,1.0,1015.4885,215.62021,1.0,1024.5767,220.39165,1.0,1030.0331,227.04344,1.0,973.067,240.82388,1.0,973.3904,252.98148,1.0,973.7786,260.94962,1.0,974.03455,267.7298,1.0,960.3327,279.77512,1.0,964.87213,282.23175,1.0,972.9809,281.62216,1.0,980.4097,281.74994,1.0,984.2375,279.02298,1.0,922.7599,241.89813,1.0,930.52435,236.92108,1.0,942.23236,235.99306,1.0,953.09143,241.57532,1.0,943.55896,243.56306,1.0,932.9868,244.28831,1.0,989.3906,241.19444,1.0,1000.47253,234.84859,1.0,1011.3684,235.60121,1.0,1017.48444,240.75723,1.0,1007.9302,243.07585,1.0,998.13293,242.68768,1.0,947.29224,307.3744,1.0,958.04865,298.5087,1.0,965.82886,295.42654,1.0,973.1318,296.40305,1.0,980.78766,295.21158,1.0,987.8838,298.26575,1.0,996.98785,307.0633,1.0,992.24524,310.89948,1.0,980.77405,314.62885,1.0,973.0154,315.24893,1.0,965.80286,315.0329,1.0,953.3458,311.34454,1.0,949.6403,306.8764,1.0,967.26294,304.56265,1.0,972.8836,304.44687,1.0,978.91815,304.43817,1.0,995.0583,306.5319,1.0,979.28235,305.30157,1.0,973.38165,305.40897,1.0,967.4295,305.23068,1.0,937.6453,239.5971,1.0,1003.88074,238.50269,1.0,967.50916,287.42453,0.9966623,978.6406,443.25833,0.9993799,821.1577,446.4945,0.9993799,759.74493,692.76056,0.864797,784.1215,922.5464,0.90833473,1136.1235,440.0222,0.9997707,1193.172,683.7419,0.9546149,1181.0671,919.016,0.93939924,978.5538,959.684,0.9904784,880.9477,960.30383,0.990733,883.9361,1290.0197,0.14622231,872.85986,1660.474,0.034721147,1076.1598,959.0642,0.9904784,1086.655,1327.9364,0.12539785,1070.7714,1667.2219,0.021144621,936.0509,248.62094,0.99455696,1001.0062,247.65286,0.99019504,912.2839,261.66922,0.9872494,1027.7897,258.0764,0.9943168,1037.9358,1794.1624,0.014238769,1037.9358,1794.1624,0.014238769,1070.1923,1707.2283,0.01208899,891.7349,1784.7312,0.017479477,891.7349,1784.7312,0.017479477,874.0838,1709.67,0.016507909,1177.5797,928.3608,1.0,1143.3026,944.3287,1.0,1130.7495,976.93976,1.0,1126.4061,1004.9248,1.0,1119.9961,1027.0717,1.0,1161.9915,1002.98285,1.0,1156.6835,1041.7766,1.0,1145.7405,1059.3613,1.0,1135.7155,1070.0763,1.0,1177.3318,1003.94507,1.0,1171.0134,1043.6296,1.0,1159.6721,1063.6658,1.0,1149.1974,1076.3381,1.0,1184.2181,1001.974,1.0,1176.688,1035.7789,1.0,1166.2587,1053.7722,1.0,1156.1571,1067.1777,1.0,1184.769,998.7716,1.0,1178.4438,1027.1599,1.0,1170.1078,1043.144,1.0,1161.1299,1053.9874,1.0,784.41534,938.584,1.0,816.728,954.1412,1.0,831.78625,982.359,1.0,842.79004,1009.0351,1.0,850.7929,1028.8075,1.0,801.2972,1013.77997,1.0,816.9342,1052.813,1.0,827.3546,1074.7039,1.0,835.3173,1091.8325,1.0,788.48364,1016.56744,1.0,802.7419,1056.0264,1.0,812.7664,1078.0104,1.0,819.76807,1095.8054,1.0,783.29083,1015.0339,1.0,795.48486,1049.6041,1.0,804.97876,1070.6516,1.0,812.44147,1087.3107,1.0,784.74664,1012.72705,1.0,793.47217,1041.4292,1.0,802.02344,1059.3566,1.0,809.70605,1073.2544,1.0
896.18463,253.49034,1.0,897.17194,266.4617,1.0,898.0411,279.88614,1.0,902.8483,301.76807,1.0,908.79224,314.78552,1.0,919.37067,327.74622,1.0,928.53357,334.2294,1.0,946.95917,342.45352,1.0,973.0293,345.43213,1.0,998.4033,340.31586,1.0,1015.23346,330.55484,1.0,1023.55023,323.2203,1.0,1032.8326,309.326,1.0,1040.3451,288.66327,1.0,1042.2472,274.38144,1.0,1042.5038,261.2203,1.0,1042.5468,248.5572,1.0,909.8013,230.20256,1.0,916.1255,223.14102,1.0,925.9388,218.25665,1.0,939.66626,216.26689,1.0,955.9209,216.56311,1.0,987.4586,214.89264,1.0,1002.45874,213.84515,1.0,1014.8486,215.38727,1.0,1023.9949,220.06262,1.0,1029.4979,226.67366,1.0,972.4114,240.7021,1.0,972.81635,252.84213,1.0,973.253,260.7957,1.0,973.5334,267.57483,1.0,960.092,279.58777,1.0,964.61414,282.02646,1.0,972.6795,281.4111,1.0,980.0769,281.50204,1.0,983.95123,278.75436,1.0,922.3474,242.07977,1.0,930.04626,237.11844,1.0,941.669,236.15256,1.0,952.4954,241.6095,1.0,943.02637,243.63496,1.0,932.50977,244.37752,1.0,988.90375,241.1505,1.0,999.9604,234.79575,1.0,1010.90894,235.4776,1.0,1017.09985,240.56589,1.0,1007.5656,242.95128,1.0,997.7147,242.62688,1.0,947.45593,306.9884,1.0,958.04156,298.26492,1.0,965.73126,295.15814,1.0,973.08154,296.09567,1.0,980.69086,294.8721,1.0,987.7894,297.84686,1.0,996.95184,306.43622,1.0,992.17804,310.30823,1.0,980.79443,314.17038,1.0,973.07465,314.88785,1.0,965.8465,314.6762,1.0,953.4542,310.9725,1.0,949.8334,306.513,1.0,967.2642,304.0287,1.0,972.8347,303.91672,1.0,978.84357,303.84747,1.0,994.9779,305.94705,1.0,979.25226,304.98602,1.0,973.33264,305.1211,1.0,967.4049,304.9727,1.0,937.2782,239.79617,1.0,1003.5285,238.4968,1.0,966.5309,287.2139,0.9968027,978.24615,443.28638,0.9994072,820.92377,446.48532,0.9994072,763.94946,693.8873,0.87651867,783.96497,921.4665,0.91577697,1135.5685,440.08743,0.9997739,1192.3597,684.17737,0.95828223,1181.209,919.2226,0.9431173,978.8099,959.2811,0.99093425,881.50726,959.94354,0.99123657,883.886,1288.8428,0.15747012,873.1194,1658.8591,0.03776179,1076.1124,958.6188,0.99093425,1086.6465,1327.3174,0.13264897,1070.3873,1665.375,0.022544643,935.3981,248.457,0.9946927,1000.08044,247.7159,0.99040896,911.8703,261.29938,0.98762935,1027.3945,258.13248,0.99441695,1037.773,1792.3563,0.014988852,1037.773,1792.3563,0.014988852,1069.6827,1705.2423,0.012597762,892.94293,1783.2693,0.018845912,892.94293,1783.2693,0.018845912,874.2849,1708.0679,0.017584385,1176.7772,928.6705,1.0,1142.5969,943.831,1.0,1130.3556,976.4379,1.0,1125.4728,1004.57294,1.0,1118.6041,1026.2013,1.0,1160.9146,1002.5335,1.0,1154.0248,1041.1733,1.0,1142.971,1058.61,1.0,1133.2207,1069.4504,1.0,1176.467,1003.86194,1.0,1168.9634,1043.5778,1.0,1157.4452,1063.4807,1.0,1147.116,1076.3328,1.0,1183.6797,1001.9629,1.0,1175.4434,1036.3073,1.0,1164.7585,1054.3032,1.0,1154.5317,1067.9962,1.0,1184.3647,998.63367,1.0,1177.0918,1026.951,1.0,1168.5392,1042.7267,1.0,1159.5564,1053.7524,1.0,784.90674,936.7681,1.0,816.112,952.51904,1.0,831.5784,981.69745,1.0,844.0957,1007.921,1.0,853.1844,1027.5789,1.0,799.369,1013.65045,1.0,816.151,1052.0795,1.0,827.1127,1073.6481,1.0,834.8501,1090.4259,1.0,787.45105,1015.6375,1.0,800.33264,1054.2368,1.0,810.08966,1075.6667,1.0,816.80414,1092.9386,1.0,783.4272,1013.36316,1.0,794.35693,1046.4758,1.0,803.6749,1067.3761,1.0,811.194,1083.9056,1.0,785.8597,1010.521,1.0,793.9242,1037.4884,1.0,802.31134,1054.9454,1.0,810.32526,1068.4515,1.0
896.10095,253.79921,1.0,897.2113,266.73935,1.0,898.1865,280.11502,1.0,903.0651,301.99872,1.0,909.0408,314.97455,1.0,919.6546,327.84024,1.0,928.87335,334.1875,1.0,947.2637,342.221,1.0,973.23,345.0262,1.0,998.53,339.80933,1.0,1015.2734,330.01038,1.0,1023.5669,322.66916,1.0,1032.7964,308.80896,1.0,1040.1456,288.18683,1.0,1041.8849,273.9588,1.0,1042.0911,260.84085,1.0,1042.0446,248.20322,1.0,909.2475,230.45813,1.0,915.4669,223.4123,1.0,925.1598,218.53194,1.0,938.80457,216.50674,1.0,955.06024,216.73074,1.0,986.60614,214.86075,1.0,1001.66943,213.71547,1.0,1014.20856,215.15433,1.0,1023.413,219.73358,1.0,1028.9629,226.30388,1.0,971.75574,240.58032,1.0,972.2423,252.70279,1.0,972.72736,260.64175,1.0,973.0322,267.41986,1.0,959.85126,279.40042,1.0,964.35614,281.8212,1.0,972.3782,281.20004,1.0,979.74414,281.25412,1.0,983.66504,278.48572,1.0,921.935,242.26141,1.0,929.5681,237.3158,1.0,941.10565,236.31206,1.0,951.8995,241.64368,1.0,942.4938,243.70688,1.0,932.0327,244.46674,1.0,988.41693,241.10657,1.0,999.44824,234.74289,1.0,1010.44946,235.35397,1.0,1016.71533,240.37454,1.0,1007.201,242.82672,1.0,997.29645,242.56609,1.0,947.6196,306.60242,1.0,958.0344,298.02115,1.0,965.63367,294.88974,1.0,973.0313,295.78827,1.0,980.59406,294.5326,1.0,987.69507,297.42795,1.0,996.9158,305.80917,1.0,992.11084,309.71695,1.0,980.81476,313.7119,1.0,973.13385,314.52676,1.0,965.8902,314.31952,1.0,953.56256,310.60043,1.0,950.0265,306.14957,1.0,967.26556,303.49472,1.0,972.7859,303.38657,1.0,978.769,303.25677,1.0,994.8975,305.36218,1.0,979.22217,304.67047,1.0,973.2837,304.8332,1.0,967.3803,304.71466,1.0,936.9111,239.99524,1.0,1003.1763,238.49089,1.0,966.431,287.22083,0.99691004,977.9818,443.3052,0.99942756,820.61224,446.50427,0.99942756,766.5152,695.10815,0.88668454,784.21075,921.4462,0.92215043,1135.3514,440.1061,0.99977636,1191.5516,684.4656,0.9615054,1181.0804,919.144,0.9464094,978.9593,958.98364,0.9912543,881.8382,959.72687,0.9916049,883.63574,1288.0575,0.1616851,873.3096,1657.7214,0.038462043,1076.0804,958.2404,0.9912543,1086.5935,1326.5669,0.13373883,1070.0809,1664.5363,0.022690954,935.28705,248.43678,0.994766,1000.02997,247.77158,0.9905235,911.6442,261.12903,0.98785335,1027.3668,258.17023,0.9944492,1037.1852,1791.0126,0.014985675,1037.1852,1791.0126,0.014985675,1069.3138,1704.504,0.012595621,893.99994,1781.1389,0.019122854,893.99994,1781.1389,0.019122854,874.5354,1707.174,0.017847544,1177.0945,927.60114,1.0,1142.1891,941.9003,1.0,1128.9377,974.2476,1.0,1123.5365,1002.28503,1.0,1117.4247,1024.4517,1.0,1160.7578,1001.87695,1.0,1152.7728,1040.306,1.0,1141.1107,1057.2173,1.0,1130.8193,1067.4893,1.0,1175.873,1003.4562,1.0,1167.6664,1042.7778,1.0,1155.7241,1062.4111,1.0,1145.2286,1075.0221,1.0,1182.8019,1001.8156,1.0,1174.0547,1035.9789,1.0,1163.192,1054.0082,1.0,1153.0519,1067.5625,1.0,1183.3505,998.7487,1.0,1176.0587,1027.625,1.0,1167.8198,1044.0037,1.0,1159.0359,1055.3524,1.0,783.2013,937.0785,1.0,815.3373,951.32904,1.0,831.4512,979.7203,1.0,843.9108,1006.6063,1.0,853.8626,1026.7026,1.0,799.82837,1014.11993,1.0,817.17773,1052.4132,1.0,828.1276,1073.7726,1.0,835.37146,1090.4594,1.0,786.7198,1015.8719,1.0,800.8197,1055.0804,1.0,810.91956,1076.5883,1.0,817.196,1093.6779,1.0,781.92444,1012.9138,1.0,793.64343,1046.382,1.0,803.38544,1067.4152,1.0,811.0518,1083.4169,1.0,783.4257,1009.1938,1.0,792.6674,1036.3988,1.0,801.75366,1054.1014,1.0,810.2317,1067.0176,1.0
896.0172,254.10808,1.0,897.25073,267.017,1.0,898.332,280.34393,1.0,903.282,302.22937,1.0,909.28937,315.16357,1.0,919.93854,327.93423,1.0,929.2132,334.14563,1.0,947.5682,341.98846,1.0,973.43066,344.6203,1.0,998.6567,339.30283,1.0,1015.31323,329.46594,1.0,1023.58356,322.118,1.0,1032.7603,308.2919,1.0,1039.9462,287.7104,1.0,1041.5225,273.53613,1.0,1041.6785,260.46136,1.0,1041.5422,247.84921,1.0,908.6938,230.71371,1.0,914.80835,223.68356,1.0,924.3808,218.80724,1.0,937.9428,216.74661,1.0,954.1996,216.89838,1.0,985.7536,214.82884,1.0,1000.8801,213.58578,1.0,1013.5686,214.92139,1.0,1022.83124,219.40454,1.0,1028.4279,225.9341,1.0,971.1001,240.45854,1.0,971.6683,252.56345,1.0,972.2018,260.4878,1.0,972.53107,267.2649,1.0,959.61053,279.21307,1.0,964.09814,281.61594,1.0,972.0768,280.989,1.0,979.4113,281.0062,1.0,983.3788,278.2171,1.0,921.5225,242.44307,1.0,929.09,237.51317,1.0,940.5423,236.47156,1.0,951.30347,241.67787,1.0,941.96124,243.7788,1.0,931.55566,244.55594,1.0,987.9301,241.06262,1.0,998.93604,234.69003,1.0,1009.99,235.23036,1.0,1016.3308,240.18321,1.0,1006.83636,242.70216,1.0,996.87823,242.5053,1.0,947.7833,306.21646,1.0,958.02734,297.77737,1.0,965.5361,294.62134,1.0,972.98114,295.48087,1.0,980.49725,294.1931,1.0,987.6007,297.00906,1.0,996.8797,305.1821,1.0,992.04364,309.1257,1.0,980.83514,313.25345,1.0,973.19305,314.16568,1.0,965.9339,313.9628,1.0,953.6709,310.22836,1.0,950.21954,305.78616,1.0,967.26685,302.96075,1.0,972.737,302.85645,1.0,978.69446,302.66605,1.0,994.81714,304.77734,1.0,979.19214,304.3549,1.0,973.2347,304.5453,1.0,967.3557,304.45663,1.0,936.54395,240.19429,1.0,1002.824,238.48499,1.0,966.39905,287.1958,0.99707747,977.89,443.33585,0.99945307,820.54254,446.5492,0.99945307,767.9939,696.50684,0.89621747,784.3035,922.26807,0.9282439,1135.2375,440.12247,0.9997814,1190.9237,684.69684,0.96440995,1181.0507,919.8989,0.94931215,979.1623,958.59106,0.99162287,882.26556,959.0652,0.9920096,883.565,1288.3685,0.16810945,872.3916,1658.0077,0.039658245,1076.059,958.11694,0.99162287,1086.6018,1326.0745,0.13814603,1069.937,1664.3215,0.023265462,935.2362,248.37677,0.9949831,1000.03107,247.73154,0.9908959,911.5259,261.02417,0.98837763,1027.3506,257.8348,0.9946435,1039.402,1791.3151,0.015313535,1039.402,1791.3151,0.015313535,1069.0034,1704.1338,0.01280892,894.0904,1781.3402,0.019680955,894.0904,1781.3402,0.019680955,872.9729,1707.365,0.018220196,1175.4921,926.7058,1.0,1140.3956,941.68994,1.0,1127.4727,974.7972,1.0,1121.9845,1003.068,1.0,1115.3743,1024.5172,1.0,1159.5627,1002.1887,1.0,1149.9174,1040.0183,1.0,1138.0968,1056.6934,1.0,1128.1019,1066.9976,1.0,1175.0671,1003.1219,1.0,1165.7518,1042.2559,1.0,1154.0697,1061.6782,1.0,1144.2257,1074.4402,1.0,1182.331,1000.7291,1.0,1172.7109,1035.0122,1.0,1161.8575,1053.1805,1.0,1151.9672,1067.0049,1.0,1182.8184,996.94476,1.0,1175.0404,1025.9543,1.0,1166.9806,1042.1803,1.0,1158.6146,1053.5876,1.0,782.4888,936.67737,1.0,815.38995,951.74316,1.0,831.12195,980.69305,1.0,843.47034,1007.0249,1.0,853.0095,1026.7039,1.0,799.601,1013.38306,1.0,817.0943,1051.99,1.0,828.2621,1073.9476,1.0,835.3482,1090.9915,1.0,786.2736,1015.0097,1.0,800.6316,1054.4418,1.0,810.846,1076.102,1.0,817.15076,1093.3853,1.0,781.0074,1012.12805,1.0,793.3984,1045.5121,1.0,803.5651,1066.5103,1.0,811.3115,1082.558,1.0,782.4711,1008.4284,1.0,792.403,1035.4004,1.0,801.7088,1052.7667,1.0,810.063,1065.2429,1.0
895.62103,254.49074,1.0,896.86566,267.45288,1.0,898.0179,280.80377,1.0,903.1855,302.65625,1.0,909.3485,315.55942,1.0,920.16766,328.26013,1.0,929.4447,334.47617,1.0,947.85986,342.25247,1.0,973.65015,344.72607,1.0,998.74884,339.38367,1.0,1015.2827,329.55276,1.0,1023.4602,322.2002,1.0,1032.5477,308.39548,1.0,1039.6625,287.81805,1.0,1041.1957,273.6449,1.0,1041.3082,260.56104,1.0,1041.0826,247.94118,1.0,908.37427,231.0536,1.0,914.48505,223.96118,1.0,924.1185,219.00095,1.0,937.7168,216.84288,1.0,954.0256,216.89209,1.0,985.52924,214.7829,1.0,1000.60266,213.60649,1.0,1013.19244,215.01985,1.0,1022.4035,219.57256,1.0,1027.9928,226.08974,1.0,970.9749,240.46709,1.0,971.60803,252.60866,1.0,972.1341,260.57196,1.0,972.5326,267.4013,1.0,959.47205,279.41998,1.0,964.0286,281.79257,1.0,972.07684,281.12076,1.0,979.43384,281.12695,1.0,983.3573,278.3385,1.0,921.23926,242.59508,1.0,928.79175,237.57553,1.0,940.3698,236.46733,1.0,951.249,241.75275,1.0,941.83826,243.88942,1.0,931.37946,244.7158,1.0,987.5209,241.04411,1.0,998.5871,234.5887,1.0,1009.67554,235.16116,1.0,1015.9106,240.19676,1.0,1006.4424,242.72255,1.0,996.5004,242.50916,1.0,947.8863,306.43204,1.0,958.0864,297.98248,1.0,965.58514,294.77377,1.0,972.9867,295.5926,1.0,980.475,294.28903,1.0,987.563,297.10248,1.0,996.8042,305.2857,1.0,992.0617,309.1555,1.0,980.92566,313.3138,1.0,973.3105,314.20944,1.0,966.075,314.01736,1.0,953.784,310.35297,1.0,950.30524,305.99652,1.0,967.3473,303.19907,1.0,972.8113,303.05453,1.0,978.7856,302.88602,1.0,994.7805,304.88333,1.0,979.24817,304.39035,1.0,973.3197,304.5908,1.0,967.445,304.54236,1.0,936.34717,240.25443,1.0,1002.4522,238.42041,1.0,966.4121,287.2139,0.9971894,977.8333,443.50116,0.99947476,820.4934,446.61584,0.99947476,768.68726,697.30164,0.90447104,783.8749,921.39496,0.93356836,1135.1732,440.38644,0.9997849,1190.5372,685.0752,0.96689546,1180.8322,919.5508,0.9517504,979.03564,958.3706,0.9918853,882.24445,958.86206,0.99232,883.4375,1288.0508,0.17017572,872.37885,1657.5222,0.039830893,1075.8268,957.87915,0.9918853,1086.5979,1325.9489,0.13791184,1069.8976,1663.7828,0.02300351,935.2061,248.39847,0.9950978,1000.052,247.77765,0.9910802,911.3902,261.03613,0.9886821,1027.346,257.74994,0.9947218,1039.2155,1790.3906,0.015130192,1039.2155,1790.3906,0.015130192,1069.0125,1703.5316,0.012683295,894.34906,1780.2163,0.019749988,894.34906,1780.2163,0.019749988,872.9521,1707.0321,0.01824928,1175.5729,926.5275,1.0,1139.3756,941.8903,1.0,1125.6849,974.8046,1.0,1120.8773,1003.0322,1.0,1114.4841,1024.4185,1.0,1157.6322,1002.1715,1.0,1148.114,1039.9431,1.0,1136.2512,1056.591,1.0,1126.2781,1066.8997,1.0,1174.0275,1003.0338,1.0,1164.779,1042.4308,1.0,1153.1469,1061.8989,1.0,1143.6077,1074.7435,1.0,1181.751,1000.1841,1.0,1172.4808,1034.3429,1.0,1161.608,1052.3489,1.0,1151.6567,1065.9235,1.0,1182.7976,995.8863,1.0,1175.256,1024.6705,1.0,1167.3555,1040.7698,1.0,1159.108,1051.6847,1.0,780.93085,937.93774,1.0,814.60974,951.76105,1.0,831.0569,980.44025,1.0,843.1955,1007.51526,1.0,852.8295,1027.7983,1.0,799.2846,1015.00226,1.0,817.4667,1054.3868,1.0,828.34863,1076.2382,1.0,834.73987,1093.175,1.0,785.1367,1016.9293,1.0,800.9937,1057.2198,1.0,811.24097,1078.587,1.0,816.75916,1095.4067,1.0,779.32574,1013.909,1.0,793.24335,1046.9663,1.0,803.9822,1067.798,1.0,811.59357,1083.2804,1.0,780.21765,1009.8534,1.0,791.37616,1036.2709,1.0,801.89557,1053.2965,1.0,810.7006,1065.1992,1.0
895.2248,254.8734,1.0,896.4806,267.88876,1.0,897.7038,281.2636,1.0,903.089,303.08316,1.0,909.40765,315.95526,1.0,920.39685,328.58603,1.0,929.67615,334.80673,1.0,948.15155,342.51648,1.0,973.8696,344.83185,1.0,998.841,339.46454,1.0,1015.2522,329.6396,1.0,1023.3369,322.28238,1.0,1032.3351,308.49905,1.0,1039.3788,287.92572,1.0,1040.8689,273.75366,1.0,1040.938,260.6607,1.0,1040.623,248.03314,1.0,908.0548,231.39348,1.0,914.1618,224.2388,1.0,923.8562,219.19466,1.0,937.4908,216.93913,1.0,953.85156,216.8858,1.0,985.3049,214.73697,1.0,1000.32513,213.6272,1.0,1012.81635,215.11832,1.0,1021.9758,219.74057,1.0,1027.5577,226.24539,1.0,970.8497,240.47563,1.0,971.5478,252.65387,1.0,972.0664,260.6561,1.0,972.53406,267.53772,1.0,959.33356,279.62686,1.0,963.95905,281.9692,1.0,972.07684,281.2525,1.0,979.45636,281.24774,1.0,983.3358,278.45993,1.0,920.95593,242.74709,1.0,928.49347,237.6379,1.0,940.19727,236.46312,1.0,951.1945,241.82764,1.0,941.7153,244.00005,1.0,931.20325,244.87566,1.0,987.1117,241.02559,1.0,998.23816,234.48735,1.0,1009.361,235.09198,1.0,1015.4904,240.21031,1.0,1006.0484,242.74295,1.0,996.1226,242.51302,1.0,947.9892,306.64764,1.0,958.1455,298.1876,1.0,965.6342,294.92618,1.0,972.9923,295.70428,1.0,980.45276,294.38498,1.0,987.5252,297.1959,1.0,996.72876,305.38934,1.0,992.0797,309.1853,1.0,981.0162,313.3742,1.0,973.4279,314.25323,1.0,966.2161,314.07193,1.0,953.89703,310.47757,1.0,950.39087,306.20688,1.0,967.42773,303.4374,1.0,972.88556,303.25262,1.0,978.8767,303.106,1.0,994.74396,304.9893,1.0,979.30426,304.42578,1.0,973.4048,304.63626,1.0,967.53436,304.62808,1.0,936.1503,240.31456,1.0,1002.0804,238.35582,1.0,966.4666,287.18256,0.9973425,977.82587,443.56494,0.99949884,820.4784,446.62692,0.99949884,768.9114,697.76337,0.91266024,783.31836,923.6933,0.93900615,1135.1733,440.50296,0.99979067,1190.4207,686.01404,0.9694685,1180.573,918.83716,0.9548511,978.82654,957.9059,0.99214983,882.0503,958.215,0.9926288,883.34973,1287.7416,0.18163563,870.97656,1657.2098,0.042444296,1075.6028,957.5967,0.99214983,1086.2206,1325.7307,0.14495465,1067.4454,1663.4895,0.02395598,935.20544,248.38824,0.99532175,1000.1244,247.63985,0.99145424,911.31067,261.05212,0.9892089,1027.3317,257.48642,0.99492735,1035.5599,1789.7084,0.015709592,1035.5599,1789.7084,0.015709592,1066.1013,1703.2656,0.013024053,893.36646,1780.2188,0.021033963,893.36646,1780.2188,0.021033963,870.8559,1706.6542,0.019125832,1175.0072,925.928,1.0,1138.7378,942.07886,1.0,1125.8619,975.36273,1.0,1120.7014,1003.6978,1.0,1114.0667,1025.0082,1.0,1156.9216,1001.77386,1.0,1148.2495,1039.4226,1.0,1137.0142,1056.5111,1.0,1127.3318,1067.1134,1.0,1173.8295,1002.79944,1.0,1165.2946,1041.6245,1.0,1154.2574,1061.2892,1.0,1144.8525,1074.1793,1.0,1182.0845,1000.08624,1.0,1172.8257,1033.8077,1.0,1162.2034,1051.641,1.0,1152.3826,1065.063,1.0,1183.3997,995.79767,1.0,1175.4456,1024.1254,1.0,1167.1986,1039.8988,1.0,1158.7415,1050.6913,1.0,779.90894,936.752,1.0,814.2092,951.2494,1.0,831.02844,979.84515,1.0,842.9638,1007.28424,1.0,852.30255,1027.6467,1.0,799.9568,1013.5971,1.0,817.1636,1052.8217,1.0,827.6406,1074.745,1.0,833.9736,1092.1459,1.0,785.00494,1016.42596,1.0,801.46704,1056.4529,1.0,812.08093,1078.3989,1.0,818.1235,1096.3799,1.0,778.1757,1013.73987,1.0,792.7875,1047.5745,1.0,803.8163,1068.8123,1.0,811.4593,1084.8926,1.0,778.14014,1009.9645,1.0,789.9523,1037.5485,1.0,800.47095,1054.9817,1.0,809.11096,1067.5405,1.0
894.8286,255.25606,1.0,896.0956,268.32465,1.0,897.3897,281.72345,1.0,902.9925,303.51007,1.0,909.4668,316.3511,1.0,920.626,328.91193,1.0,929.90765,335.1373,1.0,948.44324,342.78046,1.0,974.0891,344.93762,1.0,998.9331,339.54538,1.0,1015.2217,329.7264,1.0,1023.21356,322.36453,1.0,1032.1224,308.60263,1.0,1039.0951,288.03336,1.0,1040.5421,273.8624,1.0,1040.5677,260.76038,1.0,1040.1635,248.1251,1.0,907.7353,231.73335,1.0,913.8385,224.5164,1.0,923.5939,219.38837,1.0,937.2648,217.0354,1.0,953.67755,216.87952,1.0,985.0805,214.69102,1.0,1000.0476,213.6479,1.0,1012.4402,215.21678,1.0,1021.5481,219.9086,1.0,1027.1228,226.40103,1.0,970.7245,240.48418,1.0,971.4876,252.69908,1.0,971.9987,260.74026,1.0,972.5356,267.67413,1.0,959.19507,279.83377,1.0,963.88947,282.1458,1.0,972.07684,281.38428,1.0,979.4788,281.3685,1.0,983.31433,278.58133,1.0,920.6726,242.89911,1.0,928.1952,237.70026,1.0,940.0247,236.4589,1.0,951.1401,241.90251,1.0,941.59235,244.11067,1.0,931.02704,245.03552,1.0,986.7025,241.00708,1.0,997.88916,234.38602,1.0,1009.0466,235.02278,1.0,1015.07025,240.22388,1.0,1005.6544,242.76335,1.0,995.7448,242.51688,1.0,948.0921,306.86322,1.0,958.2046,298.3927,1.0,965.6833,295.0786,1.0,972.99786,295.816,1.0,980.43054,294.4809,1.0,987.4875,297.2893,1.0,996.65326,305.49295,1.0,992.0978,309.21512,1.0,981.1067,313.43457,1.0,973.54535,314.297,1.0,966.35724,314.1265,1.0,954.01013,310.60217,1.0,950.47656,306.41724,1.0,967.5082,303.67572,1.0,972.95984,303.45074,1.0,978.96783,303.32593,1.0,994.7074,305.09528,1.0,979.36035,304.46124,1.0,973.4898,304.68176,1.0,967.62366,304.7138,1.0,935.9535,240.37471,1.0,1001.70856,238.29124,1.0,966.8089,287.14456,0.99740875,977.7731,443.57797,0.99951255,820.38135,446.6354,0.99951255,769.0245,698.71484,0.9199715,782.836,925.7787,0.9437934,1135.1648,440.52054,0.99979305,1190.3218,686.03674,0.97178704,1180.4543,917.99426,0.95758796,978.5793,957.4709,0.9923729,882.01825,957.53265,0.99288297,881.8879,1287.5074,0.1928429,866.2323,1656.7743,0.045503106,1075.1404,957.4091,0.9923729,1084.4435,1325.2308,0.15135768,1066.7461,1662.9702,0.025202898,935.2561,248.40002,0.9953664,1000.2277,247.66437,0.9914964,911.2587,261.14218,0.9893719,1027.3151,257.49652,0.99494785,1034.5706,1789.2405,0.01634607,1034.5706,1789.2405,0.01634607,1065.7649,1702.2361,0.013380965,889.28076,1779.6782,0.022425236,889.28076,1779.6782,0.022425236,865.6123,1705.7102,0.020111311,1174.4259,927.1466,1.0,1138.6792,942.811,1.0,1125.9382,974.65106,1.0,1120.5297,1003.3145,1.0,1113.7301,1025.307,1.0,1157.546,1001.50854,1.0,1147.8749,1040.1582,1.0,1136.3633,1057.3102,1.0,1126.5016,1067.8925,1.0,1174.4597,1002.9656,1.0,1164.8412,1043.3672,1.0,1152.9629,1062.9653,1.0,1142.8287,1075.3177,1.0,1182.4697,1000.5963,1.0,1172.494,1035.8629,1.0,1161.1407,1053.8318,1.0,1150.7786,1066.9517,1.0,1183.6163,996.6291,1.0,1175.0922,1025.4146,1.0,1166.1669,1041.2223,1.0,1157.1516,1051.7123,1.0,778.8751,936.79175,1.0,813.71356,951.8158,1.0,831.3159,981.8515,1.0,844.04535,1009.07184,1.0,853.3889,1029.6754,1.0,800.8598,1015.7184,1.0,818.16925,1054.471,1.0,828.3485,1076.0507,1.0,834.77936,1092.9985,1.0,785.45245,1018.0034,1.0,801.9907,1057.2335,1.0,812.35974,1078.6603,1.0,818.31616,1095.6173,1.0,778.3819,1014.9129,1.0,792.673,1048.1014,1.0,803.5163,1068.7721,1.0,811.31055,1084.289,1.0,777.8673,1010.7504,1.0,789.4704,1038.277,1.0,799.8603,1055.4586,1.0,808.5082,1067.6727,1.0
894.6534,255.08977,1.0,895.9203,268.09714,1.0,897.214,281.46667,1.0,902.88586,303.235,1.0,909.3888,316.09204,1.0,920.59216,328.77768,1.0,929.8664,335.0403,1.0,948.336,342.81403,1.0,974.0637,345.03036,1.0,998.8923,339.59155,1.0,1015.1516,329.69077,1.0,1023.1511,322.25333,1.0,1032.0409,308.43805,1.0,1038.9854,287.90118,1.0,1040.425,273.72595,1.0,1040.4421,260.62155,1.0,1040.0288,248.00046,1.0,907.5706,231.7202,1.0,913.6299,224.53838,1.0,923.3246,219.43129,1.0,936.9887,217.10246,1.0,953.4232,216.9732,1.0,984.8896,214.84389,1.0,999.8774,213.7556,1.0,1012.28925,215.26001,1.0,1021.41406,219.88474,1.0,1026.9547,226.33679,1.0,970.48474,240.61331,1.0,971.25586,252.87645,1.0,971.7723,260.95227,1.0,972.2675,267.89514,1.0,959.03625,279.9346,1.0,963.71515,282.2483,1.0,971.8652,281.546,1.0,979.3247,281.49698,1.0,983.16437,278.6733,1.0,920.4836,243.00764,1.0,927.98914,237.83075,1.0,939.81006,236.6156,1.0,950.9911,242.04825,1.0,941.43134,244.27797,1.0,930.8057,245.1909,1.0,986.53186,241.12492,1.0,997.729,234.52304,1.0,1008.8563,235.10971,1.0,1014.9403,240.2221,1.0,1005.5128,242.78357,1.0,995.5888,242.57114,1.0,948.05255,306.97427,1.0,958.0801,298.48822,1.0,965.5429,295.1987,1.0,972.89136,295.93524,1.0,980.2866,294.5957,1.0,987.35565,297.37442,1.0,996.5391,305.5868,1.0,992.0251,309.37897,1.0,981.0677,313.6394,1.0,973.49585,314.53674,1.0,966.2744,314.36783,1.0,953.933,310.77933,1.0,950.44,306.52695,1.0,967.42377,303.74454,1.0,972.8594,303.5175,1.0,978.8288,303.39032,1.0,994.5436,305.18866,1.0,979.2666,304.65372,1.0,973.4349,304.87668,1.0,967.5614,304.8789,1.0,935.6419,240.55286,1.0,1001.4636,238.38434,1.0,966.824,287.1362,0.9974462,977.72565,443.70572,0.9995215,820.30914,446.75836,0.9995215,769.3125,699.78937,0.9260983,782.6889,926.94116,0.947742,1135.1422,440.6531,0.999789,1190.2026,686.3882,0.97350967,1180.3403,918.2802,0.9587732,978.44745,957.3074,0.99252105,881.75323,957.37946,0.99309254,881.42645,1287.4539,0.19483083,867.6545,1656.2065,0.04597653,1075.1416,957.2352,0.99252105,1084.6855,1325.1382,0.15134975,1067.0763,1662.7446,0.02548336,935.23627,248.41931,0.99537414,1000.1945,247.67924,0.99142355,911.1586,261.3626,0.9894601,1027.2444,257.5257,0.99485964,1034.972,1788.8759,0.016390013,1034.972,1788.8759,0.016390013,1066.1163,1701.9047,0.013465573,889.4715,1779.2584,0.022606475,889.4715,1779.2584,0.022606475,868.56085,1704.7177,0.020415522,1174.1583,927.3468,1.0,1138.4922,944.24567,1.0,1125.2184,975.7128,1.0,1120.2357,1003.78204,1.0,1113.4832,1025.6884,1.0,1156.7905,1003.1622,1.0,1147.7417,1041.3192,1.0,1136.1359,1058.0125,1.0,1126.1436,1068.4468,1.0,1174.13,1003.7999,1.0,1164.9402,1044.5533,1.0,1153.0989,1064.8478,1.0,1143.3477,1078.1498,1.0,1182.8127,1000.3485,1.0,1173.6086,1034.9253,1.0,1162.538,1053.3246,1.0,1152.0685,1066.7355,1.0,1184.7893,995.0104,1.0,1176.188,1022.3235,1.0,1167.1592,1037.5969,1.0,1157.7677,1047.4963,1.0,779.74274,937.1917,1.0,815.0887,953.1181,1.0,832.0487,982.9765,1.0,844.4073,1009.62897,1.0,854.1227,1030.256,1.0,800.95685,1016.3994,1.0,818.46606,1055.1176,1.0,828.7901,1076.296,1.0,834.9889,1092.9648,1.0,784.6157,1017.5541,1.0,801.2327,1057.5353,1.0,812.1067,1078.7229,1.0,818.0889,1094.6604,1.0,776.32623,1013.2387,1.0,790.87524,1046.1716,1.0,802.46375,1066.3553,1.0,810.8024,1080.6139,1.0,774.7664,1007.7132,1.0,786.74756,1034.6812,1.0,797.70233,1050.92,1.0,806.66473,1061.4402,1.0
894.4782,254.9235,1.0,895.74506,267.8696,1.0,897.03827,281.2099,1.0,902.77924,302.9599,1.0,909.3108,315.83298,1.0,920.5583,328.64343,1.0,929.82513,334.94336,1.0,948.2287,342.8476,1.0,974.03827,345.12308,1.0,998.8514,339.63773,1.0,1015.0815,329.65515,1.0,1023.0887,322.1421,1.0,1031.9592,308.27344,1.0,1038.8756,287.76898,1.0,1040.3081,273.5895,1.0,1040.3167,260.48273,1.0,1039.8942,247.8758,1.0,907.40594,231.70705,1.0,913.42126,224.56033,1.0,923.05536,219.47421,1.0,936.71265,217.16954,1.0,953.1688,217.0669,1.0,984.69867,214.99673,1.0,999.70715,213.8633,1.0,1012.1383,215.30324,1.0,1021.28,219.86087,1.0,1026.7867,226.27254,1.0,970.245,240.74243,1.0,971.0242,253.05382,1.0,971.5458,261.16428,1.0,971.9994,268.11615,1.0,958.8774,280.03546,1.0,963.5408,282.35077,1.0,971.6535,281.70767,1.0,979.17053,281.62546,1.0,983.01434,278.7653,1.0,920.2945,243.11617,1.0,927.783,237.96124,1.0,939.59534,236.77231,1.0,950.8421,242.19398,1.0,941.27026,244.44527,1.0,930.5844,245.34628,1.0,986.3612,241.24277,1.0,997.56885,234.66006,1.0,1008.66614,235.19664,1.0,1014.81036,240.22034,1.0,1005.3713,242.80377,1.0,995.43286,242.62538,1.0,948.013,307.0853,1.0,957.95557,298.5837,1.0,965.4025,295.3188,1.0,972.7848,296.05447,1.0,980.14264,294.7105,1.0,987.22375,297.45953,1.0,996.425,305.68066,1.0,991.95245,309.54282,1.0,981.0287,313.84424,1.0,973.4464,314.77646,1.0,966.19165,314.6092,1.0,953.8558,310.95645,1.0,950.40344,306.6367,1.0,967.33936,303.8134,1.0,972.759,303.5842,1.0,978.68976,303.45468,1.0,994.3798,305.28207,1.0,979.17285,304.84616,1.0,973.38,305.0716,1.0,967.49915,305.044,1.0,935.33026,240.731,1.0,1001.2187,238.47745,1.0,966.83545,287.1627,0.99753016,977.68744,443.80753,0.9995361,820.2631,446.90494,0.9995361,769.8738,700.567,0.9316231,782.42944,926.9364,0.9514663,1135.1118,440.71008,0.99979115,1190.1573,687.2006,0.97524965,1180.2152,918.5109,0.9605761,978.3485,956.4938,0.99266857,881.65125,956.3218,0.99328893,881.43066,1287.2142,0.19924715,868.23236,1655.8849,0.046899747,1075.0459,956.66583,0.99266857,1083.5605,1325.0493,0.1523072,1066.7496,1662.4606,0.025811182,935.206,248.4584,0.9954843,1000.14746,247.70345,0.9915908,911.057,261.57635,0.98972946,1027.1562,257.53076,0.99493545,1033.8011,1788.817,0.01656001,1033.8011,1788.817,0.01656001,1066.0095,1701.769,0.013563801,889.8058,1779.274,0.023093898,889.8058,1779.274,0.023093898,869.1919,1704.6135,0.020825604,1173.9548,927.02625,1.0,1138.2484,944.3437,1.0,1125.0093,975.8186,1.0,1119.8695,1003.79224,1.0,1112.9437,1025.5519,1.0,1156.6007,1003.08997,1.0,1147.8815,1041.4484,1.0,1136.3217,1057.9927,1.0,1126.6488,1068.266,1.0,1174.0891,1003.59827,1.0,1165.1143,1043.9814,1.0,1153.7898,1063.7122,1.0,1144.7593,1076.6918,1.0,1182.9148,999.9215,1.0,1173.7411,1033.6123,1.0,1162.8687,1051.3239,1.0,1152.8661,1063.9147,1.0,1185.1072,994.413,1.0,1176.7997,1020.8525,1.0,1168.1744,1035.6793,1.0,1159.318,1044.9274,1.0,779.4182,937.98376,1.0,815.0815,953.56226,1.0,832.31287,983.0237,1.0,844.12006,1010.50256,1.0,853.94794,1030.9247,1.0,801.7778,1016.10315,1.0,818.46967,1055.0234,1.0,828.2271,1076.2019,1.0,834.3492,1093.2301,1.0,784.3558,1018.09924,1.0,801.5923,1057.7904,1.0,812.1062,1079.0393,1.0,817.8883,1096.0801,1.0,775.5732,1014.3635,1.0,790.6837,1048.4429,1.0,801.8449,1069.2944,1.0,809.594,1084.6462,1.0,773.65924,1009.6199,1.0,786.09045,1037.9993,1.0,796.9948,1055.1221,1.0,805.7968,1066.9039,1.0
894.303,254.75722,1.0,895.56976,267.6421,1.0,896.86255,280.95312,1.0,902.6726,302.6848,1.0,909.2327,315.5739,1.0,920.5245,328.5092,1.0,929.7839,334.8464,1.0,948.12146,342.88116,1.0,974.0129,345.21582,1.0,998.81055,339.6839,1.0,1015.01135,329.6195,1.0,1023.02625,322.03088,1.0,1031.8777,308.10886,1.0,1038.766,287.63678,1.0,1040.1912,273.45303,1.0,1040.1912,260.3439,1.0,1039.7594,247.75113,1.0,907.2412,231.69388,1.0,913.21265,224.58229,1.0,922.7861,219.51714,1.0,936.4366,217.2366,1.0,952.9144,217.16058,1.0,984.50775,215.1496,1.0,999.53687,213.97098,1.0,1011.98737,215.34648,1.0,1021.14606,219.837,1.0,1026.6187,226.2083,1.0,970.00525,240.87157,1.0,970.7925,253.23119,1.0,971.31934,261.37628,1.0,971.7313,268.33713,1.0,958.71857,280.1363,1.0,963.36646,282.45325,1.0,971.44183,281.8694,1.0,979.01636,281.7539,1.0,982.8644,278.85724,1.0,920.10547,243.2247,1.0,927.57697,238.09174,1.0,939.3806,236.929,1.0,950.69305,242.33972,1.0,941.10925,244.61258,1.0,930.36316,245.50166,1.0,986.19055,241.36063,1.0,997.4086,234.79709,1.0,1008.4759,235.28357,1.0,1014.68036,240.21857,1.0,1005.2297,242.82399,1.0,995.27686,242.67964,1.0,947.97345,307.19635,1.0,957.83105,298.6792,1.0,965.26215,295.43887,1.0,972.6783,296.1737,1.0,979.9987,294.82532,1.0,987.0919,297.54468,1.0,996.31085,305.7745,1.0,991.87976,309.70667,1.0,980.9897,314.0491,1.0,973.3969,315.0162,1.0,966.1088,314.85056,1.0,953.7786,311.1336,1.0,950.3669,306.74643,1.0,967.25494,303.88223,1.0,972.6585,303.65094,1.0,978.5507,303.51907,1.0,994.216,305.3755,1.0,979.0791,305.03864,1.0,973.3251,305.2665,1.0,967.4369,305.2091,1.0,935.0187,240.90915,1.0,1000.97375,238.57056,1.0,966.84894,287.16864,0.9975289,977.64276,443.83496,0.9995445,820.24506,446.91913,0.9995445,770.039,701.0728,0.9368205,782.2714,927.716,0.9549133,1135.0405,440.75076,0.99978954,1190.0542,687.42914,0.9767349,1180.1201,918.5812,0.96194243,978.1304,956.32776,0.99282867,881.322,956.1376,0.99348265,881.4232,1285.1378,0.2029917,868.6874,1653.6538,0.0481308,1074.9387,956.518,0.99282867,1083.5641,1323.4312,0.15605861,1065.3334,1662.2615,0.02651997,935.1914,248.53764,0.9954318,1000.1262,247.78433,0.9914226,910.9605,261.7129,0.9897197,1027.0684,257.5681,0.9948392,1031.9521,1788.8271,0.016868386,1031.9521,1788.8271,0.016868386,1064.0892,1701.1812,0.01377982,889.7348,1778.9174,0.023638923,889.7348,1778.9174,0.023638923,870.1281,1701.8406,0.021333845,1173.3943,926.95874,1.0,1138.0737,944.1894,1.0,1124.9954,975.75183,1.0,1119.6544,1004.12164,1.0,1112.6597,1025.9072,1.0,1156.3584,1003.53937,1.0,1147.043,1041.0887,1.0,1135.7996,1057.9207,1.0,1126.289,1068.6843,1.0,1174.0702,1003.9503,1.0,1165.0853,1043.7976,1.0,1154.0913,1063.5137,1.0,1144.9078,1076.7059,1.0,1183.1975,1000.1412,1.0,1174.1765,1034.0361,1.0,1163.6857,1052.0654,1.0,1153.915,1065.2092,1.0,1185.5724,994.5154,1.0,1177.4567,1021.5026,1.0,1168.8783,1036.5096,1.0,1160.1154,1046.2144,1.0,779.05365,937.01074,1.0,814.8244,952.2726,1.0,832.27734,982.23755,1.0,844.1667,1010.05347,1.0,854.51654,1030.5991,1.0,802.3009,1016.1409,1.0,818.3992,1055.2004,1.0,827.92114,1076.3646,1.0,833.88196,1093.4658,1.0,784.2186,1018.3837,1.0,801.4194,1058.3634,1.0,811.6983,1079.6293,1.0,817.4492,1096.6644,1.0,774.4823,1014.436,1.0,790.1674,1048.163,1.0,801.5591,1068.9545,1.0,809.5807,1084.0345,1.0,771.69116,1009.11395,1.0,785.1804,1036.5817,1.0,797.0714,1053.1139,1.0,806.6434,1064.2816,1.0
894.1675,254.9711,1.0,895.4547,267.852,1.0,896.75653,281.15884,1.0,902.5341,302.86633,1.0,909.1024,315.7182,1.0,920.35547,328.567,1.0,929.6172,334.89944,1.0,947.95807,342.83154,1.0,973.8453,345.1573,1.0,998.7735,339.62024,1.0,1015.1037,329.55478,1.0,1023.15814,321.9662,1.0,1031.9984,308.0138,1.0,1038.8247,287.5134,1.0,1040.2396,273.33322,1.0,1040.2299,260.25934,1.0,1039.7423,247.68562,1.0,906.9594,231.84602,1.0,912.9247,224.72667,1.0,922.4695,219.63606,1.0,936.09265,217.31223,1.0,952.5671,217.21523,1.0,984.1527,215.14748,1.0,999.2246,213.94905,1.0,1011.67303,215.32806,1.0,1020.8795,219.81482,1.0,1026.402,226.19084,1.0,969.70575,240.90646,1.0,970.4199,253.25371,1.0,970.9525,261.38846,1.0,971.3696,268.33145,1.0,958.3669,280.19443,1.0,963.0153,282.50922,1.0,971.13574,281.89188,1.0,978.6612,281.8051,1.0,982.5533,278.8927,1.0,919.78394,243.2745,1.0,927.2502,238.14062,1.0,939.07367,236.97467,1.0,950.317,242.39539,1.0,940.78424,244.63953,1.0,930.0649,245.51624,1.0,986.03955,241.39156,1.0,997.2047,234.77863,1.0,1008.31647,235.26186,1.0,1014.5227,240.20923,1.0,1005.0293,242.81651,1.0,995.0783,242.69113,1.0,947.6665,307.25043,1.0,957.46924,298.73215,1.0,964.89636,295.49036,1.0,972.28796,296.22244,1.0,979.65314,294.84097,1.0,986.7927,297.58923,1.0,996.06323,305.75116,1.0,991.58923,309.6832,1.0,980.65796,314.02747,1.0,973.0682,314.9652,1.0,965.8044,314.83365,1.0,953.4971,311.1534,1.0,950.0597,306.76834,1.0,966.89465,303.9307,1.0,972.3201,303.69794,1.0,978.25824,303.53314,1.0,994.0153,305.35333,1.0,978.74146,305.02017,1.0,972.9416,305.2809,1.0,967.07745,305.25714,1.0,934.8326,240.94034,1.0,1000.86475,238.56645,1.0,966.86096,287.24768,0.9975543,977.54407,443.91107,0.9995532,820.13,446.9889,0.9995532,770.2799,701.4915,0.9417212,782.24,927.32104,0.9581199,1134.9581,440.83325,0.99979025,1190.0149,687.6628,0.9782676,1180.0334,918.69476,0.9636836,977.7686,956.16675,0.99300313,881.24304,955.8924,0.9936788,880.7535,1285.555,0.21616234,866.275,1653.5792,0.051181957,1074.2942,956.4411,0.99300313,1083.0859,1323.7963,0.16604286,1065.1033,1662.5175,0.028084626,935.18134,248.72118,0.99543476,1000.06714,247.95006,0.99140245,910.9393,261.87195,0.9898101,1026.9409,257.59726,0.9948373,1029.9509,1789.3228,0.017713854,1029.9509,1789.3228,0.017713854,1064.026,1701.2773,0.014179877,888.1997,1779.032,0.02504297,888.1997,1779.032,0.02504297,867.20715,1701.7432,0.022250665,1173.5394,926.77875,1.0,1137.8219,943.8461,1.0,1124.4784,975.4493,1.0,1119.2284,1003.8141,1.0,1112.6687,1025.6245,1.0,1155.7345,1003.34564,1.0,1145.8054,1040.6952,1.0,1134.3806,1057.5146,1.0,1124.5046,1068.5206,1.0,1173.8068,1004.02203,1.0,1164.8727,1043.9371,1.0,1153.8466,1063.7676,1.0,1144.5802,1077.0054,1.0,1183.3461,1000.28937,1.0,1174.4567,1034.525,1.0,1163.7878,1052.7628,1.0,1153.8682,1066.0205,1.0,1185.9348,994.7245,1.0,1177.7041,1021.92163,1.0,1168.9929,1036.835,1.0,1159.9235,1046.6487,1.0,778.2783,936.3376,1.0,814.94836,952.6983,1.0,832.4159,982.7839,1.0,844.4267,1010.4045,1.0,854.9232,1030.451,1.0,802.44727,1015.9393,1.0,818.29395,1054.7098,1.0,827.7599,1075.5386,1.0,833.5602,1092.397,1.0,783.916,1018.1046,1.0,801.2463,1058.0486,1.0,811.68066,1078.9271,1.0,817.7324,1095.5217,1.0,773.735,1013.659,1.0,789.7062,1046.9789,1.0,801.41016,1067.4321,1.0,809.6908,1082.0342,1.0,770.71826,1007.73627,1.0,784.8213,1034.1339,1.0,797.12463,1049.8164,1.0,806.81476,1060.228,1.0
894.03204,255.18497,1.0,895.33966,268.0619,1.0,896.6505,281.36456,1.0,902.3956,303.04785,1.0,908.9721,315.86246,1.0,920.18646,328.62476,1.0,929.45056,334.95248,1.0,947.79474,342.7819,1.0,973.6777,345.09875,1.0,998.7365,339.5566,1.0,1015.19604,329.49008,1.0,1023.29004,321.90152,1.0,1032.1191,307.9187,1.0,1038.8834,287.39,1.0,1040.2881,273.2134,1.0,1040.2686,260.17477,1.0,1039.7253,247.62012,1.0,906.6776,231.99815,1.0,912.63666,224.87105,1.0,922.1529,219.75499,1.0,935.7488,217.38785,1.0,952.21967,217.26987,1.0,983.79767,215.14534,1.0,998.9123,213.92712,1.0,1011.35876,215.30966,1.0,1020.613,219.79263,1.0,1026.1852,226.17339,1.0,969.4063,240.94135,1.0,970.0474,253.27625,1.0,970.58575,261.40063,1.0,971.00793,268.32574,1.0,958.0152,280.25256,1.0,962.66425,282.56522,1.0,970.8297,281.91434,1.0,978.306,281.85632,1.0,982.24225,278.92816,1.0,919.4624,243.32431,1.0,926.92334,238.1895,1.0,938.7667,237.02032,1.0,949.9409,242.45105,1.0,940.4593,244.66649,1.0,929.7666,245.53082,1.0,985.88855,241.42249,1.0,997.00073,234.76016,1.0,1008.15704,235.24014,1.0,1014.36505,240.19987,1.0,1004.82886,242.80904,1.0,994.87976,242.70264,1.0,947.35956,307.3045,1.0,957.1074,298.7851,1.0,964.5305,295.54187,1.0,971.89764,296.27115,1.0,979.3075,294.85663,1.0,986.49347,297.6338,1.0,995.8156,305.7278,1.0,991.29865,309.65976,1.0,980.3262,314.00586,1.0,972.73944,314.9142,1.0,965.49994,314.8167,1.0,953.2156,311.1732,1.0,949.7525,306.79025,1.0,966.5343,303.97916,1.0,971.98175,303.74496,1.0,977.96576,303.5472,1.0,993.8146,305.3312,1.0,978.4038,305.0017,1.0,972.5581,305.29532,1.0,966.718,305.30515,1.0,934.6464,240.97151,1.0,1000.75574,238.56235,1.0,966.87,287.25696,0.9975263,977.42914,443.9284,0.9995568,819.9958,447.0013,0.9995568,770.4112,701.6568,0.94590247,782.2703,927.1185,0.9608237,1134.8625,440.8555,0.9997861,1189.9331,687.8559,0.97946626,1179.9597,918.6728,0.96471953,977.636,956.06866,0.99305654,881.201,955.78973,0.99377865,880.5463,1284.7117,0.22064151,864.4217,1652.2502,0.05181309,1074.071,956.3476,0.99305654,1082.7606,1323.7319,0.16846581,1065.184,1662.4236,0.028426101,935.17267,248.74142,0.9953401,1000.0615,247.97223,0.9911158,910.787,261.8942,0.9897473,1026.9176,257.58167,0.9946551,1029.5079,1789.2238,0.017854873,1029.5079,1789.2238,0.017854873,1064.8076,1701.1542,0.014162846,887.64545,1778.8025,0.025318235,887.64545,1778.8025,0.025318235,864.3149,1699.2955,0.022249965,1173.74,926.99335,1.0,1137.4983,943.9204,1.0,1124.3408,975.6915,1.0,1119.1903,1004.1221,1.0,1112.112,1025.6936,1.0,1155.767,1002.9224,1.0,1146.1995,1040.5453,1.0,1134.8525,1057.231,1.0,1124.9615,1067.9594,1.0,1173.886,1003.89044,1.0,1165.1101,1043.956,1.0,1153.9536,1063.561,1.0,1144.3378,1076.4248,1.0,1183.3347,1000.5196,1.0,1174.4332,1035.0149,1.0,1163.5756,1053.1208,1.0,1153.4991,1066.0715,1.0,1185.6263,995.205,1.0,1177.4265,1022.4474,1.0,1168.6135,1037.2957,1.0,1159.6017,1046.8994,1.0,777.6138,936.4846,1.0,814.72156,952.6847,1.0,832.7398,982.48193,1.0,844.48395,1010.32544,1.0,854.5908,1030.5123,1.0,802.97046,1015.8499,1.0,818.3928,1055.3025,1.0,827.12683,1076.3132,1.0,832.35144,1093.202,1.0,783.54443,1018.06885,1.0,800.62195,1058.1917,1.0,810.65784,1079.077,1.0,816.36786,1095.262,1.0,772.4773,1013.74194,1.0,788.51855,1046.7035,1.0,799.93713,1066.8676,1.0,807.9254,1080.8618,1.0,768.574,1007.6869,1.0,782.7212,1033.9156,1.0,794.78345,1049.2805,1.0,804.1181,1059.3069,1.0
893.89655,255.39885,1.0,895.2246,268.27182,1.0,896.5445,281.57028,1.0,902.25714,303.22937,1.0,908.84174,316.0067,1.0,920.01746,328.68256,1.0,929.2839,335.00552,1.0,947.63135,342.73227,1.0,973.5101,345.04022,1.0,998.6995,339.49295,1.0,1015.28845,329.42538,1.0,1023.422,321.83682,1.0,1032.24,307.82364,1.0,1038.9421,287.26663,1.0,1040.3365,273.09363,1.0,1040.3073,260.09018,1.0,1039.7083,247.55461,1.0,906.3958,232.1503,1.0,912.3487,225.01541,1.0,921.83624,219.87392,1.0,935.40485,217.46347,1.0,951.8723,217.32451,1.0,983.44257,215.14322,1.0,998.60004,213.9052,1.0,1011.04443,215.29126,1.0,1020.34644,219.77045,1.0,1025.9684,226.15594,1.0,969.1069,240.97624,1.0,969.67487,253.29877,1.0,970.21893,261.4128,1.0,970.64624,268.32004,1.0,957.66345,280.3107,1.0,962.3131,282.62122,1.0,970.5237,281.93683,1.0,977.95087,281.90753,1.0,981.93115,278.96362,1.0,919.1409,243.37411,1.0,926.59656,238.23839,1.0,938.4598,237.06598,1.0,949.5649,242.50671,1.0,940.1343,244.69345,1.0,929.4683,245.5454,1.0,985.73755,241.45341,1.0,996.7968,234.7417,1.0,1007.9976,235.21841,1.0,1014.2074,240.19054,1.0,1004.6285,242.80156,1.0,994.6813,242.71413,1.0,947.0527,307.35858,1.0,956.74554,298.83804,1.0,964.16473,295.59335,1.0,971.5073,296.31985,1.0,978.9619,294.8723,1.0,986.1943,297.67834,1.0,995.568,305.7045,1.0,991.0081,309.6363,1.0,979.99445,313.98422,1.0,972.4107,314.86322,1.0,965.1955,314.7998,1.0,952.934,311.193,1.0,949.4453,306.8122,1.0,966.17395,304.02762,1.0,971.6434,303.792,1.0,977.6733,303.56128,1.0,993.61383,305.30905,1.0,978.0662,304.98325,1.0,972.1746,305.30975,1.0,966.3586,305.35318,1.0,934.4603,241.0027,1.0,1000.6467,238.55826,1.0,966.87537,287.24316,0.9975825,977.3434,443.93958,0.99956757,819.9665,447.0064,0.99956757,770.52454,701.74365,0.94923973,781.7293,926.7534,0.963082,1134.7202,440.87274,0.99978614,1189.8206,688.1093,0.98033726,1179.9054,919.07886,0.9650496,977.483,955.98914,0.99307376,880.9805,955.681,0.99384314,880.5305,1284.1202,0.2146566,865.1919,1652.0453,0.050146263,1073.9855,956.29724,0.99307376,1082.5938,1323.6754,0.16349857,1064.578,1663.2606,0.027448844,935.1449,248.75551,0.9954085,1000.005,247.95972,0.9911727,910.60876,261.92657,0.98990476,1026.8118,257.54843,0.99465317,1028.6198,1789.4421,0.017284103,1028.6198,1789.4421,0.017284103,1064.565,1702.5343,0.013791424,889.48596,1776.6102,0.024578147,889.48596,1776.6102,0.024578147,864.9615,1699.2659,0.021671586,1173.103,927.4472,1.0,1137.1467,944.1459,1.0,1124.0104,975.7097,1.0,1118.934,1004.2186,1.0,1111.9492,1025.8098,1.0,1155.59,1002.9725,1.0,1146.4121,1040.5931,1.0,1135.1117,1057.2625,1.0,1125.0851,1067.8512,1.0,1173.8796,1003.7871,1.0,1165.16,1043.8397,1.0,1154.0365,1063.6857,1.0,1144.2086,1076.6339,1.0,1183.3241,1000.3113,1.0,1174.2919,1034.9275,1.0,1163.4662,1053.4081,1.0,1153.3046,1066.609,1.0,1185.6254,994.94464,1.0,1177.3711,1022.45325,1.0,1168.5348,1037.4553,1.0,1159.6409,1047.2567,1.0,776.71014,936.65826,1.0,814.04346,952.152,1.0,831.8538,982.06116,1.0,843.9217,1009.9165,1.0,854.82227,1029.5845,1.0,801.8745,1016.4185,1.0,818.1667,1055.3381,1.0,827.1011,1076.103,1.0,832.1801,1092.9293,1.0,782.99866,1018.6582,1.0,800.94934,1058.934,1.0,811.2644,1079.6641,1.0,816.8707,1095.5378,1.0,772.00006,1013.87915,1.0,788.9548,1046.2963,1.0,801.29065,1065.7856,1.0,809.63354,1079.274,1.0,767.9965,1007.08344,1.0,783.2153,1031.8546,1.0,796.1354,1046.1295,1.0,805.7718,1055.2667,1.0
893.89655,255.39885,1.0,895.2246,268.27182,1.0,896.5445,281.57028,1.0,902.25714,303.22937,1.0,908.84174,316.0067,1.0,920.01746,328.68256,1.0,929.2839,335.00552,1.0,947.63135,342.73227,1.0,973.5101,345.04022,1.0,998.6995,339.49295,1.0,1015.28845,329.42538,1.0,1023.422,321.83682,1.0,1032.24,307.82364,1.0,1038.9421,287.26663,1.0,1040.3365,273.09363,1.0,1040.3073,260.09018,1.0,1039.7083,247.55461,1.0,906.3958,232.1503,1.0,912.3487,225.01541,1.0,921.83624,219.87392,1.0,935.40485,217.46347,1.0,951.8723,217.32451,1.0,983.44257,215.14322,1.0,998.60004,213.9052,1.0,1011.04443,215.29126,1.0,1020.34644,219.77045,1.0,1025.9684,226.15594,1.0,969.1069,240.97624,1.0,969.67487,253.29877,1.0,970.21893,261.4128,1.0,970.64624,268.32004,1.0,957.66345,280.3107,1.0,962.3131,282.62122,1.0,970.5237,281.93683,1.0,977.95087,281.90753,1.0,981.93115,278.96362,1.0,919.1409,243.37411,1.0,926.59656,238.23839,1.0,938.4598,237.06598,1.0,949.5649,242.50671,1.0,940.1343,244.69345,1.0,929.4683,245.5454,1.0,985.73755,241.45341,1.0,996.7968,234.7417,1.0,1007.9976,235.21841,1.0,1014.2074,240.19054,1.0,1004.6285,242.80156,1.0,994.6813,242.71413,1.0,947.0527,307.35858,1.0,956.74554,298.83804,1.0,964.16473,295.59335,1.0,971.5073,296.31985,1.0,978.9619,294.8723,1.0,986.1943,297.67834,1.0,995.568,305.7045,1.0,991.0081,309.6363,1.0,979.99445,313.98422,1.0,972.4107,314.86322,1.0,965.1955,314.7998,1.0,952.934,311.193,1.0,949.4453,306.8122,1.0,966.17395,304.02762,1.0,971.6434,303.792,1.0,977.6733,303.56128,1.0,993.61383,305.30905,1.0,978.0662,304.98325,1.0,972.1746,305.30975,1.0,966.3586,305.35318,1.0,934.4603,241.0027,1.0,1000.6467,238.55826,1.0,966.8835,287.24835,0.99761266,977.2407,444.03394,0.99957633,819.89264,447.03433,0.99957633,770.551,701.8693,0.9527614,781.0181,926.36725,0.96548676,1134.5889,441.03354,0.99978375,1189.7417,688.35284,0.9812944,1179.871,919.52747,0.9658226,977.0337,955.8551,0.99310225,880.67804,955.4675,0.99393684,879.1849,1285.3442,0.2175732,863.9631,1653.5721,0.050462104,1073.3893,956.2427,0.99310225,1081.0485,1324.6941,0.1629142,1062.5092,1664.9443,0.027299695,935.1265,248.77089,0.99544114,999.9667,248.09683,0.99115336,910.46155,261.98114,0.990033,1026.7158,257.65976,0.99461925,1025.0193,1790.8804,0.017170975,1025.0193,1790.8804,0.017170975,1062.556,1704.264,0.013704329,888.7095,1777.7687,0.024735894,888.7095,1777.7687,0.024735894,863.42065,1700.9731,0.021750132,1172.7089,927.5177,1.0,1136.9476,944.13556,1.0,1123.9906,975.626,1.0,1118.8945,1004.14453,1.0,1111.9795,1025.7346,1.0,1155.3373,1002.9531,1.0,1146.0994,1040.6278,1.0,1134.7227,1057.4503,1.0,1124.6958,1068.2827,1.0,1173.6619,1003.7577,1.0,1164.8971,1043.9127,1.0,1153.654,1063.9569,1.0,1143.8433,1077.1023,1.0,1183.1606,1000.1666,1.0,1174.4336,1034.9244,1.0,1163.538,1053.8048,1.0,1153.2646,1067.3314,1.0,1185.67,994.7515,1.0,1177.6621,1022.49915,1.0,1168.9169,1037.7458,1.0,1159.945,1047.818,1.0,776.56,936.618,1.0,814.2478,952.3742,1.0,831.93494,982.16437,1.0,844.01416,1010.2339,1.0,854.7178,1029.6721,1.0,801.73694,1016.1859,1.0,818.2455,1055.4968,1.0,827.2307,1076.5045,1.0,832.3897,1093.4846,1.0,783.1987,1018.7203,1.0,801.2554,1059.543,1.0,811.6291,1080.5122,1.0,817.1129,1096.5884,1.0,772.1451,1014.14844,1.0,789.4694,1047.1788,1.0,802.1376,1066.763,1.0,810.4949,1080.3156,1.0,768.4046,1007.57074,1.0,783.67346,1032.8055,1.0,796.8099,1047.4678,1.0,806.54724,1056.84,1.0
