0,1,2,3,4,5,6,7,8,9,10,11,12,13,14,15,16,17,18,19,20,21,22,23,24,25,26,27,28,29,30,31,32,33,34,35,36,37,38,39,40,41,42,43,44,45,46,47,48,49,50,51,52,53,54,55,56,57,58,59,60,61,62,63,64,65,66,67,68,69,70,71,72,73,74,75,76,77,78,79,80,81,82,83,84,85,86,87,88,89,90,91,92,93,94,95,96,97,98,99,100,101,102,103,104,105,106,107,108,109,110,111,112,113,114,115,116,117,118,119,120,121,122,123,124,125,126,127,128,129,130,131,132,133,134,135,136,137,138,139,140,141,142,143,144,145,146,147,148,149,150,151,152,153,154,155,156,157,158,159,160,161,162,163,164,165,166,167,168,169,170,171,172,173,174,175,176,177,178,179,180,181,182,183,184,185,186,187,188,189,190,191,192,193,194,195,196,197,198,199,200,201,202,203,204,205,206,207,208,209,210,211,212,213,214,215,216,217,218,219,220,221,222,223,224,225,226,227,228,229,230,231,232,233,234,235,236,237,238,239,240,241,242,243,244,245,246,247,248,249,250,251,252,253,254,255,256,257,258,259,260,261,262,263,264,265,266,267,268,269,270,271,272,273,274,275,276,277,278,279,280,281,282,283,284,285,286,287,288,289,290,291,292,293,294,295,296,297,298,299,300,301,302,303,304,305,306,307,308,309,310,311,312,313,314,315,316,317,318,319,320,321,322,323,324,325,326,327,328,329,330,331,332,333,334,335,336,337,338,339,340,341,342,343,344,345,346,347,348,349,350,351,352,353,354,355,356,357,358,359,360,361,362,363,364,365,366,367,368,369,370,371,372,373,374,375,376,377,378,379,380,381,382,383,384,385,386,387,388,389,390,391,392,393,394,395,396,397,398,399,400,401,402,403,404,405,406,407,408,409,410
888.42523,256.63477,1.0,889.39496,269.00723,1.0,890.59283,281.9369,1.0,895.87836,303.44742,1.0,901.8061,316.9064,1.0,912.43756,331.1289,1.0,921.77216,338.26703,1.0,941.0057,347.11096,1.0,968.3463,350.3041,1.0,994.616,345.00665,1.0,1011.14136,334.6348,1.0,1018.8901,326.74597,1.0,1027.7025,311.9206,1.0,1035.0375,290.76184,1.0,1037.0182,276.6575,1.0,1037.3762,263.65527,1.0,1036.9241,251.2275,1.0,901.8793,237.05753,1.0,907.6181,231.04861,1.0,917.09937,226.98785,1.0,930.6938,225.54698,1.0,947.1965,225.97461,1.0,980.51434,223.99635,1.0,996.24133,222.14613,1.0,1009.14307,222.61009,1.0,1018.4177,226.19626,1.0,1024.0294,231.9235,1.0,965.0359,247.90808,1.0,965.8916,260.00195,1.0,966.4652,268.15018,1.0,966.85187,274.96915,1.0,954.22394,285.83734,1.0,958.6115,288.38254,1.0,966.63904,288.15594,1.0,974.39294,288.0274,1.0,978.5833,285.15298,1.0,916.4343,248.6905,1.0,923.07965,244.7469,1.0,933.91846,243.7257,1.0,945.78864,248.20383,1.0,936.08307,249.90746,1.0,925.7913,250.73259,1.0,981.78064,247.37334,1.0,993.07587,241.76315,1.0,1003.75287,242.00687,1.0,1010.11804,245.59453,1.0,1001.07294,248.3157,1.0,991.09674,248.29411,1.0,943.1047,313.41672,1.0,952.43207,305.12772,1.0,959.3917,302.20737,1.0,966.6394,303.39618,1.0,973.9338,302.05975,1.0,981.1008,304.8394,1.0,990.5556,313.378,1.0,986.11896,317.09796,1.0,974.89417,320.83704,1.0,967.2991,321.52396,1.0,960.082,321.17612,1.0,948.4467,317.44208,1.0,945.3065,313.00623,1.0,961.3695,310.86993,1.0,966.77637,310.9673,1.0,972.7303,310.8686,1.0,988.4617,312.9452,1.0,972.9062,311.89413,1.0,967.2291,311.98828,1.0,961.4693,311.70978,1.0,929.6605,246.648,1.0,997.8856,244.48837,1.0,958.30585,286.50674,0.9979956,969.4345,447.695,0.99964905,812.16864,448.606,0.99964905,764.8802,699.97845,0.9783544,773.5947,921.9924,0.97921616,1126.7003,446.78403,0.9997633,1179.3278,696.78436,0.9876285,1175.0461,916.2188,0.97163993,976.08636,956.2099,0.9946708,873.72375,953.1333,0.9955251,880.0692,1267.4753,0.23010854,855.6064,1614.1648,0.046960637,1078.449,959.2865,0.9946708,1077.941,1315.4542,0.16120778,1049.0912,1624.9412,0.023223814,926.3407,255.09637,0.99602944,990.1844,250.97165,0.99146646,898.0359,265.5621,0.9907978,1022.1913,263.37674,0.9944891,1006.51794,1744.6139,0.014007315,1006.51794,1744.6139,0.014007315,1049.4269,1661.4863,0.011542347,865.1755,1731.6736,0.022730565,865.1755,1731.6736,0.022730565,856.85565,1662.9758,0.018918963,1174.1716,905.59766,1.0,1141.6615,929.7895,1.0,1123.163,962.9352,1.0,1115.5856,991.988,1.0,1107.0784,1014.73346,1.0,1147.8639,975.09576,1.0,1145.0785,1006.7542,1.0,1142.0901,1026.1322,1.0,1139.5192,1042.0159,1.0,1167.4386,978.27264,1.0,1160.9452,1008.541,1.0,1154.3212,1025.9647,1.0,1147.8732,1038.4293,1.0,1180.9039,979.2269,1.0,1173.3575,1007.12885,1.0,1166.6438,1022.6691,1.0,1160.2953,1034.7325,1.0,1188.845,978.82837,1.0,1181.5198,1005.72736,1.0,1174.7544,1019.951,1.0,1169.1824,1030.3608,1.0,770.4424,938.6278,1.0,810.0713,951.45624,1.0,829.99646,981.80896,1.0,838.09705,1011.823,1.0,847.76605,1033.0671,1.0,799.86957,1019.44525,1.0,815.09863,1056.4436,1.0,823.3652,1076.2959,1.0,827.3643,1092.1115,1.0,778.03864,1021.3411,1.0,797.2394,1058.216,1.0,808.85925,1077.1451,1.0,815.274,1091.1698,1.0,765.0921,1017.72815,1.0,785.25085,1049.8302,1.0,797.459,1068.278,1.0,805.68677,1081.2025,1.0,757.5131,1012.28656,1.0,777.3102,1038.1202,1.0,789.78564,1053.8937,1.0,798.9989,1065.329,1.0
888.42523,256.63477,1.0,889.39496,269.00723,1.0,890.59283,281.9369,1.0,895.87836,303.44742,1.0,901.8061,316.9064,1.0,912.43756,331.1289,1.0,921.77216,338.26703,1.0,941.0057,347.11096,1.0,968.3463,350.3041,1.0,994.616,345.00665,1.0,1011.14136,334.6348,1.0,1018.8901,326.74597,1.0,1027.7025,311.9206,1.0,1035.0375,290.76184,1.0,1037.0182,276.6575,1.0,1037.3762,263.65527,1.0,1036.9241,251.2275,1.0,901.8793,237.05753,1.0,907.6181,231.04861,1.0,917.09937,226.98785,1.0,930.6938,225.54698,1.0,947.1965,225.97461,1.0,980.51434,223.99635,1.0,996.24133,222.14613,1.0,1009.14307,222.61009,1.0,1018.4177,226.19626,1.0,1024.0294,231.9235,1.0,965.0359,247.90808,1.0,965.8916,260.00195,1.0,966.4652,268.15018,1.0,966.85187,274.96915,1.0,954.22394,285.83734,1.0,958.6115,288.38254,1.0,966.63904,288.15594,1.0,974.39294,288.0274,1.0,978.5833,285.15298,1.0,916.4343,248.6905,1.0,923.07965,244.7469,1.0,933.91846,243.7257,1.0,945.78864,248.20383,1.0,936.08307,249.90746,1.0,925.7913,250.73259,1.0,981.78064,247.37334,1.0,993.07587,241.76315,1.0,1003.75287,242.00687,1.0,1010.11804,245.59453,1.0,1001.07294,248.3157,1.0,991.09674,248.29411,1.0,943.1047,313.41672,1.0,952.43207,305.12772,1.0,959.3917,302.20737,1.0,966.6394,303.39618,1.0,973.9338,302.05975,1.0,981.1008,304.8394,1.0,990.5556,313.378,1.0,986.11896,317.09796,1.0,974.89417,320.83704,1.0,967.2991,321.52396,1.0,960.082,321.17612,1.0,948.4467,317.44208,1.0,945.3065,313.00623,1.0,961.3695,310.86993,1.0,966.77637,310.9673,1.0,972.7303,310.8686,1.0,988.4617,312.9452,1.0,972.9062,311.89413,1.0,967.2291,311.98828,1.0,961.4693,311.70978,1.0,929.6605,246.648,1.0,997.8856,244.48837,1.0,958.806,286.059,0.998094,969.5938,447.56085,0.99965924,812.42126,448.58542,0.99965924,764.9941,699.91284,0.97929955,773.65674,922.2537,0.9802854,1126.7662,446.5363,0.9997717,1179.3903,696.0237,0.9880841,1175.1372,916.2873,0.9727714,976.0323,954.1783,0.9947016,874.1733,952.75354,0.99556875,880.1073,1280.8058,0.2494137,856.07324,1642.6168,0.051698916,1077.8914,955.603,0.9947016,1078.0706,1319.9613,0.17543954,1056.1797,1653.1394,0.026202409,927.2663,253.01245,0.9962246,991.52893,249.50328,0.9919314,899.30347,264.78815,0.9913014,1021.48236,262.34665,0.99480784,1011.6616,1776.1017,0.015908938,1011.6616,1776.1017,0.015908938,1057.3427,1693.6095,0.012401987,872.2349,1762.7087,0.025226636,872.2349,1762.7087,0.025226636,856.8938,1691.153,0.020581506,1176.357,924.80994,1.0,1139.8488,939.6369,1.0,1122.3378,970.3423,1.0,1115.194,998.0952,1.0,1106.6279,1018.92145,1.0,1149.4387,999.97675,1.0,1139.633,1032.6433,1.0,1132.5736,1052.5343,1.0,1127.0286,1067.8566,1.0,1168.4692,1002.33136,1.0,1157.9564,1035.0627,1.0,1148.7112,1055.7091,1.0,1140.5887,1071.1344,1.0,1180.8737,1000.4285,1.0,1169.0757,1030.1265,1.0,1159.4165,1048.7867,1.0,1150.9788,1062.893,1.0,1187.6053,996.1267,1.0,1176.2605,1022.3781,1.0,1167.4686,1038.0474,1.0,1159.4656,1049.8856,1.0,770.4424,938.6278,1.0,810.0713,951.45624,1.0,829.99646,981.80896,1.0,838.09705,1011.823,1.0,847.76605,1033.0671,1.0,799.86957,1019.44525,1.0,815.09863,1056.4436,1.0,823.3652,1076.2959,1.0,827.3643,1092.1115,1.0,778.03864,1021.3411,1.0,797.2394,1058.216,1.0,808.85925,1077.1451,1.0,815.274,1091.1698,1.0,765.0921,1017.72815,1.0,785.25085,1049.8302,1.0,797.459,1068.278,1.0,805.68677,1081.2025,1.0,757.5131,1012.28656,1.0,777.3102,1038.1202,1.0,789.78564,1053.8937,1.0,798.9989,1065.329,1.0
888.42523,256.63477,1.0,889.39496,269.00723,1.0,890.59283,281.9369,1.0,895.87836,303.44742,1.0,901.8061,316.9064,1.0,912.43756,331.1289,1.0,921.77216,338.26703,1.0,941.0057,347.11096,1.0,968.3463,350.3041,1.0,994.616,345.00665,1.0,1011.14136,334.6348,1.0,1018.8901,326.74597,1.0,1027.7025,311.9206,1.0,1035.0375,290.76184,1.0,1037.0182,276.6575,1.0,1037.3762,263.65527,1.0,1036.9241,251.2275,1.0,901.8793,237.05753,1.0,907.6181,231.04861,1.0,917.09937,226.98785,1.0,930.6938,225.54698,1.0,947.1965,225.97461,1.0,980.51434,223.99635,1.0,996.24133,222.14613,1.0,1009.14307,222.61009,1.0,1018.4177,226.19626,1.0,1024.0294,231.9235,1.0,965.0359,247.90808,1.0,965.8916,260.00195,1.0,966.4652,268.15018,1.0,966.85187,274.96915,1.0,954.22394,285.83734,1.0,958.6115,288.38254,1.0,966.63904,288.15594,1.0,974.39294,288.0274,1.0,978.5833,285.15298,1.0,916.4343,248.6905,1.0,923.07965,244.7469,1.0,933.91846,243.7257,1.0,945.78864,248.20383,1.0,936.08307,249.90746,1.0,925.7913,250.73259,1.0,981.78064,247.37334,1.0,993.07587,241.76315,1.0,1003.75287,242.00687,1.0,1010.11804,245.59453,1.0,1001.07294,248.3157,1.0,991.09674,248.29411,1.0,943.1047,313.41672,1.0,952.43207,305.12772,1.0,959.3917,302.20737,1.0,966.6394,303.39618,1.0,973.9338,302.05975,1.0,981.1008,304.8394,1.0,990.5556,313.378,1.0,986.11896,317.09796,1.0,974.89417,320.83704,1.0,967.2991,321.52396,1.0,960.082,321.17612,1.0,948.4467,317.44208,1.0,945.3065,313.00623,1.0,961.3695,310.86993,1.0,966.77637,310.9673,1.0,972.7303,310.8686,1.0,988.4617,312.9452,1.0,972.9062,311.89413,1.0,967.2291,311.98828,1.0,961.4693,311.70978,1.0,929.6605,246.648,1.0,997.8856,244.48837,1.0,958.8636,289.01315,0.998105,969.6672,447.5302,0.99966156,812.5149,448.54492,0.99966156,765.05597,700.0526,0.97983307,773.6709,923.3616,0.9808932,1126.8195,446.5155,0.99977547,1179.4856,695.3033,0.9884663,1175.19,915.97437,0.9735186,975.9484,953.89465,0.9946264,874.7054,952.7727,0.9955364,879.0308,1285.8584,0.2620086,856.12494,1653.3743,0.054888092,1077.1914,955.01654,0.9946264,1078.6786,1321.1534,0.18116145,1058.2808,1658.7686,0.027959442,927.29755,253.71745,0.9962414,991.55585,250.8705,0.9920505,899.67505,265.37805,0.9914367,1021.0302,262.32162,0.9949088,1013.0366,1783.2461,0.016943574,1013.0366,1783.2461,0.016943574,1059.715,1699.905,0.012988216,873.09784,1774.296,0.02681156,873.09784,1774.296,0.02681156,856.9392,1702.7566,0.021875972,1175.1786,928.381,1.0,1139.3121,938.9773,1.0,1121.5607,969.48376,1.0,1114.6545,997.63837,1.0,1106.3558,1018.83606,1.0,1149.1245,1002.2554,1.0,1138.9724,1035.7831,1.0,1131.6318,1054.8392,1.0,1126.31,1069.2957,1.0,1167.4146,1004.6642,1.0,1156.6483,1040.0936,1.0,1147.4606,1060.8662,1.0,1140.075,1076.7609,1.0,1178.9401,1002.3973,1.0,1167.5277,1034.9512,1.0,1157.7712,1052.7323,1.0,1149.2202,1066.8955,1.0,1185.1156,997.70404,1.0,1173.9733,1025.581,1.0,1165.0784,1041.4913,1.0,1156.782,1053.6138,1.0,770.9482,938.78674,1.0,810.9093,950.87665,1.0,830.1552,980.4552,1.0,838.3739,1010.9522,1.0,848.02856,1032.2692,1.0,799.8408,1017.5283,1.0,815.66345,1055.7704,1.0,825.17664,1076.4857,1.0,831.267,1092.767,1.0,778.92334,1020.8093,1.0,798.73364,1059.0514,1.0,811.2718,1079.1953,1.0,819.11383,1095.1793,1.0,766.1401,1018.57086,1.0,786.7799,1052.8625,1.0,799.96704,1072.6875,1.0,808.4526,1087.1671,1.0,760.3063,1014.6685,1.0,778.5754,1042.9899,1.0,792.068,1059.6497,1.0,802.40076,1071.775,1.0
888.29755,256.94504,1.0,889.3185,269.43552,1.0,890.5696,282.47363,1.0,896.04095,304.11752,1.0,902.1317,317.56018,1.0,912.8766,331.67313,1.0,922.1326,338.7298,1.0,941.1352,347.5342,1.0,968.13873,350.7539,1.0,994.15,345.3786,1.0,1010.6384,334.99158,1.0,1018.421,327.11853,1.0,1027.2783,312.3472,1.0,1034.6418,291.11725,1.0,1036.6052,276.92654,1.0,1036.9586,263.81488,1.0,1036.4841,251.25804,1.0,901.6852,236.87196,1.0,907.5026,230.69887,1.0,917.0954,226.51668,1.0,930.75195,225.00471,1.0,947.25055,225.4102,1.0,980.1024,223.40398,1.0,995.7482,221.578,1.0,1008.6405,222.08115,1.0,1017.9536,225.75137,1.0,1023.5784,231.58311,1.0,964.81396,247.60289,1.0,965.6568,259.74713,1.0,966.24066,267.88998,1.0,966.6285,274.7157,1.0,954.0499,285.83136,1.0,958.39386,288.3414,1.0,966.3698,288.03003,1.0,974.04126,287.9419,1.0,978.181,285.08554,1.0,916.0571,248.48979,1.0,922.8174,244.29497,1.0,933.78156,243.27577,1.0,945.4739,248.01028,1.0,935.80176,249.72972,1.0,925.5103,250.57404,1.0,981.5389,247.13657,1.0,992.80786,241.20999,1.0,1003.60626,241.44762,1.0,1009.9365,245.29776,1.0,1000.8605,248.0638,1.0,990.8576,248.05779,1.0,942.5514,313.44165,1.0,952.03015,305.05447,1.0,959.104,302.08472,1.0,966.3346,303.2241,1.0,973.664,301.88422,1.0,980.8723,304.6899,1.0,990.49963,313.28906,1.0,985.8091,317.05502,1.0,974.46936,320.80875,1.0,966.898,321.49213,1.0,959.6813,321.16824,1.0,947.9896,317.48553,1.0,944.8013,313.04974,1.0,961.03125,310.7983,1.0,966.4537,310.85272,1.0,972.3588,310.77783,1.0,988.3518,312.86423,1.0,972.56055,311.84485,1.0,966.83923,311.94858,1.0,961.08875,311.7086,1.0,929.4971,246.36996,1.0,997.44946,244.12703,1.0,958.90204,291.05768,0.9980384,969.7046,447.4929,0.9996594,812.548,448.50693,0.9996594,765.0716,700.2889,0.98005116,773.58875,924.28284,0.98137015,1126.8612,446.47888,0.99977595,1179.5234,694.69324,0.98875195,1175.2115,915.83606,0.97404206,975.416,953.63776,0.99459076,874.7547,952.77374,0.9955342,876.83496,1289.3232,0.27106136,856.1653,1659.1984,0.057848558,1076.0773,954.5017,0.99459076,1078.5826,1321.9124,0.18357493,1058.3754,1661.6167,0.02920998,927.1841,254.36255,0.9961033,991.39777,252.04791,0.99187464,899.78516,265.7066,0.99121535,1019.9676,262.3285,0.99482685,1015.4455,1787.374,0.017600162,1015.4455,1787.374,0.017600162,1059.6943,1702.3606,0.01344035,873.0683,1780.5919,0.028116655,873.0683,1780.5919,0.028116655,857.0916,1709.6628,0.023137227,1175.4584,927.9836,1.0,1138.4037,939.22955,1.0,1121.5383,970.07275,1.0,1114.3552,998.8254,1.0,1105.9181,1019.3377,1.0,1149.2513,1002.19977,1.0,1138.8524,1036.2754,1.0,1131.6819,1054.8151,1.0,1126.2971,1068.7748,1.0,1167.9283,1004.4872,1.0,1156.6433,1040.0422,1.0,1147.5372,1059.8021,1.0,1140.074,1075.107,1.0,1179.5298,1001.8108,1.0,1167.7307,1033.8646,1.0,1157.9457,1050.9297,1.0,1149.5188,1064.2837,1.0,1185.2593,996.7407,1.0,1173.9584,1023.3203,1.0,1164.8529,1038.0208,1.0,1156.4868,1048.8687,1.0,770.71564,939.0365,1.0,810.44055,950.95105,1.0,829.8231,980.85443,1.0,838.56616,1011.2499,1.0,848.2092,1032.766,1.0,799.7772,1017.44476,1.0,816.44147,1056.039,1.0,825.9279,1076.8496,1.0,831.692,1093.2552,1.0,779.116,1021.1827,1.0,799.6979,1059.6359,1.0,812.2101,1079.7948,1.0,819.6633,1095.9045,1.0,766.4561,1019.3021,1.0,787.27057,1054.0675,1.0,800.56067,1073.8193,1.0,808.8756,1088.5276,1.0,760.50226,1015.82983,1.0,778.84906,1044.6191,1.0,792.3203,1061.3799,1.0,802.4175,1073.7615,1.0
888.16986,257.25534,1.0,889.242,269.8638,1.0,890.54626,283.01035,1.0,896.2036,304.78763,1.0,902.4573,318.214,1.0,913.3157,332.21732,1.0,922.49304,339.19257,1.0,941.2647,347.95746,1.0,967.93115,351.20374,1.0,993.684,345.75052,1.0,1010.13556,335.34836,1.0,1017.952,327.49106,1.0,1026.8541,312.7738,1.0,1034.2462,291.47266,1.0,1036.1921,277.1956,1.0,1036.5409,263.9745,1.0,1036.0442,251.28859,1.0,901.49115,236.6864,1.0,907.38715,230.34912,1.0,917.09143,226.04552,1.0,930.8101,224.46246,1.0,947.3047,224.84581,1.0,979.6905,222.8116,1.0,995.2551,221.00987,1.0,1008.1379,221.5522,1.0,1017.4895,225.3065,1.0,1023.1274,231.24274,1.0,964.592,247.29771,1.0,965.42194,259.49228,1.0,966.0161,267.6298,1.0,966.405,274.46222,1.0,953.87585,285.82535,1.0,958.1762,288.3003,1.0,966.1006,287.9041,1.0,973.68964,287.85638,1.0,977.7787,285.01813,1.0,915.6799,248.28906,1.0,922.5551,243.84303,1.0,933.64465,242.82585,1.0,945.1591,247.81676,1.0,935.52045,249.55199,1.0,925.2293,250.41547,1.0,981.2972,246.89978,1.0,992.53986,240.65683,1.0,1003.45966,240.88835,1.0,1009.755,245.00098,1.0,1000.64795,247.81189,1.0,990.6184,247.82146,1.0,941.9981,313.46658,1.0,951.62823,304.98123,1.0,958.81635,301.96207,1.0,966.0297,303.052,1.0,973.39417,301.70868,1.0,980.64386,304.5404,1.0,990.4436,313.2001,1.0,985.49927,317.0121,1.0,974.04456,320.7805,1.0,966.497,321.4603,1.0,959.28064,321.16034,1.0,947.5326,317.529,1.0,944.2961,313.09323,1.0,960.693,310.72668,1.0,966.131,310.73816,1.0,971.9873,310.68704,1.0,988.24194,312.78323,1.0,972.21497,311.7956,1.0,966.44934,311.90887,1.0,960.7082,311.7074,1.0,929.3336,246.09193,1.0,997.0133,243.76567,1.0,958.9371,291.9595,0.99791235,969.81934,447.46866,0.99964905,812.7553,448.47812,0.99964905,765.098,700.75476,0.9803415,773.56335,925.96136,0.98182136,1126.8833,446.4592,0.9997716,1179.6407,694.56287,0.9889782,1175.2456,915.86005,0.97450507,974.4404,954.1498,0.9944727,874.69543,952.9115,0.99545467,872.3672,1290.972,0.27627188,855.612,1658.7388,0.05980151,1074.1854,955.388,0.9944727,1078.5298,1324.9326,0.18528886,1058.3267,1665.4913,0.030343058,927.1638,254.60818,0.9958566,991.4114,252.63971,0.991444,899.88477,265.9223,0.99085546,1019.63513,262.31378,0.994601,1015.4273,1792.378,0.018146668,1015.4273,1792.378,0.018146668,1059.631,1706.019,0.013813986,873.01855,1781.1161,0.02896124,873.01855,1781.1161,0.02896124,856.8023,1708.4152,0.023973443,1175.4474,927.1652,1.0,1138.2042,938.7765,1.0,1121.5908,969.91547,1.0,1114.3401,998.6367,1.0,1105.797,1019.2195,1.0,1149.1532,1002.0443,1.0,1138.8065,1036.1915,1.0,1131.722,1054.7844,1.0,1126.4147,1068.8096,1.0,1167.9825,1004.1154,1.0,1156.8052,1039.8197,1.0,1147.829,1059.7745,1.0,1140.5458,1075.3268,1.0,1179.6938,1001.28577,1.0,1168.0396,1033.1013,1.0,1158.4031,1050.1342,1.0,1150.2543,1063.3933,1.0,1185.6027,995.82434,1.0,1174.2625,1021.9978,1.0,1165.2705,1036.3975,1.0,1157.1335,1046.9772,1.0,770.8807,938.6823,1.0,810.73474,950.7552,1.0,829.98303,980.6078,1.0,838.5141,1011.2859,1.0,848.3856,1032.9797,1.0,799.79645,1017.7303,1.0,816.49133,1056.307,1.0,826.1296,1077.2677,1.0,832.0548,1093.642,1.0,778.8899,1021.32544,1.0,799.7919,1059.707,1.0,812.45306,1079.8969,1.0,819.95245,1096.1028,1.0,766.1126,1019.0859,1.0,787.2312,1053.7625,1.0,800.55286,1073.6936,1.0,808.9177,1088.5393,1.0,760.0724,1015.2848,1.0,778.35223,1044.0825,1.0,791.96954,1060.9229,1.0,802.04553,1073.432,1.0
888.04224,257.5656,1.0,889.16547,270.29208,1.0,890.52295,283.54706,1.0,896.3662,305.45773,1.0,902.7829,318.86777,1.0,913.7547,332.76154,1.0,922.8535,339.65533,1.0,941.3942,348.3807,1.0,967.7236,351.65356,1.0,993.218,346.12244,1.0,1009.6326,335.70514,1.0,1017.483,327.86362,1.0,1026.4299,313.2004,1.0,1033.8506,291.82803,1.0,1035.7792,277.46466,1.0,1036.1233,264.13412,1.0,1035.6042,251.31914,1.0,901.2971,236.50082,1.0,907.2717,229.99937,1.0,917.0875,225.57434,1.0,930.8682,223.92021,1.0,947.35876,224.2814,1.0,979.2786,222.21922,1.0,994.762,220.44174,1.0,1007.6353,221.02325,1.0,1017.02545,224.86163,1.0,1022.67633,230.90236,1.0,964.37006,246.99252,1.0,965.1871,259.23746,1.0,965.79156,267.3696,1.0,966.1816,274.20874,1.0,953.70184,285.81937,1.0,957.95856,288.25916,1.0,965.83136,287.7782,1.0,973.33795,287.77087,1.0,977.37634,284.9507,1.0,915.3026,248.08835,1.0,922.2929,243.39111,1.0,933.5078,242.37592,1.0,944.84436,247.62321,1.0,935.2392,249.37425,1.0,924.94824,250.25691,1.0,981.0554,246.663,1.0,992.2718,240.10368,1.0,1003.31305,240.3291,1.0,1009.5735,244.70421,1.0,1000.4355,247.55998,1.0,990.3792,247.58513,1.0,941.4448,313.49152,1.0,951.2264,304.908,1.0,958.5287,301.83942,1.0,965.72485,302.8799,1.0,973.1244,301.5331,1.0,980.41534,304.39093,1.0,990.38763,313.11115,1.0,985.1894,316.96915,1.0,973.61975,320.75223,1.0,966.09595,321.42847,1.0,958.88,321.15244,1.0,947.0755,317.57245,1.0,943.7909,313.13675,1.0,960.35474,310.65506,1.0,965.8083,310.62357,1.0,971.6158,310.59628,1.0,988.1321,312.70227,1.0,971.8694,311.7463,1.0,966.0594,311.86917,1.0,960.32764,311.7062,1.0,929.17017,245.8139,1.0,996.57715,243.40431,1.0,959.221,292.49002,0.9978786,969.8579,447.33447,0.9996466,812.8104,448.46234,0.9996466,765.1575,701.1192,0.98097485,773.7822,926.1789,0.9825781,1126.9053,446.2066,0.99977297,1179.6671,694.28,0.9893138,1175.2755,915.8774,0.97512746,973.73456,954.0879,0.9944911,874.7305,952.89557,0.99547094,872.5055,1292.5245,0.28815812,856.2662,1660.967,0.06529784,1072.7386,955.28015,0.9944911,1077.4314,1324.9993,0.19987194,1058.194,1667.8878,0.03418748,927.1987,254.76624,0.9958009,991.55927,253.33136,0.991401,900.0471,266.0464,0.9908467,1019.31793,262.34244,0.9946388,1016.30273,1797.4242,0.020318251,1016.30273,1797.4242,0.020318251,1045.7838,1711.7523,0.015243993,872.9784,1785.2539,0.031657733,872.9784,1785.2539,0.031657733,857.9828,1710.9467,0.026222564,1175.5887,927.13116,1.0,1138.2719,938.60944,1.0,1121.7635,969.81616,1.0,1114.377,998.8014,1.0,1105.5687,1019.468,1.0,1149.2582,1002.5466,1.0,1138.6881,1036.5947,1.0,1131.575,1054.9348,1.0,1126.2372,1068.7136,1.0,1168.1284,1004.5295,1.0,1156.7335,1040.0803,1.0,1147.6775,1059.6262,1.0,1140.3774,1074.7689,1.0,1179.7904,1001.4637,1.0,1168.1156,1033.0039,1.0,1158.3917,1049.6144,1.0,1150.2087,1062.5327,1.0,1185.6174,995.7615,1.0,1174.5105,1021.59894,1.0,1165.4781,1035.6963,1.0,1157.3665,1045.9297,1.0,771.4332,938.69745,1.0,811.0116,951.18494,1.0,829.75214,980.71246,1.0,838.46014,1011.20276,1.0,848.3093,1032.93,1.0,799.7215,1017.8716,1.0,816.3876,1056.4863,1.0,825.8611,1077.4255,1.0,831.38605,1093.9861,1.0,779.004,1021.2685,1.0,799.8215,1059.7173,1.0,812.2017,1079.9841,1.0,819.1564,1096.2983,1.0,766.19415,1018.8896,1.0,787.11896,1053.7095,1.0,800.2956,1073.6693,1.0,808.3262,1088.564,1.0,760.1564,1015.0473,1.0,778.0504,1043.9147,1.0,791.6119,1060.8022,1.0,801.3575,1073.2598,1.0
888.0107,257.40936,1.0,889.12067,270.11908,1.0,890.4283,283.35562,1.0,896.1697,305.29132,1.0,902.5451,318.71832,1.0,913.462,332.64703,1.0,922.5472,339.56152,1.0,941.0681,348.34195,1.0,967.43823,351.62796,1.0,992.92303,346.03683,1.0,1009.4066,335.5977,1.0,1017.25006,327.75125,1.0,1026.0602,313.03677,1.0,1033.2637,291.6916,1.0,1035.1665,277.30368,1.0,1035.532,264.00858,1.0,1035.129,251.24411,1.0,901.3692,236.45917,1.0,907.3623,229.97186,1.0,917.16016,225.53442,1.0,930.9317,223.84023,1.0,947.35504,224.17326,1.0,979.1954,222.04617,1.0,994.59265,220.30826,1.0,1007.4286,220.9534,1.0,1016.7857,224.82834,1.0,1022.4105,230.88116,1.0,964.31354,246.9644,1.0,965.0939,259.2486,1.0,965.70544,267.39166,1.0,966.0819,274.2447,1.0,953.5231,285.79803,1.0,957.7886,288.20337,1.0,965.6177,287.72937,1.0,973.104,287.7278,1.0,977.09045,284.88593,1.0,915.2692,248.0736,1.0,922.27344,243.34703,1.0,933.5072,242.32796,1.0,944.803,247.6175,1.0,935.21924,249.40395,1.0,924.9077,250.27574,1.0,980.87384,246.60786,1.0,992.02673,239.99478,1.0,1003.0842,240.24452,1.0,1009.319,244.66028,1.0,1000.1993,247.54893,1.0,990.1695,247.5821,1.0,941.2954,313.51486,1.0,951.0943,304.7722,1.0,958.4318,301.62317,1.0,965.67816,302.63583,1.0,973.1068,301.2989,1.0,980.3724,304.18634,1.0,990.113,312.98337,1.0,985.01294,316.9233,1.0,973.51294,320.75143,1.0,965.96045,321.45108,1.0,958.74,321.2015,1.0,946.9021,317.65253,1.0,943.6601,313.13156,1.0,960.2626,310.38568,1.0,965.7025,310.32687,1.0,971.5422,310.27313,1.0,987.8632,312.60544,1.0,971.7795,311.86273,1.0,965.98395,312.01242,1.0,960.1967,311.8761,1.0,929.21985,245.8332,1.0,996.2647,243.39995,1.0,959.299,292.6645,0.9978691,969.93164,447.2528,0.99964553,812.92816,448.40103,0.99964553,765.2718,701.3716,0.98178715,774.2134,926.2579,0.9833189,1126.9352,446.1046,0.99977547,1179.7506,694.2698,0.9896785,1175.3071,915.95013,0.9759102,973.7334,953.80206,0.9944972,875.05066,952.70306,0.99546826,872.5771,1292.0446,0.2971595,857.0741,1659.5634,0.06873259,1072.4161,954.901,0.9944972,1077.702,1324.5132,0.21119522,1058.176,1667.2256,0.036603317,927.2376,254.77571,0.99577916,991.577,253.50177,0.99141306,900.1569,266.04184,0.9908704,1018.6194,262.33273,0.9946976,1018.1963,1797.6768,0.021741789,1018.1963,1797.6768,0.021741789,1038.6267,1710.592,0.016124949,874.45544,1784.8281,0.033305638,874.45544,1784.8281,0.033305638,858.69135,1708.9958,0.027571633,1174.8982,926.86707,1.0,1138.0392,939.10345,1.0,1121.7823,970.1809,1.0,1114.038,998.9499,1.0,1105.2218,1019.614,1.0,1149.0637,1002.3106,1.0,1138.5266,1036.592,1.0,1131.3533,1054.8514,1.0,1126.0065,1068.6707,1.0,1167.987,1004.2912,1.0,1156.4255,1040.12,1.0,1147.3717,1059.5656,1.0,1140.1481,1074.5391,1.0,1179.8934,1001.0451,1.0,1168.088,1032.5354,1.0,1158.415,1049.1404,1.0,1150.3762,1061.8281,1.0,1185.8762,995.2133,1.0,1174.7957,1020.74677,1.0,1165.7269,1034.4991,1.0,1157.6317,1044.479,1.0,771.37317,938.5102,1.0,810.8814,951.07117,1.0,829.7305,980.9146,1.0,838.5216,1011.3866,1.0,848.2142,1033.0083,1.0,800.0127,1017.9312,1.0,816.4906,1056.5201,1.0,825.60736,1077.377,1.0,830.8142,1093.9055,1.0,779.1718,1021.2861,1.0,799.8815,1059.8629,1.0,811.96173,1079.9545,1.0,818.73895,1096.2634,1.0,766.25476,1018.8506,1.0,787.061,1053.5298,1.0,800.0874,1073.4059,1.0,807.988,1088.0559,1.0,759.9572,1014.87274,1.0,777.7554,1043.4519,1.0,791.36554,1060.0323,1.0,801.2752,1072.2946,1.0
887.97906,257.2531,1.0,889.07587,269.9461,1.0,890.3336,283.16418,1.0,895.97314,305.1249,1.0,902.30725,318.56885,1.0,913.1693,332.5325,1.0,922.2408,339.4677,1.0,940.74207,348.3032,1.0,967.15283,351.6024,1.0,992.6281,345.9512,1.0,1009.1806,335.4902,1.0,1017.01715,327.63885,1.0,1025.6903,312.87317,1.0,1032.6768,291.5551,1.0,1034.5537,277.1427,1.0,1034.9408,263.88303,1.0,1034.6539,251.1691,1.0,901.4413,236.41751,1.0,907.4529,229.94435,1.0,917.2327,225.49449,1.0,930.9951,223.76025,1.0,947.3513,224.06512,1.0,979.1122,221.87312,1.0,994.4232,220.17479,1.0,1007.2218,220.88356,1.0,1016.546,224.79506,1.0,1022.1447,230.85997,1.0,964.257,246.9363,1.0,965.0006,259.25974,1.0,965.6193,267.41376,1.0,965.98224,274.28064,1.0,953.3443,285.7767,1.0,957.61865,288.14755,1.0,965.40393,287.68054,1.0,972.8701,287.68475,1.0,976.8046,284.82114,1.0,915.23584,248.05884,1.0,922.254,243.30293,1.0,933.50665,242.27998,1.0,944.7616,247.61176,1.0,935.1993,249.43365,1.0,924.8671,250.29459,1.0,980.69226,246.55273,1.0,991.7816,239.88588,1.0,1002.8554,240.15994,1.0,1009.06445,244.61635,1.0,999.9631,247.53789,1.0,989.95984,247.57907,1.0,941.14594,313.5382,1.0,950.9622,304.63638,1.0,958.335,301.40692,1.0,965.6314,302.39172,1.0,973.08923,301.06467,1.0,980.3294,303.98175,1.0,989.8383,312.85556,1.0,984.8365,316.8775,1.0,973.40607,320.7506,1.0,965.8249,321.47366,1.0,958.5999,321.25058,1.0,946.72864,317.7326,1.0,943.5293,313.12634,1.0,960.1704,310.1163,1.0,965.5967,310.03015,1.0,971.46857,309.95,1.0,987.59436,312.5086,1.0,971.6896,311.97916,1.0,965.9085,312.15564,1.0,960.06573,312.046,1.0,929.26953,245.85251,1.0,995.9522,243.39558,1.0,959.5742,292.9957,0.9978138,969.97894,447.19653,0.9996405,812.962,448.36035,0.9996405,765.3001,701.40283,0.98195547,774.0732,926.8109,0.98359144,1126.996,446.03275,0.99977356,1179.7913,694.2132,0.9895948,1175.3954,915.8973,0.97562796,973.57556,953.94836,0.99431,875.0779,952.7519,0.9953211,872.70544,1291.6678,0.2902764,858.7574,1658.5999,0.067279205,1072.0732,955.14484,0.99431,1076.7471,1324.5923,0.20737655,1058.1466,1668.8,0.03633378,927.29517,254.82877,0.99566275,991.6631,253.77527,0.9912147,900.24133,266.06967,0.9906973,1018.32776,262.36176,0.994589,1018.9428,1797.6033,0.021616464,1018.9428,1797.6033,0.021616464,1042.5459,1711.3655,0.016127737,880.69617,1783.0267,0.03262065,880.69617,1783.0267,0.03262065,859.9325,1708.153,0.027210673,1175.1553,926.71606,1.0,1138.1172,939.36523,1.0,1121.5762,970.441,1.0,1113.9817,999.8316,1.0,1104.92,1020.6223,1.0,1149.2618,1002.6249,1.0,1138.7156,1037.0223,1.0,1131.5192,1054.9999,1.0,1125.9911,1068.5004,1.0,1168.2501,1004.33594,1.0,1156.47,1040.5242,1.0,1147.3314,1059.729,1.0,1139.999,1074.376,1.0,1180.246,1000.74493,1.0,1168.4856,1032.2361,1.0,1158.9482,1048.7241,1.0,1150.9122,1061.0701,1.0,1186.4219,994.56006,1.0,1175.59,1019.591,1.0,1166.4634,1033.0359,1.0,1158.3718,1042.4788,1.0,771.5787,938.29047,1.0,810.91345,950.96857,1.0,829.638,981.0263,1.0,838.4811,1011.71515,1.0,848.52454,1033.2772,1.0,799.582,1017.71576,1.0,816.3372,1056.2965,1.0,825.5746,1076.9458,1.0,830.8229,1093.3745,1.0,778.60864,1021.0733,1.0,799.61694,1059.6997,1.0,811.9142,1079.7373,1.0,818.78503,1095.7621,1.0,765.61273,1018.38855,1.0,786.59546,1053.3275,1.0,799.8289,1073.0436,1.0,807.8388,1087.5387,1.0,759.1402,1014.3622,1.0,777.0654,1042.9841,1.0,790.67426,1059.452,1.0,800.54785,1071.4949,1.0
887.9475,257.09686,1.0,889.03107,269.7731,1.0,890.23895,282.97275,1.0,895.7767,304.9585,1.0,902.06946,318.41937,1.0,912.87665,332.418,1.0,921.93445,339.3739,1.0,940.416,348.26443,1.0,966.86743,351.57678,1.0,992.3332,345.86557,1.0,1008.95465,335.38275,1.0,1016.7842,327.5265,1.0,1025.3206,312.70953,1.0,1032.0898,291.41864,1.0,1033.9409,276.98175,1.0,1034.3495,263.75748,1.0,1034.1787,251.09407,1.0,901.51337,236.37585,1.0,907.5435,229.91684,1.0,917.30536,225.45457,1.0,931.05853,223.68027,1.0,947.3476,223.957,1.0,979.02893,221.70006,1.0,994.2538,220.04132,1.0,1007.0151,220.8137,1.0,1016.30634,224.76176,1.0,1021.8789,230.83878,1.0,964.2005,246.90817,1.0,964.90735,259.2709,1.0,965.5332,267.43585,1.0,965.8826,274.3166,1.0,953.1655,285.75534,1.0,957.4487,288.09177,1.0,965.19025,287.6317,1.0,972.6362,287.6417,1.0,976.51874,284.75635,1.0,915.20245,248.04407,1.0,922.2346,243.25885,1.0,933.50604,242.23203,1.0,944.7202,247.60603,1.0,935.1793,249.46335,1.0,924.8266,250.31342,1.0,980.51074,246.4976,1.0,991.53656,239.777,1.0,1002.6265,240.07536,1.0,1008.80994,244.57242,1.0,999.72687,247.52682,1.0,989.7501,247.57605,1.0,940.99646,313.56152,1.0,950.83014,304.50058,1.0,958.2382,301.19067,1.0,965.5847,302.14764,1.0,973.0717,300.83044,1.0,980.28644,303.7772,1.0,989.56366,312.72778,1.0,984.66,316.83167,1.0,973.29926,320.74982,1.0,965.6894,321.49628,1.0,958.4599,321.29962,1.0,946.55524,317.81268,1.0,943.3985,313.12115,1.0,960.07825,309.84692,1.0,965.49084,309.73343,1.0,971.39496,309.62686,1.0,987.3255,312.41177,1.0,971.5997,312.09555,1.0,965.83307,312.2989,1.0,959.93475,312.21585,1.0,929.3192,245.87181,1.0,995.6398,243.39122,1.0,959.59314,293.39835,0.9978142,970.00275,447.13568,0.9996395,812.99,448.33884,0.9996395,765.3464,701.99066,0.98235357,774.2525,927.02997,0.98405904,1127.0155,445.93253,0.9997757,1179.8175,693.97266,0.98980373,1175.4425,915.8938,0.97607046,973.2266,954.49194,0.99427634,875.06476,953.0943,0.99527705,871.64764,1292.522,0.29102638,857.6447,1658.2491,0.06774945,1071.3885,955.8895,0.99427634,1076.2604,1326.4617,0.21381235,1057.8777,1671.2523,0.037559025,927.2882,254.94891,0.99565995,991.68,254.02068,0.99125844,900.2736,266.10162,0.99072206,1018.09503,262.3703,0.99465084,1018.9851,1799.8135,0.02238049,1018.9851,1799.8135,0.02238049,1043.9995,1712.9161,0.016647771,880.43634,1782.5839,0.032840103,880.43634,1782.5839,0.032840103,858.6858,1707.6863,0.027516793,1175.052,926.39374,1.0,1138.1387,939.28564,1.0,1121.3857,970.637,1.0,1113.9078,1000.0646,1.0,1104.7108,1020.69305,1.0,1148.8835,1002.54364,1.0,1138.4135,1036.6777,1.0,1131.3163,1054.7627,1.0,1126.0037,1068.5216,1.0,1167.5553,1004.4673,1.0,1155.9316,1040.2172,1.0,1146.7844,1059.2665,1.0,1139.4746,1074.0928,1.0,1179.7157,1001.0594,1.0,1168.8401,1032.4951,1.0,1159.1523,1048.8954,1.0,1150.9392,1061.4197,1.0,1186.1464,995.1255,1.0,1176.6675,1021.0915,1.0,1167.8971,1035.1052,1.0,1159.764,1045.2126,1.0,771.8782,938.20166,1.0,811.07135,951.3607,1.0,829.7472,981.25146,1.0,838.49286,1011.8279,1.0,848.32996,1033.4581,1.0,799.60345,1017.6748,1.0,816.0822,1055.9397,1.0,825.0803,1076.2734,1.0,830.28064,1092.4425,1.0,778.7058,1020.9681,1.0,799.38684,1059.5306,1.0,811.5769,1079.1973,1.0,818.4742,1095.0043,1.0,765.893,1018.22156,1.0,786.62006,1052.8181,1.0,799.75964,1072.2751,1.0,807.7896,1086.393,1.0,759.3114,1014.0187,1.0,777.17126,1042.1934,1.0,791.0585,1058.3708,1.0,801.1174,1070.1091,1.0
888.1061,257.3198,1.0,889.2125,270.01193,1.0,890.3622,283.24158,1.0,895.7724,305.24243,1.0,902.003,318.6812,1.0,912.75726,332.59027,1.0,921.8436,339.46735,1.0,940.34625,348.29987,1.0,966.7756,351.55328,1.0,992.3395,345.92194,1.0,1008.9678,335.46838,1.0,1016.8198,327.61472,1.0,1025.3867,312.83948,1.0,1032.2242,291.53693,1.0,1034.0448,277.11502,1.0,1034.4274,263.88986,1.0,1034.2324,251.22548,1.0,901.55206,236.37354,1.0,907.58734,229.8696,1.0,917.30743,225.35625,1.0,931.01874,223.56355,1.0,947.2663,223.84875,1.0,978.7675,221.58813,1.0,993.97156,219.9413,1.0,1006.71906,220.74863,1.0,1016.05286,224.74736,1.0,1021.67664,230.86015,1.0,964.03687,246.9068,1.0,964.7081,259.28546,1.0,965.2783,267.47903,1.0,965.5942,274.35098,1.0,952.9837,285.78873,1.0,957.2418,288.18137,1.0,964.9746,287.6834,1.0,972.41156,287.71823,1.0,976.33,284.86475,1.0,915.0844,248.06143,1.0,922.19305,243.26077,1.0,933.4962,242.24133,1.0,944.66144,247.61433,1.0,935.1336,249.52527,1.0,924.7715,250.35185,1.0,980.5255,246.52376,1.0,991.5255,239.81677,1.0,1002.65,240.12117,1.0,1008.88086,244.65529,1.0,999.67334,247.62856,1.0,989.6619,247.65462,1.0,940.7879,313.63565,1.0,950.63794,304.6399,1.0,958.0064,301.38986,1.0,965.34656,302.33917,1.0,972.8227,301.0168,1.0,980.0352,303.9537,1.0,989.45966,312.8873,1.0,984.4786,316.8953,1.0,973.0472,320.72354,1.0,965.448,321.44443,1.0,958.2728,321.255,1.0,946.3737,317.81424,1.0,943.1631,313.19336,1.0,959.8404,309.93976,1.0,965.2701,309.82184,1.0,971.1667,309.7416,1.0,987.2242,312.54214,1.0,971.42505,312.1133,1.0,965.5727,312.28903,1.0,959.7274,312.21188,1.0,929.36664,245.92842,1.0,995.6301,243.47041,1.0,959.62354,293.93637,0.99787295,970.025,446.98495,0.9996462,813.01514,448.17612,0.9996462,765.5656,701.9424,0.983113,774.3935,927.0378,0.9848344,1127.035,445.79382,0.99978125,1179.989,693.95374,0.99018455,1175.4717,915.8955,0.9769619,973.44275,953.65137,0.99429965,875.5279,952.6914,0.9953111,871.8283,1293.8787,0.3060489,857.3663,1662.0718,0.07283341,1071.3577,954.6113,0.99429965,1076.1265,1326.3545,0.2287845,1057.9204,1671.2332,0.040303994,927.2251,255.29703,0.9957816,991.64453,254.25772,0.99153227,900.2965,266.1942,0.9910085,1017.83044,262.3825,0.9948388,1018.95905,1799.3317,0.02408408,1018.95905,1799.3317,0.02408408,1039.5646,1713.037,0.017549265,878.2291,1785.1302,0.035455395,878.2291,1785.1302,0.035455395,858.32965,1712.0356,0.029241545,1175.2118,926.36084,1.0,1137.9127,939.2887,1.0,1121.6152,970.65106,1.0,1114.0996,1000.07733,1.0,1104.5278,1020.6427,1.0,1148.9932,1002.477,1.0,1138.45,1036.6615,1.0,1131.6887,1054.84,1.0,1126.8646,1068.7136,1.0,1167.7413,1004.447,1.0,1156.2644,1039.9458,1.0,1147.7245,1058.917,1.0,1141.1104,1073.6792,1.0,1179.9302,1001.1021,1.0,1169.0564,1032.0728,1.0,1159.7646,1048.104,1.0,1152.0823,1060.4069,1.0,1186.2627,995.2469,1.0,1176.7373,1020.87103,1.0,1168.0347,1034.6722,1.0,1160.0433,1044.671,1.0,772.0252,938.1301,1.0,811.4951,951.4538,1.0,830.0825,981.3433,1.0,838.61475,1011.9116,1.0,848.24066,1033.411,1.0,799.68976,1017.6075,1.0,816.21747,1055.9773,1.0,825.30505,1076.356,1.0,830.6624,1092.4231,1.0,778.9507,1020.8372,1.0,799.33905,1059.6191,1.0,811.734,1079.152,1.0,818.69214,1094.6287,1.0,765.8942,1018.1658,1.0,786.6499,1052.6757,1.0,799.975,1071.8297,1.0,808.1937,1085.504,1.0,759.3379,1014.0234,1.0,777.1915,1041.6339,1.0,791.2552,1057.3774,1.0,801.4977,1068.6112,1.0
888.2646,257.5427,1.0,889.394,270.25076,1.0,890.48535,283.5104,1.0,895.7681,305.52634,1.0,901.9365,318.94308,1.0,912.6379,332.76254,1.0,921.75275,339.5608,1.0,940.2764,348.3353,1.0,966.6837,351.52975,1.0,992.34576,345.97833,1.0,1008.98083,335.55402,1.0,1016.85547,327.7029,1.0,1025.453,312.96945,1.0,1032.3586,291.6552,1.0,1034.1488,277.2483,1.0,1034.5052,264.02228,1.0,1034.286,251.35689,1.0,901.59076,236.3712,1.0,907.63116,229.82236,1.0,917.3095,225.25792,1.0,930.97894,223.44684,1.0,947.185,223.74051,1.0,978.50604,221.4762,1.0,993.6894,219.8413,1.0,1006.42303,220.68356,1.0,1015.7993,224.73294,1.0,1021.47437,230.88152,1.0,963.8732,246.90543,1.0,964.5089,259.30005,1.0,965.0235,267.5222,1.0,965.3058,274.3854,1.0,952.8019,285.8221,1.0,957.0349,288.27094,1.0,964.75903,287.7351,1.0,972.18695,287.79474,1.0,976.1413,284.97314,1.0,914.9663,248.0788,1.0,922.1515,243.26268,1.0,933.4864,242.25064,1.0,944.60266,247.62262,1.0,935.0879,249.5872,1.0,924.71643,250.3903,1.0,980.5403,246.5499,1.0,991.51447,239.85657,1.0,1002.6735,240.16698,1.0,1008.95184,244.73814,1.0,999.6198,247.73029,1.0,989.57367,247.73318,1.0,940.5793,313.70978,1.0,950.44574,304.77917,1.0,957.77454,301.58908,1.0,965.10846,302.53073,1.0,972.57367,301.2032,1.0,979.784,304.13022,1.0,989.3557,313.04678,1.0,984.2971,316.95892,1.0,972.79504,320.69727,1.0,965.2066,321.3926,1.0,958.08575,321.2104,1.0,946.1922,317.81577,1.0,942.9276,313.2656,1.0,959.60254,310.0326,1.0,965.0493,309.91025,1.0,970.93835,309.85635,1.0,987.1228,312.67252,1.0,971.25037,312.1311,1.0,965.31226,312.27914,1.0,959.5201,312.20792,1.0,929.4141,245.98505,1.0,995.6204,243.54959,1.0,959.74286,293.87958,0.9978403,970.14465,446.82605,0.9996419,813.22107,447.98096,0.9996419,765.58673,701.967,0.9833117,774.28143,927.52136,0.9850981,1127.0682,445.67114,0.9997795,1180.0249,693.6896,0.9902212,1175.5857,915.6519,0.97721297,973.05927,954.2094,0.9941899,874.933,952.9377,0.99522877,870.541,1293.6805,0.3029862,856.9842,1661.2769,0.07202724,1071.1855,955.48114,0.9941899,1075.3059,1328.1403,0.22699893,1056.7896,1670.7035,0.039992273,927.2315,255.21288,0.9957167,991.76013,254.22433,0.99143046,900.3305,266.16525,0.99093306,1017.78796,262.33133,0.9947863,1018.1068,1798.4591,0.023934277,1018.1068,1798.4591,0.023934277,1041.2344,1712.1664,0.017518617,878.0884,1784.2178,0.03505384,878.0884,1784.2178,0.03505384,857.9361,1711.154,0.029029157,1175.8019,926.12067,1.0,1138.5708,938.6372,1.0,1121.7761,970.127,1.0,1114.1182,999.7925,1.0,1104.7893,1020.6627,1.0,1149.0723,1002.6485,1.0,1138.5447,1036.886,1.0,1131.6111,1055.0023,1.0,1126.7445,1068.7747,1.0,1167.794,1004.4827,1.0,1156.4062,1039.9756,1.0,1147.7809,1058.7314,1.0,1141.1322,1073.3588,1.0,1179.85,1000.9364,1.0,1169.0632,1031.9111,1.0,1159.6567,1047.9888,1.0,1151.9154,1060.3856,1.0,1186.0471,995.0141,1.0,1176.6532,1020.7891,1.0,1167.9578,1034.6887,1.0,1159.9751,1044.7623,1.0,772.78345,938.2698,1.0,811.9393,951.5084,1.0,830.3802,981.1717,1.0,838.92944,1011.8428,1.0,848.36017,1033.3887,1.0,799.67896,1017.5062,1.0,816.1864,1056.2009,1.0,825.1319,1076.48,1.0,830.2856,1092.5532,1.0,778.7183,1020.8306,1.0,799.2966,1059.9155,1.0,811.6793,1079.2299,1.0,818.54285,1094.4224,1.0,765.7622,1017.9354,1.0,786.3351,1052.5061,1.0,799.71747,1071.4338,1.0,808.0341,1084.6622,1.0,758.89404,1013.5437,1.0,776.5855,1040.7882,1.0,790.75726,1056.1224,1.0,801.0088,1066.7092,1.0
888.42316,257.7656,1.0,889.57544,270.4896,1.0,890.6086,283.77924,1.0,895.7639,305.81027,1.0,901.8701,319.20493,1.0,912.51855,332.9348,1.0,921.6619,339.6542,1.0,940.20667,348.37073,1.0,966.59186,351.50626,1.0,992.35205,346.0347,1.0,1008.99396,335.63965,1.0,1016.8911,327.79114,1.0,1025.5193,313.0994,1.0,1032.4929,291.77347,1.0,1034.2527,277.38156,1.0,1034.5833,264.15466,1.0,1034.3396,251.48828,1.0,901.62946,236.36888,1.0,907.675,229.77512,1.0,917.3116,225.15958,1.0,930.93915,223.33011,1.0,947.10376,223.63226,1.0,978.2446,221.36426,1.0,993.40717,219.74127,1.0,1006.127,220.61848,1.0,1015.54584,224.71854,1.0,1021.27216,230.9029,1.0,963.7096,246.90405,1.0,964.3097,259.3146,1.0,964.7686,267.56537,1.0,965.0174,274.4198,1.0,952.62006,285.85547,1.0,956.82806,288.3605,1.0,964.5434,287.7868,1.0,971.96234,287.87125,1.0,975.9525,285.08154,1.0,914.84827,248.09616,1.0,922.1099,243.2646,1.0,933.47656,242.25993,1.0,944.5439,247.63092,1.0,935.0422,249.64912,1.0,924.6613,250.42874,1.0,980.55505,246.57605,1.0,991.5034,239.89635,1.0,1002.697,240.21277,1.0,1009.02277,244.82101,1.0,999.5663,247.83202,1.0,989.4854,247.81177,1.0,940.3707,313.7839,1.0,950.25354,304.9185,1.0,957.5427,301.7883,1.0,964.87036,302.72226,1.0,972.32465,301.38956,1.0,979.5328,304.30673,1.0,989.2517,313.2063,1.0,984.1157,317.02255,1.0,972.54297,320.67096,1.0,964.9653,321.34076,1.0,957.8987,321.16577,1.0,946.01074,317.81732,1.0,942.6922,313.3378,1.0,959.3647,310.12543,1.0,964.82855,309.99866,1.0,970.7101,309.9711,1.0,987.0215,312.80292,1.0,971.0757,312.14886,1.0,965.0519,312.2693,1.0,959.31274,312.20395,1.0,929.46155,246.04167,1.0,995.6107,243.62878,1.0,959.7678,293.84668,0.99788815,970.22375,446.79758,0.99964494,813.3494,447.9602,0.99964494,765.84924,702.0613,0.9838903,774.499,927.5449,0.985707,1127.0981,445.63495,0.9997842,1180.0995,693.608,0.990695,1175.5876,915.72577,0.9782194,973.5316,953.3317,0.9942261,875.9264,952.297,0.9952573,869.6869,1294.065,0.32102802,854.5553,1662.1475,0.078075975,1071.1368,954.3664,0.9942261,1073.4657,1328.104,0.24254777,1054.7838,1671.6646,0.043269884,927.0992,255.14186,0.9958177,991.76306,254.01689,0.99165845,900.4443,266.161,0.9911808,1017.7401,262.00916,0.9949497,1011.5396,1800.6785,0.025869334,1011.5396,1800.6785,0.025869334,1042.3353,1712.5126,0.018530527,872.1737,1786.4467,0.038266316,872.1737,1786.4467,0.038266316,855.5603,1711.8566,0.031131372,1175.5148,926.1625,1.0,1138.1628,938.3432,1.0,1121.6119,969.8796,1.0,1114.2626,999.4569,1.0,1104.8978,1020.27985,1.0,1149.1455,1002.2812,1.0,1138.6385,1036.8481,1.0,1131.7112,1055.3165,1.0,1126.7711,1069.3298,1.0,1168.2959,1004.29736,1.0,1156.7335,1040.5487,1.0,1147.6052,1060.0062,1.0,1140.6022,1074.9446,1.0,1180.597,1000.9105,1.0,1169.6604,1032.6979,1.0,1159.6316,1048.9922,1.0,1151.1984,1061.3661,1.0,1186.782,995.0682,1.0,1176.9027,1021.5373,1.0,1167.7339,1035.6357,1.0,1159.2542,1045.7974,1.0,772.53894,937.40625,1.0,811.7985,951.03174,1.0,830.3313,980.9702,1.0,838.83105,1011.82227,1.0,848.4962,1033.339,1.0,799.5324,1017.6136,1.0,815.93304,1056.2195,1.0,824.6914,1076.2651,1.0,829.7882,1092.1975,1.0,778.6396,1020.90845,1.0,799.0151,1059.7489,1.0,811.2974,1078.9639,1.0,818.3184,1094.0145,1.0,765.7374,1018.0125,1.0,786.4109,1052.1093,1.0,799.693,1070.9143,1.0,808.0466,1083.9971,1.0,759.19635,1013.52277,1.0,776.8083,1040.4315,1.0,791.05884,1055.6752,1.0,801.3778,1066.1733,1.0
888.2927,257.96677,1.0,889.427,270.69498,1.0,890.4981,283.9897,1.0,895.73755,306.02023,1.0,901.9296,319.39893,1.0,912.6875,333.09042,1.0,921.8737,339.82916,1.0,940.3863,348.51895,1.0,966.6467,351.63998,1.0,992.29584,346.11993,1.0,1008.89185,335.69073,1.0,1016.8225,327.85638,1.0,1025.559,313.19595,1.0,1032.5751,291.89584,1.0,1034.3024,277.48828,1.0,1034.5955,264.2432,1.0,1034.3125,251.54182,1.0,901.4071,236.47931,1.0,907.4114,229.87936,1.0,917.04456,225.28911,1.0,930.68085,223.49323,1.0,946.89215,223.83482,1.0,978.18854,221.54944,1.0,993.4102,219.84566,1.0,1006.1784,220.63771,1.0,1015.58374,224.68526,1.0,1021.2848,230.88121,1.0,963.62683,247.07373,1.0,964.258,259.45676,1.0,964.73096,267.66284,1.0,965.0212,274.5197,1.0,952.68976,285.98236,1.0,956.88885,288.46417,1.0,964.58405,287.90466,1.0,971.9579,287.97095,1.0,975.9147,285.15622,1.0,914.86005,248.1906,1.0,922.02594,243.3703,1.0,933.32855,242.3702,1.0,944.4433,247.79553,1.0,934.9101,249.76399,1.0,924.59436,250.54091,1.0,980.3482,246.74403,1.0,991.3291,239.98991,1.0,1002.477,240.29536,1.0,1008.7859,244.86891,1.0,999.4535,247.92766,1.0,989.416,247.95203,1.0,940.4171,313.86075,1.0,950.2912,305.0123,1.0,957.5487,301.86334,1.0,964.80316,302.81015,1.0,972.2638,301.49146,1.0,979.41614,304.3589,1.0,989.14795,313.21576,1.0,983.99426,317.05414,1.0,972.4974,320.71408,1.0,964.96155,321.4018,1.0,957.8705,321.24448,1.0,946.0163,317.9364,1.0,942.7173,313.4186,1.0,959.3606,310.1738,1.0,964.7789,310.05658,1.0,970.66223,310.0087,1.0,986.9192,312.80804,1.0,970.9698,312.2496,1.0,965.0382,312.3602,1.0,959.2743,312.31503,1.0,929.27515,246.11282,1.0,995.32904,243.6975,1.0,959.8883,293.57675,0.9978402,970.26385,446.77744,0.99964094,813.40295,447.9395,0.99964094,765.87805,702.2158,0.9840056,774.3845,927.8084,0.9858979,1127.1248,445.61536,0.9997766,1180.1642,693.4357,0.99045223,1175.7266,915.51373,0.9775049,972.9843,953.9819,0.9940632,875.05426,952.4621,0.99516517,869.5807,1293.746,0.31072548,855.7441,1661.7399,0.07526423,1070.9143,955.5017,0.9940632,1074.3693,1328.8271,0.23278031,1054.8184,1671.6847,0.041480027,927.1046,254.77448,0.995726,991.96735,253.8581,0.9913939,900.52606,266.1004,0.99103385,1017.7388,261.9395,0.99475896,1013.82764,1800.0841,0.024807159,1013.82764,1800.0841,0.024807159,1044.0824,1712.4126,0.017989602,875.7573,1786.1792,0.036835887,875.7573,1786.1792,0.036835887,856.90125,1711.364,0.030238358,1175.7538,925.748,1.0,1138.5125,938.32935,1.0,1121.582,969.7961,1.0,1113.9431,999.6766,1.0,1104.5941,1020.7714,1.0,1149.5554,1002.7781,1.0,1138.5402,1037.0796,1.0,1131.2368,1055.1272,1.0,1126.2495,1068.9233,1.0,1168.3564,1004.4445,1.0,1156.0858,1040.031,1.0,1147.0278,1058.6228,1.0,1140.4673,1073.0815,1.0,1180.4423,1000.64624,1.0,1169.1316,1031.3356,1.0,1159.4663,1047.3197,1.0,1151.7512,1059.3999,1.0,1186.6399,994.3417,1.0,1177.1608,1019.90985,1.0,1168.4285,1033.4656,1.0,1160.6725,1043.1016,1.0,773.0175,937.30316,1.0,812.0553,951.2969,1.0,830.5668,981.26526,1.0,839.3898,1011.9818,1.0,848.81757,1033.2946,1.0,799.57623,1017.65924,1.0,815.90894,1056.6292,1.0,824.81665,1076.9124,1.0,830.1042,1093.0209,1.0,778.76105,1020.8318,1.0,799.23645,1060.0896,1.0,811.81177,1079.3829,1.0,819.03033,1094.5684,1.0,765.9145,1017.84766,1.0,787.04443,1052.4385,1.0,800.746,1071.1323,1.0,809.3413,1084.0201,1.0,759.61554,1013.37964,1.0,777.50195,1040.5508,1.0,792.05334,1055.8485,1.0,802.6299,1066.2045,1.0
888.1623,258.1679,1.0,889.27856,270.90036,1.0,890.3876,284.20013,1.0,895.7112,306.23022,1.0,901.9891,319.59293,1.0,912.8564,333.246,1.0,922.0855,340.0041,1.0,940.56586,348.66714,1.0,966.70154,351.77374,1.0,992.23956,346.20517,1.0,1008.7897,335.74185,1.0,1016.7539,327.92163,1.0,1025.5986,313.29248,1.0,1032.6572,292.0182,1.0,1034.352,277.59503,1.0,1034.6075,264.33173,1.0,1034.2854,251.59535,1.0,901.1848,236.58974,1.0,907.14777,229.9836,1.0,916.7776,225.41862,1.0,930.42255,223.65633,1.0,946.6806,224.03738,1.0,978.13245,221.7346,1.0,993.4132,219.95004,1.0,1006.22986,220.65694,1.0,1015.62164,224.652,1.0,1021.2974,230.85953,1.0,963.54407,247.24342,1.0,964.2063,259.59888,1.0,964.69336,267.7603,1.0,965.02496,274.61963,1.0,952.75946,286.10922,1.0,956.9497,288.56784,1.0,964.6247,288.02255,1.0,971.9534,288.07065,1.0,975.8768,285.2309,1.0,914.8719,248.28503,1.0,921.942,243.476,1.0,933.1805,242.48047,1.0,944.3428,247.96014,1.0,934.778,249.87888,1.0,924.5274,250.65306,1.0,980.1413,246.91203,1.0,991.1547,240.08348,1.0,1002.2569,240.37796,1.0,1008.549,244.91681,1.0,999.34076,248.0233,1.0,989.3467,248.09229,1.0,940.4635,313.93756,1.0,950.3289,305.1061,1.0,957.55475,301.93835,1.0,964.736,302.898,1.0,972.20294,301.59335,1.0,979.2995,304.41104,1.0,989.0442,313.2252,1.0,983.87286,317.08575,1.0,972.4517,320.75717,1.0,964.9578,321.46286,1.0,957.8423,321.32318,1.0,946.0219,318.0555,1.0,942.74243,313.4994,1.0,959.3565,310.22214,1.0,964.7292,310.11447,1.0,970.61444,310.0463,1.0,986.8169,312.8132,1.0,970.8639,312.35034,1.0,965.02454,312.45108,1.0,959.2358,312.42612,1.0,929.08875,246.18398,1.0,995.04736,243.76619,1.0,959.9338,293.5985,0.9979113,970.2984,446.75122,0.99964607,813.45374,447.94,0.99964607,766.3787,702.24115,0.98464906,774.59106,927.3582,0.98661774,1127.1432,445.56247,0.9997822,1180.2911,693.51416,0.99095315,1175.7136,915.7538,0.9787375,972.85364,953.52264,0.9941205,875.1773,952.0016,0.99520355,868.90094,1293.9714,0.32841036,854.6287,1662.1133,0.08040552,1070.53,955.0437,0.9941205,1073.9506,1328.8312,0.24934877,1054.5206,1671.9618,0.044890504,927.1106,254.78094,0.99587655,991.97455,253.88515,0.99171185,900.56396,266.0976,0.9913878,1017.5409,261.93765,0.9949731,1010.0822,1800.6891,0.026887137,1010.0822,1800.6891,0.026887137,1046.0823,1712.4153,0.019050477,871.4435,1787.5714,0.039724763,871.4435,1787.5714,0.039724763,856.1268,1711.3893,0.03219187,1175.1648,925.8871,1.0,1137.8933,938.55884,1.0,1121.6843,970.2285,1.0,1114.1725,999.8611,1.0,1104.6877,1020.80396,1.0,1149.8817,1003.2715,1.0,1138.566,1037.5974,1.0,1131.304,1055.6782,1.0,1126.5513,1069.5642,1.0,1168.6255,1004.8858,1.0,1155.9775,1041.1375,1.0,1146.9338,1059.985,1.0,1140.5128,1074.7812,1.0,1180.7384,1000.9074,1.0,1169.2368,1031.8282,1.0,1159.4865,1047.8278,1.0,1151.7471,1059.997,1.0,1186.9391,994.0879,1.0,1177.4178,1019.776,1.0,1168.4784,1033.3008,1.0,1160.5271,1042.8425,1.0,772.68994,937.41797,1.0,811.9056,950.7735,1.0,830.6567,980.599,1.0,839.2063,1011.9462,1.0,848.90607,1033.2592,1.0,799.7203,1017.2095,1.0,816.2492,1056.8209,1.0,825.2307,1077.188,1.0,830.51465,1093.1858,1.0,779.0034,1020.63196,1.0,799.603,1060.4185,1.0,812.2441,1079.5667,1.0,819.5876,1094.4265,1.0,766.1729,1017.99805,1.0,787.285,1052.8433,1.0,800.98224,1071.3325,1.0,809.7761,1083.7837,1.0,759.7701,1013.849,1.0,777.71204,1041.0247,1.0,792.36224,1056.2786,1.0,803.04504,1066.5245,1.0
888.03186,258.36908,1.0,889.1301,271.10574,1.0,890.2771,284.41058,1.0,895.6848,306.44022,1.0,902.0486,319.78693,1.0,913.0253,333.4016,1.0,922.29724,340.17905,1.0,940.7455,348.81534,1.0,966.75635,351.90747,1.0,992.18335,346.2904,1.0,1008.68756,335.79297,1.0,1016.68536,327.98688,1.0,1025.6383,313.38904,1.0,1032.7394,292.14053,1.0,1034.4017,277.70175,1.0,1034.6198,264.42023,1.0,1034.2583,251.64888,1.0,900.96246,236.70016,1.0,906.88416,230.08783,1.0,916.51056,225.54814,1.0,930.16425,223.81944,1.0,946.469,224.23994,1.0,978.0764,221.91978,1.0,993.41626,220.05441,1.0,1006.28125,220.67616,1.0,1015.65955,224.61871,1.0,1021.31006,230.83784,1.0,963.4613,247.4131,1.0,964.15466,259.741,1.0,964.6557,267.85782,1.0,965.0287,274.71954,1.0,952.8291,286.2361,1.0,957.0105,288.67148,1.0,964.66534,288.1404,1.0,971.949,288.17035,1.0,975.83887,285.30554,1.0,914.88367,248.37947,1.0,921.85803,243.58171,1.0,933.0324,242.59073,1.0,944.2422,248.12476,1.0,934.64594,249.99374,1.0,924.46045,250.76523,1.0,979.93445,247.08002,1.0,990.98035,240.17705,1.0,1002.03687,240.46056,1.0,1008.3121,244.9647,1.0,999.22797,248.11893,1.0,989.2773,248.23254,1.0,940.5098,314.0144,1.0,950.36664,305.19995,1.0,957.5607,302.0134,1.0,964.6689,302.9859,1.0,972.1421,301.69525,1.0,979.1829,304.4632,1.0,988.94037,313.23465,1.0,983.75146,317.11734,1.0,972.4061,320.80026,1.0,964.95416,321.5239,1.0,957.81415,321.4019,1.0,946.02747,318.17462,1.0,942.7676,313.58017,1.0,959.3524,310.27048,1.0,964.6795,310.1724,1.0,970.5666,310.0839,1.0,986.71454,312.81836,1.0,970.758,312.45108,1.0,965.01086,312.542,1.0,959.1973,312.5372,1.0,928.90234,246.25514,1.0,994.7657,243.8349,1.0,959.9618,293.5185,0.9978497,970.4806,446.73425,0.9996362,813.7458,447.9273,0.9996362,766.40234,702.5235,0.98479927,775.2164,927.3968,0.986708,1127.2155,445.5412,0.9997806,1180.5056,693.5461,0.9911754,1175.7302,916.0125,0.97911274,973.3044,953.58673,0.9940646,875.90784,952.1212,0.995132,868.93494,1293.9114,0.3277686,854.6406,1661.8107,0.08072403,1070.7009,955.0523,0.9940646,1075.4191,1328.6384,0.25255445,1055.6761,1671.8212,0.04561488,927.1125,254.73363,0.9957462,992.0263,253.84404,0.9914877,900.6588,266.1051,0.99118376,1017.53674,261.89832,0.9948824,1012.89655,1800.3556,0.027231349,1012.89655,1800.3556,0.027231349,1050.0631,1712.312,0.019319389,871.3779,1787.2948,0.03979877,871.3779,1787.2948,0.03979877,856.1299,1710.5989,0.03233798,1175.8262,925.64276,1.0,1138.257,938.69,1.0,1121.5942,970.045,1.0,1113.9867,999.93494,1.0,1104.6721,1021.20233,1.0,1149.6388,1003.1774,1.0,1138.2892,1037.5151,1.0,1131.1628,1055.4141,1.0,1126.6306,1069.2023,1.0,1168.613,1004.4618,1.0,1155.7297,1040.928,1.0,1146.5082,1059.4565,1.0,1140.2041,1073.9083,1.0,1181.1952,999.96625,1.0,1169.6832,1030.8837,1.0,1159.812,1046.8894,1.0,1152.1462,1058.7432,1.0,1187.7964,992.61383,1.0,1178.218,1018.2381,1.0,1169.2845,1031.5614,1.0,1161.3984,1040.5452,1.0,773.1322,937.0364,1.0,812.3533,950.88007,1.0,830.7737,981.0058,1.0,839.1524,1012.43054,1.0,849.3432,1033.3577,1.0,799.4153,1017.0215,1.0,816.12537,1055.8804,1.0,825.2901,1075.6838,1.0,830.9484,1091.3524,1.0,778.7913,1020.5162,1.0,799.7598,1059.8553,1.0,812.7678,1078.813,1.0,820.72046,1093.5824,1.0,766.1742,1017.86664,1.0,787.5807,1052.5308,1.0,801.58813,1070.9661,1.0,810.9681,1083.2051,1.0,760.12537,1013.5687,1.0,778.1594,1040.5764,1.0,792.8223,1055.7878,1.0,803.9636,1066.0243,1.0
888.01227,258.4493,1.0,889.1137,271.18076,1.0,890.2108,284.44836,1.0,895.53156,306.43912,1.0,901.8393,319.7756,1.0,912.7906,333.42538,1.0,922.0729,340.19797,1.0,940.5456,348.91986,1.0,966.5805,352.06873,1.0,992.0986,346.4171,1.0,1008.6537,335.82538,1.0,1016.6788,327.95755,1.0,1025.6252,313.2473,1.0,1032.7559,291.95737,1.0,1034.4353,277.52908,1.0,1034.5869,264.26312,1.0,1034.2096,251.54135,1.0,900.81537,236.85732,1.0,906.7503,230.26201,1.0,916.384,225.74059,1.0,930.04517,224.03008,1.0,946.32947,224.42668,1.0,977.8686,222.09422,1.0,993.19165,220.22466,1.0,1006.06165,220.80443,1.0,1015.5201,224.70293,1.0,1021.2238,230.86061,1.0,963.3324,247.47719,1.0,964.03644,259.85666,1.0,964.5357,268.03394,1.0,964.92,274.92526,1.0,952.7033,286.36206,1.0,956.90497,288.81268,1.0,964.57776,288.31512,1.0,971.83813,288.3167,1.0,975.7503,285.4372,1.0,914.60126,248.55984,1.0,921.581,243.76698,1.0,932.84033,242.71753,1.0,944.09717,248.19221,1.0,934.49304,250.14545,1.0,924.2209,250.95584,1.0,979.8492,247.0727,1.0,990.92847,240.2222,1.0,1002.0335,240.49464,1.0,1008.34674,244.99011,1.0,999.1964,248.16316,1.0,989.2009,248.25203,1.0,940.5978,314.12405,1.0,950.33167,305.36597,1.0,957.4978,302.2147,1.0,964.637,303.19128,1.0,972.0058,301.87122,1.0,979.0692,304.67484,1.0,988.8081,313.3762,1.0,983.6994,317.24765,1.0,972.33844,321.0056,1.0,964.8931,321.7266,1.0,957.7759,321.60086,1.0,946.03357,318.2937,1.0,942.87476,313.71277,1.0,959.334,310.6535,1.0,964.6131,310.56607,1.0,970.4527,310.45453,1.0,986.62585,312.9373,1.0,970.6691,312.41125,1.0,964.9225,312.5559,1.0,959.20306,312.51114,1.0,928.6943,246.44482,1.0,994.838,243.88155,1.0,959.9984,293.59494,0.997883,970.443,446.67484,0.9996368,813.715,447.9297,0.9996368,766.4158,702.9494,0.98497134,775.1787,927.7174,0.9868457,1127.1709,445.41998,0.99978054,1180.5359,693.11584,0.9910757,1176.1218,915.6585,0.97894716,973.2879,953.61237,0.99408066,875.8925,952.1538,0.9951596,869.25494,1293.8165,0.3241503,856.59326,1661.537,0.0799153,1070.6832,955.0709,0.99408066,1075.5275,1328.8861,0.24909927,1055.5977,1671.6368,0.045077186,927.1155,254.75789,0.9958178,992.0367,253.8601,0.991635,900.69525,266.11566,0.9913193,1017.4806,261.89282,0.99496436,1013.9131,1800.2302,0.026845746,1013.9131,1800.2302,0.026845746,1050.1057,1712.1272,0.019242106,876.26215,1786.8658,0.03918419,876.26215,1786.8658,0.03918419,858.1418,1710.3684,0.03218923,1175.6442,925.8319,1.0,1138.2379,939.1557,1.0,1121.4368,970.31006,1.0,1113.8838,999.7619,1.0,1105.0505,1020.86676,1.0,1149.3223,1003.14154,1.0,1138.3661,1037.1267,1.0,1131.2119,1055.0109,1.0,1126.606,1068.9535,1.0,1168.2014,1004.43854,1.0,1156.0231,1040.5153,1.0,1147.1204,1059.3485,1.0,1140.918,1074.0607,1.0,1180.7683,1000.09595,1.0,1169.922,1030.813,1.0,1160.317,1047.1716,1.0,1152.6886,1059.4249,1.0,1187.4254,992.9152,1.0,1178.5366,1018.5408,1.0,1169.9467,1032.325,1.0,1162.1599,1041.9358,1.0,773.0797,936.8454,1.0,812.27167,950.663,1.0,830.6161,980.83453,1.0,838.93494,1012.2231,1.0,849.29486,1033.2814,1.0,799.6774,1017.15186,1.0,816.20874,1055.6044,1.0,825.5055,1075.0139,1.0,831.3633,1090.5494,1.0,778.961,1020.69696,1.0,799.8051,1059.6553,1.0,812.7499,1078.4441,1.0,820.70154,1093.1893,1.0,766.53625,1017.9427,1.0,787.92316,1052.2351,1.0,801.9414,1070.539,1.0,811.3895,1082.592,1.0,760.53046,1013.53937,1.0,778.6571,1039.8853,1.0,793.68463,1054.7732,1.0,805.0743,1064.4072,1.0
887.9927,258.5295,1.0,889.09735,271.25577,1.0,890.1445,284.4861,1.0,895.37836,306.43802,1.0,901.62994,319.7643,1.0,912.5558,333.4492,1.0,921.8485,340.21692,1.0,940.34576,349.02438,1.0,966.4046,352.22998,1.0,992.01385,346.54385,1.0,1008.6199,335.85776,1.0,1016.6722,327.9282,1.0,1025.612,313.10562,1.0,1032.7722,291.77417,1.0,1034.4688,277.3564,1.0,1034.554,264.10605,1.0,1034.161,251.4338,1.0,900.6682,237.01447,1.0,906.61646,230.4362,1.0,916.2574,225.93303,1.0,929.92615,224.24072,1.0,946.1899,224.61343,1.0,977.66077,222.26866,1.0,992.9671,220.3949,1.0,1005.84204,220.93271,1.0,1015.3806,224.78714,1.0,1021.1376,230.88336,1.0,963.2034,247.54129,1.0,963.9183,259.97232,1.0,964.4157,268.21002,1.0,964.8112,275.13098,1.0,952.57745,286.48798,1.0,956.7994,288.95386,1.0,964.4901,288.4898,1.0,971.7273,288.46307,1.0,975.66174,285.56885,1.0,914.3188,248.74023,1.0,921.30396,243.95227,1.0,932.6482,242.84431,1.0,943.9521,248.25969,1.0,934.3401,250.29715,1.0,923.9813,251.14647,1.0,979.7639,247.06538,1.0,990.8766,240.26735,1.0,1002.03015,240.52873,1.0,1008.38135,245.01552,1.0,999.1648,248.2074,1.0,989.1245,248.27151,1.0,940.68567,314.23373,1.0,950.29663,305.532,1.0,957.4348,302.416,1.0,964.60516,303.39664,1.0,971.86945,302.04718,1.0,978.95557,304.88647,1.0,988.67584,313.51776,1.0,983.6473,317.37793,1.0,972.27075,321.211,1.0,964.8321,321.9293,1.0,957.7377,321.7998,1.0,946.0396,318.41275,1.0,942.9819,313.84534,1.0,959.31555,311.03653,1.0,964.5467,310.95975,1.0,970.33875,310.82513,1.0,986.5372,313.05624,1.0,970.5802,312.37143,1.0,964.83405,312.56985,1.0,959.20886,312.48508,1.0,928.48615,246.6345,1.0,994.91034,243.92819,1.0,959.75415,293.61157,0.99786776,970.4794,446.67654,0.99963784,813.73346,447.97498,0.99963784,766.62195,703.4911,0.98494357,775.6813,927.7243,0.98703665,1127.2253,445.37814,0.9997801,1180.559,693.1708,0.9910377,1176.1381,915.7176,0.978866,973.31104,953.90906,0.9940238,875.97125,952.36566,0.995101,869.79877,1293.3303,0.31239265,858.03235,1660.821,0.07678239,1070.6509,955.45245,0.9940238,1075.3978,1328.416,0.24251945,1055.5964,1671.4933,0.0438039,927.01886,254.76393,0.99577147,991.63293,253.85648,0.9915519,900.7203,266.13565,0.9912128,1017.303,261.85733,0.9949146,1015.5709,1800.1013,0.026194407,1015.5709,1800.1013,0.026194407,1050.5454,1712.0153,0.018908534,877.22473,1785.0565,0.03772208,877.22473,1785.0565,0.03772208,859.83374,1709.9254,0.031281237,1175.2097,925.8595,1.0,1137.6606,938.8353,1.0,1121.6859,970.5209,1.0,1113.9364,999.96906,1.0,1104.9456,1021.04724,1.0,1150.1462,1003.4823,1.0,1138.7153,1038.1793,1.0,1131.3888,1056.1882,1.0,1126.7028,1070.0342,1.0,1168.9686,1004.9638,1.0,1155.779,1042.9803,1.0,1146.0255,1062.2069,1.0,1139.4578,1077.0732,1.0,1181.3588,1000.602,1.0,1169.7665,1032.2122,1.0,1159.4498,1048.4355,1.0,1151.3495,1060.218,1.0,1187.7957,992.9988,1.0,1178.4982,1018.9369,1.0,1169.4636,1032.5685,1.0,1161.4862,1041.6237,1.0,773.27405,936.07086,1.0,812.2314,950.358,1.0,830.8009,981.0307,1.0,839.3473,1012.25256,1.0,849.5562,1033.1675,1.0,799.9185,1016.97406,1.0,816.22424,1055.3529,1.0,825.5857,1074.7404,1.0,831.7061,1090.2777,1.0,779.33075,1020.4339,1.0,799.8764,1059.2426,1.0,812.8854,1077.9974,1.0,821.0286,1092.7444,1.0,766.7473,1017.66187,1.0,787.91064,1052.0024,1.0,801.926,1070.3102,1.0,811.56445,1082.4286,1.0,760.864,1013.2625,1.0,778.5595,1039.9613,1.0,793.52795,1055.098,1.0,804.97906,1064.9769,1.0
887.97314,258.60974,1.0,889.081,271.33078,1.0,890.0782,284.52386,1.0,895.2251,306.43692,1.0,901.42065,319.75302,1.0,912.32104,333.47296,1.0,921.62415,340.23584,1.0,940.1459,349.1289,1.0,966.2287,352.39124,1.0,991.9291,346.6706,1.0,1008.586,335.89017,1.0,1016.6656,327.89883,1.0,1025.5989,312.9639,1.0,1032.7886,291.591,1.0,1034.5023,277.18378,1.0,1034.5211,263.94894,1.0,1034.1123,251.32626,1.0,900.5211,237.17162,1.0,906.48254,230.61038,1.0,916.1308,226.12546,1.0,929.8071,224.45135,1.0,946.05035,224.80017,1.0,977.453,222.44312,1.0,992.7425,220.56512,1.0,1005.62244,221.06097,1.0,1015.24115,224.87137,1.0,1021.0514,230.90613,1.0,963.0745,247.60538,1.0,963.80005,260.08798,1.0,964.2957,268.38614,1.0,964.7025,275.3367,1.0,952.4516,286.61392,1.0,956.6938,289.09503,1.0,964.40247,288.66452,1.0,971.61646,288.60944,1.0,975.5731,285.7005,1.0,914.0363,248.92062,1.0,921.0269,244.13756,1.0,932.4561,242.97112,1.0,943.80707,248.32716,1.0,934.1872,250.44887,1.0,923.74176,251.33708,1.0,979.67865,247.05806,1.0,990.8247,240.31248,1.0,1002.0268,240.56284,1.0,1008.416,245.04092,1.0,999.13324,248.25163,1.0,989.04816,248.291,1.0,940.77356,314.34338,1.0,950.26166,305.69806,1.0,957.3718,302.61728,1.0,964.5733,303.60202,1.0,971.73315,302.22314,1.0,978.8419,305.09808,1.0,988.5436,313.6593,1.0,983.59515,317.5082,1.0,972.20306,321.41635,1.0,964.77106,322.132,1.0,957.69946,321.99878,1.0,946.0457,318.5318,1.0,943.089,313.9779,1.0,959.2971,311.4196,1.0,964.4803,311.3534,1.0,970.2248,311.19574,1.0,986.4484,313.17517,1.0,970.4913,312.3316,1.0,964.7456,312.5838,1.0,959.2146,312.459,1.0,928.278,246.8242,1.0,994.98267,243.97484,1.0,959.903,293.8851,0.9978269,970.51544,446.6359,0.99963623,813.7644,447.9687,0.99963623,766.6367,703.59717,0.9851012,775.8926,927.7587,0.98716426,1127.2665,445.30307,0.9997794,1180.6309,693.20166,0.9910894,1176.2163,915.722,0.97889495,973.2806,954.2576,0.99394166,875.96216,952.697,0.9950397,869.5667,1293.2899,0.30954146,858.02264,1661.3396,0.07572475,1070.599,955.81824,0.99394166,1075.1664,1328.9166,0.23895691,1055.4854,1672.2198,0.0431562,927.1042,254.8932,0.9956883,991.6786,254.09842,0.9913836,900.73865,266.1769,0.9910901,1017.26556,261.91852,0.99483204,1015.5873,1800.2196,0.025812112,1015.5873,1800.2196,0.025812112,1050.7277,1712.7413,0.018735351,877.8837,1785.3574,0.037166018,877.8837,1785.3574,0.037166018,859.77716,1710.7605,0.030964518,1175.6576,924.7884,1.0,1137.6025,939.68134,1.0,1121.8057,971.0454,1.0,1114.2018,1000.2474,1.0,1104.5282,1020.9998,1.0,1150.896,1002.7607,1.0,1139.2073,1037.5305,1.0,1131.4642,1055.6206,1.0,1126.3839,1069.0623,1.0,1169.8352,1004.07715,1.0,1156.4458,1041.8649,1.0,1146.686,1060.183,1.0,1140.4801,1074.242,1.0,1181.6815,999.95844,1.0,1170.148,1031.2219,1.0,1160.3777,1047.0138,1.0,1152.9282,1058.2556,1.0,1187.5381,992.6425,1.0,1178.215,1017.8163,1.0,1169.4968,1031.0896,1.0,1161.8169,1039.351,1.0,773.67206,935.8357,1.0,812.4564,950.7291,1.0,830.64075,981.1015,1.0,839.1482,1012.27515,1.0,849.39954,1033.2435,1.0,800.04205,1016.43146,1.0,815.8845,1054.4706,1.0,825.01373,1074.0043,1.0,830.9172,1089.9568,1.0,779.2227,1020.282,1.0,799.60925,1058.8615,1.0,812.34,1077.9043,1.0,820.34106,1093.0563,1.0,766.476,1017.66254,1.0,787.42993,1051.9761,1.0,801.23584,1070.5283,1.0,810.73474,1083.0432,1.0,760.3018,1013.3508,1.0,778.0445,1039.9062,1.0,792.83636,1054.8887,1.0,804.1282,1064.9133,1.0
888.1034,258.53397,1.0,889.22107,271.23383,1.0,890.2289,284.4537,1.0,895.34784,306.39667,1.0,901.483,319.74933,1.0,912.2521,333.51645,1.0,921.4401,340.3062,1.0,939.93097,349.18607,1.0,966.13934,352.42166,1.0,991.94226,346.69803,1.0,1008.6806,335.95193,1.0,1016.74744,327.94397,1.0,1025.6744,313.01663,1.0,1032.7937,291.58414,1.0,1034.4725,277.16165,1.0,1034.5516,263.9148,1.0,1034.1576,251.29683,1.0,900.6667,237.204,1.0,906.617,230.63777,1.0,916.2394,226.1297,1.0,929.87726,224.40666,1.0,946.0895,224.71335,1.0,977.4208,222.41267,1.0,992.7191,220.5944,1.0,1005.6117,221.16283,1.0,1015.1549,225.00499,1.0,1020.9858,231.01495,1.0,963.0693,247.583,1.0,963.7802,260.0604,1.0,964.27386,268.3577,1.0,964.62836,275.29825,1.0,952.3944,286.66315,1.0,956.64685,289.11008,1.0,964.36163,288.6387,1.0,971.6053,288.60693,1.0,975.5583,285.69077,1.0,914.05963,249.027,1.0,921.04456,244.2157,1.0,932.4579,243.035,1.0,943.8093,248.36713,1.0,934.1626,250.50177,1.0,923.7332,251.41866,1.0,979.6636,247.07138,1.0,990.75586,240.3225,1.0,1001.9686,240.6076,1.0,1008.3748,245.0983,1.0,999.092,248.25941,1.0,988.99786,248.2946,1.0,940.7289,314.39987,1.0,950.22754,305.67252,1.0,957.3366,302.54916,1.0,964.5003,303.52643,1.0,971.71,302.13818,1.0,978.83234,305.0392,1.0,988.5175,313.6287,1.0,983.5743,317.48682,1.0,972.1819,321.34845,1.0,964.6981,322.07318,1.0,957.6665,321.94806,1.0,946.01666,318.5229,1.0,943.04565,313.99982,1.0,959.2624,311.3573,1.0,964.4267,311.28506,1.0,970.2227,311.15237,1.0,986.41907,313.1781,1.0,970.4454,312.3205,1.0,964.74207,312.548,1.0,959.15875,312.46097,1.0,928.3092,246.86488,1.0,994.8333,243.96745,1.0,959.95996,294.20892,0.99776626,970.5588,446.6103,0.9996306,813.7885,447.9428,0.9996306,766.7156,703.5641,0.9851684,775.938,927.5632,0.9871756,1127.329,445.27777,0.9997775,1180.802,693.43085,0.9910171,1176.2584,915.7537,0.9784924,973.4968,954.2167,0.993873,876.2577,952.7004,0.9949716,871.7537,1293.2399,0.30559683,860.5518,1661.4575,0.074993566,1070.736,955.733,0.993873,1075.0474,1328.4808,0.23906735,1055.0024,1672.7932,0.0434354,927.19775,255.09163,0.9955661,991.67804,254.47894,0.99116343,900.75793,266.2141,0.99085665,1017.11206,262.0597,0.9947247,1015.56036,1800.367,0.025927251,1015.56036,1800.367,0.025927251,1050.7288,1713.6486,0.018803751,878.40283,1785.1842,0.0367894,878.40283,1785.1842,0.0367894,862.4655,1711.0475,0.030866716,1175.1755,924.82104,1.0,1137.2698,939.84503,1.0,1121.9797,971.4108,1.0,1114.3616,1000.5383,1.0,1104.2504,1021.19196,1.0,1150.9507,1003.1089,1.0,1139.0798,1037.7295,1.0,1131.6274,1055.6221,1.0,1126.7968,1069.0906,1.0,1169.9452,1004.3628,1.0,1156.1615,1041.5848,1.0,1146.6483,1059.5089,1.0,1140.6454,1073.4274,1.0,1181.9119,1000.0862,1.0,1169.8611,1031.1049,1.0,1160.0302,1046.8407,1.0,1152.768,1058.0145,1.0,1187.8625,992.8336,1.0,1178.1366,1017.7066,1.0,1169.3544,1030.8563,1.0,1161.5786,1039.1259,1.0,774.1958,937.1313,1.0,812.86395,951.3716,1.0,830.9847,981.20465,1.0,839.63617,1012.32294,1.0,849.6143,1033.4534,1.0,800.5603,1016.59344,1.0,816.5654,1055.4368,1.0,825.48914,1074.9841,1.0,830.9853,1090.7162,1.0,779.6919,1020.24976,1.0,800.15765,1059.665,1.0,812.9958,1078.3999,1.0,820.61426,1092.8535,1.0,766.713,1017.5871,1.0,787.7822,1052.119,1.0,801.9448,1070.0331,1.0,811.3349,1081.6655,1.0,760.1369,1013.0098,1.0,778.06036,1039.1522,1.0,793.2339,1053.5802,1.0,804.4398,1062.8774,1.0
888.23364,258.45822,1.0,889.3611,271.1369,1.0,890.3796,284.38354,1.0,895.4706,306.35645,1.0,901.5453,319.74564,1.0,912.1831,333.55994,1.0,921.2561,340.37656,1.0,939.716,349.24323,1.0,966.05005,352.45206,1.0,991.95544,346.72546,1.0,1008.77515,336.0137,1.0,1016.8292,327.9891,1.0,1025.7501,313.06937,1.0,1032.7987,291.57727,1.0,1034.4429,277.13953,1.0,1034.5823,263.88065,1.0,1034.2028,251.2674,1.0,900.8122,237.23637,1.0,906.7514,230.66516,1.0,916.3479,226.13394,1.0,929.9474,224.36197,1.0,946.1286,224.62654,1.0,977.38855,222.38225,1.0,992.69574,220.6237,1.0,1005.6009,221.26468,1.0,1015.0687,225.13863,1.0,1020.92017,231.12378,1.0,963.0641,247.56062,1.0,963.7604,260.0328,1.0,964.25195,268.32925,1.0,964.5542,275.2598,1.0,952.3372,286.71234,1.0,956.5999,289.1251,1.0,964.32074,288.61288,1.0,971.5941,288.60443,1.0,975.5434,285.68103,1.0,914.0829,249.13336,1.0,921.06226,244.29384,1.0,932.4596,243.0989,1.0,943.8116,248.40707,1.0,934.138,250.55467,1.0,923.7247,251.50021,1.0,979.64844,247.0847,1.0,990.687,240.3325,1.0,1001.9104,240.65239,1.0,1008.3337,245.15567,1.0,999.0507,248.26721,1.0,988.9476,248.2982,1.0,940.6842,314.45636,1.0,950.1934,305.647,1.0,957.3014,302.48102,1.0,964.4273,303.45087,1.0,971.6869,302.0532,1.0,978.8228,304.98032,1.0,988.4914,313.59808,1.0,983.55334,317.4654,1.0,972.1607,321.28055,1.0,964.6252,322.01437,1.0,957.6336,321.89734,1.0,945.9877,318.51398,1.0,943.0023,314.0217,1.0,959.22766,311.29504,1.0,964.3731,311.21674,1.0,970.2207,311.109,1.0,986.3897,313.18106,1.0,970.3995,312.30936,1.0,964.7385,312.5122,1.0,959.1029,312.4629,1.0,928.3404,246.90558,1.0,994.6839,243.96008,1.0,960.0319,294.2063,0.9977546,970.57886,446.5487,0.99962753,813.8076,447.93582,0.99962753,766.78906,703.828,0.9849339,775.94806,927.75793,0.98702985,1127.3501,445.1616,0.9997789,1180.8777,693.36475,0.99095577,1176.5214,915.48303,0.9785547,973.47363,954.7641,0.993864,876.2189,952.9056,0.9949463,872.24554,1292.8661,0.30105728,862.20123,1661.366,0.074090704,1070.7284,956.6226,0.993864,1076.3071,1328.5647,0.23462799,1056.5541,1672.7568,0.042599726,927.20953,255.10408,0.99552655,991.7046,254.49019,0.991131,900.8048,266.2164,0.990754,1017.089,262.0722,0.9947158,1020.80554,1800.291,0.025418958,1020.80554,1800.291,0.025418958,1052.8192,1713.4255,0.018608384,881.9736,1785.23,0.036224842,881.9736,1785.23,0.036224842,864.27716,1711.1038,0.03059145,1175.8827,924.4348,1.0,1137.5686,939.65173,1.0,1122.1647,971.46027,1.0,1114.775,1000.87836,1.0,1104.7256,1021.59686,1.0,1151.7393,1003.7201,1.0,1139.4209,1037.9861,1.0,1131.7809,1055.4164,1.0,1126.9778,1068.4728,1.0,1170.7208,1004.3593,1.0,1156.4816,1041.6267,1.0,1146.7047,1059.2957,1.0,1140.6566,1072.9679,1.0,1182.8029,999.3576,1.0,1170.1932,1030.2261,1.0,1160.0707,1045.8479,1.0,1152.5577,1056.6788,1.0,1188.7401,991.3606,1.0,1178.7148,1016.24603,1.0,1169.4825,1029.3031,1.0,1161.423,1037.3749,1.0,773.6902,936.7036,1.0,812.5062,950.2958,1.0,831.041,980.6625,1.0,839.6407,1012.1483,1.0,849.74176,1033.3894,1.0,800.3026,1016.4485,1.0,816.5366,1055.1814,1.0,825.6721,1075.0123,1.0,831.38617,1090.9742,1.0,779.403,1020.3842,1.0,800.13074,1059.4723,1.0,813.0332,1078.5748,1.0,820.8833,1093.5045,1.0,766.9077,1017.90405,1.0,788.1225,1052.4166,1.0,802.20917,1070.7485,1.0,811.62537,1082.9906,1.0,760.80896,1013.7227,1.0,778.9828,1040.1493,1.0,794.06934,1054.9391,1.0,805.3662,1064.8829,1.0
888.36383,258.38248,1.0,889.5011,271.03995,1.0,890.5303,284.3134,1.0,895.5933,306.3162,1.0,901.6076,319.74194,1.0,912.11414,333.60345,1.0,921.0721,340.44693,1.0,939.50104,349.30038,1.0,965.9607,352.48248,1.0,991.9686,346.75293,1.0,1008.86975,336.07547,1.0,1016.911,328.0342,1.0,1025.8257,313.12213,1.0,1032.8037,291.5704,1.0,1034.4132,277.1174,1.0,1034.6129,263.8465,1.0,1034.2479,251.23798,1.0,900.95776,237.26875,1.0,906.88586,230.69257,1.0,916.4565,226.13817,1.0,930.0176,224.31726,1.0,946.1677,224.53972,1.0,977.35626,222.3518,1.0,992.67236,220.65298,1.0,1005.59015,221.36653,1.0,1014.9825,225.27225,1.0,1020.85455,231.2326,1.0,963.05884,247.53825,1.0,963.7405,260.00522,1.0,964.2301,268.3008,1.0,964.4801,275.22137,1.0,952.28,286.76154,1.0,956.553,289.14014,1.0,964.2799,288.58707,1.0,971.583,288.60193,1.0,975.52856,285.67133,1.0,914.10614,249.23973,1.0,921.0799,244.37198,1.0,932.46136,243.1628,1.0,943.81384,248.44704,1.0,934.11346,250.60757,1.0,923.7162,251.58177,1.0,979.6333,247.098,1.0,990.6182,240.3425,1.0,1001.85223,240.69716,1.0,1008.29254,245.21304,1.0,999.00946,248.275,1.0,988.8973,248.3018,1.0,940.6395,314.51285,1.0,950.1593,305.62146,1.0,957.2661,302.4129,1.0,964.3543,303.37527,1.0,971.66376,301.96823,1.0,978.81323,304.92142,1.0,988.46533,313.56744,1.0,983.5324,317.444,1.0,972.1395,321.21265,1.0,964.5522,321.95557,1.0,957.60065,321.84662,1.0,945.9586,318.5051,1.0,942.959,314.0436,1.0,959.19293,311.2328,1.0,964.3196,311.14844,1.0,970.2186,311.06564,1.0,986.36035,313.184,1.0,970.3536,312.29825,1.0,964.735,312.47638,1.0,959.047,312.4648,1.0,928.3716,246.94627,1.0,994.53455,243.9527,1.0,960.0476,294.57993,0.9977055,970.66516,446.5156,0.99962616,813.8284,447.90643,0.99962616,766.9385,703.74976,0.9849274,776.00916,927.4048,0.98706925,1127.502,445.1248,0.9997759,1180.978,693.62836,0.99079907,1176.5391,915.6784,0.9778067,973.4519,954.81226,0.9938031,876.2243,952.93384,0.99491733,872.25336,1292.8333,0.2957503,862.1149,1662.5087,0.07298358,1070.6794,956.69073,0.9938031,1075.7069,1328.5583,0.22926255,1055.789,1673.0822,0.041788608,927.25806,255.37744,0.9954184,991.7017,254.86195,0.9908934,900.82947,266.27634,0.99054104,1016.9886,262.1979,0.9945775,1020.75793,1801.0477,0.02490253,1020.75793,1801.0477,0.02490253,1052.3022,1713.9933,0.018419659,881.9386,1786.2538,0.03556711,881.9386,1786.2538,0.03556711,864.0591,1712.416,0.030343711,1175.545,924.6175,1.0,1137.9792,939.8996,1.0,1122.1985,971.55615,1.0,1114.5726,1001.0088,1.0,1104.9034,1021.9888,1.0,1151.4121,1003.84204,1.0,1139.3623,1038.347,1.0,1131.9202,1055.8733,1.0,1127.0608,1068.9155,1.0,1170.4723,1004.386,1.0,1156.6344,1041.1227,1.0,1147.1425,1058.5686,1.0,1140.8202,1071.6483,1.0,1182.7947,999.2966,1.0,1170.7219,1030.2832,1.0,1160.7961,1045.8666,1.0,1153.2333,1056.449,1.0,1188.9098,991.60596,1.0,1178.983,1016.27875,1.0,1169.5748,1028.9883,1.0,1161.4615,1036.769,1.0,773.6,935.9571,1.0,812.5646,950.1455,1.0,831.20135,980.6715,1.0,839.8478,1012.00885,1.0,849.7681,1033.2272,1.0,800.5527,1016.379,1.0,816.7411,1054.9685,1.0,826.193,1074.9381,1.0,832.2698,1091.034,1.0,779.67444,1020.32434,1.0,800.1552,1059.2043,1.0,813.03516,1078.4629,1.0,821.02893,1093.3976,1.0,766.9853,1017.757,1.0,788.014,1052.1104,1.0,802.08167,1070.6266,1.0,811.50745,1082.978,1.0,760.70355,1013.46106,1.0,778.7499,1039.9883,1.0,793.8042,1054.915,1.0,805.10406,1064.9205,1.0
888.38727,258.3519,1.0,889.5689,271.0483,1.0,890.62494,284.34564,1.0,895.7469,306.38168,1.0,901.78754,319.83774,1.0,912.31714,333.7027,1.0,921.27856,340.57184,1.0,939.62256,349.4329,1.0,965.9801,352.5791,1.0,991.9224,346.8525,1.0,1008.7827,336.15714,1.0,1016.82684,328.16208,1.0,1025.7678,313.23456,1.0,1032.7831,291.70532,1.0,1034.4902,277.2229,1.0,1034.6783,263.91782,1.0,1034.3417,251.25908,1.0,900.93774,237.1579,1.0,906.89764,230.58305,1.0,916.4893,226.05122,1.0,930.0782,224.27774,1.0,946.2673,224.53271,1.0,977.5833,222.30322,1.0,992.8625,220.57129,1.0,1005.7611,221.2478,1.0,1015.2349,225.1427,1.0,1021.06384,231.128,1.0,963.16797,247.55475,1.0,963.84766,260.05743,1.0,964.35187,268.3772,1.0,964.6293,275.31747,1.0,952.358,286.8172,1.0,956.6182,289.22067,1.0,964.34705,288.6684,1.0,971.669,288.6839,1.0,975.60565,285.76282,1.0,913.97974,249.16884,1.0,921.0653,244.32072,1.0,932.4876,243.12727,1.0,943.7709,248.42659,1.0,934.1424,250.58302,1.0,923.709,251.54527,1.0,979.81323,247.12375,1.0,990.7988,240.3352,1.0,1002.1063,240.6777,1.0,1008.5661,245.2182,1.0,999.18054,248.32535,1.0,989.0416,248.35506,1.0,940.65295,314.62103,1.0,950.2389,305.6537,1.0,957.37195,302.43655,1.0,964.51746,303.36984,1.0,971.8586,301.9918,1.0,978.9979,304.95224,1.0,988.5412,313.6937,1.0,983.6516,317.5912,1.0,972.239,321.38293,1.0,964.719,322.12726,1.0,957.75037,322.019,1.0,946.0405,318.64822,1.0,943.02985,314.16162,1.0,959.2936,311.12875,1.0,964.45935,311.00366,1.0,970.32764,310.91434,1.0,986.38873,313.26736,1.0,970.5313,312.56586,1.0,964.84894,312.75058,1.0,959.1932,312.74628,1.0,928.3503,246.91788,1.0,994.7362,243.98837,1.0,960.06775,294.58084,0.9976749,970.7318,446.4375,0.9996203,813.84656,447.77374,0.9996203,767.16235,703.70404,0.9850229,776.1498,927.37006,0.9871569,1127.6172,445.10123,0.9997754,1181.0048,693.67456,0.99095553,1176.5961,915.8263,0.97810996,973.4614,954.8188,0.99378145,876.2676,952.9369,0.99486357,872.88715,1292.4841,0.29589164,862.52014,1661.3381,0.07321645,1070.6553,956.7007,0.99378145,1077.0234,1326.78,0.23401512,1056.1421,1672.8691,0.04295008,927.2524,255.38176,0.9953586,991.7064,254.841,0.9908181,900.85504,266.27783,0.99045014,1016.9781,262.1607,0.9945643,1020.89307,1800.9951,0.025503173,1020.89307,1800.9951,0.025503173,1053.1161,1713.7529,0.01882769,881.8105,1786.1825,0.03566665,881.8105,1786.1825,0.03566665,864.6184,1710.5151,0.030617937,1175.771,924.0569,1.0,1137.9387,939.25323,1.0,1122.3772,971.4007,1.0,1114.9448,1001.0189,1.0,1104.9572,1022.04443,1.0,1151.4927,1003.775,1.0,1139.5687,1038.082,1.0,1132.0508,1055.6947,1.0,1127.0248,1068.8746,1.0,1170.5769,1004.16815,1.0,1157.01,1040.7068,1.0,1147.5747,1058.3849,1.0,1141.5444,1071.7418,1.0,1182.9514,999.0384,1.0,1170.8198,1029.6357,1.0,1161.0388,1045.2074,1.0,1153.718,1055.948,1.0,1189.0994,991.19617,1.0,1179.1997,1015.7891,1.0,1169.9827,1028.6406,1.0,1162.0398,1036.6576,1.0,774.2417,936.3997,1.0,812.7314,950.7411,1.0,830.8428,980.7077,1.0,839.6604,1011.8675,1.0,849.74115,1033.0007,1.0,800.3436,1016.2887,1.0,816.4293,1054.952,1.0,825.6493,1075.1865,1.0,831.3294,1091.5546,1.0,779.5275,1020.2984,1.0,800.00104,1059.3036,1.0,812.6615,1078.8141,1.0,820.3431,1094.1079,1.0,766.6379,1017.77124,1.0,787.711,1052.1526,1.0,801.61456,1070.7334,1.0,810.8487,1083.2411,1.0,760.31,1013.406,1.0,778.34454,1039.728,1.0,793.257,1054.277,1.0,804.40173,1064.0687,1.0
888.41064,258.3213,1.0,889.6367,271.05667,1.0,890.71967,284.37787,1.0,895.9004,306.44717,1.0,901.96747,319.93356,1.0,912.5201,333.80194,1.0,921.48505,340.69675,1.0,939.744,349.5654,1.0,965.9995,352.67575,1.0,991.8762,346.95212,1.0,1008.69574,336.23883,1.0,1016.7426,328.28998,1.0,1025.7101,313.34702,1.0,1032.7623,291.8402,1.0,1034.5673,277.32843,1.0,1034.7439,263.98917,1.0,1034.4354,251.2802,1.0,900.9178,237.04703,1.0,906.9095,230.47354,1.0,916.5222,225.96426,1.0,930.13885,224.2382,1.0,946.36676,224.5257,1.0,977.8103,222.25464,1.0,993.0526,220.48961,1.0,1005.93207,221.12906,1.0,1015.48737,225.01315,1.0,1021.27313,231.02339,1.0,963.2771,247.57124,1.0,963.9548,260.10968,1.0,964.47363,268.45358,1.0,964.7785,275.41357,1.0,952.4359,286.8729,1.0,956.6835,289.30124,1.0,964.4142,288.7497,1.0,971.755,288.76587,1.0,975.6828,285.85434,1.0,913.85333,249.09796,1.0,921.05066,244.26947,1.0,932.5138,243.09177,1.0,943.7279,248.40614,1.0,934.1714,250.55847,1.0,923.7018,251.50876,1.0,979.99316,247.14949,1.0,990.97943,240.3279,1.0,1002.3604,240.65825,1.0,1008.83966,245.22336,1.0,999.35156,248.37572,1.0,989.186,248.4083,1.0,940.6664,314.7292,1.0,950.3185,305.6859,1.0,957.4778,302.46017,1.0,964.6806,303.36444,1.0,972.0534,302.01535,1.0,979.1826,304.98306,1.0,988.6171,313.81992,1.0,983.7709,317.7384,1.0,972.3385,321.55325,1.0,964.8858,322.29898,1.0,957.9001,322.19138,1.0,946.1224,318.79135,1.0,943.1007,314.27966,1.0,959.39417,311.02475,1.0,964.5991,310.85892,1.0,970.4366,310.76303,1.0,986.4171,313.35074,1.0,970.70905,312.83347,1.0,964.9629,313.02478,1.0,959.33936,313.0277,1.0,928.32904,246.8895,1.0,994.93787,244.02406,1.0,960.088,294.2054,0.9976983,970.7845,446.34818,0.99962044,813.9303,447.74344,0.99962044,767.1817,703.7137,0.98493606,776.3326,927.3742,0.9870185,1127.6387,444.95294,0.99977535,1181.0492,693.45245,0.9907906,1176.6428,915.8535,0.97748756,973.4942,954.8128,0.9937595,876.34045,952.9202,0.9948408,873.9321,1291.8342,0.28843755,864.8868,1661.205,0.071436085,1070.648,956.70544,0.9937595,1076.7831,1326.0938,0.22812505,1056.0526,1672.8486,0.041907895,927.25244,255.14975,0.9953996,991.7107,254.56804,0.9908884,900.9594,266.26297,0.99051005,1016.9658,262.00223,0.9945959,1021.0475,1801.0878,0.024872601,1021.0475,1801.0878,0.024872601,1053.1272,1713.7969,0.018541686,882.8839,1786.1149,0.034791213,882.8839,1786.1149,0.034791213,867.4967,1710.4769,0.030176684,1176.5079,923.54034,1.0,1138.4067,938.8294,1.0,1122.5199,971.1071,1.0,1115.3156,1000.71027,1.0,1105.4196,1021.8274,1.0,1151.5596,1003.67554,1.0,1139.8534,1037.9684,1.0,1132.3738,1055.6,1.0,1127.4619,1068.769,1.0,1170.6061,1004.01776,1.0,1157.2643,1040.4121,1.0,1147.8024,1058.0687,1.0,1141.6827,1071.4624,1.0,1182.9296,998.9545,1.0,1171.031,1029.4021,1.0,1161.2905,1044.9551,1.0,1153.7902,1056.017,1.0,1189.0219,991.1692,1.0,1179.3893,1016.0718,1.0,1170.4586,1029.1542,1.0,1162.398,1037.5598,1.0,773.66583,936.1153,1.0,812.569,950.28186,1.0,831.177,980.6314,1.0,840.0118,1011.84436,1.0,849.9301,1033.182,1.0,800.444,1016.24805,1.0,816.9204,1054.889,1.0,826.3636,1074.8016,1.0,832.33246,1090.9696,1.0,779.41766,1020.2012,1.0,800.12646,1059.3065,1.0,813.06476,1078.4563,1.0,821.0844,1093.3254,1.0,766.61664,1017.62976,1.0,787.88556,1052.0054,1.0,802.07355,1070.2764,1.0,811.5963,1082.3932,1.0,760.5043,1013.27997,1.0,778.75104,1039.5399,1.0,793.8713,1054.1311,1.0,805.2715,1063.7767,1.0
888.4341,258.2907,1.0,889.7045,271.065,1.0,890.81433,284.41013,1.0,896.05396,306.51266,1.0,902.14746,320.0294,1.0,912.723,333.90118,1.0,921.6915,340.82162,1.0,939.86554,349.6979,1.0,966.0189,352.77237,1.0,991.83,347.05173,1.0,1008.6087,336.3205,1.0,1016.65845,328.41785,1.0,1025.6522,313.45944,1.0,1032.7417,291.9751,1.0,1034.6443,277.43393,1.0,1034.8093,264.0605,1.0,1034.5292,251.30132,1.0,900.89777,236.93617,1.0,906.92126,230.36404,1.0,916.55505,225.87732,1.0,930.19946,224.19867,1.0,946.4663,224.51868,1.0,978.0373,222.20605,1.0,993.24274,220.40793,1.0,1006.103,221.01031,1.0,1015.7398,224.88359,1.0,1021.4824,230.9188,1.0,963.3863,247.58774,1.0,964.0619,260.1619,1.0,964.5954,268.53,1.0,964.9277,275.50967,1.0,952.51385,286.92856,1.0,956.7487,289.38177,1.0,964.4813,288.83102,1.0,971.84106,288.84784,1.0,975.75995,285.94586,1.0,913.7269,249.02707,1.0,921.0361,244.21822,1.0,932.54004,243.05626,1.0,943.68494,248.3857,1.0,934.2003,250.5339,1.0,923.69464,251.47226,1.0,980.17303,247.17523,1.0,991.1601,240.3206,1.0,1002.61444,240.6388,1.0,1009.1132,245.22852,1.0,999.52264,248.42607,1.0,989.3303,248.46155,1.0,940.6798,314.83737,1.0,950.398,305.7181,1.0,957.5836,302.48383,1.0,964.8438,303.359,1.0,972.2483,302.0389,1.0,979.3674,305.0139,1.0,988.693,313.94614,1.0,983.8901,317.8856,1.0,972.438,321.72354,1.0,965.0526,322.47067,1.0,958.0498,322.36377,1.0,946.2043,318.93448,1.0,943.1716,314.39767,1.0,959.4948,310.92075,1.0,964.7389,310.71417,1.0,970.5456,310.61172,1.0,986.44543,313.4341,1.0,970.88684,313.10104,1.0,965.0769,313.29898,1.0,959.48553,313.30917,1.0,928.3078,246.8611,1.0,995.1395,244.05974,1.0,960.1088,294.0086,0.9976793,970.8091,446.33008,0.99961966,813.9595,447.7334,0.99961966,767.2049,703.83044,0.9848579,776.9477,927.8835,0.98695827,1127.6587,444.9268,0.9997742,1181.0917,693.3954,0.9907024,1176.656,915.8993,0.9772065,973.5371,954.9104,0.99370646,876.45404,952.98987,0.9947947,873.9111,1291.0784,0.28237507,864.62164,1660.529,0.069864504,1070.6202,956.831,0.99370646,1076.5865,1326.1912,0.2233088,1056.015,1672.8134,0.0410445,927.2517,255.02701,0.9953536,991.7077,254.41728,0.99077076,901.04724,266.25574,0.99041015,1016.961,261.9332,0.9945194,1021.10767,1800.999,0.02441469,1021.10767,1800.999,0.02441469,1053.1171,1713.769,0.0183028,883.3696,1784.988,0.03403418,883.3696,1784.988,0.03403418,866.61053,1709.688,0.02956896,1175.9465,924.09607,1.0,1138.1461,939.023,1.0,1122.4905,971.0441,1.0,1115.2957,1000.4973,1.0,1105.6049,1021.4304,1.0,1151.2222,1003.7414,1.0,1139.867,1037.897,1.0,1132.3539,1055.4614,1.0,1127.3225,1068.56,1.0,1170.26,1004.1746,1.0,1157.2152,1040.752,1.0,1147.7234,1058.2261,1.0,1141.4102,1071.5663,1.0,1182.4517,999.3144,1.0,1170.9891,1029.7499,1.0,1161.186,1044.9418,1.0,1153.6708,1055.6161,1.0,1188.549,991.68396,1.0,1178.9843,1016.1403,1.0,1169.8174,1028.8425,1.0,1161.7722,1036.7501,1.0,774.0316,935.60364,1.0,812.51935,950.1963,1.0,830.99426,980.853,1.0,840.114,1011.9748,1.0,849.76544,1033.156,1.0,800.31195,1016.09467,1.0,816.5546,1055.0293,1.0,825.80945,1074.9854,1.0,831.6301,1091.2687,1.0,779.5013,1020.0293,1.0,800.1265,1059.3204,1.0,812.8874,1078.5238,1.0,820.76447,1093.5602,1.0,766.6388,1017.5298,1.0,788.0048,1052.0511,1.0,802.0869,1070.393,1.0,811.52466,1082.651,1.0,760.60974,1013.1205,1.0,778.82214,1039.5233,1.0,793.9556,1054.1532,1.0,805.24854,1063.7805,1.0
888.07544,258.30508,1.0,889.32904,271.06427,1.0,890.49005,284.41357,1.0,895.82404,306.52838,1.0,901.9858,320.07465,1.0,912.64343,334.01712,1.0,921.61896,340.97824,1.0,939.77905,349.9172,1.0,965.8984,353.04553,1.0,991.7327,347.31442,1.0,1008.5187,336.57108,1.0,1016.58325,328.5882,1.0,1025.6661,313.6069,1.0,1032.8623,292.0726,1.0,1034.681,277.54315,1.0,1034.8474,264.16858,1.0,1034.5638,251.42581,1.0,900.95593,237.07727,1.0,907.0717,230.54886,1.0,916.7336,226.07799,1.0,930.33984,224.40677,1.0,946.5479,224.72136,1.0,978.0513,222.50716,1.0,993.2721,220.72772,1.0,1006.0838,221.32036,1.0,1015.6491,225.15807,1.0,1021.39343,231.15276,1.0,963.2941,247.77179,1.0,963.93634,260.40118,1.0,964.4391,268.82483,1.0,964.79395,275.83148,1.0,952.3408,287.22327,1.0,956.60736,289.66104,1.0,964.34686,289.12112,1.0,971.6875,289.11755,1.0,975.63184,286.21176,1.0,913.5782,249.10126,1.0,920.90796,244.30309,1.0,932.40906,243.20401,1.0,943.55054,248.58768,1.0,934.0725,250.68008,1.0,923.54895,251.58813,1.0,980.10815,247.40207,1.0,991.1624,240.52533,1.0,1002.6125,240.81519,1.0,1009.1201,245.38455,1.0,999.57587,248.61136,1.0,989.2966,248.6606,1.0,940.4362,315.05396,1.0,950.1743,305.9816,1.0,957.3987,302.74792,1.0,964.6586,303.6383,1.0,972.0955,302.32617,1.0,979.23254,305.2599,1.0,988.5633,314.1443,1.0,983.72626,318.12198,1.0,972.2635,321.9873,1.0,964.848,322.72443,1.0,957.8674,322.60602,1.0,946.0357,319.20914,1.0,942.9136,314.64865,1.0,959.3118,311.155,1.0,964.57605,310.95673,1.0,970.40466,310.86392,1.0,986.3079,313.6587,1.0,970.73486,313.42725,1.0,964.9027,313.61588,1.0,959.29065,313.61646,1.0,928.07666,246.9818,1.0,995.14465,244.23668,1.0,960.1252,294.17526,0.99760383,970.86194,446.26276,0.9996166,813.987,447.70847,0.9996166,767.22394,703.8559,0.9848649,777.049,928.22504,0.98688823,1127.7368,444.81702,0.99977046,1181.2018,693.4297,0.9904902,1176.7208,915.93805,0.97639495,973.6229,954.9546,0.9936534,876.507,953.0689,0.9947641,873.99524,1290.9562,0.28023297,865.0379,1660.5009,0.06916848,1070.7389,956.8403,0.9936534,1076.5764,1326.6208,0.2203536,1055.935,1673.3862,0.040658727,927.25525,255.14227,0.9952061,991.7106,254.56415,0.990436,901.06696,266.29507,0.990145,1016.94476,262.02237,0.9943214,1021.4001,1801.5481,0.02411011,1021.4001,1801.5481,0.02411011,1053.0748,1714.5171,0.018210087,886.31274,1785.054,0.033556435,886.31274,1785.054,0.033556435,866.8311,1709.6674,0.029287994,1176.146,923.9298,1.0,1138.3848,939.01715,1.0,1122.695,970.9798,1.0,1115.4349,1000.4303,1.0,1105.7876,1021.52875,1.0,1151.8848,1003.5239,1.0,1139.8811,1037.7491,1.0,1132.1475,1055.3599,1.0,1127.1401,1068.5681,1.0,1170.8787,1003.9205,1.0,1157.194,1040.565,1.0,1147.5392,1058.2264,1.0,1141.2441,1071.7762,1.0,1183.0448,998.91785,1.0,1171.0397,1029.6407,1.0,1161.1857,1045.202,1.0,1153.5342,1056.3116,1.0,1189.0602,991.15686,1.0,1179.49,1016.3595,1.0,1170.4563,1029.5199,1.0,1162.3835,1038.0789,1.0,774.4313,935.5114,1.0,812.8856,950.05853,1.0,831.23584,981.1892,1.0,839.9691,1012.5527,1.0,849.5742,1033.285,1.0,800.32556,1016.05164,1.0,817.1653,1055.4086,1.0,826.48566,1075.3225,1.0,832.21277,1091.2687,1.0,779.4903,1019.8271,1.0,800.58606,1059.5746,1.0,813.6755,1078.3752,1.0,821.3768,1092.807,1.0,766.7358,1017.24695,1.0,788.4957,1051.8695,1.0,803.09906,1069.5138,1.0,812.5695,1080.9371,1.0,760.5548,1012.66797,1.0,778.9348,1038.6604,1.0,794.4135,1052.7437,1.0,805.83673,1061.6344,1.0
887.7168,258.31946,1.0,888.95355,271.0635,1.0,890.1657,284.41702,1.0,895.5941,306.5441,1.0,901.82416,320.11987,1.0,912.56384,334.1331,1.0,921.5464,341.13486,1.0,939.6925,350.13654,1.0,965.77783,353.3187,1.0,991.63544,347.57712,1.0,1008.42865,336.82166,1.0,1016.50806,328.75854,1.0,1025.68,313.75433,1.0,1032.9829,292.17007,1.0,1034.7178,277.65237,1.0,1034.8854,264.27667,1.0,1034.5985,251.5503,1.0,901.01416,237.21837,1.0,907.2222,230.73367,1.0,916.9121,226.27867,1.0,930.4802,224.61485,1.0,946.6296,224.92406,1.0,978.06525,222.80827,1.0,993.30145,221.04752,1.0,1006.0646,221.6304,1.0,1015.5584,225.43254,1.0,1021.30444,231.38672,1.0,963.202,247.95584,1.0,963.8108,260.6405,1.0,964.2828,269.1197,1.0,964.66016,276.1533,1.0,952.1678,287.518,1.0,956.466,289.9403,1.0,964.21234,289.41122,1.0,971.53394,289.38727,1.0,975.5038,286.47766,1.0,913.4294,249.17546,1.0,920.7798,244.38795,1.0,932.2781,243.35178,1.0,943.4161,248.78967,1.0,933.94464,250.82626,1.0,923.40326,251.70403,1.0,980.0432,247.6289,1.0,991.1648,240.73006,1.0,1002.61053,240.99158,1.0,1009.127,245.5406,1.0,999.6291,248.79665,1.0,989.2628,248.85965,1.0,940.1927,315.27054,1.0,949.9506,306.2451,1.0,957.2138,303.01202,1.0,964.47345,303.91763,1.0,971.94275,302.61343,1.0,979.0978,305.50592,1.0,988.43353,314.3424,1.0,983.56244,318.35834,1.0,972.08905,322.25107,1.0,964.6434,322.97815,1.0,957.6849,322.84827,1.0,945.8672,319.4838,1.0,942.65564,314.89963,1.0,959.12885,311.38925,1.0,964.41327,311.19928,1.0,970.26373,311.1161,1.0,986.17035,313.88324,1.0,970.58295,313.75342,1.0,964.7285,313.93277,1.0,959.0957,313.92374,1.0,927.8456,247.1025,1.0,995.1498,244.41362,1.0,960.1835,294.19348,0.9975772,970.8821,446.22043,0.99961275,814.01044,447.64172,0.99961275,767.2446,703.8996,0.98455197,777.29407,928.5142,0.9864949,1127.7538,444.79916,0.9997718,1181.2275,693.3048,0.990432,1176.782,915.9471,0.9762709,973.6331,955.0059,0.9936418,876.5192,953.084,0.9947191,874.04004,1291.027,0.27490517,865.5053,1660.6017,0.06778269,1070.747,956.9279,0.9936418,1076.2943,1326.7223,0.21712081,1056.1517,1673.7964,0.040269803,927.2702,255.17105,0.9951235,991.7365,254.58136,0.9903435,901.0964,266.3097,0.9899205,1016.93585,262.02335,0.99427235,1023.49835,1801.7539,0.02386891,1023.49835,1801.7539,0.02386891,1053.3811,1715.0513,0.01810675,888.48834,1785.1443,0.032811385,888.48834,1785.1443,0.032811385,867.14636,1709.9327,0.028792214,1176.2764,923.6245,1.0,1138.685,938.7775,1.0,1123.1676,970.80963,1.0,1115.659,1000.383,1.0,1105.5955,1021.54266,1.0,1152.3252,1003.10657,1.0,1140.0457,1037.3407,1.0,1132.4692,1055.0236,1.0,1127.4468,1068.4763,1.0,1171.5236,1004.0169,1.0,1157.9387,1040.3141,1.0,1148.3562,1058.2811,1.0,1141.7006,1072.2823,1.0,1183.6897,999.35175,1.0,1171.4329,1030.3527,1.0,1161.489,1046.4391,1.0,1153.6318,1058.3529,1.0,1189.3423,992.1942,1.0,1179.348,1017.7837,1.0,1170.0894,1031.3558,1.0,1161.7383,1040.651,1.0,774.8161,935.9859,1.0,813.33813,950.45056,1.0,831.4734,981.1788,1.0,839.94104,1012.5934,1.0,849.3537,1033.6368,1.0,800.6189,1015.9583,1.0,817.4035,1055.6122,1.0,826.7294,1075.6411,1.0,832.53845,1091.6366,1.0,779.57416,1019.5917,1.0,800.4129,1059.674,1.0,813.25024,1078.7329,1.0,820.9836,1093.3301,1.0,766.6566,1016.8911,1.0,788.1717,1051.7,1.0,802.2726,1069.8755,1.0,811.6036,1081.7283,1.0,760.3362,1012.21643,1.0,778.63,1038.2089,1.0,793.80096,1052.4164,1.0,805.1524,1061.5237,1.0
887.3581,258.33383,1.0,888.578,271.06274,1.0,889.84143,284.4205,1.0,895.3642,306.55984,1.0,901.6625,320.16513,1.0,912.48425,334.24905,1.0,921.4738,341.29147,1.0,939.606,350.35583,1.0,965.6573,353.59186,1.0,991.5381,347.8398,1.0,1008.3386,337.07227,1.0,1016.4329,328.9289,1.0,1025.694,313.9018,1.0,1033.1035,292.26758,1.0,1034.7544,277.7616,1.0,1034.9235,264.38477,1.0,1034.633,251.67479,1.0,901.0723,237.35947,1.0,907.3727,230.91849,1.0,917.09064,226.47935,1.0,930.6206,224.82295,1.0,946.7112,225.12675,1.0,978.0792,223.10938,1.0,993.3309,221.36731,1.0,1006.04535,221.94044,1.0,1015.4678,225.707,1.0,1021.21545,231.62068,1.0,963.1099,248.1399,1.0,963.6852,260.8798,1.0,964.12646,269.41452,1.0,964.52637,276.4751,1.0,951.99475,287.8127,1.0,956.3247,290.21957,1.0,964.0778,289.70135,1.0,971.3804,289.65695,1.0,975.37573,286.74353,1.0,913.2806,249.24965,1.0,920.6517,244.47282,1.0,932.1471,243.49953,1.0,943.2816,248.99165,1.0,933.81683,250.97244,1.0,923.25757,251.81992,1.0,979.97833,247.85576,1.0,991.1672,240.93477,1.0,1002.6085,241.16797,1.0,1009.1339,245.69666,1.0,999.6824,248.98193,1.0,989.2291,249.0587,1.0,939.9491,315.48712,1.0,949.7269,306.50858,1.0,957.02893,303.2761,1.0,964.28827,304.19693,1.0,971.7899,302.9007,1.0,978.96295,305.75195,1.0,988.30383,314.54053,1.0,983.39856,318.59473,1.0,971.91455,322.5148,1.0,964.4388,323.2319,1.0,957.50244,323.0905,1.0,945.69867,319.75848,1.0,942.39764,315.15057,1.0,958.94586,311.62354,1.0,964.2505,311.4418,1.0,970.12286,311.3683,1.0,986.03284,314.1078,1.0,970.43097,314.07962,1.0,964.5543,314.24966,1.0,958.9008,314.23105,1.0,927.6145,247.22319,1.0,995.1549,244.59056,1.0,960.1996,294.14362,0.99754155,970.93805,446.17715,0.99961084,814.0998,447.57315,0.99961084,767.3938,703.7803,0.98466307,777.34827,928.0912,0.9866307,1127.7764,444.78113,0.99976784,1181.2501,693.2585,0.99038744,1176.7975,915.95514,0.97598815,973.67505,954.99713,0.9936583,876.594,953.07324,0.9947431,874.6739,1291.1211,0.2762816,865.63983,1660.6487,0.06845445,1070.7561,956.921,0.9936583,1076.0212,1326.9054,0.21806997,1055.756,1674.3696,0.040531047,927.26874,255.10617,0.99505997,991.7394,254.52475,0.9901716,901.16254,266.30194,0.9898255,1016.92737,261.91983,0.99417585,1023.29736,1802.7601,0.02393365,1023.29736,1802.7601,0.02393365,1053.06,1715.746,0.018249199,887.8829,1785.2122,0.03305136,887.8829,1785.2122,0.03305136,867.3502,1710.0953,0.029129136,1175.8999,924.4642,1.0,1138.6052,939.19965,1.0,1122.9441,970.75714,1.0,1115.7268,1000.7019,1.0,1105.8157,1021.7179,1.0,1151.8359,1002.7546,1.0,1139.6493,1036.9729,1.0,1132.2463,1054.7657,1.0,1127.4165,1068.5492,1.0,1170.6495,1004.1732,1.0,1156.8164,1040.7625,1.0,1147.6075,1059.6597,1.0,1141.1602,1074.6619,1.0,1182.667,1000.0188,1.0,1170.3303,1031.2566,1.0,1160.587,1047.8341,1.0,1153.0237,1060.3699,1.0,1188.7588,993.3312,1.0,1179.1086,1019.1838,1.0,1170.2445,1033.0964,1.0,1162.2448,1042.9248,1.0,774.8409,935.78723,1.0,813.33203,950.433,1.0,831.30396,980.95856,1.0,839.5373,1012.57117,1.0,849.4496,1033.9354,1.0,800.5248,1016.2219,1.0,817.3241,1055.4799,1.0,826.44727,1074.9436,1.0,831.88873,1090.6403,1.0,779.5361,1019.6443,1.0,800.1872,1059.6365,1.0,812.75055,1078.2538,1.0,820.177,1092.4873,1.0,766.6447,1016.56934,1.0,787.81024,1050.9026,1.0,801.76855,1068.5619,1.0,810.9194,1079.8796,1.0,760.1864,1011.4876,1.0,778.13226,1036.6096,1.0,793.42926,1050.0864,1.0,804.6387,1058.285,1.0
887.27094,258.66916,1.0,888.5485,271.40952,1.0,889.804,284.7289,1.0,895.3691,306.74002,1.0,901.6676,320.2575,1.0,912.40405,334.25275,1.0,921.31647,341.25436,1.0,939.30255,350.3075,1.0,965.19946,353.60925,1.0,991.04877,347.9368,1.0,1007.9361,337.19144,1.0,1016.1003,329.09628,1.0,1025.4746,314.05893,1.0,1032.9955,292.5258,1.0,1034.7252,278.05048,1.0,1034.9358,264.70743,1.0,1034.6454,252.0155,1.0,900.84875,237.56255,1.0,907.0941,231.05206,1.0,916.7668,226.5773,1.0,930.266,224.94086,1.0,946.3366,225.28548,1.0,977.7633,223.42914,1.0,992.9345,221.66872,1.0,1005.6848,222.20615,1.0,1015.17053,225.96829,1.0,1020.9545,231.89491,1.0,962.8374,248.3332,1.0,963.35315,261.0535,1.0,963.7987,269.5673,1.0,964.15607,276.6166,1.0,951.7738,287.93512,1.0,956.1149,290.38828,1.0,963.7588,289.87527,1.0,971.05115,289.83804,1.0,975.1622,286.91608,1.0,913.176,249.50867,1.0,920.5478,244.79333,1.0,932.0452,243.7822,1.0,943.2309,249.22955,1.0,933.697,251.2713,1.0,923.11053,252.12125,1.0,979.7023,248.17638,1.0,990.91736,241.35512,1.0,1002.29834,241.56445,1.0,1008.851,246.00098,1.0,999.38873,249.2979,1.0,988.9498,249.37823,1.0,940.1172,315.61737,1.0,949.62177,306.77518,1.0,956.81775,303.58524,1.0,963.97845,304.54324,1.0,971.4135,303.22253,1.0,978.5018,306.1409,1.0,987.753,314.94913,1.0,983.02545,319.0805,1.0,971.58374,323.09906,1.0,964.0752,323.84033,1.0,957.0773,323.62592,1.0,945.5086,319.9881,1.0,942.5364,315.27264,1.0,958.71655,312.23547,1.0,963.89294,312.09882,1.0,969.70917,312.0369,1.0,985.5291,314.52518,1.0,970.00116,314.2302,1.0,964.2288,314.389,1.0,958.6794,314.2945,1.0,927.57074,247.48482,1.0,994.97723,244.89694,1.0,960.2392,293.95038,0.99751055,970.9801,446.12146,0.99960804,814.1652,447.56302,0.99960804,767.41754,703.79083,0.9848172,777.5246,928.2717,0.9867482,1127.795,444.6799,0.99976325,1181.2782,693.0473,0.99028754,1176.8125,915.9495,0.9756981,973.91876,954.9671,0.9935199,877.0662,953.07794,0.99464947,874.70917,1291.1095,0.2727845,865.4356,1660.7864,0.06741148,1070.7714,956.8563,0.9935199,1076.0762,1327.0868,0.21479864,1055.7719,1675.0026,0.039939824,927.2582,254.84769,0.99500066,991.8202,254.36708,0.9899947,901.24994,266.28058,0.98974425,1016.9458,261.87332,0.9940625,1023.36414,1802.9043,0.023577414,1023.36414,1802.9043,0.023577414,1053.2303,1716.4559,0.018045781,887.8226,1785.3447,0.032504752,887.8226,1785.3447,0.032504752,866.7557,1710.1874,0.028649243,1176.2439,923.9153,1.0,1138.5707,938.87683,1.0,1123.2017,971.09326,1.0,1115.8372,1000.662,1.0,1105.983,1021.18677,1.0,1151.9685,1003.078,1.0,1139.9517,1036.8429,1.0,1132.4547,1054.5481,1.0,1127.4904,1068.198,1.0,1170.966,1004.17114,1.0,1157.463,1039.8453,1.0,1148.2806,1057.9935,1.0,1141.7355,1072.3921,1.0,1183.1353,999.8518,1.0,1171.0703,1030.4519,1.0,1161.3315,1046.7072,1.0,1153.6711,1058.834,1.0,1189.082,992.93915,1.0,1179.458,1018.29095,1.0,1170.5333,1032.0504,1.0,1162.5676,1041.681,1.0,775.1206,936.2703,1.0,813.7382,951.38446,1.0,831.2654,981.8539,1.0,838.97894,1013.4766,1.0,848.4197,1034.418,1.0,800.5479,1016.1251,1.0,817.23395,1056.0792,1.0,826.20294,1075.5485,1.0,831.4935,1091.2777,1.0,779.4009,1019.6098,1.0,800.1398,1060.1462,1.0,812.6117,1078.6265,1.0,819.86804,1092.6141,1.0,766.35474,1016.4598,1.0,787.74274,1051.1812,1.0,801.8684,1068.4021,1.0,810.9094,1079.2926,1.0,759.75586,1011.3775,1.0,777.6814,1036.4038,1.0,793.07886,1049.41,1.0,804.2565,1057.2098,1.0
887.1838,259.0045,1.0,888.519,271.75626,1.0,889.7666,285.03735,1.0,895.3739,306.92023,1.0,901.67267,320.3499,1.0,912.32385,334.25647,1.0,921.1591,341.21725,1.0,938.9991,350.25912,1.0,964.74164,353.62662,1.0,990.5594,348.03375,1.0,1007.53357,337.31064,1.0,1015.76764,329.26367,1.0,1025.2552,314.21603,1.0,1032.8875,292.78403,1.0,1034.6959,278.33936,1.0,1034.9481,265.03012,1.0,1034.6578,252.35623,1.0,900.6251,237.76564,1.0,906.81555,231.18564,1.0,916.44293,226.67523,1.0,929.9114,225.05878,1.0,945.96204,225.4442,1.0,977.4473,223.7489,1.0,992.5382,221.97012,1.0,1005.3242,222.47186,1.0,1014.8733,226.22957,1.0,1020.69354,232.16914,1.0,962.5649,248.52652,1.0,963.0211,261.22717,1.0,963.47095,269.72003,1.0,963.78577,276.75812,1.0,951.5528,288.0575,1.0,955.9052,290.55695,1.0,963.43976,290.04922,1.0,970.7219,290.01913,1.0,974.9486,287.08862,1.0,913.0714,249.76768,1.0,920.4439,245.11385,1.0,931.9434,244.06487,1.0,943.1801,249.46745,1.0,933.5772,251.57016,1.0,922.96344,252.42259,1.0,979.4262,248.497,1.0,990.6676,241.77545,1.0,1001.98816,241.96094,1.0,1008.56805,246.3053,1.0,999.0951,249.61386,1.0,988.67053,249.69778,1.0,940.2852,315.74762,1.0,949.51666,307.04175,1.0,956.6065,303.89438,1.0,963.66864,304.8896,1.0,971.03705,303.54437,1.0,978.0406,306.52985,1.0,987.20215,315.3577,1.0,982.6523,319.5663,1.0,971.2529,323.6833,1.0,963.71155,324.44873,1.0,956.65216,324.16132,1.0,945.3186,320.2177,1.0,942.6751,315.3947,1.0,958.48724,312.84744,1.0,963.5354,312.7558,1.0,969.29553,312.70547,1.0,985.0253,314.94257,1.0,969.5713,314.38077,1.0,963.9033,314.52835,1.0,958.458,314.35797,1.0,927.527,247.74644,1.0,994.79956,245.20331,1.0,960.251,293.9455,0.9974953,971.01733,446.03748,0.99960864,814.22406,447.52917,0.99960864,767.435,703.8617,0.98493993,777.52386,928.47797,0.9869047,1127.8105,444.5458,0.999764,1181.3151,692.64,0.9903843,1176.9675,915.62964,0.9760558,974.06067,955.09875,0.9935462,877.1707,953.3368,0.9946785,874.35266,1291.6539,0.27528366,865.0287,1661.5493,0.06840815,1070.9507,956.8607,0.9935462,1076.2274,1327.1395,0.21720041,1056.0796,1674.4281,0.040107623,927.24146,254.84633,0.99498063,991.82776,254.34491,0.9899463,901.28864,266.28763,0.9897489,1016.9506,261.7973,0.9940512,1022.6145,1802.6592,0.023761638,1022.6145,1802.6592,0.023761638,1054.1932,1715.2673,0.018102983,886.2105,1786.0602,0.03306494,886.2105,1786.0602,0.03306494,866.5355,1711.1682,0.028970204,1176.5123,923.75525,1.0,1138.7429,938.26056,1.0,1122.9575,969.8049,1.0,1115.6182,999.34076,1.0,1106.3107,1019.9748,1.0,1152.3083,1001.4732,1.0,1140.4652,1035.9258,1.0,1132.8772,1054.1855,1.0,1127.5186,1068.0166,1.0,1171.4739,1002.9074,1.0,1158.0271,1039.9083,1.0,1148.4022,1058.9395,1.0,1141.1876,1073.7217,1.0,1183.4424,998.9141,1.0,1171.4984,1030.7985,1.0,1161.5573,1047.472,1.0,1153.5085,1059.818,1.0,1189.155,992.20154,1.0,1179.5587,1018.3222,1.0,1170.5557,1032.5524,1.0,1162.3353,1042.3896,1.0,775.27325,936.764,1.0,813.84485,952.6014,1.0,830.9465,983.15424,1.0,838.0844,1014.6868,1.0,846.5295,1035.8687,1.0,800.0599,1016.8499,1.0,817.1802,1056.7386,1.0,826.55084,1076.2694,1.0,832.32623,1091.9707,1.0,779.17737,1020.0767,1.0,799.86786,1060.7429,1.0,812.6714,1079.2715,1.0,820.1991,1093.1174,1.0,766.4262,1016.77856,1.0,787.0509,1052.0441,1.0,801.3063,1069.3723,1.0,810.6343,1080.1658,1.0,760.251,1011.35803,1.0,777.3996,1037.0631,1.0,792.6499,1050.9098,1.0,804.028,1059.158,1.0
887.09656,259.3398,1.0,888.4895,272.103,1.0,889.7292,285.3458,1.0,895.3787,307.1004,1.0,901.6778,320.4423,1.0,912.2437,334.2602,1.0,921.0018,341.1801,1.0,938.6956,350.21075,1.0,964.2838,353.64398,1.0,990.07,348.13074,1.0,1007.13104,337.42984,1.0,1015.43506,329.43106,1.0,1025.0359,314.37317,1.0,1032.7794,293.04224,1.0,1034.6666,278.62823,1.0,1034.9604,265.3528,1.0,1034.6702,252.69695,1.0,900.40155,237.96872,1.0,906.537,231.31921,1.0,916.1191,226.77318,1.0,929.5568,225.17668,1.0,945.58746,225.6029,1.0,977.13135,224.06868,1.0,992.1419,222.27153,1.0,1004.9637,222.73758,1.0,1014.576,226.49084,1.0,1020.4326,232.44337,1.0,962.2924,248.71983,1.0,962.6891,261.40085,1.0,963.1432,269.8728,1.0,963.41547,276.89963,1.0,951.33185,288.1799,1.0,955.69543,290.72562,1.0,963.12067,290.22314,1.0,970.3927,290.20023,1.0,974.7351,287.26117,1.0,912.96686,250.0267,1.0,920.33997,245.43434,1.0,931.8416,244.34753,1.0,943.1294,249.70535,1.0,933.45746,251.86902,1.0,922.8164,252.72394,1.0,979.1502,248.81763,1.0,990.41785,242.1958,1.0,1001.678,242.35742,1.0,1008.28516,246.60962,1.0,998.80145,249.92982,1.0,988.3913,250.01732,1.0,940.4533,315.87787,1.0,949.4115,307.30835,1.0,956.3953,304.2035,1.0,963.3588,305.2359,1.0,970.66064,303.8662,1.0,977.57947,306.9188,1.0,986.6513,315.76627,1.0,982.2791,320.0521,1.0,970.9221,324.26755,1.0,963.34796,325.05716,1.0,956.227,324.6967,1.0,945.1286,320.44733,1.0,942.81384,315.51678,1.0,958.2579,313.4594,1.0,963.17786,313.41278,1.0,968.8819,313.37408,1.0,984.5216,315.35992,1.0,969.1414,314.53134,1.0,963.5779,314.6677,1.0,958.2366,314.42142,1.0,927.4833,248.00807,1.0,994.6219,245.50967,1.0,960.2689,293.97177,0.99752146,971.0314,445.89575,0.9996092,814.2395,447.38623,0.9996092,767.454,703.78217,0.9848307,777.46063,928.7883,0.98682934,1127.8232,444.4053,0.9997674,1181.3616,692.1719,0.9905175,1177.0065,915.1292,0.97650456,974.31525,954.91187,0.9935747,877.3668,953.32513,0.9946866,874.4805,1291.7426,0.2739261,866.54205,1661.5599,0.06809199,1071.2637,956.49854,0.9935747,1076.2075,1327.1473,0.21688373,1056.7864,1673.9983,0.040016375,927.2016,254.88002,0.9950216,991.8325,254.35367,0.99010056,901.3182,266.33463,0.9898069,1016.917,261.78555,0.9941498,1023.0598,1802.2944,0.0236876,1023.0598,1802.2944,0.0236876,1055.562,1714.9905,0.018108636,886.16547,1785.9655,0.032884635,886.16547,1785.9655,0.032884635,868.814,1711.3674,0.029021125,1176.7737,923.1998,1.0,1139.0092,937.1003,1.0,1122.6001,968.2572,1.0,1115.1882,997.2474,1.0,1106.032,1017.6715,1.0,1150.7736,999.9151,1.0,1139.8766,1034.9084,1.0,1132.7809,1053.5748,1.0,1127.6575,1067.7482,1.0,1169.8123,1001.65424,1.0,1157.3336,1038.9404,1.0,1148.155,1058.8696,1.0,1141.2864,1074.2041,1.0,1182.0721,998.2626,1.0,1170.2306,1030.544,1.0,1160.632,1047.7744,1.0,1152.8667,1060.5983,1.0,1188.3792,992.3102,1.0,1178.3156,1018.5698,1.0,1169.301,1032.894,1.0,1161.3766,1043.042,1.0,774.8855,937.7186,1.0,812.9774,953.8991,1.0,829.7122,984.2648,1.0,836.3596,1015.85486,1.0,844.73,1037.3539,1.0,798.49414,1017.2736,1.0,816.21356,1057.3231,1.0,826.1148,1076.7106,1.0,832.3859,1092.502,1.0,777.7811,1020.0425,1.0,798.7576,1060.4867,1.0,812.1064,1079.0271,1.0,820.3996,1092.7064,1.0,765.75305,1016.77594,1.0,786.2145,1052.0642,1.0,800.76404,1069.7454,1.0,810.60724,1080.61,1.0,760.06665,1011.9256,1.0,777.0365,1038.765,1.0,792.33514,1053.2335,1.0,804.1205,1061.8516,1.0
887.0669,259.49234,1.0,888.40204,272.27652,1.0,889.619,285.5258,1.0,895.2158,307.34723,1.0,901.5057,320.71677,1.0,912.0494,334.56732,1.0,920.76904,341.54684,1.0,938.4212,350.65106,1.0,964.0484,354.1823,1.0,989.8703,348.67682,1.0,1007.00116,337.9614,1.0,1015.2978,329.91467,1.0,1024.9076,314.85464,1.0,1032.7166,293.47028,1.0,1034.6382,279.0332,1.0,1034.9116,265.73584,1.0,1034.5985,253.04309,1.0,900.4188,238.00775,1.0,906.5849,231.35315,1.0,916.1783,226.83516,1.0,929.6077,225.29456,1.0,945.63275,225.801,1.0,977.1464,224.36304,1.0,992.2511,222.55925,1.0,1005.0611,222.99753,1.0,1014.6934,226.74619,1.0,1020.5542,232.72112,1.0,962.1839,248.90831,1.0,962.54535,261.56903,1.0,962.93616,270.04062,1.0,963.19476,277.08768,1.0,951.05414,288.38876,1.0,955.4248,290.94577,1.0,962.9198,290.44943,1.0,970.21136,290.46558,1.0,974.52405,287.5216,1.0,912.8527,250.04524,1.0,920.27856,245.49551,1.0,931.76544,244.46423,1.0,943.02826,249.76634,1.0,933.3496,251.89511,1.0,922.72485,252.74315,1.0,979.02844,249.0375,1.0,990.339,242.4882,1.0,1001.6774,242.69376,1.0,1008.2948,246.94803,1.0,998.7791,250.22032,1.0,988.34045,250.26602,1.0,940.23206,316.1572,1.0,949.20905,307.57135,1.0,956.17175,304.43124,1.0,963.1757,305.5057,1.0,970.45294,304.13834,1.0,977.4328,307.20667,1.0,986.606,316.1537,1.0,982.1667,320.38232,1.0,970.72217,324.5662,1.0,963.12604,325.31866,1.0,956.0098,324.95084,1.0,944.95996,320.7123,1.0,942.6,315.7973,1.0,958.06854,313.71582,1.0,962.97754,313.7057,1.0,968.69763,313.67218,1.0,984.4232,315.7436,1.0,968.9555,314.833,1.0,963.37695,314.9322,1.0,958.0203,314.7126,1.0,927.3896,248.05028,1.0,994.6448,245.78432,1.0,960.2843,294.42505,0.9975634,971.0565,445.67606,0.9996165,814.26404,447.33652,0.9996165,767.4958,703.7728,0.9849249,777.4462,928.8608,0.9869867,1127.849,444.0156,0.999773,1181.5232,691.42993,0.99063736,1177.1372,914.89874,0.9768131,975.3039,954.67804,0.9936552,878.48724,953.34546,0.9947606,876.6162,1291.7375,0.27748802,866.52454,1661.5736,0.06968685,1072.1205,956.0107,0.9936552,1077.1318,1326.7349,0.21943386,1059.0703,1671.7772,0.04027101,927.16876,255.2604,0.99510115,991.83997,254.60393,0.9902905,901.3437,266.53314,0.9899242,1016.90985,261.8527,0.9942666,1026.0691,1800.0371,0.024025457,1026.0691,1800.0371,0.024025457,1057.5651,1711.9861,0.018258391,887.77466,1785.4235,0.03371146,887.77466,1785.4235,0.03371146,868.6206,1711.4036,0.029377988,1176.7903,921.4381,1.0,1139.0012,933.91364,1.0,1120.8285,964.5141,1.0,1112.1405,992.6908,1.0,1102.6156,1013.0746,1.0,1147.5283,997.5157,1.0,1137.5975,1033.2521,1.0,1130.7924,1052.8552,1.0,1125.7219,1067.553,1.0,1166.2955,999.16016,1.0,1156.0033,1035.185,1.0,1147.8691,1054.9023,1.0,1142.1198,1069.7871,1.0,1178.5684,995.93054,1.0,1168.7358,1027.269,1.0,1160.232,1045.0037,1.0,1153.5486,1058.8295,1.0,1185.0884,990.0156,1.0,1176.1434,1015.20233,1.0,1168.3436,1029.594,1.0,1161.4651,1039.8776,1.0,775.3248,938.60645,1.0,812.6105,954.853,1.0,828.3911,985.3458,1.0,834.8643,1016.69965,1.0,842.769,1038.8103,1.0,796.72296,1017.7735,1.0,814.677,1057.4916,1.0,824.9381,1076.2645,1.0,831.93915,1091.7054,1.0,776.58,1020.56195,1.0,797.35315,1061.0048,1.0,811.3182,1079.1295,1.0,820.0392,1092.1394,1.0,764.84973,1017.0674,1.0,784.5903,1053.2063,1.0,799.89996,1070.6572,1.0,810.3213,1080.9255,1.0,759.9661,1012.1728,1.0,775.75934,1040.6538,1.0,791.04913,1055.5751,1.0,802.8257,1064.2329,1.0
887.0372,259.6449,1.0,888.3146,272.45004,1.0,889.5088,285.70578,1.0,895.053,307.59402,1.0,901.33356,320.99124,1.0,911.8551,334.87448,1.0,920.5363,341.91354,1.0,938.1468,351.0914,1.0,963.8129,354.72064,1.0,989.6706,349.2229,1.0,1006.8712,338.49298,1.0,1015.1605,330.3983,1.0,1024.7793,315.3361,1.0,1032.6537,293.8983,1.0,1034.6097,279.43817,1.0,1034.8628,266.11887,1.0,1034.5269,253.38924,1.0,900.4361,238.04678,1.0,906.6328,231.38708,1.0,916.23755,226.89714,1.0,929.6586,225.41241,1.0,945.67804,225.99908,1.0,977.16144,224.65741,1.0,992.3603,222.84695,1.0,1005.15857,223.25749,1.0,1014.8108,227.00154,1.0,1020.67584,232.99884,1.0,962.07544,249.0968,1.0,962.4016,261.73718,1.0,962.7291,270.20844,1.0,962.9741,277.27573,1.0,950.7764,288.59763,1.0,955.1541,291.16595,1.0,962.7189,290.67572,1.0,970.02997,290.73093,1.0,974.3129,287.78204,1.0,912.73865,250.06377,1.0,920.21716,245.55667,1.0,931.6892,244.58092,1.0,942.92706,249.82733,1.0,933.24176,251.9212,1.0,922.63336,252.76237,1.0,978.90674,249.25739,1.0,990.2602,242.78062,1.0,1001.6768,243.03008,1.0,1008.3045,247.28644,1.0,998.7568,250.51083,1.0,988.2897,250.51471,1.0,940.01086,316.43652,1.0,949.00653,307.83438,1.0,955.9482,304.659,1.0,962.9926,305.77554,1.0,970.24524,304.41046,1.0,977.28613,307.49454,1.0,986.56067,316.5411,1.0,982.0542,320.71255,1.0,970.5222,324.86487,1.0,962.9042,325.58017,1.0,955.7926,325.20502,1.0,944.79126,320.97726,1.0,942.3861,316.07782,1.0,957.87915,313.97226,1.0,962.77716,313.9986,1.0,968.51337,313.9703,1.0,984.3249,316.12723,1.0,968.7696,315.13464,1.0,963.1761,315.19672,1.0,957.8041,315.00372,1.0,927.29596,248.09247,1.0,994.66766,246.05896,1.0,960.22876,294.51062,0.9976467,971.066,445.5249,0.9996283,814.2717,447.3559,0.9996283,767.496,703.7643,0.98467475,777.28265,928.91846,0.98686534,1127.8602,443.6939,0.99977887,1182.0284,690.78455,0.9905606,1177.5802,914.27344,0.97642,975.5667,954.6427,0.9936333,878.5068,953.45605,0.9947584,878.42255,1291.4437,0.26843762,868.3914,1660.7753,0.06645086,1072.6267,955.82935,0.9936333,1080.4368,1326.713,0.21035393,1061.2163,1670.642,0.038401317,927.00226,255.48491,0.9952547,991.8159,254.71776,0.99060756,901.3221,266.7407,0.990177,1016.88043,261.9671,0.9944135,1027.6444,1795.9751,0.023034701,1027.6444,1795.9751,0.023034701,1060.1797,1711.1812,0.017614892,895.2497,1781.9172,0.03222724,895.2497,1781.9172,0.03222724,869.418,1710.958,0.028211419,1177.0004,919.8381,1.0,1138.6022,929.82574,1.0,1119.0546,959.26447,1.0,1109.3553,987.23364,1.0,1099.6803,1007.5668,1.0,1143.9911,994.7617,1.0,1134.9606,1031.3987,1.0,1129.7662,1051.7172,1.0,1126.3816,1067.6791,1.0,1163.543,997.72705,1.0,1153.3827,1034.8436,1.0,1145.467,1056.5422,1.0,1139.4833,1073.1133,1.0,1176.0397,995.7548,1.0,1165.9963,1028.8066,1.0,1157.4935,1047.9753,1.0,1150.8475,1063.3219,1.0,1182.3251,991.4158,1.0,1171.6761,1018.3125,1.0,1163.7147,1033.6482,1.0,1156.7085,1045.4471,1.0,776.0532,937.97046,1.0,812.6991,955.2951,1.0,827.75275,986.1841,1.0,833.73566,1017.38306,1.0,841.63544,1040.1064,1.0,793.6597,1016.7864,1.0,810.61774,1055.372,1.0,823.33417,1071.4943,1.0,833.2765,1083.8098,1.0,773.7952,1018.9926,1.0,793.5271,1059.7333,1.0,809.12744,1077.3522,1.0,820.601,1088.4341,1.0,763.17834,1015.23834,1.0,780.7001,1052.4929,1.0,796.2303,1070.0803,1.0,808.4737,1079.8225,1.0,759.6886,1010.7735,1.0,772.79584,1041.1932,1.0,786.80597,1056.9861,1.0,798.4711,1066.0642,1.0
887.00745,259.79742,1.0,888.2272,272.62354,1.0,889.3986,285.88577,1.0,894.8901,307.84085,1.0,901.1615,321.2657,1.0,911.6608,335.18164,1.0,920.3036,342.28027,1.0,937.87244,351.5317,1.0,963.5775,355.25894,1.0,989.4708,349.76898,1.0,1006.7413,339.02454,1.0,1015.0233,330.8819,1.0,1024.651,315.81757,1.0,1032.5908,294.3263,1.0,1034.5812,279.8431,1.0,1034.814,266.50192,1.0,1034.4553,253.7354,1.0,900.4534,238.08583,1.0,906.6807,231.42102,1.0,916.29675,226.9591,1.0,929.70953,225.53027,1.0,945.72327,226.19716,1.0,977.1765,224.95178,1.0,992.4695,223.13467,1.0,1005.256,223.51744,1.0,1014.92816,227.25688,1.0,1020.7974,233.27658,1.0,961.967,249.28528,1.0,962.2579,261.90536,1.0,962.5221,270.37625,1.0,962.7534,277.46378,1.0,950.4988,288.8065,1.0,954.8834,291.38614,1.0,962.51794,290.902,1.0,969.84863,290.99628,1.0,974.10187,288.04245,1.0,912.6246,250.08229,1.0,920.15576,245.61783,1.0,931.61304,244.69762,1.0,942.8259,249.88834,1.0,933.1339,251.94731,1.0,922.5418,252.7816,1.0,978.785,249.47726,1.0,990.18134,243.07303,1.0,1001.6763,243.36641,1.0,1008.31415,247.62485,1.0,998.7344,250.80133,1.0,988.23883,250.76341,1.0,939.7896,316.71585,1.0,948.804,308.09738,1.0,955.7247,304.88672,1.0,962.8096,306.04535,1.0,970.0375,304.6826,1.0,977.1395,307.7824,1.0,986.5153,316.9285,1.0,981.9417,321.0428,1.0,970.32227,325.1635,1.0,962.68225,325.84167,1.0,955.57544,325.45917,1.0,944.6226,321.24225,1.0,942.17224,316.35834,1.0,957.68976,314.22867,1.0,962.57684,314.2915,1.0,968.3291,314.26843,1.0,984.2265,316.51086,1.0,968.5837,315.4363,1.0,962.9752,315.4612,1.0,957.58777,315.2949,1.0,927.20233,248.13466,1.0,994.6906,246.33362,1.0,960.0684,294.59164,0.9975792,971.1461,445.40253,0.9996258,814.287,447.39035,0.9996258,767.5348,703.8408,0.98436326,777.398,928.966,0.98667157,1128.0052,443.41473,0.9997788,1182.5801,690.1658,0.99047965,1177.6036,913.8683,0.9761723,975.4457,955.4468,0.9936361,878.1929,954.40576,0.99475855,874.0969,1291.2842,0.26694298,867.2446,1660.7883,0.06695192,1072.6985,956.4878,0.9936361,1079.6691,1326.7296,0.21059076,1061.0258,1670.6227,0.039087996,926.78503,255.6139,0.9951312,991.6507,254.7553,0.990418,901.2798,266.82468,0.98997235,1016.7294,262.0021,0.9943132,1023.5178,1795.9922,0.023510793,1023.5178,1795.9922,0.023510793,1060.1648,1711.1405,0.017906182,889.8631,1781.9388,0.032579098,889.8631,1781.9388,0.032579098,869.13324,1711.05,0.028546179,1175.276,916.2302,1.0,1136.6116,926.6193,1.0,1117.3196,956.37897,1.0,1107.6528,984.1689,1.0,1096.598,1004.122,1.0,1140.4585,990.8168,1.0,1132.672,1028.6825,1.0,1128.3569,1049.7396,1.0,1125.4642,1066.3285,1.0,1160.9152,993.6074,1.0,1151.9182,1031.1659,1.0,1145.4496,1053.9701,1.0,1140.8818,1071.5814,1.0,1174.4657,991.4135,1.0,1164.9615,1025.124,1.0,1157.8405,1046.1594,1.0,1152.5099,1063.569,1.0,1180.998,986.82227,1.0,1169.8232,1013.10834,1.0,1162.5979,1028.6025,1.0,1156.5012,1041.1091,1.0,778.7206,937.91425,1.0,814.20526,956.238,1.0,828.2926,986.808,1.0,832.66235,1017.31665,1.0,837.7739,1039.3984,1.0,791.819,1013.33496,1.0,808.9696,1051.8536,1.0,823.3169,1065.0271,1.0,834.1948,1072.5967,1.0,772.11444,1016.814,1.0,791.1697,1058.0496,1.0,807.4888,1072.7506,1.0,819.2499,1080.0818,1.0,761.64825,1015.0543,1.0,777.4398,1053.5739,1.0,792.9444,1069.7366,1.0,805.3854,1077.5089,1.0,758.92773,1011.5225,1.0,769.4131,1041.5514,1.0,782.2671,1057.2401,1.0,793.82513,1065.7946,1.0
886.99286,260.04724,1.0,888.2643,272.90378,1.0,889.44824,286.19745,1.0,894.9363,308.13657,1.0,901.2079,321.55756,1.0,911.66266,335.4821,1.0,920.2804,342.56992,1.0,937.7011,351.9397,1.0,963.3047,355.74948,1.0,989.348,350.27264,1.0,1006.66724,339.42688,1.0,1015.129,331.33792,1.0,1024.9845,316.28366,1.0,1033.1344,294.76813,1.0,1035.1201,280.28912,1.0,1035.3835,266.9207,1.0,1035.0024,254.09412,1.0,900.31757,238.17032,1.0,906.5408,231.46658,1.0,916.2022,227.01038,1.0,929.6114,225.59375,1.0,945.62146,226.2729,1.0,977.20667,224.92682,1.0,992.53296,223.08484,1.0,1005.3755,223.47954,1.0,1015.069,227.2538,1.0,1021.0245,233.34299,1.0,961.8825,249.29694,1.0,962.1031,261.8923,1.0,962.322,270.31165,1.0,962.51434,277.38232,1.0,950.2593,288.72855,1.0,954.64667,291.3644,1.0,962.26965,290.8979,1.0,969.6082,291.012,1.0,973.9482,288.0248,1.0,912.72174,250.09476,1.0,920.21765,245.59605,1.0,931.65955,244.68498,1.0,942.771,249.91048,1.0,933.16974,251.93895,1.0,922.64667,252.75069,1.0,978.8735,249.49661,1.0,990.3097,243.11012,1.0,1001.70935,243.41666,1.0,1008.3523,247.69582,1.0,998.7608,250.82867,1.0,988.26556,250.79582,1.0,939.71344,316.97095,1.0,948.52985,308.29965,1.0,955.40045,305.15695,1.0,962.4616,306.33902,1.0,969.7072,304.95654,1.0,976.8255,308.02405,1.0,986.2887,317.173,1.0,981.7687,321.26248,1.0,970.12115,325.37103,1.0,962.4202,325.99817,1.0,955.3552,325.6289,1.0,944.44696,321.46317,1.0,942.08606,316.58505,1.0,957.39594,314.44922,1.0,962.30597,314.4929,1.0,967.98846,314.45056,1.0,984.04065,316.7483,1.0,968.33435,315.62634,1.0,962.6991,315.66888,1.0,957.33716,315.4882,1.0,927.4006,248.17859,1.0,994.76886,246.44568,1.0,960.0442,294.56815,0.997664,971.2231,445.2586,0.9996367,814.266,447.43854,0.9996367,767.95233,703.73016,0.98467416,777.7601,928.5291,0.9871162,1128.1802,443.0787,0.9997854,1183.5082,689.2233,0.99069136,1177.4535,912.76843,0.976883,975.4975,955.1286,0.99371046,878.2388,954.3916,0.99483234,872.59686,1291.5481,0.27281144,859.3958,1662.9515,0.06872112,1072.7562,955.8656,0.99371046,1077.8523,1326.7349,0.21297236,1058.391,1671.084,0.03936441,926.6807,255.48805,0.99530816,991.61316,254.73027,0.9907617,901.2887,266.80106,0.99030584,1016.6946,262.00052,0.9945154,1018.80066,1796.872,0.023840733,1018.80066,1796.872,0.023840733,1058.4513,1711.5973,0.017973779,879.5642,1784.6405,0.03364967,879.5642,1784.6405,0.03364967,860.0096,1713.7847,0.029120956,1173.657,915.96936,1.0,1135.1599,925.5918,1.0,1115.4938,954.51086,1.0,1105.9515,981.70605,1.0,1095.452,1001.2435,1.0,1139.1523,989.1285,1.0,1132.1464,1027.0939,1.0,1128.2266,1048.53,1.0,1125.6458,1065.2338,1.0,1158.8107,993.2826,1.0,1150.2146,1033.9618,1.0,1143.8329,1059.351,1.0,1139.0541,1078.7588,1.0,1171.677,991.7315,1.0,1162.8628,1027.3491,1.0,1155.9344,1048.5902,1.0,1150.3718,1065.6127,1.0,1178.0638,986.8457,1.0,1167.9441,1014.5289,1.0,1161.4052,1031.0399,1.0,1155.7157,1044.1725,1.0,779.7378,933.6513,1.0,816.1635,952.33215,1.0,830.2051,984.03766,1.0,831.43646,1015.967,1.0,833.89166,1037.8325,1.0,790.23145,1005.3534,1.0,808.1765,1044.8071,1.0,824.49603,1057.0421,1.0,835.812,1062.1346,1.0,770.82874,1010.2779,1.0,788.03613,1053.4235,1.0,805.6444,1067.663,1.0,818.8985,1072.6627,1.0,761.09375,1010.33875,1.0,775.9747,1049.7561,1.0,792.9442,1063.4935,1.0,806.2333,1067.8622,1.0,759.2216,1008.03546,1.0,768.7921,1037.4271,1.0,781.91113,1050.8846,1.0,793.4635,1056.5236,1.0
886.9783,260.29706,1.0,888.30145,273.184,1.0,889.4979,286.50912,1.0,894.9825,308.43228,1.0,901.2543,321.84943,1.0,911.66455,335.78253,1.0,920.2572,342.85956,1.0,937.52985,352.3477,1.0,963.03186,356.24,1.0,989.2253,350.7763,1.0,1006.59326,339.8292,1.0,1015.23474,331.79395,1.0,1025.318,316.74973,1.0,1033.6781,295.20993,1.0,1035.659,280.73514,1.0,1035.9531,267.33948,1.0,1035.5496,254.45285,1.0,900.1817,238.25482,1.0,906.4009,231.51213,1.0,916.1076,227.06166,1.0,929.51324,225.65723,1.0,945.5196,226.34865,1.0,977.2369,224.90186,1.0,992.5965,223.035,1.0,1005.49493,223.44164,1.0,1015.2097,227.25073,1.0,1021.2515,233.40938,1.0,961.798,249.3086,1.0,961.9483,261.8792,1.0,962.12195,270.24707,1.0,962.27527,277.3009,1.0,950.0198,288.65057,1.0,954.40985,291.34268,1.0,962.0213,290.89374,1.0,969.3678,291.0277,1.0,973.7945,288.00714,1.0,912.8189,250.10722,1.0,920.27954,245.57426,1.0,931.7061,244.67236,1.0,942.71606,249.93263,1.0,933.20557,251.9306,1.0,922.7515,252.71979,1.0,978.962,249.51596,1.0,990.4381,243.14723,1.0,1001.7425,243.46692,1.0,1008.39044,247.76678,1.0,998.7872,250.85602,1.0,988.2923,250.82822,1.0,939.63727,317.22604,1.0,948.2557,308.50192,1.0,955.0763,305.4272,1.0,962.1136,306.6327,1.0,969.3769,305.23053,1.0,976.5114,308.26566,1.0,986.062,317.4175,1.0,981.5956,321.4822,1.0,969.9201,325.57855,1.0,962.15814,326.15466,1.0,955.135,325.79865,1.0,944.27124,321.68408,1.0,941.9999,316.81174,1.0,957.10205,314.66977,1.0,962.0351,314.69424,1.0,967.6479,314.63266,1.0,983.8548,316.98572,1.0,968.08496,315.8164,1.0,962.42303,315.8766,1.0,957.08655,315.6815,1.0,927.59875,248.22253,1.0,994.8471,246.55775,1.0,959.9647,295.6783,0.9977716,971.2278,444.89603,0.9996439,814.2602,447.44696,0.9996439,767.96436,703.40137,0.98506033,779.0552,927.40106,0.9875026,1128.1954,442.34506,0.99979115,1184.0452,688.3623,0.9909981,1177.3872,912.28107,0.9777883,975.49146,955.0362,0.99372965,878.2483,954.35596,0.99482304,872.62646,1290.6031,0.27289745,860.3288,1662.6003,0.068803184,1072.7346,955.7164,0.99372965,1077.6743,1326.5303,0.2152211,1058.679,1670.982,0.039862826,926.6733,256.30023,0.99552023,991.5594,255.72928,0.99119306,901.2971,267.12805,0.9907111,1016.6296,262.93976,0.9947681,1019.6088,1796.8788,0.024183927,1019.6088,1796.8788,0.024183927,1059.0859,1711.4827,0.01830921,879.9575,1784.538,0.03374659,879.9575,1784.538,0.03374659,861.6068,1713.7168,0.029504985,1173.602,914.6659,1.0,1134.6285,924.8545,1.0,1115.2201,954.00946,1.0,1105.6765,981.3994,1.0,1094.7175,1000.7868,1.0,1138.6342,988.722,1.0,1131.9873,1026.7731,1.0,1128.5068,1048.4092,1.0,1126.1058,1065.094,1.0,1159.2522,992.4613,1.0,1151.1161,1031.3556,1.0,1144.833,1054.8193,1.0,1140.0667,1072.5858,1.0,1172.4875,990.6755,1.0,1163.861,1025.2036,1.0,1156.5781,1046.32,1.0,1150.7863,1063.4333,1.0,1179.035,985.85156,1.0,1168.8903,1012.2174,1.0,1162.1254,1028.1227,1.0,1156.148,1040.7305,1.0,784.47577,928.15936,1.0,819.8515,945.5556,1.0,834.0386,976.0099,1.0,834.1832,1007.51416,1.0,834.206,1027.3148,1.0,792.427,995.54816,1.0,812.28235,1035.7919,1.0,830.98584,1046.9691,1.0,844.7401,1050.8108,1.0,774.4931,1002.4419,1.0,789.88477,1046.6863,1.0,810.06366,1063.1063,1.0,825.7388,1070.1031,1.0,767.3037,1004.1483,1.0,780.87897,1043.2534,1.0,799.256,1058.2228,1.0,813.72,1063.853,1.0,768.4895,1002.7223,1.0,777.5958,1029.683,1.0,790.19006,1041.5967,1.0,801.07227,1046.3871,1.0
886.9637,260.54688,1.0,888.3386,273.4642,1.0,889.54755,286.82083,1.0,895.0287,308.72797,1.0,901.30066,322.1413,1.0,911.6664,336.08298,1.0,920.2341,343.1492,1.0,937.3586,352.7557,1.0,962.75903,356.7305,1.0,989.1025,351.28,1.0,1006.5192,340.2315,1.0,1015.34045,332.25,1.0,1025.6516,317.21582,1.0,1034.2217,295.65176,1.0,1036.198,281.18115,1.0,1036.5227,267.75824,1.0,1036.0967,254.81157,1.0,900.04584,238.33931,1.0,906.2609,231.5577,1.0,916.01306,227.11293,1.0,929.4151,225.7207,1.0,945.4177,226.42438,1.0,977.2671,224.87689,1.0,992.66,222.98518,1.0,1005.61444,223.40373,1.0,1015.3505,227.24767,1.0,1021.4785,233.47578,1.0,961.71344,249.32025,1.0,961.79346,261.86615,1.0,961.9219,270.18246,1.0,962.0362,277.21945,1.0,949.7803,288.57263,1.0,954.17303,291.32095,1.0,961.773,290.88962,1.0,969.12744,291.04343,1.0,973.6408,287.98947,1.0,912.9161,250.11969,1.0,920.34143,245.55247,1.0,931.7526,244.65973,1.0,942.66113,249.95479,1.0,933.2414,251.92224,1.0,922.8564,252.68887,1.0,979.0505,249.53531,1.0,990.56647,243.18433,1.0,1001.77563,243.51718,1.0,1008.4285,247.83774,1.0,998.81354,250.88336,1.0,988.31903,250.86063,1.0,939.56104,317.48114,1.0,947.98145,308.70416,1.0,954.75214,305.69742,1.0,961.7656,306.92636,1.0,969.04663,305.50452,1.0,976.1974,308.50726,1.0,985.8353,317.66202,1.0,981.42255,321.7019,1.0,969.719,325.78607,1.0,961.8961,326.31116,1.0,954.9148,325.96838,1.0,944.0956,321.905,1.0,941.91376,317.03845,1.0,956.8082,314.89035,1.0,961.7642,314.89563,1.0,967.30725,314.8148,1.0,983.66895,317.22314,1.0,967.83563,316.00647,1.0,962.147,316.08426,1.0,956.83594,315.8748,1.0,927.797,248.26646,1.0,994.92535,246.66982,1.0,959.66705,296.50357,0.9976659,971.239,444.89413,0.99963295,814.26666,447.46747,0.99963295,767.9092,701.5455,0.9843845,782.0922,919.92615,0.9873131,1128.2114,442.32083,0.99978864,1184.5347,688.1541,0.9911045,1177.3829,911.7912,0.97817254,975.04736,955.9892,0.99354106,877.9039,954.9558,0.99462026,871.81256,1290.3589,0.26754147,860.3475,1662.688,0.06739302,1072.1909,957.02264,0.99354106,1074.4944,1327.1737,0.20921965,1054.9573,1673.0803,0.03906243,926.6582,257.14148,0.99526703,991.45605,257.04074,0.99076164,901.2856,267.45267,0.99016714,1016.45624,264.1671,0.99452764,1016.92004,1798.061,0.023741227,1016.92004,1798.061,0.023741227,1055.4252,1714.574,0.018143993,879.46423,1784.2806,0.033140957,879.46423,1784.2806,0.033140957,861.7004,1714.0436,0.029175028,1173.5104,916.8966,1.0,1135.6589,925.68274,1.0,1116.2449,953.96515,1.0,1106.8721,980.91925,1.0,1096.3346,1000.57764,1.0,1139.1488,991.0812,1.0,1132.0027,1027.9958,1.0,1127.9858,1048.867,1.0,1125.3037,1065.0392,1.0,1158.9968,995.2879,1.0,1150.6638,1033.6454,1.0,1144.0413,1057.2174,1.0,1138.9836,1075.0043,1.0,1171.7839,993.79584,1.0,1163.3204,1027.6525,1.0,1156.3169,1047.5854,1.0,1150.606,1063.6581,1.0,1178.3398,989.08545,1.0,1168.749,1015.79,1.0,1162.4269,1031.8685,1.0,1156.8226,1044.88,1.0,792.7215,917.4748,1.0,824.67737,930.4138,1.0,840.519,957.01697,1.0,843.7532,987.2319,1.0,844.72504,1005.17175,1.0,799.35944,980.16016,1.0,819.7645,1015.1203,1.0,839.97327,1023.7247,1.0,856.15314,1025.5397,1.0,786.6349,990.871,1.0,802.1575,1032.5197,1.0,824.11346,1046.6976,1.0,842.6924,1051.847,1.0,783.4668,995.55817,1.0,800.3061,1030.6228,1.0,819.99994,1043.7186,1.0,836.4016,1049.5721,1.0,787.1044,995.39514,1.0,801.4075,1020.2642,1.0,815.7558,1029.5337,1.0,828.5525,1033.9075,1.0
887.22266,259.94388,1.0,888.44604,272.835,1.0,889.4557,286.1457,1.0,894.52734,308.0361,1.0,900.4672,321.44128,1.0,910.4104,335.34515,1.0,918.7677,342.42242,1.0,935.70355,352.07706,1.0,961.0588,356.27298,1.0,987.5808,351.06036,1.0,1005.333,340.26257,1.0,1014.3333,332.36923,1.0,1024.9385,317.46008,1.0,1033.8384,295.983,1.0,1036.0073,281.50403,1.0,1036.4785,268.09634,1.0,1036.1538,255.14404,1.0,900.0116,237.72093,1.0,906.19867,230.99593,1.0,915.9216,226.61186,1.0,929.3383,225.27454,1.0,945.286,226.06717,1.0,976.92145,224.63486,1.0,992.43933,222.84715,1.0,1005.47156,223.38626,1.0,1015.24036,227.31247,1.0,1021.4078,233.62216,1.0,961.24097,249.14113,1.0,961.08746,261.5447,1.0,961.0696,269.7398,1.0,961.0883,276.69485,1.0,948.8894,288.0582,1.0,953.17847,290.8319,1.0,960.79156,290.44885,1.0,968.22986,290.64975,1.0,972.7303,287.68182,1.0,912.79926,249.55113,1.0,920.1885,244.93561,1.0,931.6193,244.13255,1.0,942.5204,249.60161,1.0,933.0432,251.4934,1.0,922.65735,252.1894,1.0,978.6891,249.40549,1.0,990.2757,243.0404,1.0,1001.5718,243.4751,1.0,1008.2172,247.95013,1.0,998.4938,250.91364,1.0,988.0516,250.79259,1.0,938.1385,317.09793,1.0,946.6691,308.0218,1.0,953.56744,304.97913,1.0,960.63855,306.2491,1.0,968.05743,304.88257,1.0,975.34875,308.018,1.0,984.9791,317.60245,1.0,980.3799,321.6117,1.0,968.43274,325.55338,1.0,960.5256,326.0275,1.0,953.48334,325.6397,1.0,942.6103,321.54108,1.0,940.50793,316.6295,1.0,955.5232,314.29428,1.0,960.5267,314.34204,1.0,966.18665,314.30695,1.0,982.77814,317.12836,1.0,966.64923,315.68677,1.0,960.91614,315.72046,1.0,955.56,315.4688,1.0,927.5956,247.73065,1.0,994.74097,246.60199,1.0,959.67206,296.72427,0.99762887,971.3012,444.94165,0.99963254,814.28577,447.5531,0.99963254,767.3804,698.1448,0.9839398,786.93964,902.9356,0.9872847,1128.3167,442.33017,0.99978775,1184.6603,687.97253,0.99119097,1177.3702,911.39844,0.97832984,975.0252,956.66144,0.99353564,877.8592,956.0221,0.9946113,871.8075,1290.7312,0.27174184,859.18787,1664.9344,0.06805006,1072.1913,957.30084,0.99353564,1074.4277,1328.7483,0.21486668,1054.0364,1673.7101,0.039157413,926.65173,257.22412,0.9952264,991.4519,257.19373,0.99064064,901.291,267.5593,0.9901015,1016.4454,264.32724,0.9944627,1011.62805,1797.9615,0.023992633,1011.62805,1797.9615,0.023992633,1043.0938,1714.5767,0.018275252,875.75195,1784.702,0.03367348,875.75195,1784.702,0.03367348,860.288,1716.4205,0.029256176,1173.4315,915.6043,1.0,1135.0168,925.93365,1.0,1116.4196,954.838,1.0,1107.335,981.75134,1.0,1097.1699,1001.5836,1.0,1139.8806,988.90625,1.0,1132.9156,1026.6484,1.0,1128.7864,1048.0966,1.0,1125.7009,1064.6091,1.0,1160.0848,992.5011,1.0,1151.9773,1031.155,1.0,1145.5382,1054.8623,1.0,1140.4515,1072.8175,1.0,1172.6809,990.6873,1.0,1164.0236,1024.8828,1.0,1156.7495,1045.8015,1.0,1150.8536,1062.7712,1.0,1178.6066,985.7666,1.0,1168.388,1011.6259,1.0,1161.5122,1027.1333,1.0,1155.5692,1039.5135,1.0,799.8495,898.48395,1.0,828.3548,901.10077,1.0,849.04083,922.74963,1.0,857.1047,951.165,1.0,860.5484,968.7306,1.0,809.3563,952.2891,1.0,831.23267,984.3556,1.0,855.6716,990.2154,1.0,874.6231,989.6559,1.0,801.63257,966.979,1.0,818.8942,1006.7352,1.0,845.05096,1015.2405,1.0,864.24115,1015.0129,1.0,801.8767,974.66296,1.0,821.04895,1007.10175,1.0,844.4349,1013.54663,1.0,861.5412,1014.6822,1.0,805.91144,975.7654,1.0,824.22205,997.61176,1.0,842.35376,1001.8047,1.0,856.8535,1002.039,1.0
887.48157,259.34085,1.0,888.5535,272.20575,1.0,889.3639,285.47058,1.0,894.02594,307.34424,1.0,899.6338,320.7413,1.0,909.1545,334.60733,1.0,917.30133,341.69568,1.0,934.0486,351.3984,1.0,959.3585,355.81543,1.0,986.0591,350.84073,1.0,1004.1468,340.29364,1.0,1013.3261,332.48846,1.0,1024.2255,317.70435,1.0,1033.4551,296.31424,1.0,1035.8167,281.8269,1.0,1036.4344,268.43442,1.0,1036.2109,255.47652,1.0,899.97736,237.10255,1.0,906.1364,230.43414,1.0,915.83,226.11078,1.0,929.2616,224.82837,1.0,945.1543,225.70996,1.0,976.57587,224.39282,1.0,992.2186,222.70914,1.0,1005.3286,223.36879,1.0,1015.1302,227.37726,1.0,1021.3371,233.76855,1.0,960.7685,248.962,1.0,960.3815,261.2233,1.0,960.2172,269.29712,1.0,960.14044,276.17023,1.0,947.99854,287.54373,1.0,952.18384,290.34286,1.0,959.81006,290.0081,1.0,967.3323,290.25607,1.0,971.8198,287.37415,1.0,912.6825,248.98256,1.0,920.0356,244.31874,1.0,931.486,243.6054,1.0,942.3797,249.24844,1.0,932.84503,251.06454,1.0,922.4584,251.68994,1.0,978.3277,249.27567,1.0,989.9849,242.89648,1.0,1001.3679,243.43303,1.0,1008.00586,248.06253,1.0,998.17395,250.94391,1.0,987.78406,250.72456,1.0,936.71594,316.7147,1.0,945.3568,307.3394,1.0,952.3828,304.2608,1.0,959.5114,305.57184,1.0,967.06824,304.26062,1.0,974.5001,307.52875,1.0,984.12286,317.54288,1.0,979.3373,321.5215,1.0,967.1465,325.32065,1.0,959.155,325.74384,1.0,952.0518,325.31107,1.0,941.12506,321.1772,1.0,939.1021,316.22052,1.0,954.2382,313.6982,1.0,959.2891,313.78845,1.0,965.066,313.7991,1.0,981.88727,317.0336,1.0,965.4629,315.36703,1.0,959.68536,315.35663,1.0,954.2841,315.06284,1.0,927.39417,247.19482,1.0,994.5566,246.53418,1.0,959.73376,296.30408,0.9974938,971.721,444.70667,0.99962294,814.7841,447.11133,0.99962294,764.6148,690.13586,0.98368764,797.94543,875.5537,0.987182,1128.6578,442.302,0.99977285,1184.9369,687.9779,0.9909299,1177.3022,911.14233,0.9772746,975.0957,953.6243,0.99355793,877.86127,953.2887,0.9946653,870.6203,1290.5453,0.2814764,859.2224,1664.9127,0.07094981,1072.3301,953.96,0.99355793,1074.0944,1328.5079,0.21841627,1053.7396,1672.8004,0.04020979,926.6447,256.76883,0.9950107,991.4535,256.80453,0.99009806,901.49084,267.4487,0.98972243,1016.4332,264.14603,0.9940861,1011.07166,1796.1414,0.024586344,1011.07166,1796.1414,0.024586344,1043.584,1713.6793,0.018785259,875.81476,1784.6989,0.03497863,875.81476,1784.6989,0.03497863,860.6582,1716.1444,0.030242722,1174.0503,917.2813,1.0,1136.148,926.0876,1.0,1116.9863,954.7323,1.0,1107.7439,981.29834,1.0,1097.9991,1001.0732,1.0,1140.6106,991.14355,1.0,1132.9319,1027.8593,1.0,1128.5859,1049.0583,1.0,1125.83,1065.695,1.0,1159.7008,995.3315,1.0,1151.1311,1034.1418,1.0,1144.6243,1059.0859,1.0,1139.8477,1078.442,1.0,1171.7405,994.0154,1.0,1163.3861,1027.4504,1.0,1156.4508,1047.5582,1.0,1150.9236,1064.0034,1.0,1177.6902,989.3962,1.0,1168.2933,1016.0648,1.0,1162.2202,1032.2324,1.0,1156.7957,1045.1862,1.0,817.03204,876.99493,1.0,837.6104,868.1095,1.0,856.46594,880.77014,1.0,869.9292,904.2762,1.0,877.8801,920.25,1.0,823.99316,914.4733,1.0,852.4848,938.2325,1.0,876.7244,938.82245,1.0,894.20386,936.36304,1.0,820.5773,933.1736,1.0,844.0814,965.18146,1.0,870.5293,967.9752,1.0,889.4811,965.0036,1.0,823.7303,943.41315,1.0,843.8978,971.6877,1.0,868.1663,973.8694,1.0,886.48816,972.2203,1.0,828.987,946.4251,1.0,846.86945,966.80096,1.0,864.9451,966.75903,1.0,879.5011,962.99426,1.0
887.74054,258.73785,1.0,888.66095,271.57654,1.0,889.27203,284.79547,1.0,893.5246,306.65237,1.0,898.8004,320.0413,1.0,907.89856,333.86954,1.0,915.835,340.9689,1.0,932.39355,350.7198,1.0,957.65826,355.35788,1.0,984.5374,350.6211,1.0,1002.96063,340.32474,1.0,1012.319,332.60773,1.0,1023.5123,317.94864,1.0,1033.0717,296.64548,1.0,1035.6259,282.1498,1.0,1036.3903,268.7725,1.0,1036.2681,255.80898,1.0,899.9432,236.48418,1.0,906.0741,229.87238,1.0,915.7385,225.60971,1.0,929.1848,224.3822,1.0,945.0225,225.35274,1.0,976.2303,224.15079,1.0,991.998,222.57112,1.0,1005.1857,223.35132,1.0,1015.02,227.44206,1.0,1021.26636,233.91495,1.0,960.296,248.78288,1.0,959.6755,260.9019,1.0,959.3649,268.85446,1.0,959.1926,275.64563,1.0,947.10767,287.0293,1.0,951.1893,289.85385,1.0,958.8286,289.56732,1.0,966.4347,289.8624,1.0,970.90936,287.06647,1.0,912.56573,248.41399,1.0,919.8826,243.70187,1.0,931.35266,243.07822,1.0,942.239,248.89528,1.0,932.6468,250.6357,1.0,922.2594,251.19048,1.0,977.9663,249.14584,1.0,989.69415,242.75256,1.0,1001.16406,243.39096,1.0,1007.7945,248.17493,1.0,997.8542,250.97418,1.0,987.5166,250.65652,1.0,935.2934,316.33148,1.0,944.04443,306.657,1.0,951.1982,303.5425,1.0,958.38434,304.89456,1.0,966.07904,303.63867,1.0,973.6515,307.0395,1.0,983.2666,317.48334,1.0,978.2947,321.4313,1.0,965.8602,325.08792,1.0,957.7845,325.46014,1.0,950.6203,324.9824,1.0,939.63983,320.81326,1.0,937.6963,315.81155,1.0,952.9532,313.10214,1.0,958.0516,313.23486,1.0,963.9454,313.29126,1.0,980.99646,316.93884,1.0,964.2765,315.04733,1.0,958.4545,314.99283,1.0,953.0082,314.6569,1.0,927.19275,246.659,1.0,994.3722,246.46635,1.0,959.44135,296.28,0.9973878,971.92126,444.58878,0.99958086,815.2133,447.0812,0.99958086,758.44446,684.5377,0.98086745,813.09375,838.9544,0.9817091,1128.6293,442.09634,0.99976456,1185.1136,687.9361,0.9906772,1177.3146,910.95795,0.975765,975.1836,950.48334,0.9936246,878.2349,949.7854,0.99465823,869.8739,1284.2256,0.2834958,859.287,1655.1215,0.07053606,1072.1322,951.1812,0.9936246,1077.0415,1327.0936,0.21370848,1058.9592,1660.7322,0.03901091,926.2163,256.7928,0.994728,991.04083,256.76096,0.9897912,901.6801,267.44443,0.98895156,1016.43665,264.18845,0.99388677,1019.1133,1779.2891,0.023812717,1019.1133,1779.2891,0.023812717,1054.2733,1700.4342,0.018385274,879.8274,1774.5364,0.034502223,879.8274,1774.5364,0.034502223,860.65717,1704.7769,0.029829042,1173.0359,915.38416,1.0,1135.0114,925.72675,1.0,1116.665,954.8709,1.0,1107.3049,981.9651,1.0,1097.4014,1001.95154,1.0,1140.3568,989.79333,1.0,1133.3071,1027.2186,1.0,1129.4375,1048.5408,1.0,1126.8085,1064.9293,1.0,1159.896,993.42395,1.0,1151.6794,1031.5546,1.0,1145.3638,1054.5017,1.0,1140.733,1072.0143,1.0,1172.2292,991.6021,1.0,1164.0555,1025.3284,1.0,1157.1776,1045.7808,1.0,1151.7765,1062.4355,1.0,1178.1273,986.7985,1.0,1168.6094,1012.7052,1.0,1162.3319,1028.3611,1.0,1156.7377,1040.7655,1.0,835.53186,870.12286,1.0,850.3177,853.35596,1.0,867.385,850.6719,1.0,884.5988,857.3919,1.0,898.7307,864.4077,1.0,843.0969,876.25714,1.0,869.52264,874.768,1.0,889.8825,870.9541,1.0,905.2414,869.2478,1.0,843.60944,894.92804,1.0,872.2549,905.66724,1.0,897.3074,901.9845,1.0,915.0488,896.32886,1.0,848.15967,909.0257,1.0,873.1081,921.2243,1.0,896.75507,916.2229,1.0,913.8218,910.8064,1.0,852.65027,916.4433,1.0,874.1468,923.56635,1.0,890.9784,919.3352,1.0,903.67365,914.1056,1.0
886.8931,258.13928,1.0,887.80206,271.06683,1.0,888.4418,284.2774,1.0,892.69226,306.05267,1.0,897.9337,319.33115,1.0,906.88873,333.0041,1.0,914.6115,340.04947,1.0,930.683,349.72562,1.0,955.61554,354.44864,1.0,982.4124,350.07587,1.0,1000.8053,340.1547,1.0,1010.15784,332.65854,1.0,1021.62616,318.32462,1.0,1031.807,297.221,1.0,1034.7554,282.77322,1.0,1035.762,269.36078,1.0,1035.9272,256.32608,1.0,899.4798,235.36278,1.0,905.715,228.6647,1.0,915.4911,224.39615,1.0,928.95264,223.22397,1.0,944.70184,224.26105,1.0,975.7365,223.35869,1.0,991.5641,221.92422,1.0,1004.8254,222.85014,1.0,1014.7313,227.10587,1.0,1020.9675,233.7334,1.0,959.61053,247.68105,1.0,958.8685,259.64713,1.0,958.4557,267.48932,1.0,958.19354,274.21185,1.0,945.97876,285.72385,1.0,950.0903,288.57678,1.0,957.7306,288.3398,1.0,965.323,288.74844,1.0,969.8882,285.93655,1.0,912.00287,247.33987,1.0,919.45856,242.64827,1.0,930.9346,242.083,1.0,941.66394,247.94846,1.0,932.0428,249.70662,1.0,921.6517,250.19394,1.0,977.05493,248.49652,1.0,989.0486,242.30353,1.0,1000.4935,243.12865,1.0,1007.14575,247.98993,1.0,997.1793,250.62692,1.0,986.7119,250.18764,1.0,934.2704,315.28363,1.0,942.92285,305.59485,1.0,950.02563,302.49146,1.0,957.1419,303.88724,1.0,964.8243,302.71283,1.0,972.21643,306.25238,1.0,981.3736,316.93402,1.0,976.5832,320.89114,1.0,964.218,324.50333,1.0,956.14667,324.75867,1.0,949.0192,324.20364,1.0,938.33014,319.84622,1.0,936.69714,314.84503,1.0,951.7237,312.22363,1.0,956.6987,312.38385,1.0,962.4635,312.53735,1.0,979.01654,316.37076,1.0,962.75354,314.45593,1.0,956.98883,314.3015,1.0,951.645,313.93484,1.0,926.8671,245.65787,1.0,993.6226,246.05984,1.0,959.2476,295.3739,0.99729663,972.1391,444.7061,0.9995269,815.6409,447.10184,0.9995269,754.6141,680.4176,0.9769138,824.11316,787.28906,0.97582823,1128.6373,442.3103,0.9997514,1185.1205,687.734,0.99009055,1177.1592,910.62463,0.9730991,974.96277,949.7742,0.99351317,878.12555,949.1212,0.99444926,869.1425,1275.7235,0.2795645,858.93243,1641.3575,0.06799241,1071.7999,950.4271,0.99351317,1077.6547,1325.6819,0.20775612,1058.9247,1652.2731,0.03727135,925.7514,256.31952,0.99448866,990.75854,256.23404,0.9895349,901.6885,267.06503,0.98827153,1016.4283,264.15912,0.9937345,1019.1044,1767.7662,0.022703717,1019.1044,1767.7662,0.022703717,1054.5573,1691.2589,0.017761463,880.58435,1758.9678,0.033073597,880.58435,1758.9678,0.033073597,859.80133,1689.0911,0.028776946,1173.1594,916.026,1.0,1135.5012,925.60956,1.0,1117.0323,954.91394,1.0,1107.6764,981.56226,1.0,1097.8326,1001.06476,1.0,1140.7891,991.17065,1.0,1133.1237,1027.7509,1.0,1128.9036,1048.7185,1.0,1126.1829,1065.0933,1.0,1159.9777,995.04407,1.0,1151.467,1033.2054,1.0,1144.9851,1056.8212,1.0,1140.231,1075.0156,1.0,1172.03,993.498,1.0,1163.7029,1026.9274,1.0,1156.783,1046.9325,1.0,1151.2411,1063.3115,1.0,1177.7847,988.7774,1.0,1168.5186,1015.30884,1.0,1162.4701,1031.1862,1.0,1157.0914,1043.971,1.0,842.44147,808.6151,1.0,854.80206,787.57104,1.0,877.88403,780.7196,1.0,901.7197,782.0974,1.0,919.4105,782.62054,1.0,868.7616,817.4977,1.0,898.43085,813.1828,1.0,918.2517,805.57025,1.0,932.34106,799.8176,1.0,872.71045,833.2422,1.0,904.51074,834.1901,1.0,927.7864,826.19977,1.0,943.06805,817.8392,1.0,877.78577,842.42773,1.0,906.61774,843.93896,1.0,927.47595,834.9913,1.0,941.38605,825.9045,1.0,881.9867,845.1728,1.0,905.7298,844.97363,1.0,921.0543,837.52655,1.0,931.8956,829.6384,1.0
886.0457,257.54074,1.0,886.9431,270.55716,1.0,887.6116,283.75934,1.0,891.8599,305.453,1.0,897.067,318.621,1.0,905.8789,332.13867,1.0,913.38806,339.13004,1.0,928.97235,348.73145,1.0,953.57275,353.5394,1.0,980.2874,349.53064,1.0,998.65,339.98468,1.0,1007.9967,332.70938,1.0,1019.7399,318.7006,1.0,1030.5425,297.79654,1.0,1033.8849,283.39667,1.0,1035.1335,269.94904,1.0,1035.5865,256.8432,1.0,899.0164,234.24136,1.0,905.35596,227.45703,1.0,915.24365,223.18259,1.0,928.72046,222.06573,1.0,944.3811,223.16934,1.0,975.2428,222.56659,1.0,991.1302,221.27731,1.0,1004.465,222.34897,1.0,1014.4426,226.76968,1.0,1020.6687,233.55186,1.0,958.92505,246.57922,1.0,958.06165,258.39236,1.0,957.5465,266.1242,1.0,957.19446,272.77808,1.0,944.8498,284.4184,1.0,948.9912,287.2997,1.0,956.63257,287.1123,1.0,964.21136,287.6345,1.0,968.86694,284.80664,1.0,911.44006,246.26576,1.0,919.03455,241.59465,1.0,930.5164,241.08775,1.0,941.08887,247.00165,1.0,931.4388,248.77754,1.0,921.04395,249.19739,1.0,976.1435,247.8472,1.0,988.403,241.85449,1.0,999.82306,242.86635,1.0,1006.497,247.80495,1.0,996.50446,250.27965,1.0,985.9073,249.71877,1.0,933.2474,314.2358,1.0,941.8013,304.53268,1.0,948.8531,301.4404,1.0,955.89954,302.87988,1.0,963.5696,301.787,1.0,970.7814,305.46524,1.0,979.4806,316.38474,1.0,974.8717,320.351,1.0,962.5758,323.91873,1.0,954.50885,324.05722,1.0,947.41815,323.42487,1.0,937.0204,318.87915,1.0,935.698,313.87854,1.0,950.4942,311.34512,1.0,955.34595,311.53284,1.0,960.9817,311.78348,1.0,977.0367,315.80267,1.0,961.2305,313.86456,1.0,955.5232,313.6102,1.0,950.2818,313.21277,1.0,926.5415,244.65674,1.0,992.8731,245.65334,1.0,959.1785,293.88815,0.9969895,972.1039,444.6461,0.9994734,815.58185,446.90283,0.9994734,752.6368,681.1087,0.96875644,836.7976,746.58325,0.97168493,1128.626,442.38934,0.99974823,1184.7473,687.7227,0.98958004,1176.9448,909.8774,0.9721467,973.3761,949.3543,0.9934497,876.7506,948.9754,0.9941663,867.3244,1273.7565,0.2768649,857.48413,1637.1783,0.066273116,1070.0016,949.7332,0.9934497,1077.9414,1321.8652,0.20202078,1058.9613,1646.7676,0.035798512,925.717,255.46083,0.99381566,990.6533,255.65195,0.9886469,901.7296,266.0943,0.9866753,1016.4529,263.9801,0.993348,1019.18207,1763.186,0.021867048,1019.18207,1763.186,0.021867048,1055.1733,1686.1165,0.01740802,880.7195,1753.7509,0.03203348,880.7195,1753.7509,0.03203348,857.4271,1684.4451,0.028175166,1172.5146,915.30585,1.0,1134.5194,925.8629,1.0,1116.5198,955.3077,1.0,1107.5027,982.42004,1.0,1097.7047,1002.3388,1.0,1140.6333,990.42975,1.0,1133.343,1027.5592,1.0,1129.2849,1048.6179,1.0,1126.5499,1064.9199,1.0,1160.027,994.16693,1.0,1151.699,1032.1123,1.0,1145.5468,1054.9008,1.0,1141.033,1072.3499,1.0,1172.2744,992.4636,1.0,1164.0862,1026.1694,1.0,1157.3484,1046.373,1.0,1152.0463,1062.9932,1.0,1178.3192,987.8043,1.0,1169.2949,1013.8995,1.0,1163.3011,1029.5397,1.0,1158.0295,1042.1362,1.0,849.351,747.10736,1.0,859.28644,721.7862,1.0,888.383,710.76733,1.0,918.84064,706.8029,1.0,940.0903,700.8333,1.0,894.4263,758.7382,1.0,927.339,751.59766,1.0,946.6209,740.18646,1.0,959.44073,730.38745,1.0,901.8114,771.5564,1.0,936.7666,762.713,1.0,958.26544,750.4151,1.0,971.0873,739.34955,1.0,907.4119,775.8297,1.0,940.1274,766.65356,1.0,958.1969,753.7597,1.0,968.9503,741.00256,1.0,911.3232,773.90234,1.0,937.3128,766.38086,1.0,951.13025,755.71796,1.0,960.11755,745.17126,1.0
885.1983,256.94217,1.0,886.08417,270.04745,1.0,886.7813,283.24127,1.0,891.0276,304.85333,1.0,896.2004,317.9109,1.0,904.86914,331.27325,1.0,912.16455,338.21063,1.0,927.2618,347.73727,1.0,951.52997,352.63013,1.0,978.1624,348.9854,1.0,996.49475,339.81464,1.0,1005.8356,332.76022,1.0,1017.85376,319.0766,1.0,1029.2778,298.37204,1.0,1033.0144,284.0201,1.0,1034.5052,270.5373,1.0,1035.2457,257.36032,1.0,898.5531,233.11996,1.0,904.9968,226.24937,1.0,914.99615,221.96904,1.0,928.4883,220.90749,1.0,944.0604,222.07764,1.0,974.749,221.77448,1.0,990.6963,220.63042,1.0,1004.1047,221.8478,1.0,1014.15393,226.4335,1.0,1020.3699,233.37032,1.0,958.23956,245.4774,1.0,957.25476,257.1376,1.0,956.6373,264.75906,1.0,956.19543,271.3443,1.0,943.7208,283.11298,1.0,947.8922,286.02267,1.0,955.53455,285.88483,1.0,963.0997,286.52054,1.0,967.84576,283.67673,1.0,910.8772,245.19165,1.0,918.61053,240.54105,1.0,930.09827,240.09253,1.0,940.5138,246.05482,1.0,930.8348,247.84846,1.0,920.4362,248.20085,1.0,975.23206,247.19788,1.0,987.7574,241.40546,1.0,999.1525,242.60405,1.0,1005.84827,247.61996,1.0,995.82965,249.93239,1.0,985.1026,249.24988,1.0,932.2243,313.18796,1.0,940.6797,303.47052,1.0,947.68054,300.38934,1.0,954.65717,301.87256,1.0,962.3149,300.86115,1.0,969.34625,304.6781,1.0,977.5876,315.83542,1.0,973.1603,319.81085,1.0,960.9336,323.33414,1.0,952.87103,323.35574,1.0,945.8171,322.64612,1.0,935.7107,317.9121,1.0,934.6988,312.91205,1.0,949.2647,310.4666,1.0,953.9931,310.6818,1.0,959.4999,311.02957,1.0,975.05676,315.2346,1.0,959.7076,313.27316,1.0,954.0575,312.91888,1.0,948.9186,312.49072,1.0,926.2159,243.65561,1.0,992.12354,245.24683,1.0,958.99457,292.84195,0.9963084,972.07294,444.43692,0.99935466,815.46387,447.0386,0.99935466,752.3717,689.887,0.9540997,849.11316,707.6072,0.9628199,1128.682,441.83524,0.99974114,1184.652,687.7144,0.98824406,1176.1989,909.46106,0.969011,973.032,948.5083,0.9932634,876.03815,948.8383,0.99366367,866.3803,1271.4115,0.26263323,856.04285,1631.9634,0.062261365,1070.0258,948.17834,0.9932634,1076.5563,1314.7559,0.18978257,1055.5577,1639.8276,0.0334287,925.5673,254.6737,0.99238133,990.59094,255.03502,0.98661435,901.73364,265.02878,0.983212,1016.4522,263.86493,0.9923792,1010.3879,1756.7382,0.020502312,1010.3879,1756.7382,0.020502312,1053.8473,1678.7167,0.01656229,884.31775,1747.5283,0.030040171,884.31775,1747.5283,0.030040171,853.1958,1679.6694,0.02669531,1172.2522,916.8194,1.0,1134.573,926.5754,1.0,1116.6335,955.9895,1.0,1107.606,983.0731,1.0,1097.7659,1002.87103,1.0,1140.8975,991.2918,1.0,1133.2924,1028.197,1.0,1128.8267,1049.1531,1.0,1125.9288,1065.618,1.0,1159.7784,995.5099,1.0,1150.842,1034.5262,1.0,1144.2604,1058.9298,1.0,1139.4764,1077.9591,1.0,1171.7438,994.14557,1.0,1163.1447,1028.0403,1.0,1156.5312,1048.2305,1.0,1151.3416,1064.7109,1.0,1177.6877,989.65265,1.0,1168.5658,1016.51697,1.0,1162.7198,1032.5399,1.0,1157.6509,1045.4409,1.0,870.62836,695.2125,1.0,871.0498,666.5145,1.0,895.0269,647.4745,1.0,923.0478,640.2035,1.0,942.03973,637.98517,1.0,899.40106,680.2118,1.0,925.86456,662.0585,1.0,942.4423,647.5954,1.0,955.93646,636.4506,1.0,911.19556,696.2702,1.0,944.6664,679.7665,1.0,963.2533,664.8253,1.0,975.584,653.2284,1.0,921.3071,705.48126,1.0,954.1359,688.849,1.0,971.55066,672.1162,1.0,982.15344,657.60114,1.0,928.91437,708.623,1.0,955.21844,693.04364,1.0,965.2822,679.6568,1.0,970.01044,668.20844,1.0
885.1282,256.28503,1.0,885.9558,269.40274,1.0,886.6043,282.6252,1.0,890.79785,304.22382,1.0,895.94165,317.24084,1.0,904.5956,330.5232,1.0,911.84766,337.50656,1.0,926.8491,347.19156,1.0,951.0685,352.23578,1.0,977.95935,348.53952,1.0,996.44006,339.29282,1.0,1005.7799,332.1327,1.0,1017.8356,318.30463,1.0,1029.3778,297.49237,1.0,1033.1504,283.05722,1.0,1034.7158,269.53625,1.0,1035.3813,256.35992,1.0,898.3955,232.30101,1.0,904.8351,225.34996,1.0,914.85986,221.02292,1.0,928.337,219.904,1.0,943.8979,221.08618,1.0,974.64764,220.82715,1.0,990.5936,219.71321,1.0,1004.03467,220.9802,1.0,1014.10175,225.59793,1.0,1020.3291,232.52441,1.0,957.9611,244.71089,1.0,956.87616,256.2963,1.0,956.2188,263.81546,1.0,955.72845,270.3148,1.0,943.39514,282.22043,1.0,947.4998,285.1521,1.0,955.11884,284.99893,1.0,962.6329,285.61752,1.0,967.3637,282.8172,1.0,910.5685,244.2783,1.0,918.3771,239.58638,1.0,929.8795,239.21466,1.0,940.0865,245.2381,1.0,930.48206,246.94746,1.0,920.1127,247.26033,1.0,975.16614,246.45036,1.0,987.673,240.63954,1.0,999.11304,241.78653,1.0,1005.86914,246.86905,1.0,995.84546,249.14066,1.0,985.0761,248.46283,1.0,932.00146,312.34787,1.0,940.2318,302.5114,1.0,947.18097,299.38016,1.0,954.09503,300.90872,1.0,961.7027,299.94553,1.0,968.74725,303.87622,1.0,976.86774,315.14154,1.0,972.5941,319.27542,1.0,960.3771,322.9958,1.0,952.21204,323.08984,1.0,945.149,322.29837,1.0,935.2211,317.29178,1.0,934.50366,312.04703,1.0,948.71155,309.87686,1.0,953.385,310.13275,1.0,958.8872,310.49335,1.0,974.3376,314.56717,1.0,959.0779,312.57428,1.0,953.42883,312.239,1.0,948.36993,311.77054,1.0,926.13293,242.69398,1.0,992.25903,244.46973,1.0,957.9005,292.74377,0.9951933,971.7351,444.34537,0.9991641,814.77924,447.29755,0.9991641,752.5705,697.33954,0.93838227,863.85175,656.1122,0.9582977,1128.6909,441.3932,0.9997335,1184.354,687.7378,0.9874019,1174.944,909.1375,0.96824884,972.8199,948.2052,0.9929596,875.4889,948.8826,0.9929596,864.7001,1271.7355,0.25159833,854.85236,1632.1617,0.059657235,1070.1509,947.5278,0.9930351,1076.5743,1311.9753,0.18082154,1055.5493,1639.6985,0.032119066,924.5383,254.64565,0.9902888,990.3002,254.9986,0.9835838,901.67944,264.84427,0.9785541,1016.3538,263.8719,0.99130076,1010.5387,1757.6761,0.019784596,1010.5387,1757.6761,0.019784596,1053.8861,1679.3358,0.01614444,885.99426,1748.365,0.028657656,885.99426,1748.365,0.028657656,851.4033,1679.7456,0.02571727,1171.1901,915.6197,1.0,1133.269,926.5722,1.0,1115.109,955.9534,1.0,1106.6377,983.58527,1.0,1096.5563,1003.7259,1.0,1139.3619,989.46246,1.0,1133.2312,1026.8917,1.0,1129.5907,1048.182,1.0,1127.1586,1065.1123,1.0,1159.0488,993.1477,1.0,1150.6344,1031.9222,1.0,1144.3203,1055.5721,1.0,1139.598,1074.2539,1.0,1171.9982,991.3864,1.0,1163.5197,1026.0764,1.0,1156.8701,1047.1191,1.0,1151.4517,1064.4172,1.0,1178.7363,986.85474,1.0,1169.2574,1013.6904,1.0,1163.0289,1029.8555,1.0,1157.4152,1043.0447,1.0,891.9057,643.3177,1.0,882.81323,611.24286,1.0,901.6709,584.1817,1.0,927.25494,573.60406,1.0,943.98926,575.13696,1.0,904.37585,601.6853,1.0,924.39014,572.5193,1.0,938.26373,555.00433,1.0,952.4322,542.5138,1.0,920.5797,620.984,1.0,952.5662,596.81995,1.0,968.2411,579.23553,1.0,980.0807,567.1073,1.0,935.2024,635.1328,1.0,968.1444,611.04443,1.0,984.9044,590.4727,1.0,995.3565,574.19977,1.0,946.5056,643.3436,1.0,973.1241,619.7065,1.0,979.43427,603.59564,1.0,979.9033,591.24554,1.0
885.05804,255.62788,1.0,885.8274,268.758,1.0,886.4273,282.00912,1.0,890.5682,303.59427,1.0,895.683,316.5708,1.0,904.322,329.7731,1.0,911.53076,336.80246,1.0,926.43646,346.6458,1.0,950.607,351.8414,1.0,977.7563,348.09363,1.0,996.3853,338.77097,1.0,1005.7242,331.50513,1.0,1017.81744,317.53268,1.0,1029.4778,296.6127,1.0,1033.2864,282.09433,1.0,1034.9265,268.5352,1.0,1035.5168,255.3595,1.0,898.2379,231.48206,1.0,904.67334,224.45055,1.0,914.7235,220.0768,1.0,928.18567,218.90051,1.0,943.73535,220.09473,1.0,974.54626,219.87982,1.0,990.49097,218.79599,1.0,1003.96466,220.1126,1.0,1014.0496,224.76234,1.0,1020.28827,231.67851,1.0,957.6827,243.9444,1.0,956.49756,255.45496,1.0,955.8003,262.8719,1.0,955.26154,269.28528,1.0,943.06946,281.32788,1.0,947.10736,284.28156,1.0,954.7031,284.11304,1.0,962.1661,284.71448,1.0,966.8817,281.95764,1.0,910.25977,243.36496,1.0,918.1436,238.63171,1.0,929.66077,238.3368,1.0,939.6592,244.42137,1.0,930.12933,246.04648,1.0,919.78906,246.31982,1.0,975.10016,245.70287,1.0,987.58856,239.87364,1.0,999.07355,240.96902,1.0,1005.89,246.11815,1.0,995.8613,248.3489,1.0,985.04956,247.67578,1.0,931.7786,311.50778,1.0,939.78394,301.55228,1.0,946.68146,298.37094,1.0,953.5329,299.94492,1.0,961.0905,299.0299,1.0,968.1482,303.07434,1.0,976.1479,314.44763,1.0,972.028,318.74,1.0,959.82056,322.65747,1.0,951.55304,322.82397,1.0,944.4809,321.95062,1.0,934.73157,316.67148,1.0,934.30853,311.182,1.0,948.1583,309.2871,1.0,952.7769,309.5837,1.0,958.2745,309.95712,1.0,973.61847,313.89975,1.0,958.44824,311.8754,1.0,952.8002,311.55914,1.0,947.8213,311.05035,1.0,926.0499,241.73235,1.0,992.3945,243.69263,1.0,957.85876,292.4063,0.9948327,971.77435,443.7462,0.99900234,814.77106,447.12256,0.99900234,753.6926,699.9298,0.91970885,876.5008,614.10156,0.9545041,1128.7777,440.36984,0.99972963,1184.1727,687.7414,0.9855473,1173.755,909.04346,0.96661925,973.02606,945.87354,0.9924722,875.50433,948.0733,0.9924722,864.7732,1269.0846,0.23652636,855.0543,1628.7902,0.056835495,1070.5477,943.6737,0.99294084,1076.604,1308.2941,0.17096478,1055.7974,1633.5013,0.030553777,924.6116,253.9573,0.9897234,990.8169,255.00337,0.9827171,901.68353,263.96478,0.97676444,1016.4033,263.8446,0.99103314,1011.04535,1754.7065,0.01897036,1011.04535,1754.7065,0.01897036,1054.7599,1672.5085,0.015735373,887.586,1742.041,0.027264751,887.586,1742.041,0.027264751,851.5596,1678.7644,0.024843542,1170.7809,916.42957,1.0,1133.0981,926.60315,1.0,1114.6676,955.81146,1.0,1106.3049,983.43115,1.0,1095.9829,1003.394,1.0,1140.0724,990.0294,1.0,1132.9681,1027.3223,1.0,1128.618,1048.704,1.0,1125.6166,1065.6083,1.0,1159.6031,994.2445,1.0,1150.7667,1034.438,1.0,1143.9303,1060.2917,1.0,1138.6838,1080.3386,1.0,1172.0526,992.82025,1.0,1163.4445,1027.6965,1.0,1156.4298,1048.6282,1.0,1150.6283,1065.4596,1.0,1178.2408,988.25,1.0,1168.5399,1015.49274,1.0,1162.1841,1031.6877,1.0,1156.7235,1044.7965,1.0,885.23627,620.3591,1.0,906.1647,612.32184,1.0,927.683,595.6146,1.0,943.3509,579.76294,1.0,952.39404,565.3563,1.0,931.01953,598.64386,1.0,952.72253,580.2274,1.0,967.6067,564.28186,1.0,979.3427,549.00793,1.0,930.79047,596.30133,1.0,951.8354,576.47656,1.0,967.39014,558.1282,1.0,980.4121,541.95276,1.0,928.7935,591.9803,1.0,950.67786,573.8155,1.0,966.2278,556.2196,1.0,977.99506,540.6318,1.0,925.0415,586.93695,1.0,946.77106,571.896,1.0,961.1642,559.58545,1.0,972.5986,548.53705,1.0
884.9879,254.97073,1.0,885.699,268.11328,1.0,886.2503,281.39307,1.0,890.33844,302.96475,1.0,895.4243,315.90076,1.0,904.0485,329.02304,1.0,911.2138,336.0984,1.0,926.02386,346.1001,1.0,950.14545,351.44702,1.0,977.5532,347.6477,1.0,996.3306,338.2491,1.0,1005.66846,330.8776,1.0,1017.79926,316.76074,1.0,1029.5778,295.73303,1.0,1033.4224,281.13147,1.0,1035.1371,267.53415,1.0,1035.6523,254.35907,1.0,898.0804,230.6631,1.0,904.51154,223.55113,1.0,914.5872,219.13068,1.0,928.03436,217.89703,1.0,943.5728,219.10327,1.0,974.4449,218.93248,1.0,990.3883,217.87878,1.0,1003.89465,219.24501,1.0,1013.99744,223.92677,1.0,1020.24744,230.8326,1.0,957.40424,243.1779,1.0,956.11896,254.61363,1.0,955.3818,261.92828,1.0,954.79456,268.25577,1.0,942.7437,280.43533,1.0,946.71497,283.411,1.0,954.2874,283.22717,1.0,961.6993,283.81146,1.0,966.3997,281.0981,1.0,909.9511,242.4516,1.0,917.91016,237.67705,1.0,929.442,237.45895,1.0,939.2319,243.60463,1.0,929.77655,245.14548,1.0,919.46545,245.3793,1.0,975.03424,244.95535,1.0,987.50415,239.10774,1.0,999.03406,240.1515,1.0,1005.9108,245.36723,1.0,995.8772,247.55717,1.0,985.023,246.88873,1.0,931.5558,310.6677,1.0,939.33606,300.59317,1.0,946.18195,297.36176,1.0,952.97076,298.98108,1.0,960.47833,298.11432,1.0,967.5492,302.27243,1.0,975.4281,313.75375,1.0,971.46185,318.20456,1.0,959.26404,322.31915,1.0,950.8941,322.55807,1.0,943.8128,321.60287,1.0,934.242,316.05118,1.0,934.1134,310.317,1.0,947.6051,308.69736,1.0,952.1688,309.03467,1.0,957.6618,309.4209,1.0,972.8993,313.23233,1.0,957.81854,311.1765,1.0,952.17145,310.87924,1.0,947.27264,310.33017,1.0,925.967,240.77072,1.0,992.5299,242.91553,1.0,957.04407,292.14532,0.9945338,971.8315,442.73132,0.9988938,814.8844,446.45337,0.9988938,756.8125,699.88324,0.9096984,885.4617,579.7577,0.95589775,1128.7786,439.00928,0.99972636,1184.1536,687.33887,0.9844699,1173.017,908.81744,0.9673911,974.6949,942.8283,0.99189246,877.3477,945.3421,0.99189246,869.9732,1266.903,0.22225812,860.65955,1623.1987,0.05429593,1072.042,940.3146,0.99271274,1077.2,1304.8397,0.15947124,1059.3245,1622.6659,0.02897694,923.79474,253.94012,0.98929507,990.79205,254.98264,0.98202163,901.6099,263.9842,0.9756715,1016.4,263.87714,0.9908438,1017.83856,1742.9401,0.018114155,1017.83856,1742.9401,0.018114155,1060.0869,1661.9187,0.015468914,901.26776,1735.0575,0.025923137,901.26776,1735.0575,0.025923137,855.44904,1674.6129,0.024164721,1170.2356,913.97974,1.0,1132.2985,925.571,1.0,1113.8376,954.55396,1.0,1105.0854,983.01434,1.0,1094.9913,1004.2017,1.0,1138.247,987.21136,1.0,1132.2441,1026.2317,1.0,1128.9006,1048.36,1.0,1126.4545,1065.5931,1.0,1158.9465,990.99023,1.0,1150.9434,1030.62,1.0,1144.8552,1054.5526,1.0,1140.1305,1072.8392,1.0,1172.3695,989.3357,1.0,1163.8842,1024.6158,1.0,1157.132,1046.4712,1.0,1151.6486,1064.0365,1.0,1178.9816,984.6978,1.0,1168.5874,1011.2541,1.0,1161.8348,1027.1139,1.0,1155.9808,1039.6709,1.0,896.00464,579.3311,1.0,901.6794,555.9576,1.0,919.14716,532.60583,1.0,937.82996,516.2818,1.0,950.9828,506.2751,1.0,926.18286,532.1551,1.0,944.5807,502.5167,1.0,957.7736,487.67767,1.0,968.0815,477.0506,1.0,936.914,537.8611,1.0,960.178,508.38223,1.0,973.64355,490.7979,1.0,983.3942,477.94354,1.0,944.80133,542.3949,1.0,969.04755,514.8717,1.0,982.8099,495.83847,1.0,991.9497,481.76773,1.0,948.9756,546.0346,1.0,967.4702,523.5771,1.0,972.1125,512.7017,1.0,973.3537,506.04672,1.0
885.33374,253.37534,1.0,885.99725,266.0384,1.0,886.33435,278.856,1.0,890.31696,299.8526,1.0,895.5281,312.69574,1.0,904.39825,326.0377,1.0,911.7572,333.19177,1.0,926.994,343.4784,1.0,951.3599,349.07657,1.0,978.73315,345.03394,1.0,997.35657,335.2806,1.0,1006.5658,327.90982,1.0,1018.3817,313.80685,1.0,1029.659,293.20963,1.0,1033.2012,279.1569,1.0,1034.7076,266.05582,1.0,1035.3998,253.35603,1.0,898.47437,230.28499,1.0,904.7196,223.34631,1.0,914.6706,218.99748,1.0,928.19073,217.83516,1.0,943.9606,219.15425,1.0,975.47253,219.18665,1.0,991.6462,218.09427,1.0,1005.3299,219.4714,1.0,1015.27747,224.08495,1.0,1021.2735,230.88771,1.0,958.0006,243.5124,1.0,956.7832,255.14998,1.0,956.1074,262.51938,1.0,955.5519,268.79453,1.0,943.76495,280.35294,1.0,947.55914,283.18527,1.0,954.88934,283.04004,1.0,962.057,283.49426,1.0,966.4109,280.84906,1.0,910.7866,242.43248,1.0,918.54425,237.66794,1.0,930.02484,237.38866,1.0,939.87305,243.54224,1.0,930.3946,245.13014,1.0,920.0903,245.37994,1.0,975.8166,244.9096,1.0,988.37146,239.22859,1.0,999.80835,240.31596,1.0,1006.6067,245.41039,1.0,996.5134,247.65942,1.0,985.6972,246.89214,1.0,932.62885,310.76712,1.0,940.05225,299.86337,1.0,947.0753,296.61057,1.0,954.17535,298.01562,1.0,961.75073,297.25034,1.0,968.8023,301.3601,1.0,975.9976,313.557,1.0,973.0989,318.95294,1.0,960.84753,323.93787,1.0,951.9206,324.241,1.0,944.06335,323.1265,1.0,934.35,316.73486,1.0,935.60986,310.51447,1.0,948.72003,306.86087,1.0,953.46375,307.0606,1.0,958.9158,307.47894,1.0,973.1653,313.0847,1.0,958.9585,313.1398,1.0,953.18555,312.91934,1.0,947.90027,312.25894,1.0,926.5065,240.82593,1.0,993.442,243.03995,1.0,955.70166,290.10144,0.99444896,971.61505,441.988,0.99884146,814.8427,445.5044,0.99884146,761.54126,699.80817,0.9064447,898.3654,551.8763,0.95871735,1128.3873,438.47162,0.9997253,1184.2186,687.13824,0.9829203,1172.977,908.7832,0.9678724,974.8334,942.9228,0.99141115,877.3927,945.3886,0.99141115,871.9149,1266.5435,0.2062654,861.5078,1622.8231,0.05112926,1072.2739,940.4569,0.99250746,1077.1462,1304.952,0.14828439,1060.2832,1621.6237,0.027356433,923.7862,252.58394,0.9893367,990.6815,254.57031,0.9819825,901.3398,263.58774,0.9756944,1016.795,263.97147,0.9909594,1019.3685,1741.9021,0.017187474,1019.3685,1741.9021,0.017187474,1061.9093,1660.9576,0.015229101,902.39703,1732.7855,0.02433218,902.39703,1732.7855,0.02433218,855.7587,1675.2358,0.023363532,1169.9095,914.9409,1.0,1132.0944,926.0648,1.0,1113.5125,955.2513,1.0,1105.0803,983.0495,1.0,1094.7332,1003.35175,1.0,1138.5492,990.0538,1.0,1131.943,1027.4082,1.0,1128.1411,1048.5767,1.0,1125.5208,1065.2463,1.0,1158.7115,993.48035,1.0,1150.3035,1032.732,1.0,1143.8502,1057.2241,1.0,1138.9448,1075.8748,1.0,1171.9692,991.15765,1.0,1163.7222,1025.6165,1.0,1156.8428,1046.3856,1.0,1151.0854,1062.9972,1.0,1179.2058,985.716,1.0,1169.9478,1012.09894,1.0,1163.7292,1027.894,1.0,1158.1926,1040.5266,1.0,906.77295,538.30316,1.0,897.1941,499.5933,1.0,910.6113,469.59708,1.0,932.30896,452.8007,1.0,949.5716,447.19382,1.0,921.3462,465.66632,1.0,936.43884,424.80597,1.0,947.9406,411.07346,1.0,956.82025,405.09326,1.0,943.0376,479.42084,1.0,968.52057,440.28787,1.0,979.8969,423.46765,1.0,986.37634,413.93433,1.0,960.8091,492.80954,1.0,987.4172,455.92792,1.0,999.39197,435.45737,1.0,1005.9044,422.90372,1.0,972.9096,505.1323,1.0,988.16943,475.25812,1.0,983.0608,465.81802,1.0,974.1088,463.5564,1.0
885.6795,251.77992,1.0,886.2956,263.9635,1.0,886.4184,276.31894,1.0,890.2954,296.74042,1.0,895.6319,309.49072,1.0,904.748,323.0523,1.0,912.30054,330.28516,1.0,927.9642,340.8567,1.0,952.5744,346.7061,1.0,979.913,342.42017,1.0,998.3825,332.3121,1.0,1007.46313,324.94208,1.0,1018.9642,310.85294,1.0,1029.7404,290.6862,1.0,1032.9799,277.18234,1.0,1034.2782,264.57748,1.0,1035.1471,252.353,1.0,898.8684,229.90688,1.0,904.9277,223.14148,1.0,914.754,218.86429,1.0,928.34717,217.77328,1.0,944.3484,219.20523,1.0,976.5002,219.4408,1.0,992.9041,218.30974,1.0,1006.76514,219.69781,1.0,1016.5575,224.24312,1.0,1022.2996,230.94283,1.0,958.59705,243.84692,1.0,957.4475,255.68633,1.0,956.83307,263.1105,1.0,956.3092,269.33325,1.0,944.78613,280.27054,1.0,948.4033,282.95956,1.0,955.4913,282.8529,1.0,962.41473,283.17706,1.0,966.42206,280.6,1.0,911.6221,242.41336,1.0,919.1784,237.65884,1.0,930.60767,237.31834,1.0,940.5142,243.47984,1.0,931.0126,245.11479,1.0,920.7151,245.38058,1.0,976.59894,244.86385,1.0,989.2388,239.34944,1.0,1000.5826,240.48042,1.0,1007.30255,245.45352,1.0,997.14966,247.76167,1.0,986.3714,246.89554,1.0,933.70197,310.86655,1.0,940.76843,299.13354,1.0,947.9687,295.8594,1.0,955.37994,297.05017,1.0,963.02313,296.38635,1.0,970.0554,300.44775,1.0,976.5672,313.36026,1.0,974.7359,319.70132,1.0,962.431,325.55658,1.0,952.9471,325.92392,1.0,944.31396,324.6501,1.0,934.45795,317.41858,1.0,937.1064,310.71194,1.0,949.83496,305.02438,1.0,954.75867,305.08658,1.0,960.1698,305.53696,1.0,973.4312,312.93704,1.0,960.0984,315.10312,1.0,954.1996,314.95947,1.0,948.5279,314.18774,1.0,927.04596,240.88113,1.0,994.3541,243.16438,1.0,954.8737,288.63797,0.99468803,971.3346,441.52634,0.9988426,814.3464,444.64,0.9988426,766.74805,698.2357,0.905923,904.4219,529.0184,0.9621279,1128.3228,438.4127,0.9997297,1184.1969,686.50586,0.9815896,1172.8693,908.2166,0.9690126,974.70984,942.6047,0.99086905,877.14905,945.3198,0.99086905,872.3802,1266.6636,0.19241817,861.49084,1625.4773,0.048914395,1072.2706,939.88947,0.9921622,1075.0776,1305.1084,0.13771223,1060.2506,1621.8763,0.02609365,923.6494,251.03186,0.98992383,990.6743,254.17325,0.98285025,900.40326,262.7324,0.9768961,1018.0996,264.30304,0.9914201,1020.96533,1741.9581,0.016575944,1020.96533,1741.9581,0.016575944,1061.8463,1662.2203,0.0153464945,902.40656,1733.2952,0.023221245,902.40656,1733.2952,0.023221245,855.3822,1682.734,0.02306821,1169.2167,914.7707,1.0,1131.4545,927.2241,1.0,1112.8262,956.1277,1.0,1104.661,983.87976,1.0,1094.4978,1004.2026,1.0,1138.3528,989.6625,1.0,1132.4242,1027.046,1.0,1129.003,1048.2623,1.0,1126.5173,1064.7034,1.0,1158.9563,992.508,1.0,1151.2522,1030.81,1.0,1145.5125,1053.7661,1.0,1140.9226,1071.0707,1.0,1172.4001,990.0994,1.0,1164.2395,1024.6764,1.0,1157.565,1045.5503,1.0,1152.1212,1062.3062,1.0,1179.4819,984.93536,1.0,1169.5763,1010.9768,1.0,1162.9126,1026.1432,1.0,1157.0842,1038.3414,1.0,910.2466,516.94434,1.0,899.15814,477.32318,1.0,914.20667,448.14352,1.0,934.361,433.8428,1.0,950.7691,428.4469,1.0,923.1751,440.7064,1.0,937.217,399.7406,1.0,948.87134,386.3039,1.0,956.41315,383.64276,1.0,946.587,452.304,1.0,969.8414,412.93387,1.0,979.58325,396.90323,1.0,984.04486,388.31342,1.0,964.3248,464.57364,1.0,989.25146,428.57642,1.0,999.32935,408.5857,1.0,1004.69183,395.84677,1.0,975.3574,476.97357,1.0,988.3875,446.88757,1.0,983.8181,440.04913,1.0,976.13293,441.06177,1.0
886.02527,250.18451,1.0,886.59393,261.8886,1.0,886.50244,273.78186,1.0,890.2739,293.62823,1.0,895.7357,306.2857,1.0,905.0977,320.06696,1.0,912.8439,327.37854,1.0,928.9343,338.23502,1.0,953.7889,344.33563,1.0,981.0929,339.80643,1.0,999.4085,329.3436,1.0,1008.36053,321.9743,1.0,1019.5466,307.89905,1.0,1029.8215,288.16275,1.0,1032.7587,275.2078,1.0,1033.8488,263.09915,1.0,1034.8944,251.34996,1.0,899.26245,229.52876,1.0,905.13574,222.93666,1.0,914.8374,218.7311,1.0,928.5036,217.71141,1.0,944.73615,219.25621,1.0,977.5279,219.69495,1.0,994.162,218.52522,1.0,1008.20044,219.92421,1.0,1017.8376,224.40129,1.0,1023.3257,230.99794,1.0,959.1934,244.18143,1.0,958.11176,256.22266,1.0,957.5588,263.70163,1.0,957.06647,269.87198,1.0,945.8074,280.18814,1.0,949.2475,282.73383,1.0,956.09314,282.66577,1.0,962.77246,282.85986,1.0,966.4333,280.35095,1.0,912.4576,242.39424,1.0,919.8125,237.64973,1.0,931.1905,237.24805,1.0,941.15533,243.41743,1.0,931.6306,245.09944,1.0,921.3399,245.38123,1.0,977.3813,244.8181,1.0,990.10614,239.47029,1.0,1001.3569,240.64488,1.0,1007.9984,245.49666,1.0,997.78595,247.8639,1.0,987.04565,246.89894,1.0,934.775,310.96594,1.0,941.4846,298.40375,1.0,948.86206,295.10822,1.0,956.58453,296.08472,1.0,964.2955,295.52237,1.0,971.30853,299.53543,1.0,977.1367,313.16354,1.0,976.3729,320.44968,1.0,964.0145,327.1753,1.0,953.9735,327.6068,1.0,944.5645,326.1737,1.0,934.5659,318.1023,1.0,938.60284,310.90942,1.0,950.9499,303.18787,1.0,956.0536,303.11252,1.0,961.42377,303.595,1.0,973.6972,312.7894,1.0,961.23834,317.0664,1.0,955.2137,316.99957,1.0,949.1555,316.11652,1.0,927.58545,240.93636,1.0,995.26624,243.28882,1.0,954.8607,287.58203,0.99496615,971.06854,440.42508,0.99883336,813.90533,442.4449,0.99883336,771.3104,695.87115,0.90638524,907.2577,508.72107,0.9653078,1128.2317,438.40527,0.999737,1184.1165,686.4714,0.9810481,1172.1605,908.1942,0.9707371,974.4367,941.69745,0.9902037,876.5906,944.89166,0.9902037,873.0079,1264.8925,0.17810771,862.12946,1625.7677,0.046002433,1072.2828,938.50323,0.9918345,1074.9485,1305.3964,0.12804091,1061.1476,1622.8279,0.024766406,923.6033,249.9011,0.9905369,991.02856,253.71812,0.98382205,899.6451,262.48914,0.9782167,1019.66675,264.34,0.99193645,1021.72156,1742.805,0.015816892,1021.72156,1742.805,0.015816892,1063.6511,1663.6718,0.015245548,902.84875,1734.6488,0.021794192,902.84875,1734.6488,0.021794192,855.95233,1682.8948,0.022376673,1169.9401,915.36237,1.0,1131.4081,926.66644,1.0,1112.7059,956.089,1.0,1104.7712,983.6935,1.0,1094.6139,1003.518,1.0,1138.5005,991.0682,1.0,1132.0667,1027.6655,1.0,1128.4363,1048.5856,1.0,1126.0305,1065.1051,1.0,1158.5859,994.10254,1.0,1150.4082,1032.0833,1.0,1144.2712,1055.8585,1.0,1139.4243,1074.3977,1.0,1171.6084,991.4461,1.0,1163.2662,1025.4208,1.0,1156.5122,1046.379,1.0,1150.9326,1063.675,1.0,1178.4644,985.8273,1.0,1168.8807,1012.1105,1.0,1162.5104,1027.6897,1.0,1156.9027,1040.5369,1.0,913.33765,496.1671,1.0,900.6605,457.50955,1.0,915.41235,428.30914,1.0,935.97345,412.6749,1.0,951.8231,404.75607,1.0,926.5014,418.64832,1.0,938.0607,378.2118,1.0,945.8226,367.81348,1.0,950.3136,368.64896,1.0,949.84607,429.4678,1.0,971.0551,390.87366,1.0,979.0974,376.02597,1.0,982.78235,367.67847,1.0,967.3496,441.3825,1.0,990.0214,406.54678,1.0,998.23035,386.6176,1.0,1002.41064,373.4238,1.0,977.8631,453.84607,1.0,987.9597,424.2537,1.0,982.8806,415.79843,1.0,976.0351,414.67633,1.0
887.4514,249.9493,1.0,888.0541,261.46756,1.0,887.92255,273.30576,1.0,891.4953,293.1209,1.0,896.7372,305.89035,1.0,905.82935,319.93634,1.0,913.65106,327.3454,1.0,930.20483,338.1694,1.0,955.47943,344.0921,1.0,982.74817,339.55063,1.0,1001.06635,329.1716,1.0,1009.8607,321.72867,1.0,1020.6907,307.4139,1.0,1030.544,287.49075,1.0,1033.2922,274.5269,1.0,1034.2427,262.5,1.0,1035.1218,250.93503,1.0,900.1601,230.83061,1.0,905.7892,224.50317,1.0,915.1828,220.34612,1.0,928.5887,219.24696,1.0,944.6567,220.65271,1.0,977.35266,220.8218,1.0,993.96497,219.5652,1.0,1007.8902,220.86945,1.0,1017.48773,225.26117,1.0,1023.05304,231.6714,1.0,959.62646,245.0781,1.0,958.8375,257.28885,1.0,958.4186,264.92548,1.0,958.0677,271.15656,1.0,946.8202,281.1753,1.0,950.32825,283.69608,1.0,957.3703,283.6098,1.0,964.21436,283.7579,1.0,967.7436,281.28076,1.0,913.23236,243.6081,1.0,920.4008,238.83562,1.0,931.69006,238.25482,1.0,941.6876,244.38101,1.0,932.207,246.09409,1.0,922.01416,246.45999,1.0,977.7286,245.4531,1.0,990.22906,240.0039,1.0,1001.4181,241.12553,1.0,1008.0118,245.99374,1.0,998.05396,248.48949,1.0,987.381,247.53642,1.0,935.9918,311.89682,1.0,942.6833,299.4252,1.0,950.1128,296.0914,1.0,957.9178,296.99683,1.0,965.7546,296.43195,1.0,972.8113,300.34027,1.0,978.672,313.91797,1.0,977.9671,321.14542,1.0,965.7157,327.98694,1.0,955.5804,328.5272,1.0,945.96924,327.1428,1.0,935.7229,319.0537,1.0,939.7934,311.79422,1.0,952.2095,303.9622,1.0,957.49744,303.8145,1.0,963.0318,304.33456,1.0,975.2372,313.5553,1.0,962.91614,318.4979,1.0,956.6188,318.49335,1.0,950.27423,317.64865,1.0,928.2678,241.91768,1.0,995.30444,243.7563,1.0,955.3958,283.13208,0.99521446,970.819,439.47894,0.9988211,813.60876,440.96515,0.9988211,775.067,692.9198,0.9056234,908.2482,495.09546,0.96826303,1128.0292,437.9927,0.99974376,1184.0752,685.70557,0.98054254,1171.6273,907.74567,0.972444,974.29395,941.38544,0.98935336,876.17834,944.6501,0.98935336,877.0075,1263.0812,0.16362433,869.1254,1626.1202,0.04299283,1072.4095,938.12085,0.99136895,1075.7683,1305.6073,0.11771663,1064.0938,1622.5028,0.023427326,923.69763,244.73125,0.99109024,992.3267,251.18857,0.9847024,898.8471,259.71866,0.97942793,1021.5565,264.30005,0.9923972,1028.5957,1740.1333,0.015073247,1028.5957,1740.1333,0.015073247,1066.9155,1664.3566,0.015105855,914.5389,1735.7244,0.020363735,914.5389,1735.7244,0.020363735,862.6058,1683.0529,0.02150269,1167.7386,913.3276,1.0,1129.1829,925.4067,1.0,1110.8334,955.383,1.0,1102.251,983.06464,1.0,1092.6813,1003.1436,1.0,1136.2502,988.36505,1.0,1131.1345,1026.0128,1.0,1128.1893,1047.3163,1.0,1126.2252,1063.6285,1.0,1156.6968,991.0308,1.0,1150.634,1029.5226,1.0,1145.5001,1053.067,1.0,1141.4742,1070.8715,1.0,1169.809,988.36597,1.0,1162.8123,1023.2831,1.0,1156.4305,1044.7067,1.0,1151.2327,1062.3123,1.0,1176.0673,983.06445,1.0,1167.0879,1009.1382,1.0,1161.0496,1024.5916,1.0,1155.8118,1037.3005,1.0,914.85535,480.2117,1.0,901.0618,442.1786,1.0,915.18195,414.5558,1.0,937.01996,404.03445,1.0,952.8414,400.03482,1.0,928.1927,400.6647,1.0,936.8771,363.9622,1.0,940.8452,355.8673,1.0,942.4633,357.2513,1.0,950.7392,411.19742,1.0,969.0216,374.82465,1.0,974.2549,362.3219,1.0,975.41864,356.38342,1.0,966.67773,423.77344,1.0,987.4357,389.31287,1.0,993.48566,371.67325,1.0,995.0036,361.18713,1.0,975.4731,436.8226,1.0,982.6789,408.80887,1.0,975.5912,404.00867,1.0,967.1448,406.52124,1.0
888.87756,249.7141,1.0,889.5143,261.0465,1.0,889.34265,272.82962,1.0,892.7166,292.6136,1.0,897.7387,305.495,1.0,906.561,319.80573,1.0,914.45825,327.31226,1.0,931.4753,338.1038,1.0,957.17004,343.84857,1.0,984.4034,339.29483,1.0,1002.72424,328.9996,1.0,1011.36084,321.48306,1.0,1021.8347,306.9288,1.0,1031.2662,286.81876,1.0,1033.8259,273.84598,1.0,1034.6366,261.90085,1.0,1035.3491,250.5201,1.0,901.05774,232.13248,1.0,906.4426,226.06969,1.0,915.52814,221.96112,1.0,928.67377,220.78252,1.0,944.5772,222.04921,1.0,977.1774,221.94864,1.0,993.768,220.60518,1.0,1007.58,221.81467,1.0,1017.13794,226.12105,1.0,1022.7804,232.34485,1.0,960.0595,245.97475,1.0,959.5633,258.355,1.0,959.2784,266.14932,1.0,959.0689,272.4411,1.0,947.83295,282.16245,1.0,951.409,284.65833,1.0,958.64746,284.55383,1.0,965.6562,284.65594,1.0,969.0539,282.21057,1.0,914.00714,244.82195,1.0,920.98914,240.0215,1.0,932.1897,239.26158,1.0,942.2199,245.34457,1.0,932.7833,247.08871,1.0,922.68835,247.53876,1.0,978.07587,246.08809,1.0,990.35205,240.53752,1.0,1001.4793,241.60619,1.0,1008.02515,246.49083,1.0,998.32196,249.11507,1.0,987.7164,248.1739,1.0,937.2087,312.8277,1.0,943.88196,300.44666,1.0,951.36346,297.07462,1.0,959.25104,297.90894,1.0,967.2137,297.34155,1.0,974.314,301.1451,1.0,980.2073,314.6724,1.0,979.56134,321.84113,1.0,967.4168,328.79855,1.0,957.1872,329.44757,1.0,947.37396,328.11188,1.0,936.8799,320.0051,1.0,940.98395,312.67902,1.0,953.4691,304.73654,1.0,958.9413,304.51654,1.0,964.6398,305.07416,1.0,976.77716,314.3212,1.0,964.5939,319.92938,1.0,958.0239,319.98712,1.0,951.393,319.18076,1.0,928.9502,242.89902,1.0,995.34265,244.2238,1.0,955.5019,281.3728,0.9953135,970.6009,438.64807,0.998776,813.2416,439.35315,0.998776,778.87683,690.07916,0.90454,906.47205,488.10672,0.9704237,1127.9601,437.94302,0.99974775,1184.2496,684.9187,0.9803514,1170.7349,904.2907,0.9736865,974.30865,939.60364,0.9890906,876.1894,943.27606,0.9890906,880.2574,1262.7139,0.15152614,872.0293,1627.3865,0.040391546,1072.4279,935.93115,0.9912872,1076.5828,1305.6938,0.108915344,1065.377,1621.6145,0.022011396,923.717,243.03236,0.99136907,992.753,249.77835,0.9852033,898.5921,258.23636,0.9799188,1022.3444,264.29974,0.9926726,1028.4675,1736.7223,0.014230033,1028.4675,1736.7223,0.014230033,1069.278,1663.381,0.014698217,915.2903,1736.3566,0.019136691,915.2903,1736.3566,0.019136691,865.57916,1685.7168,0.020674704,1164.1682,909.2171,1.0,1125.9299,918.8514,1.0,1105.8821,947.8991,1.0,1095.8888,974.8543,1.0,1085.9401,995.2385,1.0,1130.4337,981.6087,1.0,1122.7922,1018.26337,1.0,1117.6692,1038.7966,1.0,1114.014,1054.959,1.0,1149.8613,984.61816,1.0,1143.1448,1022.0934,1.0,1137.3112,1045.2645,1.0,1133.3066,1063.8932,1.0,1162.6405,982.9185,1.0,1156.8352,1016.95905,1.0,1151.1354,1037.7605,1.0,1147.0677,1055.5812,1.0,1169.0681,979.08484,1.0,1162.0897,1006.68134,1.0,1157.028,1023.3043,1.0,1152.5591,1036.8044,1.0,912.19147,471.40042,1.0,898.1671,434.38306,1.0,910.6683,406.11203,1.0,932.13336,396.73367,1.0,948.7806,395.81317,1.0,926.75037,390.49582,1.0,936.2181,351.13705,1.0,935.68646,353.828,1.0,935.4965,363.67456,1.0,949.373,400.2484,1.0,966.0112,360.888,1.0,969.14374,352.84442,1.0,970.1337,350.5674,1.0,964.4266,412.72308,1.0,983.55035,380.37003,1.0,988.01184,365.52524,1.0,989.59155,356.15143,1.0,972.2066,427.1806,1.0,978.14404,401.39493,1.0,971.1651,398.49878,1.0,963.744,402.25574,1.0
890.30365,249.47888,1.0,890.9745,260.62543,1.0,890.76276,272.3535,1.0,893.938,292.10626,1.0,898.7402,305.09967,1.0,907.29266,319.6751,1.0,915.2654,327.27914,1.0,932.7458,338.0382,1.0,958.8606,343.60504,1.0,986.0586,339.03903,1.0,1004.38214,328.8276,1.0,1012.861,321.23743,1.0,1022.9788,306.44366,1.0,1031.9886,286.14673,1.0,1034.3595,273.16507,1.0,1035.0305,261.3017,1.0,1035.5765,250.10515,1.0,901.9554,233.43433,1.0,907.09607,227.6362,1.0,915.8735,223.57613,1.0,928.75885,222.31805,1.0,944.49774,223.44571,1.0,977.0022,223.0755,1.0,993.571,221.64517,1.0,1007.2698,222.7599,1.0,1016.7881,226.98093,1.0,1022.50775,233.0183,1.0,960.49255,246.8714,1.0,960.289,259.4212,1.0,960.13824,267.3732,1.0,960.0701,273.72568,1.0,948.84576,283.1496,1.0,952.4898,285.62054,1.0,959.9247,285.49783,1.0,967.0981,285.554,1.0,970.36426,283.14038,1.0,914.7819,246.0358,1.0,921.57745,241.2074,1.0,932.68933,240.26836,1.0,942.7522,246.30814,1.0,933.35974,248.08334,1.0,923.36255,248.61752,1.0,978.4232,246.72308,1.0,990.475,241.07115,1.0,1001.5405,242.08682,1.0,1008.0385,246.98792,1.0,998.58997,249.74065,1.0,988.05176,248.81139,1.0,938.4255,313.75854,1.0,945.0806,301.4681,1.0,952.6142,298.0578,1.0,960.58435,298.82108,1.0,968.6728,298.25116,1.0,975.8168,301.94995,1.0,981.7425,315.42685,1.0,981.1556,322.53683,1.0,969.118,329.61017,1.0,958.79407,330.36795,1.0,948.7786,329.081,1.0,938.03687,320.9565,1.0,942.1745,313.5638,1.0,954.7287,305.51086,1.0,960.3851,305.21854,1.0,966.2478,305.81375,1.0,978.3172,315.0871,1.0,966.27167,321.36087,1.0,959.429,321.4809,1.0,952.5117,320.7129,1.0,929.63257,243.88036,1.0,995.3808,244.69128,1.0,955.51825,281.4518,0.99556893,970.58905,438.3935,0.9987792,813.2313,439.0253,0.9987792,779.8814,686.1888,0.906376,905.04224,488.29605,0.97285116,1127.9469,437.76172,0.999755,1184.8887,683.6423,0.9803556,1167.1886,896.7106,0.97519773,974.2838,937.0917,0.98879135,876.1841,940.9373,0.98879135,880.13446,1262.8578,0.14268701,871.45294,1630.442,0.03903341,1072.3835,933.246,0.9911336,1075.9486,1305.3984,0.102123715,1063.5757,1622.2148,0.021137645,923.7131,243.11021,0.9919036,992.96497,249.78113,0.986101,898.49603,258.40237,0.9810725,1023.06647,264.43323,0.99312085,1022.7161,1737.6497,0.013796836,1022.7161,1737.6497,0.013796836,1067.856,1663.9197,0.0147473,913.09467,1738.0194,0.01852006,913.09467,1738.0194,0.01852006,864.9746,1690.7577,0.020644363,1156.7205,896.1095,1.0,1118.4622,900.77893,1.0,1095.8534,926.32324,1.0,1082.5604,952.6213,1.0,1071.2961,971.3258,1.0,1120.8336,962.56696,1.0,1104.7231,999.51385,1.0,1094.66,1019.36536,1.0,1087.0474,1035.1696,1.0,1138.5801,969.4127,1.0,1122.9489,1008.1082,1.0,1111.547,1030.2057,1.0,1102.9999,1048.2114,1.0,1150.5874,970.8113,1.0,1137.759,1005.96326,1.0,1127.2074,1026.8615,1.0,1119.113,1043.681,1.0,1157.2228,968.4213,1.0,1146.31,996.81116,1.0,1137.5547,1013.9492,1.0,1130.1465,1026.9673,1.0,907.92957,470.2481,1.0,896.9708,432.84933,1.0,910.82245,404.11584,1.0,930.9194,395.53918,1.0,946.4715,395.27255,1.0,925.18866,386.60944,1.0,934.9963,349.71408,1.0,934.9629,354.0698,1.0,932.86975,366.06226,1.0,947.8513,396.19363,1.0,967.7197,359.88718,1.0,972.06354,354.12302,1.0,972.5394,353.6325,1.0,962.84314,409.3007,1.0,982.46326,377.7793,1.0,986.16626,366.7081,1.0,986.7532,359.86804,1.0,971.3307,424.5204,1.0,976.86676,400.29095,1.0,971.1025,396.17706,1.0,964.5067,397.55344,1.0
889.6328,254.43584,1.0,890.8656,265.87537,1.0,891.22534,277.88455,1.0,895.213,298.09268,1.0,900.4317,311.3166,1.0,909.3263,326.10052,1.0,917.3573,333.74738,1.0,934.7403,344.42682,1.0,960.4972,349.78958,1.0,987.25476,344.93866,1.0,1005.45374,334.21606,1.0,1014.0453,326.21457,1.0,1024.1394,310.70355,1.0,1033.0573,289.7683,1.0,1035.4294,276.40115,1.0,1036.1868,264.25427,1.0,1036.7109,252.83005,1.0,900.7947,237.54572,1.0,906.0321,231.49821,1.0,915.0602,227.40688,1.0,928.312,226.18599,1.0,944.49457,227.41702,1.0,977.5409,227.0678,1.0,994.0728,225.34941,1.0,1007.9657,226.12567,1.0,1017.68713,230.055,1.0,1023.45776,235.97256,1.0,960.93616,251.3315,1.0,960.8817,264.263,1.0,960.9405,272.4848,1.0,961.00903,279.04654,1.0,949.5238,288.84378,1.0,953.32806,291.35892,1.0,960.8779,291.16885,1.0,968.09174,291.0951,1.0,971.5106,288.51038,1.0,914.3572,250.3451,1.0,921.2154,245.57767,1.0,932.40015,244.7248,1.0,942.7949,250.76944,1.0,933.2662,252.7196,1.0,923.12665,253.26134,1.0,978.99164,250.96278,1.0,990.855,245.11234,1.0,1001.8745,246.0282,1.0,1008.4127,250.75598,1.0,999.0188,253.67303,1.0,988.5299,252.95851,1.0,938.8978,319.6351,1.0,945.9855,307.6211,1.0,953.594,304.27188,1.0,961.6035,304.9864,1.0,969.7365,304.2825,1.0,976.95087,307.85446,1.0,983.001,320.93417,1.0,982.5588,328.0759,1.0,970.5088,335.15115,1.0,960.2837,336.0004,1.0,950.38574,334.77106,1.0,939.28204,326.81702,1.0,942.6713,319.43515,1.0,955.6843,311.84302,1.0,961.3774,311.55872,1.0,967.2248,312.02243,1.0,979.56506,320.62405,1.0,967.53375,326.57382,1.0,960.8419,326.73944,1.0,953.9962,326.03024,1.0,929.1326,248.38948,1.0,995.74005,248.75685,1.0,956.2335,282.23557,0.99550205,970.6021,438.06302,0.99869776,813.26056,438.61993,0.99869776,782.1444,684.17773,0.9057914,904.0699,485.65652,0.9746428,1127.9436,437.50607,0.9997601,1188.5831,679.10297,0.9805556,1161.0623,868.2522,0.9767071,974.3249,934.9867,0.98805046,876.1804,939.8076,0.98805046,880.32135,1250.6145,0.13189326,871.9842,1606.8138,0.036631543,1072.4694,930.16583,0.990847,1077.6047,1294.0243,0.095127486,1063.5687,1609.1462,0.020097397,924.0564,244.67816,0.99190706,993.66156,249.93251,0.98629016,898.4952,259.57477,0.9810121,1023.6124,264.54813,0.99328065,1019.28625,1730.7755,0.013148893,1019.28625,1730.7755,0.013148893,1068.0841,1648.8612,0.014436793,912.35614,1718.4597,0.01736652,912.35614,1718.4597,0.01736652,866.3943,1661.1085,0.019876966,1146.7838,867.65326,1.0,1110.7017,862.5693,1.0,1085.2451,882.5582,1.0,1068.7424,907.41815,1.0,1055.6185,925.8259,1.0,1106.7865,920.20435,1.0,1087.672,961.1251,1.0,1071.2567,978.705,1.0,1057.8765,989.6041,1.0,1123.6879,931.1601,1.0,1101.5056,971.9224,1.0,1081.1616,985.052,1.0,1064.4813,990.184,1.0,1133.5177,936.5399,1.0,1113.2793,973.6382,1.0,1094.5591,984.0311,1.0,1079.4346,987.4224,1.0,1137.1243,938.1975,1.0,1119.0515,969.32526,1.0,1102.9185,980.1516,1.0,1089.7916,984.1541,1.0,908.29877,469.39822,1.0,896.2857,431.75128,1.0,907.5624,403.20148,1.0,927.1692,393.10367,1.0,943.5155,393.38632,1.0,922.23236,386.19937,1.0,936.0643,348.32333,1.0,942.6709,344.41553,1.0,944.85046,349.33542,1.0,945.06055,396.79297,1.0,966.4237,360.06635,1.0,973.0468,352.0242,1.0,975.08136,350.08212,1.0,961.27155,409.94727,1.0,979.36145,378.30728,1.0,982.6963,367.17624,1.0,983.02985,360.76016,1.0,970.8846,424.40967,1.0,979.5553,398.29434,1.0,976.3168,392.98227,1.0,971.739,393.28775,1.0
888.9619,259.3928,1.0,890.7568,271.1253,1.0,891.6879,283.4156,1.0,896.488,304.0791,1.0,902.12317,317.53354,1.0,911.36,332.52594,1.0,919.44916,340.2156,1.0,936.73474,350.8154,1.0,962.1338,355.97412,1.0,988.4509,350.83832,1.0,1006.5253,339.60452,1.0,1015.22955,331.1917,1.0,1025.2999,314.96344,1.0,1034.126,293.38986,1.0,1036.4994,279.6372,1.0,1037.3431,267.20685,1.0,1037.8453,255.55493,1.0,899.634,241.65712,1.0,904.96814,235.36023,1.0,914.2469,231.23761,1.0,927.8651,230.05392,1.0,944.49146,231.38835,1.0,978.0796,231.06007,1.0,994.57465,229.05367,1.0,1008.66156,229.49144,1.0,1018.5861,233.12906,1.0,1024.4078,238.92685,1.0,961.3798,255.79158,1.0,961.4744,269.10483,1.0,961.74274,277.59637,1.0,961.94794,284.36737,1.0,950.20184,294.53796,1.0,954.1664,297.09726,1.0,961.8312,296.83987,1.0,969.0854,296.63617,1.0,972.657,293.88037,1.0,913.9324,254.65439,1.0,920.8533,249.94795,1.0,932.111,249.18124,1.0,942.8376,255.23074,1.0,933.1726,257.35587,1.0,922.8907,257.90515,1.0,979.56006,255.2025,1.0,991.235,249.15353,1.0,1002.2085,249.96956,1.0,1008.78687,254.52403,1.0,999.4476,257.60544,1.0,989.00806,257.10565,1.0,939.3701,325.51163,1.0,946.8903,313.77405,1.0,954.5738,310.48596,1.0,962.62274,311.15173,1.0,970.8002,310.31387,1.0,978.0849,313.759,1.0,984.25946,326.44153,1.0,983.96204,333.61496,1.0,971.89966,340.69214,1.0,961.7734,341.63287,1.0,951.9928,340.46112,1.0,940.5272,332.67755,1.0,943.1681,325.30646,1.0,956.63995,318.17514,1.0,962.3697,317.89893,1.0,968.20184,318.23114,1.0,980.813,326.161,1.0,968.7958,331.7868,1.0,962.2549,331.998,1.0,955.4808,331.3476,1.0,928.63275,252.8986,1.0,996.09924,252.8224,1.0,956.24554,282.96405,0.9955994,971.0976,437.53165,0.99865526,814.2535,437.96805,0.99865526,782.6795,681.2864,0.9069869,903.017,482.66824,0.9763878,1127.9417,437.09525,0.99976814,1190.547,675.83466,0.9809155,1143.4604,815.89746,0.97833794,974.072,933.83734,0.98740846,876.2026,938.2064,0.98740846,880.47235,1242.942,0.12036325,872.1796,1592.5032,0.033717353,1071.9414,929.4683,0.99063784,1077.5391,1286.251,0.08817613,1062.2002,1599.3993,0.01893222,924.13367,245.59373,0.99217576,993.49115,250.04015,0.98687345,899.1217,259.75345,0.98149365,1023.6643,264.58713,0.9936096,1011.3765,1719.2096,0.012505891,1011.3765,1719.2096,0.012505891,1067.883,1638.9923,0.014050162,911.8017,1700.8765,0.015993448,911.8017,1700.8765,0.015993448,866.8997,1644.7067,0.018733833,1140.5002,841.58795,1.0,1111.6797,826.90924,1.0,1084.9507,828.50366,1.0,1063.0006,836.24567,1.0,1046.3727,844.3423,1.0,1098.3889,860.79333,1.0,1061.7855,890.8092,1.0,1039.931,892.8523,1.0,1025.0249,890.84674,1.0,1110.0531,878.5761,1.0,1065.1493,904.9279,1.0,1041.1547,896.96204,1.0,1030.0897,884.3367,1.0,1113.8772,888.30304,1.0,1072.6836,911.0174,1.0,1052.6924,902.6051,1.0,1043.3696,891.42847,1.0,1112.9935,890.6813,1.0,1081.0675,909.52423,1.0,1060.9097,907.67035,1.0,1049.5605,901.55634,1.0,905.6256,466.92627,1.0,892.2116,427.9582,1.0,900.6761,396.58994,1.0,919.28845,379.6997,1.0,933.983,372.73068,1.0,915.45233,388.50827,1.0,932.57135,345.22678,1.0,938.9084,333.18185,1.0,941.60144,332.229,1.0,937.82263,399.03726,1.0,961.86414,356.21313,1.0,962.4805,346.60217,1.0,958.81415,347.50278,1.0,955.24133,411.68387,1.0,975.72534,374.57718,1.0,970.8512,365.6685,1.0,964.2754,365.91806,1.0,966.95905,425.62158,1.0,982.20667,396.25623,1.0,976.95703,390.00717,1.0,970.245,392.11115,1.0
888.291,264.34973,1.0,890.6479,276.37524,1.0,892.1505,288.94666,1.0,897.76294,310.06552,1.0,903.8147,323.75046,1.0,913.3937,338.95135,1.0,921.5411,346.68387,1.0,938.72925,357.204,1.0,963.7704,362.15866,1.0,989.6471,356.73798,1.0,1007.59686,344.99298,1.0,1016.41376,336.16885,1.0,1026.4604,319.22333,1.0,1035.1946,297.01144,1.0,1037.5692,282.87326,1.0,1038.4994,270.15945,1.0,1038.9799,258.27982,1.0,898.4732,245.76851,1.0,903.9041,239.22224,1.0,913.43365,235.06834,1.0,927.4183,233.92186,1.0,944.4883,235.35966,1.0,978.6183,235.05237,1.0,995.0764,232.7579,1.0,1009.3574,232.85721,1.0,1019.48517,236.20312,1.0,1025.3579,241.88113,1.0,961.8234,260.25168,1.0,962.06714,273.94662,1.0,962.545,282.70798,1.0,962.88684,289.68823,1.0,950.8799,300.23215,1.0,955.00464,302.83563,1.0,962.7844,302.5109,1.0,970.0791,302.17725,1.0,973.80334,299.25034,1.0,913.50757,258.96368,1.0,920.4912,254.31822,1.0,931.8219,253.63768,1.0,942.88025,259.69205,1.0,933.079,261.99216,1.0,922.6548,262.54898,1.0,980.1285,259.4422,1.0,991.6149,253.19473,1.0,1002.5425,253.91092,1.0,1009.1611,258.29208,1.0,999.87634,261.5378,1.0,989.48615,261.25278,1.0,939.84247,331.38818,1.0,947.79517,319.92703,1.0,955.5535,316.70004,1.0,963.6419,317.31708,1.0,971.8639,316.3452,1.0,979.21893,319.6635,1.0,985.51794,331.94885,1.0,985.3653,339.15402,1.0,973.29047,346.23315,1.0,963.26306,347.26532,1.0,953.59985,346.15118,1.0,941.7724,338.5381,1.0,943.6649,331.17776,1.0,957.5956,324.5073,1.0,963.36206,324.2391,1.0,969.17883,324.43985,1.0,982.06085,331.69797,1.0,970.05786,336.9998,1.0,963.6678,337.2565,1.0,956.9653,336.66495,1.0,928.1329,257.40775,1.0,996.45844,256.88797,1.0,956.27704,284.10504,0.9952143,971.48535,436.3582,0.9985224,815.06,436.9415,0.9985224,785.4101,680.22314,0.8907167,902.37006,475.5628,0.9729785,1127.9106,435.77487,0.99975854,1191.2607,675.6524,0.9671361,1128.8074,742.7317,0.96769536,974.07825,933.3203,0.9861878,876.2131,937.0096,0.9861878,879.8233,1235.2899,0.10947774,871.5819,1579.8162,0.030671652,1071.9435,929.631,0.989796,1077.5181,1277.579,0.081011474,1056.8031,1593.0803,0.01750718,924.1339,248.33418,0.99171025,993.11957,250.33708,0.9863527,899.5472,261.97742,0.9802941,1023.9956,264.64377,0.9934424,1004.6516,1707.3688,0.011639241,1004.6516,1707.3688,0.011639241,1061.9265,1633.855,0.0132028,902.8258,1690.7041,0.01456484,902.8258,1690.7041,0.01456484,866.8616,1630.2411,0.017235529,1130.3909,757.0948,1.0,1112.2059,730.7125,1.0,1084.0924,718.46893,1.0,1057.6056,720.1351,1.0,1037.0923,722.42474,1.0,1092.7178,746.4985,1.0,1053.2748,757.3562,1.0,1032.3645,753.82605,1.0,1019.1747,751.34674,1.0,1094.4856,768.5512,1.0,1044.8472,773.51086,1.0,1034.6411,763.98517,1.0,1037.2153,758.23737,1.0,1092.45,783.4204,1.0,1046.2898,785.41174,1.0,1038.7687,775.385,1.0,1041.2177,769.66956,1.0,1088.2277,792.19025,1.0,1051.697,793.4112,1.0,1044.1296,786.9257,1.0,1044.9297,783.5385,1.0,901.6346,465.45773,1.0,885.3144,427.01724,1.0,890.6667,392.82224,1.0,909.4686,370.98145,1.0,924.9581,361.48767,1.0,904.7037,385.3281,1.0,917.09705,344.7672,1.0,924.75085,325.46133,1.0,932.5392,311.66602,1.0,928.83124,394.51215,1.0,949.28345,352.16846,1.0,939.16437,360.09158,1.0,930.51556,374.10107,1.0,948.7172,406.624,1.0,963.773,370.71606,1.0,953.4518,376.2602,1.0,946.53955,387.48615,1.0,963.01874,419.44595,1.0,977.448,388.05112,1.0,969.01666,389.81522,1.0,961.7866,398.9138,1.0
889.0209,267.859,1.0,891.23224,280.29047,1.0,892.5282,293.1638,1.0,897.9117,314.49606,1.0,903.90656,328.0609,1.0,913.6153,342.76248,1.0,921.88403,350.10938,1.0,939.09735,359.9578,1.0,964.235,364.55273,1.0,990.4609,359.45764,1.0,1009.0932,348.3208,1.0,1018.39825,339.88257,1.0,1029.0205,323.4199,1.0,1038.0157,301.2552,1.0,1040.3342,286.92056,1.0,1041.0344,273.93027,1.0,1041.3528,261.664,1.0,899.3377,248.01929,1.0,905.02936,241.32068,1.0,914.668,237.12723,1.0,928.5351,236.00877,1.0,945.3212,237.4317,1.0,979.1747,237.08917,1.0,995.7325,234.8564,1.0,1010.1023,235.03429,1.0,1020.4548,238.4803,1.0,1026.6503,244.26877,1.0,962.2916,261.81442,1.0,962.36804,275.22495,1.0,962.6818,283.84033,1.0,962.9297,290.7818,1.0,950.96814,301.82492,1.0,955.1689,304.40567,1.0,963.09973,304.05942,1.0,970.633,303.75287,1.0,974.5463,300.8522,1.0,913.8471,260.95505,1.0,921.0849,256.25504,1.0,932.3108,255.6356,1.0,943.1998,261.56796,1.0,933.3879,263.8637,1.0,923.01965,264.39154,1.0,981.124,261.39072,1.0,992.64545,255.21722,1.0,1003.5462,255.89877,1.0,1010.3401,260.3478,1.0,1001.1361,263.47424,1.0,990.6774,263.19907,1.0,939.635,332.93332,1.0,947.9142,321.68753,1.0,955.69403,318.48834,1.0,963.789,319.1666,1.0,972.13275,318.16278,1.0,979.76306,321.42157,1.0,986.9913,333.4487,1.0,986.3172,340.34192,1.0,973.94476,347.1088,1.0,963.80634,348.08118,1.0,954.1529,347.0062,1.0,942.15967,339.72412,1.0,943.56805,332.67065,1.0,957.6429,326.25592,1.0,963.46857,325.9912,1.0,969.5649,326.19348,1.0,983.4475,333.18414,1.0,970.81903,337.94223,1.0,964.2125,338.1702,1.0,957.43475,337.58652,1.0,928.4365,259.32123,1.0,997.3599,258.86533,1.0,956.2509,291.40433,0.99506384,971.246,436.19656,0.9984912,814.7818,436.6272,0.9984912,789.2462,677.5426,0.8746932,901.8586,468.66022,0.96622956,1127.7102,435.76593,0.9997607,1191.5801,676.3761,0.95795864,1113.417,668.335,0.96120393,973.9348,933.77435,0.9853532,875.83673,937.0534,0.9853532,879.12195,1233.1285,0.10001421,869.2386,1578.6685,0.027930522,1072.033,930.4953,0.9891249,1079.548,1274.9335,0.074708946,1053.5785,1592.7701,0.016079968,923.63745,257.9872,0.991587,993.14,257.40182,0.98637974,899.74585,266.56964,0.9796091,1024.1769,270.0456,0.99348843,1003.6725,1703.3708,0.01074894,1003.6725,1703.3708,0.01074894,1056.6288,1633.4655,0.01226946,897.3288,1685.7211,0.013283817,897.3288,1685.7211,0.013283817,864.91644,1628.9154,0.015854936,1120.2815,672.60156,1.0,1112.7322,634.51575,1.0,1083.2341,608.4342,1.0,1052.2107,604.0245,1.0,1027.812,600.5072,1.0,1087.0466,632.2037,1.0,1044.7642,623.90326,1.0,1024.7981,614.79987,1.0,1013.3245,611.8468,1.0,1078.9182,658.52625,1.0,1024.545,642.0938,1.0,1028.1276,631.0083,1.0,1044.3411,632.138,1.0,1071.0226,678.5377,1.0,1019.896,659.8061,1.0,1024.8451,648.16486,1.0,1039.0658,647.9107,1.0,1063.4617,693.6993,1.0,1022.3265,677.29816,1.0,1027.3496,666.1811,1.0,1040.2987,665.52075,1.0,897.8676,454.46255,1.0,880.7416,416.79343,1.0,885.9735,381.52426,1.0,905.3459,359.92725,1.0,923.2093,354.36612,1.0,897.43604,372.33752,1.0,910.1647,331.2677,1.0,917.2424,309.70044,1.0,923.60547,292.80267,1.0,921.80035,381.91867,1.0,939.77246,343.4587,1.0,931.18353,351.9969,1.0,922.6658,365.0583,1.0,942.0735,394.4371,1.0,952.8863,362.04968,1.0,944.87274,368.06012,1.0,938.37006,378.65445,1.0,957.59863,406.94293,1.0,966.98193,377.0212,1.0,959.40607,381.65912,1.0,953.568,391.8428,1.0
889.75073,271.36832,1.0,891.8166,284.20566,1.0,892.90594,297.38095,1.0,898.06036,318.9266,1.0,903.9984,332.37137,1.0,913.837,346.5736,1.0,922.227,353.5349,1.0,939.46545,362.71158,1.0,964.69965,366.9468,1.0,991.27466,362.17728,1.0,1010.5895,351.6486,1.0,1020.38275,343.59628,1.0,1031.5806,327.61646,1.0,1040.8368,305.49893,1.0,1043.0992,290.96783,1.0,1043.5695,277.70108,1.0,1043.7257,265.0482,1.0,900.20215,250.27007,1.0,906.15454,243.41911,1.0,915.9024,239.18611,1.0,929.65186,238.0957,1.0,946.15424,239.50374,1.0,979.731,239.12598,1.0,996.38855,236.95488,1.0,1010.84717,237.21136,1.0,1021.4244,240.75748,1.0,1027.9425,246.6564,1.0,962.7598,263.37714,1.0,962.669,276.50323,1.0,962.81866,284.97272,1.0,962.9726,291.8754,1.0,951.05634,303.4177,1.0,955.33307,305.9757,1.0,963.41504,305.60794,1.0,971.18695,305.3285,1.0,975.28937,302.45404,1.0,914.18665,262.94644,1.0,921.67865,258.19183,1.0,932.7997,257.6335,1.0,943.5194,263.44385,1.0,933.6968,265.73526,1.0,923.3846,266.2341,1.0,982.11957,263.33923,1.0,993.67596,257.23972,1.0,1004.55,257.88663,1.0,1011.5191,262.4035,1.0,1002.39594,265.41068,1.0,991.86865,265.1454,1.0,939.42755,334.4785,1.0,948.0332,323.44803,1.0,955.8345,320.27667,1.0,963.93604,321.01614,1.0,972.4016,319.98032,1.0,980.3071,323.17963,1.0,988.4646,334.94855,1.0,987.26917,341.52982,1.0,974.5991,347.98444,1.0,964.3496,348.897,1.0,954.70593,347.8612,1.0,942.547,340.9102,1.0,943.47125,334.16354,1.0,957.6902,328.00452,1.0,963.57513,327.74332,1.0,969.9509,327.9471,1.0,984.83417,334.67035,1.0,971.5802,338.8847,1.0,964.7572,339.0839,1.0,957.90424,338.5081,1.0,928.7402,261.23474,1.0,998.26135,260.84268,1.0,955.71655,300.56116,0.9947849,971.216,434.872,0.99848235,814.717,435.12808,0.99848235,792.736,675.00916,0.8492458,900.59155,457.81454,0.9591589,1127.715,434.61594,0.9997568,1191.7649,676.4056,0.95200384,1103.5697,596.0078,0.9583412,973.3456,933.1837,0.9846687,874.6618,936.1081,0.9846687,880.08325,1234.2439,0.09182179,869.2509,1580.8208,0.025522906,1072.0293,930.2593,0.98847485,1081.6168,1271.8071,0.06935057,1052.8575,1590.588,0.014814932,923.62683,267.4907,0.991338,993.1034,266.626,0.9862052,900.34705,272.37662,0.9787446,1024.1813,275.83554,0.993358,1004.2562,1700.4192,0.009991314,1004.2562,1700.4192,0.009991314,1011.6071,1635.2872,0.011435522,896.65607,1685.1744,0.0121661825,896.65607,1685.1744,0.0121661825,864.9709,1631.5065,0.014628802,1108.6547,595.36444,1.0,1106.3835,556.1482,1.0,1081.3214,526.0016,1.0,1050.3564,515.03,1.0,1026.8655,510.40714,1.0,1087.4052,536.7637,1.0,1050.7295,517.26385,1.0,1031.4338,503.22678,1.0,1019.2332,494.6497,1.0,1075.974,559.3994,1.0,1026.2329,535.7581,1.0,1029.0474,534.50464,1.0,1043.5226,540.0752,1.0,1064.7985,579.732,1.0,1018.82983,556.3516,1.0,1024.8029,554.66656,1.0,1038.6172,558.5823,1.0,1053.9541,597.83344,1.0,1018.2544,576.83923,1.0,1024.344,574.2818,1.0,1037.1698,577.7248,1.0,896.12537,440.2018,1.0,878.9182,403.64194,1.0,884.67737,368.02487,1.0,905.4974,343.4552,1.0,924.4615,334.0413,1.0,894.098,359.39688,1.0,906.9988,317.404,1.0,913.80646,294.28705,1.0,919.7583,275.85376,1.0,918.1296,368.34067,1.0,937.7703,331.90305,1.0,929.92365,341.60077,1.0,920.9267,354.9039,1.0,938.6286,380.1299,1.0,950.22253,351.1271,1.0,941.9619,358.56464,1.0,934.8345,369.34302,1.0,954.7977,392.5949,1.0,963.8356,364.2663,1.0,956.2351,369.85727,1.0,950.5747,380.03964,1.0
890.4806,274.8776,1.0,892.401,288.12088,1.0,893.2836,301.59808,1.0,898.20905,323.35715,1.0,904.09033,336.68182,1.0,914.0586,350.38477,1.0,922.56995,356.96042,1.0,939.8335,365.46536,1.0,965.16425,369.3409,1.0,992.08844,364.89694,1.0,1012.0858,354.9764,1.0,1022.3673,347.31,1.0,1034.1406,331.81305,1.0,1043.658,309.7427,1.0,1045.8643,295.01514,1.0,1046.1044,281.4719,1.0,1046.0988,268.43237,1.0,901.06665,252.52086,1.0,907.2797,245.51755,1.0,917.1368,241.245,1.0,930.7687,240.18263,1.0,946.9872,241.57576,1.0,980.28735,241.16277,1.0,997.0446,239.05338,1.0,1011.59204,239.38844,1.0,1022.394,243.03465,1.0,1029.2349,249.04404,1.0,963.228,264.93988,1.0,962.97,277.78156,1.0,962.9555,286.10507,1.0,963.0155,292.969,1.0,951.14453,305.01047,1.0,955.49725,307.54578,1.0,963.73035,307.15646,1.0,971.74084,306.9041,1.0,976.03235,304.0559,1.0,914.5261,264.93784,1.0,922.2724,260.12863,1.0,933.28864,259.63144,1.0,943.8389,265.31973,1.0,934.0056,267.6068,1.0,923.74945,268.07666,1.0,983.11505,265.28775,1.0,994.7065,259.2622,1.0,1005.5537,259.87445,1.0,1012.6981,264.4592,1.0,1003.65576,267.3471,1.0,993.0599,267.09167,1.0,939.2201,336.02365,1.0,948.1523,325.20853,1.0,955.975,322.065,1.0,964.08307,322.86566,1.0,972.6705,321.79788,1.0,980.85126,324.93768,1.0,989.93787,336.4484,1.0,988.22107,342.7177,1.0,975.2535,348.86008,1.0,964.8929,349.71286,1.0,955.25903,348.71622,1.0,942.93427,342.09625,1.0,943.3744,335.65643,1.0,957.7375,329.75314,1.0,963.6817,329.49542,1.0,970.337,329.70074,1.0,986.22076,336.15656,1.0,972.3414,339.82715,1.0,965.3019,339.9976,1.0,958.3737,339.42966,1.0,929.0438,263.14825,1.0,999.16284,262.82007,1.0,956.1252,303.57675,0.99464744,971.2475,433.16922,0.9985441,814.9314,433.44785,0.9985441,794.5399,666.6301,0.81995213,900.3473,445.6287,0.9573869,1127.5636,432.89056,0.9997481,1191.5533,676.3356,0.9449241,1096.7616,533.5604,0.9549486,972.9363,930.074,0.98472327,873.8417,931.3478,0.98472327,879.87836,1235.2944,0.08464579,866.9558,1580.0217,0.023442453,1072.0309,928.8002,0.9881658,1080.9479,1273.276,0.06427017,1046.5967,1590.4846,0.01367908,924.9148,269.23987,0.9914376,994.0132,270.29968,0.98612875,901.49994,273.5134,0.9791259,1024.2046,279.82138,0.9932066,1001.7747,1702.806,0.009362908,1001.7747,1702.806,0.009362908,1019.5188,1632.0687,0.010745813,895.88245,1682.6351,0.011215826,895.88245,1682.6351,0.011215826,861.57825,1629.567,0.013592386,1097.0278,518.12726,1.0,1100.0349,477.78067,1.0,1079.4087,443.56903,1.0,1048.5022,426.03552,1.0,1025.919,420.30707,1.0,1087.7637,441.32364,1.0,1056.6948,410.62442,1.0,1038.0696,391.65375,1.0,1025.1418,377.45258,1.0,1073.0299,460.27258,1.0,1027.9207,429.42242,1.0,1029.9673,438.001,1.0,1042.7041,448.0124,1.0,1058.5742,480.92627,1.0,1017.76373,452.8972,1.0,1024.7605,461.16827,1.0,1038.1687,469.25388,1.0,1044.4465,501.96765,1.0,1014.18225,476.38028,1.0,1021.33826,482.38254,1.0,1034.0409,489.9288,1.0,895.7303,424.80954,1.0,879.61224,389.08102,1.0,886.1585,354.9467,1.0,904.7323,330.99347,1.0,923.4782,321.85995,1.0,893.0374,344.32993,1.0,906.08044,302.52454,1.0,913.9715,279.02194,1.0,921.19446,260.61307,1.0,916.53094,353.5545,1.0,939.0279,317.33347,1.0,932.9992,327.21808,1.0,923.8926,340.1273,1.0,937.5857,365.78247,1.0,952.1281,336.6942,1.0,945.15015,344.32788,1.0,938.1995,354.71237,1.0,954.30927,378.6235,1.0,965.3939,350.75928,1.0,958.09375,356.39847,1.0,952.2327,366.19217,1.0
891.2104,278.3869,1.0,892.98535,292.0361,1.0,893.6613,305.81525,1.0,898.3577,327.7877,1.0,904.1822,340.99228,1.0,914.2802,354.1959,1.0,922.91296,360.38596,1.0,940.2016,368.21915,1.0,965.6289,371.735,1.0,992.9022,367.6166,1.0,1013.5821,358.30423,1.0,1024.3518,351.0237,1.0,1036.7007,336.0096,1.0,1046.479,313.98645,1.0,1048.6292,299.0624,1.0,1048.6394,285.2427,1.0,1048.4717,271.81656,1.0,901.9311,254.77164,1.0,908.40497,247.61598,1.0,918.37115,243.30388,1.0,931.88544,242.26955,1.0,947.8201,243.6478,1.0,980.8437,243.19957,1.0,997.7006,241.15186,1.0,1012.3369,241.56552,1.0,1023.3636,245.31181,1.0,1030.5272,251.43167,1.0,963.69617,266.50262,1.0,963.2709,279.05984,1.0,963.09235,287.23746,1.0,963.0584,294.0626,1.0,951.2328,306.60324,1.0,955.6615,309.1158,1.0,964.04565,308.705,1.0,972.2948,308.47974,1.0,976.7753,305.65778,1.0,914.86566,266.92923,1.0,922.8661,262.06546,1.0,933.7775,261.62936,1.0,944.1585,267.19565,1.0,934.3145,269.47836,1.0,924.1144,269.91922,1.0,984.1106,267.23627,1.0,995.737,261.2847,1.0,1006.5575,261.8623,1.0,1013.87714,266.51492,1.0,1004.9156,269.2835,1.0,994.2511,269.038,1.0,939.0127,337.56882,1.0,948.2713,326.96902,1.0,956.1154,323.8533,1.0,964.23016,324.71518,1.0,972.93933,323.61545,1.0,981.3953,326.69577,1.0,991.4112,337.9482,1.0,989.173,343.90558,1.0,975.9078,349.73572,1.0,965.43616,350.5287,1.0,955.8121,349.57123,1.0,943.32153,343.28232,1.0,943.2775,337.14932,1.0,957.7848,331.50177,1.0,963.78827,331.24756,1.0,970.723,331.45438,1.0,987.6074,337.64276,1.0,973.10254,340.7696,1.0,965.8466,340.9113,1.0,958.8432,340.35123,1.0,929.3475,265.06177,1.0,1000.06433,264.79742,1.0,963.3317,307.46655,0.9937545,971.35,426.65018,0.998547,816.5417,429.41302,0.998547,797.2947,655.228,0.776668,899.9774,430.58676,0.9477554,1126.1582,423.88736,0.99973077,1187.8429,665.4429,0.92917585,1095.5222,474.5984,0.9481154,973.35266,921.2717,0.98409355,874.43005,921.3834,0.98409355,882.4173,1233.7445,0.07718645,868.1241,1573.6824,0.021359332,1072.2753,921.16003,0.9872886,1081.3866,1266.413,0.058572058,1046.8566,1579.6355,0.012472208,932.2234,273.04196,0.9905762,996.1583,275.0831,0.9843778,903.8638,277.19952,0.97745246,1024.1138,280.9565,0.99212825,1005.80164,1693.3826,0.008621558,1005.80164,1693.3826,0.008621558,1024.7657,1617.4606,0.009928319,901.9349,1673.9518,0.010257174,901.9349,1673.9518,0.010257174,862.01404,1622.2072,0.012500448,1107.9108,482.29367,1.0,1104.1232,436.9095,1.0,1087.1694,403.87857,1.0,1066.1324,386.35333,1.0,1046.6886,377.9798,1.0,1084.3938,395.21942,1.0,1064.9995,368.65085,1.0,1052.3008,351.49258,1.0,1042.5479,339.73923,1.0,1068.9103,406.00638,1.0,1034.1285,381.13214,1.0,1031.6066,379.40817,1.0,1037.3818,381.61487,1.0,1054.1631,420.8914,1.0,1020.09796,398.73608,1.0,1025.7574,401.9968,1.0,1037.3054,407.90262,1.0,1042.0215,438.36728,1.0,1014.74133,419.17715,1.0,1021.9573,421.5119,1.0,1034.0668,427.59995,1.0,896.52924,412.51343,1.0,881.7015,375.6967,1.0,889.8067,343.00125,1.0,909.4877,322.35754,1.0,929.33484,316.50897,1.0,893.4883,329.65753,1.0,907.4592,288.92673,1.0,916.14026,265.4474,1.0,923.4959,247.32845,1.0,916.4183,338.6705,1.0,940.16766,306.017,1.0,936.11865,316.4947,1.0,927.7762,329.7617,1.0,937.62,351.52188,1.0,952.9569,325.79,1.0,947.0912,333.82535,1.0,940.4488,344.0846,1.0,954.9447,365.22006,1.0,967.4389,339.65253,1.0,960.4758,345.9059,1.0,954.323,355.67627,1.0
891.94025,281.89618,1.0,893.5697,295.9513,1.0,894.039,310.0324,1.0,898.5065,332.21823,1.0,904.27405,345.30273,1.0,914.50183,358.00702,1.0,923.2559,363.8115,1.0,940.5697,370.97293,1.0,966.0935,374.12906,1.0,993.716,370.33627,1.0,1015.07837,361.63202,1.0,1026.3363,354.73743,1.0,1039.2607,340.20618,1.0,1049.3002,318.23022,1.0,1051.3942,303.1097,1.0,1051.1744,289.01352,1.0,1050.8446,275.20078,1.0,902.7956,257.0224,1.0,909.53015,249.71442,1.0,919.6056,245.36275,1.0,933.00226,244.35648,1.0,948.6531,245.71982,1.0,981.4,245.23637,1.0,998.3567,243.25035,1.0,1013.0818,243.7426,1.0,1024.3331,247.58899,1.0,1031.8196,253.81932,1.0,964.16437,268.06537,1.0,963.57184,280.33817,1.0,963.2292,288.3698,1.0,963.10126,295.15616,1.0,951.321,308.19598,1.0,955.8257,310.68585,1.0,964.36096,310.2535,1.0,972.84875,310.05536,1.0,977.5183,307.2596,1.0,915.2052,268.9206,1.0,923.45984,264.00226,1.0,934.2664,263.62726,1.0,944.478,269.07153,1.0,934.62335,271.3499,1.0,924.47925,271.7618,1.0,985.10614,269.18478,1.0,996.7675,263.3072,1.0,1007.5612,263.85016,1.0,1015.05615,268.57062,1.0,1006.17535,271.21994,1.0,995.4424,270.98428,1.0,938.80524,339.11398,1.0,948.3904,328.72952,1.0,956.25586,325.64163,1.0,964.3772,326.5647,1.0,973.2082,325.43298,1.0,981.93945,328.45383,1.0,992.8845,339.44806,1.0,990.1249,345.09348,1.0,976.56213,350.61136,1.0,965.97943,351.34454,1.0,956.3651,350.42624,1.0,943.70886,344.46835,1.0,943.18066,338.6422,1.0,957.83203,333.2504,1.0,963.89484,332.99966,1.0,971.1091,333.208,1.0,988.9941,339.12897,1.0,973.8637,341.71207,1.0,966.3913,341.82498,1.0,959.3127,341.27277,1.0,929.6511,266.97525,1.0,1000.96576,266.77478,1.0,969.8211,306.78198,0.9934305,972.3079,421.7306,0.9985106,820.19116,426.00494,0.9985106,801.1973,644.3488,0.74972135,899.4706,411.74704,0.94463575,1124.4247,417.4562,0.9996666,1182.3624,643.6692,0.91778153,1091.4803,426.39368,0.9431271,973.9579,919.17676,0.98433095,874.6448,919.1494,0.98433095,886.5399,1233.7109,0.07071097,873.20886,1568.3385,0.019635191,1073.271,919.20404,0.98712605,1079.1432,1266.0494,0.054089084,1047.0731,1575.3795,0.011557431,940.4132,272.97745,0.99047375,999.54004,274.2,0.983507,910.3387,279.98917,0.97757846,1024.2312,280.55017,0.99141973,1009.33984,1687.1036,0.008164835,1009.33984,1687.1036,0.008164835,1026.262,1613.2034,0.009418459,911.2289,1665.3494,0.0094885435,911.2289,1665.3494,0.0094885435,867.01263,1618.1816,0.011659004,1110.2935,446.0126,1.0,1103.1744,400.27557,1.0,1084.6271,369.13345,1.0,1064.1824,355.40067,1.0,1045.7732,351.3387,1.0,1081.3706,351.97397,1.0,1061.8682,324.70386,1.0,1049.373,307.10416,1.0,1039.5762,294.73624,1.0,1066.8644,361.20343,1.0,1029.9258,339.13867,1.0,1027.9655,342.26666,1.0,1034.4065,346.1696,1.0,1053.8013,375.94235,1.0,1018.3777,357.11652,1.0,1022.0254,363.58655,1.0,1031.6307,368.6542,1.0,1043.0963,394.04858,1.0,1013.93933,379.99246,1.0,1019.6934,384.5216,1.0,1030.7812,389.6016,1.0,895.984,399.85855,1.0,883.60004,362.94977,1.0,891.9476,331.1519,1.0,910.9111,311.15347,1.0,930.2479,307.20905,1.0,894.8512,317.1023,1.0,909.3342,277.6592,1.0,919.1907,255.0178,1.0,926.95447,237.04173,1.0,917.0578,326.20734,1.0,943.54126,296.28604,1.0,940.81836,308.33667,1.0,931.7864,320.75024,1.0,938.2,339.82855,1.0,956.1577,318.57336,1.0,952.04285,327.6404,1.0,944.6022,336.7373,1.0,954.9265,354.38885,1.0,968.6927,333.49713,1.0,963.7873,341.29425,1.0,958.07336,350.00497,1.0
892.6701,285.4055,1.0,894.15405,299.86652,1.0,894.4167,314.24954,1.0,898.65515,336.64877,1.0,904.3659,349.6132,1.0,914.7235,361.81815,1.0,923.5989,367.237,1.0,940.9378,373.7267,1.0,966.5581,376.52313,1.0,994.5298,373.05594,1.0,1016.5747,364.95984,1.0,1028.3208,358.45114,1.0,1041.8208,344.40277,1.0,1052.1212,322.47397,1.0,1054.1592,307.15698,1.0,1053.7094,292.78433,1.0,1053.2177,278.58496,1.0,903.66003,259.2732,1.0,910.65533,251.81285,1.0,920.83997,247.42163,1.0,934.119,246.4434,1.0,949.486,247.79185,1.0,981.95636,247.27318,1.0,999.01276,245.34883,1.0,1013.82666,245.9197,1.0,1025.3027,249.86617,1.0,1033.1119,256.20694,1.0,964.63257,269.62808,1.0,963.8728,281.6165,1.0,963.366,289.50217,1.0,963.14417,296.24976,1.0,951.4092,309.78876,1.0,955.9899,312.25592,1.0,964.67633,311.80203,1.0,973.40265,311.63098,1.0,978.2613,308.86148,1.0,915.54474,270.912,1.0,924.0536,265.93906,1.0,934.7553,265.62518,1.0,944.7976,270.94745,1.0,934.93225,273.22147,1.0,924.8442,273.60437,1.0,986.1016,271.1333,1.0,997.79803,265.32968,1.0,1008.565,265.838,1.0,1016.23517,270.6263,1.0,1007.4352,273.15637,1.0,996.6336,272.9306,1.0,938.5978,340.65912,1.0,948.5094,330.49002,1.0,956.39636,327.42993,1.0,964.5243,328.4142,1.0,973.47705,327.25055,1.0,982.4835,330.21188,1.0,994.35785,340.9479,1.0,991.07684,346.28137,1.0,977.21643,351.48703,1.0,966.5227,352.1604,1.0,956.91815,351.28125,1.0,944.0961,345.65442,1.0,943.08386,340.1351,1.0,957.87933,334.999,1.0,964.0014,334.75177,1.0,971.4951,334.96167,1.0,990.3807,340.61517,1.0,974.6249,342.6545,1.0,966.93604,342.73868,1.0,959.78217,342.19434,1.0,929.9548,268.88876,1.0,1001.86725,268.75214,1.0,977.09644,306.26395,0.99349403,970.68146,419.5925,0.9985185,820.4771,425.57413,0.9985185,802.6791,637.3295,0.71904296,899.2291,402.6313,0.9421364,1120.8859,413.6109,0.9996273,1178.7584,623.5193,0.90024555,1084.4525,395.2476,0.93290573,974.1456,918.3644,0.98437893,874.62384,918.31915,0.98437893,888.6464,1233.5587,0.06458844,874.9824,1561.7219,0.017936898,1073.6674,918.4096,0.98680437,1078.9176,1266.2812,0.049753692,1047.2408,1576.535,0.010647989,947.10376,272.3917,0.9908022,1004.1344,273.55676,0.98362565,913.2522,280.0267,0.97855324,1024.5323,280.42728,0.99130315,1011.13873,1688.9943,0.0076631587,1011.13873,1688.9943,0.0076631587,1006.49365,1614.6244,0.008802648,916.1369,1658.4437,0.008724274,916.1369,1658.4437,0.008724274,868.1924,1609.2865,0.010756271,1104.782,417.62915,1.0,1095.7957,371.35193,1.0,1075.1946,337.859,1.0,1051.436,324.87238,1.0,1030.3394,324.42032,1.0,1074.2614,319.05063,1.0,1053.0026,288.1326,1.0,1039.7031,267.18033,1.0,1029.1952,250.35284,1.0,1062.9081,329.13354,1.0,1022.92395,309.41342,1.0,1025.217,322.67664,1.0,1036.5627,329.9007,1.0,1051.5237,344.44843,1.0,1014.40564,330.12033,1.0,1019.42334,342.8878,1.0,1030.478,347.94403,1.0,1041.3014,363.13733,1.0,1012.80865,353.0084,1.0,1019.4666,361.57605,1.0,1030.5825,366.26956,1.0,893.5333,392.8821,1.0,882.67413,354.74252,1.0,893.2759,323.6747,1.0,913.3532,305.66397,1.0,932.65356,301.63675,1.0,894.6755,309.23688,1.0,909.86304,271.0101,1.0,920.36255,248.38763,1.0,928.7068,230.82584,1.0,914.6669,318.48914,1.0,944.87714,290.16382,1.0,942.1993,301.7031,1.0,932.22235,313.68,1.0,934.355,333.21042,1.0,956.1906,312.258,1.0,952.0571,321.7621,1.0,944.2193,330.69562,1.0,950.68964,349.07938,1.0,967.55743,328.0379,1.0,962.8126,336.24127,1.0,956.6743,344.88885,1.0
893.39996,288.91476,1.0,894.7384,303.78174,1.0,894.79443,318.4667,1.0,898.80383,341.0793,1.0,904.4578,353.92365,1.0,914.9451,365.62927,1.0,923.94183,370.66254,1.0,941.3059,376.4805,1.0,967.02277,378.9172,1.0,995.34357,375.77557,1.0,1018.071,368.28766,1.0,1030.3053,362.16486,1.0,1044.3809,348.59933,1.0,1054.9424,326.71774,1.0,1056.9242,311.20428,1.0,1056.2444,296.55515,1.0,1055.5906,281.96915,1.0,904.52454,261.52396,1.0,911.7806,253.91127,1.0,922.07434,249.48051,1.0,935.23584,248.53032,1.0,950.31903,249.86388,1.0,982.5127,249.30997,1.0,999.6688,247.44733,1.0,1014.57153,248.09677,1.0,1026.2723,252.14333,1.0,1034.4043,258.59457,1.0,965.10077,271.19083,1.0,964.1737,282.89478,1.0,963.50287,290.63455,1.0,963.1871,297.34335,1.0,951.4974,311.38153,1.0,956.1541,313.82596,1.0,964.99164,313.35056,1.0,973.9566,313.2066,1.0,979.0043,310.46332,1.0,915.8843,272.90338,1.0,924.6473,267.87585,1.0,935.2442,267.6231,1.0,945.1171,272.82333,1.0,935.24115,275.09302,1.0,925.20905,275.44693,1.0,987.09717,273.08182,1.0,998.82855,267.35217,1.0,1009.5687,267.82584,1.0,1017.4142,272.68204,1.0,1008.695,275.0928,1.0,997.8248,274.8769,1.0,938.3903,342.20428,1.0,948.6285,332.25052,1.0,956.5368,329.21826,1.0,964.6713,330.26376,1.0,973.7459,329.0681,1.0,983.02765,331.96994,1.0,995.8311,342.44775,1.0,992.02875,347.46927,1.0,977.8708,352.36267,1.0,967.066,352.97623,1.0,957.4712,352.13626,1.0,944.48346,346.84048,1.0,942.987,341.628,1.0,957.92664,336.74762,1.0,964.1079,336.50388,1.0,971.88116,336.7153,1.0,991.76733,342.10135,1.0,975.38605,343.597,1.0,967.4807,343.65237,1.0,960.25165,343.1159,1.0,930.2584,270.80228,1.0,1002.76874,270.72952,1.0,977.6252,306.05725,0.99343246,969.1762,417.94284,0.9984926,821.5024,424.52133,0.9984926,802.3704,631.2385,0.6966046,899.21857,394.92422,0.940115,1116.85,411.36438,0.99955726,1175.2646,608.4181,0.8861614,1078.7081,377.16895,0.9237587,974.4296,918.64606,0.9848209,874.7069,918.8075,0.9848209,889.61395,1233.875,0.05916241,878.2012,1563.835,0.016487507,1074.1525,918.4846,0.98685163,1078.9791,1266.5298,0.046035957,1052.3296,1576.5645,0.009881293,946.82965,272.26608,0.99097884,1004.7981,273.09073,0.983347,914.08923,281.86362,0.97929156,1024.9655,280.3397,0.99091035,1020.16675,1688.194,0.0072748526,1020.16675,1688.194,0.0072748526,1002.23627,1615.1427,0.008304832,917.6415,1660.7499,0.008085981,917.6415,1660.7499,0.008085981,872.70905,1612.1704,0.01000415,1091.7086,394.17233,1.0,1086.4019,354.25272,1.0,1070.1465,323.64108,1.0,1049.7517,308.8009,1.0,1030.427,305.33447,1.0,1067.5972,300.4009,1.0,1044.705,267.80875,1.0,1030.2566,249.20766,1.0,1019.98914,232.49612,1.0,1059.4517,310.3437,1.0,1013.30334,292.2826,1.0,1013.034,309.29614,1.0,1024.3573,317.98434,1.0,1050.2694,326.55627,1.0,1007.14417,314.96814,1.0,1010.57007,328.91446,1.0,1023.13556,333.73257,1.0,1041.5385,344.964,1.0,1007.8649,337.45,1.0,1011.3341,346.46536,1.0,1022.3762,350.98148,1.0,890.5716,388.694,1.0,880.97687,351.174,1.0,891.39166,320.20102,1.0,911.57074,303.1336,1.0,931.01746,299.62912,1.0,894.0201,305.20694,1.0,910.4375,267.1353,1.0,921.5026,244.68497,1.0,929.40485,227.07945,1.0,912.644,314.1092,1.0,944.5942,287.08582,1.0,942.81323,298.65112,1.0,932.0819,310.3903,1.0,931.3387,328.40024,1.0,956.6405,309.49008,1.0,952.533,319.32498,1.0,943.1796,328.00034,1.0,946.6173,344.2491,1.0,966.3136,326.40677,1.0,961.3331,334.8597,1.0,953.5385,342.7837,1.0
894.1298,292.42407,1.0,895.3228,307.69696,1.0,895.1721,322.68384,1.0,898.9526,345.5099,1.0,904.5497,358.2341,1.0,915.16675,369.4404,1.0,924.28485,374.08807,1.0,941.674,379.23428,1.0,967.48737,381.3113,1.0,996.15735,378.49524,1.0,1019.5673,371.61545,1.0,1032.2898,365.87857,1.0,1046.9409,352.7959,1.0,1057.7634,330.9615,1.0,1059.6892,315.25156,1.0,1058.7794,300.32596,1.0,1057.9635,285.35333,1.0,905.389,263.77475,1.0,912.90576,256.0097,1.0,923.3087,251.5394,1.0,936.3526,250.61725,1.0,951.152,251.93591,1.0,983.06903,251.34677,1.0,1000.3248,249.5458,1.0,1015.3164,250.27385,1.0,1027.242,254.4205,1.0,1035.6967,260.98224,1.0,965.569,272.75357,1.0,964.4747,284.1731,1.0,963.6397,291.7669,1.0,963.2299,298.43692,1.0,951.58563,312.9743,1.0,956.31836,315.39603,1.0,965.30695,314.89908,1.0,974.5105,314.78223,1.0,979.7473,312.0652,1.0,916.22375,274.89478,1.0,925.241,269.81268,1.0,935.7331,269.62103,1.0,945.4367,274.69925,1.0,935.55,276.96457,1.0,925.574,277.2895,1.0,988.09265,275.03036,1.0,999.8591,269.37466,1.0,1010.5725,269.8137,1.0,1018.5932,274.73773,1.0,1009.95483,277.0292,1.0,999.0161,276.8232,1.0,938.18286,343.74945,1.0,948.7475,334.01102,1.0,956.6773,331.0066,1.0,964.81836,332.11328,1.0,974.0148,330.88565,1.0,983.5717,333.728,1.0,997.30444,343.94757,1.0,992.98065,348.65717,1.0,978.52515,353.2383,1.0,967.60925,353.79208,1.0,958.02423,352.99127,1.0,944.8707,348.02655,1.0,942.89014,343.12088,1.0,957.97394,338.49625,1.0,964.2145,338.25598,1.0,972.2672,338.46893,1.0,993.154,343.58755,1.0,976.1472,344.53943,1.0,968.02545,344.56607,1.0,960.7212,344.03748,1.0,930.5621,272.7158,1.0,1003.67017,272.70688,1.0,978.731,305.97238,0.99351394,970.67523,417.62253,0.9984842,825.0688,423.91925,0.9984842,802.0128,627.70026,0.68208945,898.2375,390.70123,0.9401278,1116.2816,411.3258,0.999479,1173.8054,599.0051,0.8762239,1076.153,370.80078,0.9160786,974.7957,918.6558,0.9853297,874.77155,918.74506,0.9853297,891.1316,1234.0974,0.054446906,880.859,1564.53,0.015208041,1074.8198,918.5665,0.98696107,1078.9409,1266.1833,0.042744488,1052.9705,1575.3608,0.009178765,946.772,271.97974,0.9912736,1005.8058,272.7507,0.98332727,914.75775,282.74167,0.9801288,1025.6168,280.23438,0.9906551,1023.028,1687.582,0.0068998015,1023.028,1687.582,0.0068998015,1001.2945,1620.4512,0.007852358,919.53235,1661.8438,0.0075151953,919.53235,1661.8438,0.0075151953,875.6703,1613.1752,0.009371585,1089.3213,381.91577,1.0,1082.2274,347.18994,1.0,1066.4819,317.178,1.0,1045.9104,302.58124,1.0,1026.4509,299.59653,1.0,1063.8691,293.37958,1.0,1041.2985,262.06174,1.0,1028.5537,242.91531,1.0,1019.4111,225.92418,1.0,1058.8303,302.7317,1.0,1012.0269,288.06985,1.0,1012.0698,304.95755,1.0,1023.18353,313.02057,1.0,1051.6276,318.68192,1.0,1006.9093,309.90918,1.0,1010.5362,324.814,1.0,1022.9939,328.70602,1.0,1044.2214,336.57288,1.0,1008.84076,329.52832,1.0,1012.66797,339.82452,1.0,1023.88116,344.0467,1.0,886.66864,387.57376,1.0,878.86554,350.20065,1.0,890.49744,319.18787,1.0,911.7475,303.2475,1.0,932.46783,301.09824,1.0,892.5567,303.86514,1.0,910.7991,265.09485,1.0,922.63617,243.07674,1.0,930.99097,225.52457,1.0,909.3632,313.2762,1.0,944.3394,288.87747,1.0,941.55835,302.3454,1.0,929.4208,313.5606,1.0,926.9452,327.90363,1.0,954.3136,310.321,1.0,949.2057,321.59235,1.0,939.0762,329.9255,1.0,941.555,344.1258,1.0,963.19965,326.16913,1.0,957.67755,335.03784,1.0,948.9326,342.79214,1.0
894.8597,295.93338,1.0,895.90717,311.61215,1.0,895.5498,326.901,1.0,899.10126,349.94043,1.0,904.64154,362.54456,1.0,915.3884,373.25156,1.0,924.6278,377.51358,1.0,942.0421,381.98804,1.0,967.952,383.70538,1.0,996.9711,381.2149,1.0,1021.0636,374.94327,1.0,1034.2743,369.5923,1.0,1049.501,356.9925,1.0,1060.5846,335.20523,1.0,1062.4541,319.29886,1.0,1061.3143,304.09677,1.0,1060.3364,288.73752,1.0,906.2535,266.0255,1.0,914.03094,258.10815,1.0,924.5431,253.59828,1.0,937.4694,252.70418,1.0,951.9849,254.00793,1.0,983.62537,253.38358,1.0,1000.9809,251.6443,1.0,1016.0613,252.45093,1.0,1028.2117,256.69766,1.0,1036.989,263.36987,1.0,966.0372,274.3163,1.0,964.77563,285.4514,1.0,963.77655,292.8993,1.0,963.2728,299.53052,1.0,951.6738,314.56708,1.0,956.48254,316.96606,1.0,965.62225,316.4476,1.0,975.06445,316.35785,1.0,980.4903,313.66702,1.0,916.5633,276.88617,1.0,925.8348,271.74948,1.0,936.22205,271.61896,1.0,945.7562,276.57513,1.0,935.8589,278.83615,1.0,925.93884,279.13205,1.0,989.0882,276.97888,1.0,1000.8896,271.39716,1.0,1011.57623,271.80154,1.0,1019.7722,276.79343,1.0,1011.2146,278.96564,1.0,1000.20734,278.7695,1.0,937.9754,345.29462,1.0,948.8665,335.7715,1.0,956.81775,332.7949,1.0,964.96545,333.9628,1.0,974.2836,332.70322,1.0,984.11584,335.48608,1.0,998.7778,345.44742,1.0,993.93256,349.84506,1.0,979.17944,354.11395,1.0,968.1525,354.6079,1.0,958.5773,353.84628,1.0,945.25806,349.2126,1.0,942.7933,344.6138,1.0,958.02124,340.24487,1.0,964.32104,340.00812,1.0,972.65326,340.22256,1.0,994.5406,345.07376,1.0,976.9084,345.4819,1.0,968.5701,345.47977,1.0,961.1907,344.95905,1.0,930.8657,274.62927,1.0,1004.57166,274.68423,1.0,978.7963,305.6895,0.9936565,971.1795,417.65884,0.99846506,827.71594,423.68073,0.99846506,801.6717,624.7328,0.66315997,895.6221,387.80637,0.9410162,1114.6431,411.63696,0.99942374,1172.9004,596.14734,0.8672966,1076.8954,367.40033,0.9124269,974.85675,918.6949,0.9855195,874.74915,918.89685,0.9855195,894.40405,1231.5092,0.050299253,887.44855,1563.0371,0.014187404,1074.9644,918.4929,0.98687476,1078.7924,1263.7534,0.04009154,1053.7186,1573.103,0.008723642,946.66125,271.75766,0.9915993,1006.37134,272.54254,0.98358274,914.9861,283.17883,0.9810341,1025.8585,279.84912,0.9906664,1030.4875,1684.1956,0.006805537,1030.4875,1684.1956,0.006805537,999.4454,1621.922,0.0076247766,927.9892,1660.4847,0.0070897103,927.9892,1660.4847,0.0070897103,882.8669,1613.004,0.008890038,1090.071,379.34952,1.0,1082.5452,346.97217,1.0,1066.5638,317.5133,1.0,1045.956,302.09064,1.0,1026.0732,299.3384,1.0,1063.428,292.22632,1.0,1041.3184,261.0293,1.0,1028.2024,241.63808,1.0,1018.9071,225.58765,1.0,1060.4861,300.38852,1.0,1011.2733,289.1193,1.0,1011.30365,307.0347,1.0,1022.2364,314.76596,1.0,1055.0034,315.38824,1.0,1008.9092,309.39,1.0,1013.1403,325.00327,1.0,1025.4503,329.0013,1.0,1048.8522,332.59576,1.0,1012.51227,329.0574,1.0,1016.2743,340.58997,1.0,1026.7781,344.92288,1.0,880.9658,388.02072,1.0,874.25244,350.64658,1.0,886.0938,318.4375,1.0,907.4116,302.98825,1.0,928.624,302.45532,1.0,888.7929,304.04416,1.0,909.13715,266.0106,1.0,921.22626,244.58328,1.0,929.82196,227.12231,1.0,904.43884,314.32037,1.0,942.4789,289.74582,1.0,938.3015,303.53052,1.0,925.3779,314.4275,1.0,920.93915,329.50903,1.0,951.0167,311.5815,1.0,944.7973,322.62134,1.0,934.07434,330.4347,1.0,935.0961,345.92224,1.0,957.93195,328.40903,1.0,951.8598,336.66483,1.0,942.59546,343.9922,1.0
893.00305,290.43427,1.0,894.3429,304.98273,1.0,894.70276,319.5893,1.0,899.4895,342.17844,1.0,905.62604,355.27963,1.0,916.3372,367.84656,1.0,925.09906,373.56052,1.0,942.21985,380.54797,1.0,968.2784,383.3456,1.0,996.6054,379.6183,1.0,1018.661,371.1312,1.0,1030.3087,364.50427,1.0,1043.8237,350.36722,1.0,1053.966,328.2894,1.0,1055.8518,312.8461,1.0,1055.1265,298.3364,1.0,1054.3522,284.12286,1.0,905.2714,265.80933,1.0,912.4817,258.5372,1.0,922.76996,254.15123,1.0,936.06335,253.21057,1.0,951.31903,254.58125,1.0,983.4125,254.31168,1.0,1000.26105,252.48596,1.0,1014.7846,253.0545,1.0,1026.0922,257.00342,1.0,1034.0483,263.07928,1.0,966.287,276.55936,1.0,965.4631,288.903,1.0,964.7982,297.0366,1.0,964.5137,303.95563,1.0,952.35504,316.82452,1.0,957.1092,319.2756,1.0,966.081,319.05576,1.0,975.13666,318.78546,1.0,980.2619,316.066,1.0,917.1063,277.21704,1.0,925.7486,272.3725,1.0,936.4522,272.10068,1.0,946.4465,277.36447,1.0,936.9086,279.3322,1.0,926.8146,279.71692,1.0,987.6027,277.69086,1.0,999.53827,271.65848,1.0,1010.28534,272.11066,1.0,1017.7076,276.93094,1.0,1008.8017,279.50772,1.0,998.08856,279.23004,1.0,940.8119,346.4413,1.0,950.0205,336.9581,1.0,957.5004,334.0205,1.0,965.4351,335.08926,1.0,974.23755,333.8699,1.0,983.2073,336.7186,1.0,995.7941,346.93802,1.0,991.93,351.8423,1.0,978.3807,356.66733,1.0,968.045,357.20517,1.0,958.83636,356.3709,1.0,946.4974,351.0722,1.0,945.0432,345.92932,1.0,959.0223,341.60858,1.0,964.9865,341.39914,1.0,972.45215,341.62592,1.0,992.02637,346.6471,1.0,975.9836,347.75333,1.0,968.4375,347.768,1.0,961.5345,347.23584,1.0,931.96704,275.15564,1.0,1003.75934,274.9885,1.0,979.28925,305.6896,0.99364954,972.0445,418.10132,0.9984403,829.6912,423.71432,0.9984403,798.4377,622.9883,0.6478845,888.0136,386.54752,0.9421009,1114.3977,412.4883,0.9993289,1172.2239,595.75946,0.85737073,1077.0481,371.28644,0.90618134,975.08527,918.84827,0.9859387,874.86914,919.0976,0.9859387,895.4069,1231.7429,0.046474706,886.88196,1563.9655,0.013343918,1075.3014,918.5989,0.9869345,1077.005,1263.868,0.03752162,1053.656,1573.789,0.008255137,946.3561,272.0378,0.99178296,1008.01587,272.93362,0.98327506,914.8927,284.76627,0.9816633,1027.037,280.18774,0.9902308,1029.8293,1685.319,0.006644971,1029.8293,1685.319,0.006644971,999.8317,1622.601,0.0073987045,927.0993,1661.0024,0.006745738,927.0993,1661.0024,0.006745738,882.2141,1614.1619,0.0084973285,1091.2289,381.71805,1.0,1057.728,360.16867,1.0,1039.0234,333.52118,1.0,1024.5562,314.5697,1.0,1009.92316,305.1901,1.0,1062.9586,291.41998,1.0,1043.5518,262.97714,1.0,1031.5692,243.32199,1.0,1024.1456,225.71693,1.0,1069.1357,298.58722,1.0,1017.4149,291.21896,1.0,1010.39087,311.6774,1.0,1018.27057,321.62872,1.0,1069.3975,312.9754,1.0,1018.8209,310.29636,1.0,1015.4022,327.42764,1.0,1025.5227,333.89566,1.0,1066.7188,330.43054,1.0,1027.1506,330.8054,1.0,1024.7904,342.9991,1.0,1034.6797,348.4842,1.0,869.2647,386.30518,1.0,867.2619,348.74564,1.0,880.8504,316.3552,1.0,901.94885,299.746,1.0,923.14764,296.4964,1.0,879.05786,299.66003,1.0,901.8762,264.79437,1.0,915.71124,244.42,1.0,925.9726,227.36256,1.0,890.34326,309.93866,1.0,935.9343,292.5477,1.0,934.0057,308.97855,1.0,920.68256,319.0492,1.0,904.65826,326.4064,1.0,943.044,315.15445,1.0,937.2221,328.26257,1.0,924.86804,334.6959,1.0,918.76605,345.0764,1.0,948.624,332.13556,1.0,942.76373,342.44864,1.0,931.9923,348.5205,1.0
891.1464,284.93515,1.0,892.77856,298.35327,1.0,893.8557,312.27762,1.0,899.8778,334.41647,1.0,906.61053,348.0147,1.0,917.286,362.44156,1.0,925.5703,369.60748,1.0,942.3976,379.1079,1.0,968.60474,382.98587,1.0,996.2397,378.02164,1.0,1016.2584,367.3191,1.0,1026.3431,359.41626,1.0,1038.1465,343.74197,1.0,1047.3473,321.37357,1.0,1049.2494,306.39334,1.0,1048.9385,292.57602,1.0,1048.3679,279.50824,1.0,904.28937,265.59314,1.0,910.93243,258.96628,1.0,920.99677,254.70418,1.0,934.65735,253.71698,1.0,950.65314,255.15456,1.0,983.1996,255.23979,1.0,999.54114,253.32764,1.0,1013.508,253.6581,1.0,1023.97266,257.30914,1.0,1031.1077,262.7887,1.0,966.5368,278.80243,1.0,966.1506,292.3546,1.0,965.8199,301.1739,1.0,965.7546,308.38074,1.0,953.0363,319.082,1.0,957.73584,321.58514,1.0,966.5397,321.66394,1.0,975.2089,321.21304,1.0,980.03357,318.465,1.0,917.6494,277.54794,1.0,925.6625,272.99554,1.0,936.6824,272.5824,1.0,947.1367,278.15384,1.0,937.95844,279.82828,1.0,927.69025,280.30176,1.0,986.1172,278.40283,1.0,998.18695,271.91977,1.0,1008.9945,272.4198,1.0,1015.64294,277.06845,1.0,1006.3888,280.0498,1.0,995.9698,279.69058,1.0,943.6483,347.588,1.0,951.17444,338.1447,1.0,958.1831,335.24612,1.0,965.90485,336.21573,1.0,974.1915,335.03662,1.0,982.2987,337.95114,1.0,992.8105,348.4286,1.0,989.92737,353.83954,1.0,977.5819,359.22067,1.0,967.93744,359.8024,1.0,959.09546,358.89554,1.0,947.73676,352.9318,1.0,947.2931,347.24484,1.0,960.02325,342.9723,1.0,965.65204,342.79016,1.0,972.25104,343.02927,1.0,989.5121,348.22043,1.0,975.0588,350.02475,1.0,968.3049,350.05627,1.0,961.8783,349.51266,1.0,933.0684,275.68204,1.0,1002.947,275.29272,1.0,979.055,309.08026,0.99366045,972.55585,420.35297,0.9984059,831.1023,424.65482,0.9984059,794.17163,618.7204,0.6327529,879.20166,380.4399,0.9444354,1114.0094,416.05112,0.99928087,1172.5455,597.781,0.8543886,1078.8164,380.61646,0.90717417,975.10065,921.1722,0.9860921,874.7894,921.45044,0.9860921,894.3463,1233.151,0.043277595,886.46783,1565.4607,0.012860657,1075.4119,920.8939,0.98684007,1074.2465,1268.4441,0.035159662,1053.6016,1574.0621,0.008051331,943.0398,274.65707,0.9919116,1008.6445,276.3205,0.9831966,914.8014,286.92477,0.98221487,1027.3772,282.98834,0.99013007,1029.5311,1686.4797,0.0067590396,1029.5311,1686.4797,0.0067590396,1000.15674,1623.4791,0.0074557154,925.03796,1664.0323,0.0065952092,925.03796,1664.0323,0.0065952092,881.98065,1617.4081,0.008482401,1087.7601,383.52237,1.0,1056.2668,365.7243,1.0,1037.9491,337.74576,1.0,1030.1027,317.31027,1.0,1023.5003,300.65665,1.0,1064.5156,292.09726,1.0,1053.6428,261.221,1.0,1047.0446,240.49771,1.0,1042.8315,223.41046,1.0,1079.7322,295.0841,1.0,1044.4749,283.18536,1.0,1030.435,307.22754,1.0,1030.7465,324.89084,1.0,1090.781,305.64062,1.0,1053.5249,299.35138,1.0,1041.4384,321.2,1.0,1044.1481,335.6531,1.0,1097.965,321.23804,1.0,1068.0679,317.62402,1.0,1055.9567,330.45508,1.0,1056.9911,340.65942,1.0,862.3492,391.36478,1.0,892.4911,361.99377,1.0,907.05005,336.41046,1.0,921.48083,321.53812,1.0,935.6297,313.8954,1.0,866.09326,298.86575,1.0,885.4825,266.50284,1.0,896.61145,243.90341,1.0,903.08746,225.72241,1.0,860.23236,307.1725,1.0,910.6713,289.4284,1.0,927.67926,309.82022,1.0,928.8111,324.48175,1.0,864.7502,321.50613,1.0,916.12006,311.3456,1.0,924.61584,328.0832,1.0,918.36426,338.98132,1.0,874.65,337.19113,1.0,915.06964,329.9767,1.0,921.3822,340.6664,1.0,915.9426,347.78,1.0
889.28986,279.43607,1.0,891.2143,291.72382,1.0,893.00867,304.96594,1.0,900.26605,326.6545,1.0,907.59503,340.7498,1.0,918.2348,357.0366,1.0,926.0416,365.65442,1.0,942.5753,377.66785,1.0,968.9311,382.6261,1.0,995.87396,376.42502,1.0,1013.8558,363.50702,1.0,1022.37744,354.32822,1.0,1032.4694,337.1167,1.0,1040.7286,314.45773,1.0,1042.6471,299.94058,1.0,1042.7505,286.81564,1.0,1042.3837,274.8936,1.0,903.3073,265.37695,1.0,909.3832,259.39532,1.0,919.2236,255.25714,1.0,933.25134,254.22337,1.0,949.9872,255.72787,1.0,982.9867,256.1679,1.0,998.8213,254.16931,1.0,1012.2313,254.26167,1.0,1021.85315,257.61487,1.0,1028.1671,262.4981,1.0,966.7866,281.0455,1.0,966.838,295.80624,1.0,966.8415,305.3112,1.0,966.9954,312.80585,1.0,953.7175,321.33945,1.0,958.3625,323.89468,1.0,966.9984,324.27213,1.0,975.2812,323.64062,1.0,979.8052,320.86398,1.0,918.19244,277.87885,1.0,925.57635,273.61856,1.0,936.91254,273.06412,1.0,947.82697,278.94318,1.0,939.00824,280.32434,1.0,928.566,280.88663,1.0,984.6317,279.1148,1.0,996.83563,272.1811,1.0,1007.7036,272.72894,1.0,1013.5783,277.20596,1.0,1003.9759,280.5919,1.0,993.851,280.15112,1.0,946.48474,348.73474,1.0,952.32837,339.3313,1.0,958.8657,336.47174,1.0,966.3745,337.34216,1.0,974.14545,336.2033,1.0,981.39014,339.18365,1.0,989.82684,349.9192,1.0,987.9248,355.8368,1.0,976.7831,361.77405,1.0,967.82983,362.39966,1.0,959.35455,361.42017,1.0,948.9761,354.7914,1.0,949.543,348.56036,1.0,961.0243,344.336,1.0,966.3175,344.1812,1.0,972.0499,344.43262,1.0,986.99786,349.79376,1.0,974.134,352.2962,1.0,968.17224,352.3445,1.0,962.2221,351.78946,1.0,934.16974,276.2084,1.0,1002.1347,275.597,1.0,975.4316,311.90555,0.9938696,973.758,420.2348,0.99846643,833.30945,424.68765,0.99846643,786.3403,619.45917,0.61919075,866.1652,387.4185,0.948805,1114.2065,415.78192,0.9992887,1178.2521,601.4232,0.8528177,1087.1902,384.50626,0.91239506,975.58624,924.3574,0.9852797,875.2746,925.4192,0.9852797,888.7024,1234.9918,0.039540943,880.7614,1565.6193,0.012004385,1075.8978,923.29565,0.98561895,1069.8641,1273.2661,0.032227956,1052.4675,1576.0668,0.0076027717,937.17035,278.7958,0.992277,1008.56635,278.47986,0.98366225,913.9914,287.326,0.9832208,1027.1327,283.81824,0.9904132,1025.2413,1691.997,0.006609221,1025.2413,1691.997,0.006609221,1031.6183,1624.1233,0.0073514604,920.39166,1666.0503,0.0062071867,920.39166,1666.0503,0.0062071867,876.0016,1618.0461,0.008220695,1094.6682,383.69748,1.0,1068.0265,365.4164,1.0,1051.6696,334.67798,1.0,1050.5802,310.20685,1.0,1058.6625,292.15012,1.0,1071.4438,297.48376,1.0,1066.8892,262.06653,1.0,1063.8416,241.69914,1.0,1063.4512,223.89815,1.0,1087.9565,299.54645,1.0,1079.9164,273.76666,1.0,1068.84,298.1079,1.0,1066.3302,317.0558,1.0,1105.0742,306.04126,1.0,1095.168,282.56436,1.0,1083.8429,307.21265,1.0,1083.111,324.35858,1.0,1123.638,316.95044,1.0,1113.02,298.74615,1.0,1101.3047,312.969,1.0,1099.4926,325.17056,1.0,864.8827,391.2957,1.0,886.5756,367.14737,1.0,899.7112,339.18298,1.0,904.5847,316.61148,1.0,894.9431,307.27875,1.0,864.0807,300.75293,1.0,867.4843,267.01263,1.0,871.51245,245.90103,1.0,873.15497,227.21698,1.0,848.8458,305.75677,1.0,860.865,277.85565,1.0,882.11444,294.2307,1.0,892.1181,313.33084,1.0,837.9137,314.5521,1.0,859.2232,296.4002,1.0,874.7943,317.69482,1.0,878.5858,337.52634,1.0,829.7185,326.50208,1.0,849.041,308.19922,1.0,861.885,318.59677,1.0,865.64307,332.1504,1.0
890.6094,278.90775,1.0,892.48065,291.006,1.0,894.0661,304.05557,1.0,900.7748,325.6816,1.0,907.6952,339.88666,1.0,917.8749,356.46988,1.0,925.59344,365.31345,1.0,942.17346,377.6931,1.0,968.56757,382.95383,1.0,995.5549,376.52216,1.0,1013.3836,363.37607,1.0,1021.7945,354.07538,1.0,1031.8368,336.763,1.0,1040.128,314.0561,1.0,1042.129,299.6616,1.0,1042.3754,286.6255,1.0,1042.2069,274.80637,1.0,904.1448,265.16187,1.0,909.981,259.2524,1.0,919.62744,255.17415,1.0,933.60895,254.22545,1.0,950.3254,255.81091,1.0,983.1055,256.29617,1.0,998.93506,254.19951,1.0,1012.3553,254.2503,1.0,1022.01166,257.5594,1.0,1028.1787,262.47424,1.0,967.01746,281.12222,1.0,967.1038,295.87265,1.0,967.15814,305.358,1.0,967.2932,312.78036,1.0,953.9428,321.11365,1.0,958.53455,323.7523,1.0,967.17114,324.1127,1.0,975.4511,323.53427,1.0,980.0004,320.6579,1.0,918.69104,277.76453,1.0,925.88794,273.53586,1.0,937.1639,272.96198,1.0,948.0448,278.88654,1.0,939.25757,280.29657,1.0,928.84863,280.84332,1.0,984.5442,279.072,1.0,996.68414,272.11942,1.0,1007.67017,272.61276,1.0,1013.5462,276.9993,1.0,1003.9359,280.49258,1.0,993.69104,280.12125,1.0,946.2724,349.03815,1.0,952.30853,339.38647,1.0,958.93835,336.49036,1.0,966.55133,337.37796,1.0,974.36835,336.2615,1.0,981.60333,339.28616,1.0,989.7611,350.30588,1.0,987.78796,356.5416,1.0,976.50494,362.6808,1.0,967.4325,363.38715,1.0,958.87994,362.39267,1.0,948.40857,355.53647,1.0,949.3701,348.8588,1.0,961.0737,344.2609,1.0,966.39966,344.13016,1.0,972.16547,344.37036,1.0,986.89075,350.1859,1.0,973.8249,353.26892,1.0,967.8317,353.328,1.0,961.89685,352.78558,1.0,934.21954,276.21768,1.0,1001.68555,275.581,1.0,972.5457,314.95358,0.994145,974.997,421.56662,0.9985112,835.7423,425.62,0.9985112,776.50604,620.98145,0.60950255,846.3709,391.28738,0.9527603,1114.2517,417.5132,0.99928886,1190.3314,603.3665,0.85030484,1104.1945,381.31497,0.91724336,975.48914,927.94763,0.98444957,874.94214,929.9379,0.98444957,888.4164,1235.0664,0.036330026,879.6278,1568.2908,0.011460371,1076.0361,925.9574,0.98446625,1069.6366,1278.2771,0.029774725,1051.8906,1580.0781,0.007393688,936.76965,280.89804,0.9926843,1008.50543,280.23068,0.98438346,914.58215,287.76892,0.9842599,1027.4218,285.54202,0.9908164,1025.1587,1700.7817,0.0067482744,1025.1587,1700.7817,0.0067482744,1041.4719,1625.2295,0.0075467094,917.95386,1675.9644,0.0059934817,917.95386,1675.9644,0.0059934817,874.52905,1623.0956,0.008177191,1114.9329,384.22482,1.0,1089.4114,362.05637,1.0,1076.1997,329.518,1.0,1076.2723,303.3237,1.0,1087.8152,284.9988,1.0,1097.3647,296.544,1.0,1095.704,262.4021,1.0,1094.2408,242.13344,1.0,1095.8212,224.52655,1.0,1114.0952,298.40085,1.0,1111.3612,269.04245,1.0,1099.2202,289.41846,1.0,1095.1552,308.8109,1.0,1130.8204,305.4405,1.0,1126.6609,279.0278,1.0,1112.6766,299.68762,1.0,1109.0381,318.3554,1.0,1148.184,317.0594,1.0,1141.6448,297.26086,1.0,1127.6798,309.41998,1.0,1121.6394,323.9243,1.0,842.98413,390.80182,1.0,863.7229,365.8518,1.0,875.6065,334.59082,1.0,875.09985,308.28516,1.0,859.4516,297.16412,1.0,847.23175,304.6459,1.0,848.4407,270.85065,1.0,850.3096,251.72559,1.0,849.75903,234.54852,1.0,831.49866,308.6723,1.0,831.2025,276.5252,1.0,844.30334,294.7301,1.0,850.32513,313.15057,1.0,816.69714,316.40338,1.0,822.32446,292.74408,1.0,835.03284,315.37158,1.0,838.6275,336.08698,1.0,801.2306,327.01602,1.0,803.3313,300.80197,1.0,816.07135,308.56784,1.0,822.8284,322.15967,1.0
891.92896,278.37946,1.0,893.7471,290.2882,1.0,895.1236,303.14517,1.0,901.2835,324.7087,1.0,907.7953,339.02353,1.0,917.515,355.90317,1.0,925.1452,364.97247,1.0,941.77155,377.71835,1.0,968.20404,383.28156,1.0,995.2358,376.6193,1.0,1012.9114,363.24512,1.0,1021.21155,353.82254,1.0,1031.2043,336.4093,1.0,1039.5276,313.65445,1.0,1041.6108,299.38257,1.0,1042.0002,286.43533,1.0,1042.03,274.71915,1.0,904.9823,264.94678,1.0,910.5789,259.10947,1.0,920.0314,255.09116,1.0,933.9665,254.22751,1.0,950.6635,255.89395,1.0,983.2243,256.4244,1.0,999.04877,254.2297,1.0,1012.4792,254.23894,1.0,1022.1702,257.50388,1.0,1028.1904,262.4504,1.0,967.2482,281.19897,1.0,967.3696,295.93906,1.0,967.47485,305.40485,1.0,967.59094,312.75485,1.0,954.1681,320.88785,1.0,958.7066,323.6099,1.0,967.34393,323.95328,1.0,975.621,323.42792,1.0,980.1956,320.45178,1.0,919.1897,277.6502,1.0,926.1996,273.45316,1.0,937.4152,272.85983,1.0,948.26263,278.8299,1.0,939.5069,280.26883,1.0,929.1313,280.80002,1.0,984.4567,279.02914,1.0,996.5326,272.05774,1.0,1007.6367,272.49658,1.0,1013.5141,276.79266,1.0,1003.896,280.39328,1.0,993.5311,280.09137,1.0,946.06,349.34158,1.0,952.28876,339.44165,1.0,959.0109,336.509,1.0,966.7282,337.41376,1.0,974.5913,336.31973,1.0,981.8165,339.38864,1.0,989.6954,350.69257,1.0,987.6511,357.2464,1.0,976.22675,363.58752,1.0,967.0351,364.3746,1.0,958.40533,363.36517,1.0,947.841,356.28156,1.0,949.19727,349.15723,1.0,961.12317,344.18582,1.0,966.4819,344.0791,1.0,972.281,344.3081,1.0,986.78357,350.5781,1.0,973.5158,354.24164,1.0,967.49115,354.3115,1.0,961.5716,353.7817,1.0,934.2694,276.227,1.0,1001.23645,275.56497,1.0,970.89935,317.94495,0.9945278,974.78,423.91428,0.9985755,835.3164,425.80908,0.9985755,763.46735,621.70795,0.6063554,828.24396,393.66818,0.95675534,1114.2437,422.01947,0.9992992,1203.7997,604.3004,0.85306394,1127.7224,385.73822,0.9229528,975.01996,928.68365,0.9830153,873.993,930.86615,0.983399,888.5765,1235.0709,0.033503223,879.60565,1571.1827,0.011057512,1076.047,926.5011,0.9830153,1068.0355,1279.3627,0.027692324,1051.7406,1581.9768,0.007303146,936.3165,283.23505,0.9931959,1008.45105,283.22894,0.9853631,914.5358,287.9513,0.9854348,1027.6656,288.55103,0.99139047,1025.0496,1703.3823,0.00698955,1025.0496,1703.3823,0.00698955,1047.5377,1626.3585,0.007938419,917.90466,1682.7289,0.00583751,917.90466,1682.7289,0.00583751,874.2287,1628.5636,0.00833786,1130.3854,386.44095,1.0,1105.3578,361.90533,1.0,1095.6356,329.04724,1.0,1098.0339,303.15002,1.0,1110.0503,285.8726,1.0,1117.611,299.89172,1.0,1116.6766,267.49115,1.0,1115.3931,247.9286,1.0,1117.4734,231.15833,1.0,1134.1831,302.58694,1.0,1134.965,271.59915,1.0,1120.5732,289.64917,1.0,1113.9475,308.09866,1.0,1150.4648,310.32355,1.0,1149.6539,283.50494,1.0,1134.3118,301.8367,1.0,1128.9001,319.11667,1.0,1167.3385,322.82043,1.0,1164.1436,302.76617,1.0,1149.6681,312.3741,1.0,1142.8481,324.96997,1.0,827.032,391.86835,1.0,847.284,368.5753,1.0,856.7598,337.59647,1.0,855.7037,311.73544,1.0,841.22516,300.37225,1.0,829.69165,308.82153,1.0,829.1185,274.4461,1.0,829.529,254.36823,1.0,827.62744,236.80566,1.0,813.3321,312.68488,1.0,810.28815,278.71838,1.0,825.88446,292.38776,1.0,835.2672,310.1774,1.0,797.9029,321.34143,1.0,803.1655,297.3984,1.0,817.83887,317.84717,1.0,823.782,338.17545,1.0,782.6142,333.17126,1.0,785.47144,308.4308,1.0,799.2136,315.4395,1.0,807.26544,328.42496,1.0
893.2485,277.85117,1.0,895.0134,289.57037,1.0,896.1811,302.23477,1.0,901.7922,323.73584,1.0,907.89545,338.1604,1.0,917.1551,355.33646,1.0,924.697,364.6315,1.0,941.3697,377.74362,1.0,967.8405,383.60925,1.0,994.9167,376.71643,1.0,1012.43915,363.11417,1.0,1020.6286,353.56973,1.0,1030.5718,336.05557,1.0,1038.927,313.2528,1.0,1041.0928,299.10358,1.0,1041.6251,286.24518,1.0,1041.8533,274.63193,1.0,905.81976,264.7317,1.0,911.17676,258.96655,1.0,920.43524,255.00816,1.0,934.3241,254.22958,1.0,951.00165,255.97699,1.0,983.34314,256.55267,1.0,999.16254,254.2599,1.0,1012.60315,254.22758,1.0,1022.32874,257.4484,1.0,1028.202,262.42654,1.0,967.47906,281.2757,1.0,967.63544,296.0055,1.0,967.7915,305.45166,1.0,967.88873,312.72937,1.0,954.3934,320.66202,1.0,958.87866,323.46753,1.0,967.51666,323.79388,1.0,975.7909,323.32156,1.0,980.3908,320.24567,1.0,919.6883,277.5359,1.0,926.51117,273.37045,1.0,937.6665,272.7577,1.0,948.48047,278.77325,1.0,939.7562,280.2411,1.0,929.41394,280.7567,1.0,984.3692,278.9863,1.0,996.38104,271.99606,1.0,1007.60333,272.3804,1.0,1013.482,276.586,1.0,1003.856,280.29398,1.0,993.3712,280.0615,1.0,945.84766,349.645,1.0,952.2689,339.49683,1.0,959.08356,336.52765,1.0,966.905,337.44955,1.0,974.8142,336.37793,1.0,982.0298,339.49112,1.0,989.62964,351.07925,1.0,987.5143,357.95123,1.0,975.9486,364.49426,1.0,966.6377,365.3621,1.0,957.9307,364.33768,1.0,947.27344,357.0266,1.0,949.0244,349.45563,1.0,961.17255,344.11072,1.0,966.5641,344.02805,1.0,972.39655,344.24585,1.0,986.67645,350.97025,1.0,973.20667,355.2144,1.0,967.1506,355.29498,1.0,961.24634,354.77783,1.0,934.3192,276.2363,1.0,1000.7873,275.54898,1.0,970.33655,320.86288,0.99496347,974.19116,427.50723,0.99864477,834.1073,427.4747,0.99864477,751.62024,623.60406,0.60772455,816.9179,394.59717,0.96048176,1114.2749,427.53973,0.9993205,1217.3945,605.6773,0.860158,1137.5845,391.15558,0.92912096,974.9542,929.0779,0.9824204,873.88617,930.9642,0.98299843,888.0624,1235.5795,0.031475183,875.82587,1575.1218,0.0110129025,1076.0222,927.1916,0.9824204,1067.4044,1284.0748,0.026318662,1050.0651,1587.5535,0.0074339085,935.9919,285.02756,0.9937518,1008.41724,286.493,0.9864969,914.4073,288.1238,0.9866544,1027.94,291.6141,0.99204314,1020.9443,1713.0876,0.0074593206,1020.9443,1713.0876,0.0074593206,1047.2312,1630.6575,0.008477092,911.1122,1690.0438,0.0058587985,911.1122,1690.0438,0.0058587985,870.4128,1633.0878,0.00866381,1139.6534,395.23193,1.0,1114.1848,372.82062,1.0,1103.2937,339.04868,1.0,1105.2913,312.32928,1.0,1115.648,292.06195,1.0,1124.9069,309.31796,1.0,1122.0713,278.48465,1.0,1118.9895,258.96494,1.0,1119.2698,242.50227,1.0,1142.11,311.48056,1.0,1142.9344,280.0199,1.0,1129.0295,295.50488,1.0,1121.26,314.04,1.0,1159.1443,318.85214,1.0,1158.6227,292.34927,1.0,1142.6392,308.53293,1.0,1135.7917,325.6569,1.0,1176.8362,330.67755,1.0,1173.8362,309.34558,1.0,1159.9915,317.6357,1.0,1152.8013,330.65015,1.0,818.29144,398.00275,1.0,839.68976,376.27783,1.0,850.00256,348.23636,1.0,851.60376,323.46307,1.0,845.237,302.48282,1.0,824.8729,314.68768,1.0,826.5021,280.2415,1.0,827.8779,259.4593,1.0,827.3425,241.22816,1.0,807.81177,318.0259,1.0,805.2739,284.03806,1.0,820.6278,292.75308,1.0,831.2868,307.5702,1.0,791.46716,326.27042,1.0,793.16815,298.67093,1.0,809.5627,313.41214,1.0,818.7222,332.40765,1.0,774.56366,338.4656,1.0,772.6818,311.68082,1.0,787.10223,314.6125,1.0,797.7101,326.10687,1.0
892.8288,277.2886,1.0,894.61774,289.08353,1.0,895.81946,301.807,1.0,901.43585,323.37683,1.0,907.5244,337.76627,1.0,916.73126,354.6954,1.0,924.2351,363.8369,1.0,940.96643,376.7409,1.0,967.68896,382.5047,1.0,995.29114,375.53775,1.0,1013.1018,361.84628,1.0,1021.41516,352.3381,1.0,1031.4999,334.92377,1.0,1039.86,312.14853,1.0,1041.8125,297.9082,1.0,1042.1271,284.99112,1.0,1042.0865,273.23615,1.0,904.7083,263.28702,1.0,910.0318,257.52344,1.0,919.27966,253.58833,1.0,933.1302,252.75618,1.0,949.81586,254.38803,1.0,982.5509,254.60724,1.0,998.5352,252.15492,1.0,1012.0847,251.98672,1.0,1021.90967,255.08658,1.0,1027.9236,260.0828,1.0,966.8352,279.16428,1.0,967.1867,293.5216,1.0,967.4854,302.76657,1.0,967.71594,309.96646,1.0,954.55945,318.30887,1.0,959.01715,321.08707,1.0,967.5623,321.32172,1.0,975.74445,320.82343,1.0,980.2557,317.71634,1.0,919.05194,276.01584,1.0,925.8854,272.05438,1.0,936.92664,271.36835,1.0,947.91364,276.88336,1.0,939.0569,278.39258,1.0,928.7305,278.9983,1.0,983.97614,276.80014,1.0,995.9576,270.08362,1.0,1007.13855,270.32922,1.0,1013.21295,274.24478,1.0,1003.6233,277.87918,1.0,993.13104,277.75266,1.0,945.6674,347.7985,1.0,952.2658,337.41846,1.0,959.2161,334.32184,1.0,967.08966,335.25238,1.0,975.03107,334.15482,1.0,982.39087,337.3778,1.0,990.11633,349.1145,1.0,987.88605,355.9879,1.0,976.0041,362.45505,1.0,966.6117,363.31372,1.0,957.8761,362.34647,1.0,947.1278,355.15298,1.0,948.8712,347.61234,1.0,961.311,342.17804,1.0,966.75525,342.10098,1.0,972.64014,342.32498,1.0,987.11224,349.0022,1.0,973.2345,352.93353,1.0,967.1499,353.008,1.0,961.2181,352.51785,1.0,933.8677,274.69772,1.0,1000.55945,273.3946,1.0,970.2522,322.68274,0.99535936,974.6607,431.12112,0.9987149,833.81104,429.42108,0.9987149,742.2559,627.41974,0.60674226,815.8613,397.16467,0.9637972,1115.5104,432.82114,0.9993529,1226.5629,614.9884,0.8688118,1141.8684,397.29257,0.9351477,974.97644,932.4664,0.98196244,873.88293,933.90857,0.982634,881.2547,1236.7728,0.029900063,864.425,1577.9506,0.011044787,1076.07,931.0241,0.98196244,1064.7594,1287.6384,0.024915656,1043.018,1590.859,0.0074843173,935.92126,286.51608,0.9942497,1008.3826,287.80045,0.98753726,913.4485,288.8312,0.9877455,1028.0338,292.6502,0.9926528,1007.2489,1718.6692,0.007846564,1007.2489,1718.6692,0.007846564,1046.1748,1632.348,0.008931432,897.60724,1694.8748,0.0059422036,897.60724,1694.8748,0.0059422036,859.1368,1635.4108,0.009074615,1137.3539,414.1562,1.0,1113.2854,394.38202,1.0,1101.3071,360.43283,1.0,1101.4125,334.68576,1.0,1106.4684,312.65106,1.0,1124.738,328.8826,1.0,1121.1771,295.43936,1.0,1118.3496,274.60074,1.0,1118.8649,257.00583,1.0,1142.379,331.15045,1.0,1142.0773,297.154,1.0,1127.1166,311.89362,1.0,1118.3738,329.15027,1.0,1159.6642,338.92114,1.0,1158.5796,309.50696,1.0,1141.3795,325.41333,1.0,1132.77,342.54422,1.0,1177.5903,351.3806,1.0,1177.1582,326.26645,1.0,1161.8973,333.53812,1.0,1151.5797,346.98672,1.0,817.3251,410.68344,1.0,841.3381,391.6543,1.0,853.6873,363.60202,1.0,856.99695,340.11816,1.0,862.03564,317.90582,1.0,827.9306,325.49234,1.0,833.6058,292.7131,1.0,838.07306,272.1057,1.0,841.4333,253.98727,1.0,809.95715,326.47586,1.0,807.34015,294.52078,1.0,819.7968,286.70544,1.0,832.3735,287.27435,1.0,792.8574,334.63803,1.0,788.4514,304.93555,1.0,804.50085,302.18512,1.0,819.66016,309.058,1.0,776.539,347.77704,1.0,768.4932,321.61105,1.0,780.6029,316.1202,1.0,795.0347,320.4185,1.0
892.40906,276.72607,1.0,894.222,288.59668,1.0,895.4579,301.37927,1.0,901.0795,323.01782,1.0,907.1534,337.37216,1.0,916.3074,354.05432,1.0,923.77313,363.04233,1.0,940.5632,375.73822,1.0,967.5374,381.40015,1.0,995.6656,374.35904,1.0,1013.76447,360.57843,1.0,1022.2018,351.1065,1.0,1032.4279,333.79193,1.0,1040.793,311.04425,1.0,1042.5321,296.7128,1.0,1042.6292,283.73706,1.0,1042.3198,271.84036,1.0,903.59686,261.84235,1.0,908.88684,256.0803,1.0,918.124,252.1685,1.0,931.9363,251.28276,1.0,948.6301,252.79906,1.0,981.7587,252.66182,1.0,997.9079,250.04996,1.0,1011.5663,249.74586,1.0,1021.4906,252.72475,1.0,1027.645,257.739,1.0,966.1914,277.05283,1.0,966.738,291.03775,1.0,967.1793,300.08148,1.0,967.54315,307.20352,1.0,954.72546,315.9557,1.0,959.1556,318.7066,1.0,967.60803,318.84955,1.0,975.698,318.3253,1.0,980.12054,315.187,1.0,918.4156,274.49582,1.0,925.2595,270.73834,1.0,936.1867,269.979,1.0,947.3468,274.99347,1.0,938.3576,276.54407,1.0,928.0471,277.23987,1.0,983.58307,274.61398,1.0,995.5341,268.17114,1.0,1006.6737,268.27805,1.0,1012.9439,271.90356,1.0,1003.3905,275.4644,1.0,992.8908,275.44382,1.0,945.48724,345.952,1.0,952.2627,335.34012,1.0,959.3487,332.11606,1.0,967.2743,333.0552,1.0,975.248,331.9317,1.0,982.75195,335.2645,1.0,990.60297,347.14978,1.0,988.2578,354.02463,1.0,976.0596,360.41583,1.0,966.58563,361.26532,1.0,957.8214,360.3553,1.0,946.9821,353.27936,1.0,948.718,345.769,1.0,961.4494,340.24533,1.0,966.9464,340.1739,1.0,972.88367,340.4041,1.0,987.54803,347.03418,1.0,973.2623,350.65268,1.0,967.14923,350.72104,1.0,961.1898,350.25787,1.0,933.41614,273.15918,1.0,1000.33154,271.2402,1.0,968.69165,322.20703,0.9957074,977.02563,435.8353,0.9987935,833.6874,433.0069,0.9987935,735.8077,633.17975,0.6050751,811.8905,406.41187,0.9669529,1120.3639,438.6637,0.99939126,1233.986,632.34515,0.87597686,1141.5824,425.14438,0.94070613,975.1824,935.5173,0.9812769,873.8797,936.89075,0.9820152,879.3462,1240.5059,0.027781194,862.8625,1583.559,0.010731038,1076.4851,934.1438,0.9812769,1064.8171,1294.3293,0.02321176,1042.662,1597.1957,0.007329292,934.4113,286.25247,0.9946901,1008.03326,287.44104,0.98845875,913.371,289.05975,0.9887304,1028.1766,292.5195,0.9932051,1005.2489,1723.5719,0.007974471,1005.2489,1723.5719,0.007974471,1045.9666,1638.2799,0.009175849,895.4243,1698.5428,0.0058253556,895.4243,1698.5428,0.0058253556,857.9364,1641.7262,0.009141765,1134.2966,442.14453,1.0,1107.8694,426.09195,1.0,1094.5684,395.06454,1.0,1093.4109,372.91855,1.0,1092.3666,352.15918,1.0,1118.1337,357.39664,1.0,1114.8123,323.22766,1.0,1111.1038,301.97864,1.0,1110.6252,283.81586,1.0,1136.4398,361.066,1.0,1137.8713,326.52744,1.0,1122.0566,337.06903,1.0,1112.3368,353.30106,1.0,1153.7787,369.86737,1.0,1154.5842,341.33554,1.0,1137.24,352.17886,1.0,1128.4581,367.0222,1.0,1172.1814,382.8066,1.0,1173.6104,359.17444,1.0,1158.1937,364.2211,1.0,1147.6063,376.32718,1.0,819.21436,423.5024,1.0,843.27423,402.73758,1.0,856.0965,375.8945,1.0,865.84607,354.28134,1.0,877.7535,336.46463,1.0,830.07025,337.8584,1.0,839.3305,310.606,1.0,849.05634,294.7418,1.0,860.0951,280.46167,1.0,811.7328,336.51044,1.0,814.20734,307.82224,1.0,822.6365,293.57257,1.0,834.32574,281.52173,1.0,794.23096,342.5349,1.0,792.4525,315.26053,1.0,799.59424,298.96747,1.0,811.3796,285.76544,1.0,777.7732,355.32596,1.0,766.8714,333.5451,1.0,769.0528,318.79257,1.0,777.70984,306.41705,1.0
891.9894,276.1635,1.0,893.8263,288.1098,1.0,895.09625,300.9515,1.0,900.72314,322.6588,1.0,906.78235,336.97803,1.0,915.8835,353.41327,1.0,923.31116,362.24774,1.0,940.1599,374.7355,1.0,967.38586,380.2956,1.0,996.04004,373.18036,1.0,1014.42706,359.31055,1.0,1022.98834,349.8749,1.0,1033.356,332.66013,1.0,1041.726,309.93997,1.0,1043.2517,295.51743,1.0,1043.1311,282.483,1.0,1042.5532,270.44455,1.0,902.4854,260.39767,1.0,907.7419,254.63716,1.0,916.96844,250.74866,1.0,930.7424,249.80936,1.0,947.44434,251.21008,1.0,980.9665,250.7164,1.0,997.28064,247.94498,1.0,1011.04785,247.505,1.0,1021.0715,250.36293,1.0,1027.3666,255.39525,1.0,965.54755,274.9414,1.0,966.2893,288.5539,1.0,966.8732,297.3964,1.0,967.37036,304.4406,1.0,954.8915,313.60254,1.0,959.294,316.32614,1.0,967.65375,316.37738,1.0,975.65155,315.82715,1.0,979.98535,312.6577,1.0,917.77924,272.97577,1.0,924.6337,269.42227,1.0,935.44684,268.5897,1.0,946.7799,273.10355,1.0,937.65826,274.6956,1.0,927.3637,275.48145,1.0,983.19,272.42783,1.0,995.11066,266.2587,1.0,1006.2089,266.22684,1.0,1012.67487,269.56235,1.0,1003.1578,273.04956,1.0,992.65063,273.13498,1.0,945.307,344.10547,1.0,952.2595,333.26175,1.0,959.4812,329.91028,1.0,967.4589,330.858,1.0,975.46484,329.7086,1.0,983.11304,333.15118,1.0,991.0896,345.18506,1.0,988.6296,352.06134,1.0,976.11505,358.37665,1.0,966.5596,359.21695,1.0,957.7668,358.36407,1.0,946.8365,351.40573,1.0,948.5648,343.9257,1.0,961.58777,338.31265,1.0,967.1376,338.2468,1.0,973.12726,338.48325,1.0,987.9838,345.06616,1.0,973.29016,348.37186,1.0,967.14856,348.43405,1.0,961.16156,347.9979,1.0,932.96454,271.62064,1.0,1000.10364,269.08582,1.0,964.9207,321.85046,0.99599,979.3989,438.04996,0.998863,833.5998,436.17154,0.998863,733.59576,638.1746,0.6124429,809.56067,411.25247,0.96979845,1125.1981,439.92838,0.9994232,1236.1477,645.5197,0.8834934,1139.1537,470.25922,0.9455067,975.1262,938.2846,0.98115075,873.7569,939.0867,0.9819837,878.5406,1242.5181,0.026527833,861.14636,1590.4921,0.010678839,1076.4955,937.48254,0.98115075,1064.1476,1294.5104,0.022119444,1042.029,1601.217,0.0073395404,930.6692,286.04758,0.995051,1005.96027,287.30173,0.9892059,913.35657,289.0684,0.9895262,1028.1901,292.337,0.9936594,1003.47577,1726.181,0.008190065,1003.47577,1726.181,0.008190065,1045.9556,1643.235,0.009520759,891.9032,1704.8507,0.005807011,891.9032,1704.8507,0.005807011,856.53613,1647.9088,0.009428323,1124.5747,471.97552,1.0,1100.3203,460.68924,1.0,1086.567,438.68048,1.0,1081.8297,421.117,1.0,1077.3676,404.48547,1.0,1109.6836,397.8522,1.0,1104.2418,368.24164,1.0,1097.9158,353.5487,1.0,1094.2825,339.58096,1.0,1127.291,402.37,1.0,1130.1793,372.6935,1.0,1113.9968,383.2806,1.0,1102.7974,398.34915,1.0,1143.8821,413.47366,1.0,1147.8715,390.30127,1.0,1130.5691,400.7295,1.0,1119.4104,414.08038,1.0,1160.9482,429.6123,1.0,1165.7711,410.29358,1.0,1150.4318,416.00937,1.0,1137.4926,426.40936,1.0,820.12665,426.71594,1.0,844.17175,408.59375,1.0,858.89276,382.197,1.0,869.16473,361.36362,1.0,883.05945,345.01544,1.0,831.9693,340.82654,1.0,842.0441,315.40976,1.0,855.8537,307.16788,1.0,871.2244,302.03235,1.0,812.2454,338.2349,1.0,811.764,307.56442,1.0,821.1384,292.15308,1.0,833.2879,279.64713,1.0,793.923,344.46484,1.0,787.8729,314.594,1.0,791.21216,296.03735,1.0,798.8643,278.6674,1.0,778.3401,358.4951,1.0,766.0024,336.93634,1.0,759.2665,320.27692,1.0,756.26965,303.3953,1.0
891.0858,275.85422,1.0,892.8716,287.80875,1.0,894.192,300.6552,1.0,899.8151,322.3459,1.0,905.94824,336.5621,1.0,915.3471,352.726,1.0,923.0456,361.3832,1.0,940.298,373.53857,1.0,967.5892,378.84372,1.0,995.87604,371.71594,1.0,1013.7987,358.1121,1.0,1022.0706,348.81454,1.0,1032.0967,331.84232,1.0,1040.2933,309.216,1.0,1041.884,294.79465,1.0,1041.8594,281.7468,1.0,1041.3464,269.67563,1.0,901.88574,259.82175,1.0,907.1414,254.0223,1.0,916.3672,250.03932,1.0,930.20184,248.97084,1.0,946.9546,250.1992,1.0,980.38226,249.32716,1.0,996.645,246.56975,1.0,1010.36566,246.19476,1.0,1020.2718,249.13078,1.0,1026.4581,254.24408,1.0,965.0794,273.67682,1.0,965.88007,287.0885,1.0,966.4911,295.79553,1.0,967.01495,302.7574,1.0,954.6434,312.22028,1.0,959.00775,314.89673,1.0,967.3095,314.82635,1.0,975.1987,314.29218,1.0,979.40924,311.14838,1.0,917.0624,272.0523,1.0,923.79034,268.36298,1.0,934.56573,267.44653,1.0,946.0868,272.0144,1.0,936.8571,273.6596,1.0,926.59454,274.4772,1.0,982.3372,271.11417,1.0,994.0848,264.8578,1.0,1005.15674,264.78372,1.0,1011.6314,268.1676,1.0,1002.22656,271.58093,1.0,991.8413,271.7681,1.0,944.881,342.88568,1.0,952.03357,331.93198,1.0,959.20325,328.48874,1.0,967.14185,329.40927,1.0,975.0766,328.21396,1.0,982.5806,331.64948,1.0,990.63275,343.58215,1.0,988.1908,350.3321,1.0,975.90234,356.68802,1.0,966.4492,357.619,1.0,957.68036,356.86374,1.0,946.6031,350.09247,1.0,948.114,342.68527,1.0,961.3981,336.91864,1.0,966.9334,336.8157,1.0,972.8366,336.9785,1.0,987.49695,343.4529,1.0,972.9454,346.63904,1.0,966.87146,346.7743,1.0,960.9439,346.41342,1.0,931.9536,270.54172,1.0,998.84436,267.6522,1.0,964.77527,321.72836,0.9962287,980.0773,437.8847,0.998937,833.4441,436.38043,0.998937,733.8624,640.0243,0.6280024,807.99115,413.33905,0.9724716,1126.7104,439.389,0.9994648,1234.7238,664.2178,0.89186037,1139.9016,530.5352,0.95018643,975.2778,939.41797,0.98123705,873.6598,939.8335,0.9820411,878.4769,1245.3193,0.02576922,860.8285,1602.2661,0.0105199935,1076.8958,939.00244,0.98123705,1066.821,1294.0541,0.021449955,1042.5707,1605.6233,0.00716759,930.2165,285.34897,0.995336,1004.45123,287.19104,0.9898454,913.3384,288.38184,0.990109,1027.4004,291.21152,0.9940647,1002.7211,1729.8477,0.008085968,1002.7211,1729.8477,0.008085968,1047.9934,1647.2574,0.009484786,891.745,1714.9924,0.0056926752,891.745,1714.9924,0.0056926752,855.94073,1659.247,0.009498532,1149.6774,412.1787,1.0,1163.3176,441.8133,1.0,1169.0493,473.9777,1.0,1165.7667,494.7801,1.0,1162.217,500.74393,1.0,1169.8705,464.0066,1.0,1162.6289,489.37857,1.0,1147.9784,506.6654,1.0,1136.3285,517.27875,1.0,1151.6593,452.65625,1.0,1139.1237,471.85892,1.0,1120.3801,491.06656,1.0,1107.9567,499.23788,1.0,1131.7104,440.0934,1.0,1120.969,454.18823,1.0,1103.9578,470.01007,1.0,1091.6764,480.60052,1.0,1113.2982,429.5404,1.0,1096.3118,436.74176,1.0,1084.1527,440.7844,1.0,1072.5856,441.97464,1.0,818.5381,423.69705,1.0,842.4248,403.8171,1.0,857.3339,375.35507,1.0,867.10126,353.89786,1.0,880.16077,336.43478,1.0,829.3749,336.31873,1.0,836.4703,309.54218,1.0,850.86163,304.2721,1.0,866.28253,304.6654,1.0,810.3767,334.03003,1.0,809.3044,303.35046,1.0,819.12463,284.7987,1.0,830.5021,270.29218,1.0,792.7669,339.98242,1.0,785.8773,307.8037,1.0,788.0322,285.7399,1.0,793.6811,266.91675,1.0,777.486,352.68893,1.0,761.7661,329.71014,1.0,750.7953,312.4715,1.0,742.8946,295.53345,1.0
890.18225,275.54492,1.0,891.9169,287.50766,1.0,893.2877,300.35892,1.0,898.90717,322.033,1.0,905.1141,336.14615,1.0,914.8107,352.0388,1.0,922.78,360.51868,1.0,940.436,372.34164,1.0,967.7925,377.39188,1.0,995.71204,370.25156,1.0,1013.1703,356.91364,1.0,1021.15283,347.75418,1.0,1030.8375,331.02454,1.0,1038.8607,308.49203,1.0,1040.5164,294.07184,1.0,1040.5878,281.01056,1.0,1040.1396,268.9067,1.0,901.28613,259.24582,1.0,906.54095,253.40742,1.0,915.766,249.32999,1.0,929.66125,248.13232,1.0,946.4648,249.18831,1.0,979.798,247.93794,1.0,996.00934,245.1945,1.0,1009.6834,244.88452,1.0,1019.4721,247.89864,1.0,1025.5497,253.09293,1.0,964.61127,272.4122,1.0,965.4708,285.62314,1.0,966.109,294.19464,1.0,966.65955,301.07413,1.0,954.39526,310.83798,1.0,958.72156,313.4673,1.0,966.9653,313.2753,1.0,974.7459,312.7572,1.0,978.8331,309.639,1.0,916.3455,271.1288,1.0,922.947,267.30368,1.0,933.68463,266.30338,1.0,945.39374,270.92523,1.0,936.05597,272.62363,1.0,925.8254,273.473,1.0,981.48444,269.8005,1.0,993.0589,263.45688,1.0,1004.1045,263.34058,1.0,1010.58795,266.77286,1.0,1001.29535,270.11227,1.0,991.032,270.4012,1.0,944.45496,341.6659,1.0,951.8076,330.6022,1.0,958.9253,327.06723,1.0,966.82477,327.96054,1.0,974.6883,326.71933,1.0,982.0482,330.14774,1.0,990.1759,341.97922,1.0,987.752,348.60287,1.0,975.68964,354.9994,1.0,966.33887,356.021,1.0,957.59393,355.3634,1.0,946.3697,348.77924,1.0,947.66327,341.44485,1.0,961.2083,335.52463,1.0,966.72925,335.38458,1.0,972.5459,335.47372,1.0,987.0101,341.8397,1.0,972.6005,344.90625,1.0,966.5944,345.1145,1.0,960.7262,344.82898,1.0,930.9426,269.46283,1.0,997.5851,266.21857,1.0,964.6298,321.49124,0.99645275,980.0587,437.4515,0.9989947,833.38153,436.3255,0.9989947,735.0276,639.3079,0.6483028,807.5459,410.62817,0.97486085,1126.736,438.57755,0.99950296,1232.1537,672.0455,0.8986127,1141.146,588.72943,0.95406485,975.5525,939.55994,0.98111486,873.6839,940.03564,0.98179597,877.7015,1243.0471,0.025676843,861.0382,1600.9628,0.010605554,1077.421,939.0843,0.98111486,1070.4526,1292.1919,0.021705734,1043.3364,1605.1887,0.0074836463,929.7723,285.2751,0.9955858,1003.2851,286.74316,0.99047244,913.26495,287.94284,0.99058014,1026.606,289.78967,0.99445635,1003.04376,1728.7902,0.008455155,1003.04376,1728.7902,0.008455155,1050.2362,1647.0098,0.009843386,889.8805,1713.9913,0.0057099415,889.8805,1713.9913,0.0057099415,856.18304,1657.4893,0.009655895,1145.4255,529.2066,1.0,1133.1808,546.505,1.0,1123.3953,565.9391,1.0,1113.4766,582.3132,1.0,1106.5054,591.8817,1.0,1132.9102,551.82043,1.0,1125.2273,572.67377,1.0,1113.9136,590.226,1.0,1104.8651,604.703,1.0,1134.7021,546.5615,1.0,1125.8557,574.2982,1.0,1111.6836,596.5825,1.0,1100.9163,610.8804,1.0,1134.6808,542.88873,1.0,1128.5466,569.9048,1.0,1116.2439,590.3656,1.0,1106.2865,605.5476,1.0,1133.9458,541.7838,1.0,1126.3243,563.71295,1.0,1117.3086,576.2746,1.0,1107.8787,585.6107,1.0,817.5169,408.9664,1.0,841.2422,387.64688,1.0,853.98566,359.1928,1.0,862.65814,336.64648,1.0,872.4587,317.65085,1.0,824.9575,321.82022,1.0,832.7254,295.1961,1.0,847.4055,291.48627,1.0,861.1842,294.34808,1.0,806.268,318.48358,1.0,805.32635,285.94223,1.0,814.5838,265.40604,1.0,824.023,249.18115,1.0,788.6978,323.90497,1.0,781.25024,291.20013,1.0,781.8915,267.30783,1.0,785.22687,247.08858,1.0,773.23645,337.0495,1.0,756.8067,313.56418,1.0,745.44604,296.118,1.0,736.70575,279.6214,1.0
889.2787,275.23563,1.0,890.96216,287.2066,1.0,892.3835,300.06265,1.0,897.99915,321.7201,1.0,904.27997,335.73022,1.0,914.2743,351.35156,1.0,922.51447,359.65414,1.0,940.57404,371.14474,1.0,967.9958,375.94003,1.0,995.54803,368.78717,1.0,1012.54193,355.71518,1.0,1020.2351,346.6938,1.0,1029.5782,330.20673,1.0,1037.4281,307.76807,1.0,1039.1487,293.34906,1.0,1039.316,280.27432,1.0,1038.9329,268.13776,1.0,900.68646,258.6699,1.0,905.9404,252.79256,1.0,915.1648,248.62067,1.0,929.1207,247.29382,1.0,945.975,248.17743,1.0,979.21375,246.5487,1.0,995.3737,243.81927,1.0,1009.00116,243.57426,1.0,1018.6725,246.6665,1.0,1024.6412,251.94176,1.0,964.1431,271.1476,1.0,965.0616,284.15775,1.0,965.72687,292.59378,1.0,966.30414,299.3909,1.0,954.14716,309.45572,1.0,958.4353,312.03787,1.0,966.62103,311.72427,1.0,974.2931,311.22223,1.0,978.25696,308.12967,1.0,915.6287,270.20535,1.0,922.10364,266.2444,1.0,932.8035,265.16022,1.0,944.7006,269.8361,1.0,935.2548,271.58765,1.0,925.0562,272.46878,1.0,980.63165,268.48688,1.0,992.0331,262.05597,1.0,1003.05225,261.89746,1.0,1009.54456,265.37814,1.0,1000.36414,268.64365,1.0,990.2226,269.03433,1.0,944.02893,340.44608,1.0,951.58167,329.27246,1.0,958.64734,325.6457,1.0,966.5077,326.5118,1.0,974.30005,325.22467,1.0,981.51575,328.646,1.0,989.71906,340.37628,1.0,987.31323,346.87363,1.0,975.4769,353.3108,1.0,966.2285,354.42303,1.0,957.5075,353.86307,1.0,946.1363,347.466,1.0,947.2125,340.20444,1.0,961.01855,334.1306,1.0,966.5251,333.9535,1.0,972.25525,333.96896,1.0,986.52313,340.22644,1.0,972.25574,343.17346,1.0,966.3174,343.4547,1.0,960.50854,343.24454,1.0,929.93164,268.3839,1.0,996.3258,264.78494,1.0,964.15784,318.95425,0.99667495,979.66455,437.0252,0.99903136,832.68036,435.81918,0.99903136,736.7696,633.02277,0.6668862,809.40857,394.01,0.9770436,1126.6488,438.23126,0.9995366,1216.5631,669.2735,0.9011382,1140.9496,638.3531,0.9567823,975.69574,938.4476,0.98062086,873.754,939.65424,0.98111284,878.46826,1238.5969,0.024907779,864.1397,1599.1536,0.010482622,1077.6375,937.2409,0.98062086,1075.8844,1283.9962,0.021226652,1047.2479,1602.1106,0.00768019,928.6153,283.8345,0.995839,1001.54974,285.3127,0.99112004,912.27826,287.36343,0.9910873,1025.8726,288.75378,0.994849,1003.92084,1725.4933,0.008764907,1003.92084,1725.4933,0.008764907,1055.2867,1643.5981,0.010141169,890.4066,1712.904,0.005677441,890.4066,1712.904,0.005677441,861.4642,1654.4401,0.009653671,1141.1738,646.23456,1.0,1103.0441,651.1967,1.0,1077.7413,657.9005,1.0,1061.1865,669.8463,1.0,1050.7936,683.01953,1.0,1095.95,639.6342,1.0,1087.8258,655.969,1.0,1079.8489,673.78656,1.0,1073.4017,692.12726,1.0,1117.7449,640.4668,1.0,1112.5879,676.73755,1.0,1102.9869,702.09845,1.0,1093.876,722.5229,1.0,1137.6511,645.684,1.0,1136.1241,685.62134,1.0,1128.5302,710.7211,1.0,1120.8965,730.4947,1.0,1154.5934,654.0272,1.0,1156.337,690.6841,1.0,1150.4644,711.7648,1.0,1143.1716,729.24677,1.0,819.68756,389.01517,1.0,843.2475,364.40518,1.0,855.9466,335.7237,1.0,862.14087,311.74213,1.0,871.6255,291.86914,1.0,825.374,301.08997,1.0,832.6948,274.98782,1.0,846.93134,272.1072,1.0,860.4104,275.43646,1.0,806.5915,297.58563,1.0,805.1841,263.8807,1.0,812.5075,242.83414,1.0,819.5131,224.8241,1.0,789.14557,302.6024,1.0,780.7151,268.8665,1.0,779.64874,245.17888,1.0,780.90216,225.06013,1.0,773.5497,315.79843,1.0,755.94525,292.6886,1.0,744.3113,275.96045,1.0,734.93024,260.5856,1.0
881.34644,274.00186,1.0,882.91504,286.6112,1.0,884.7818,300.10062,1.0,892.1907,322.64267,1.0,899.9812,337.10458,1.0,912.0678,352.88232,1.0,921.4152,360.95044,1.0,940.4406,371.9717,1.0,968.40906,376.81018,1.0,996.04254,370.1838,1.0,1013.0068,357.39948,1.0,1020.49133,348.39026,1.0,1029.4075,331.74597,1.0,1036.8861,308.90417,1.0,1038.482,294.11313,1.0,1038.5598,280.56308,1.0,1038.0508,267.93472,1.0,896.7779,256.82553,1.0,902.99164,250.92363,1.0,912.8898,247.09303,1.0,927.0505,246.3063,1.0,943.90393,247.64078,1.0,977.41864,246.86594,1.0,993.3482,244.09077,1.0,1006.9916,243.60585,1.0,1017.0152,246.49367,1.0,1023.6484,251.76529,1.0,962.3184,270.74875,1.0,963.31274,284.02338,1.0,963.9613,292.64053,1.0,964.572,299.59216,1.0,953.0427,309.94962,1.0,957.1256,312.50266,1.0,965.04266,312.19308,1.0,972.66315,311.93506,1.0,976.5377,309.04706,1.0,912.5995,269.37506,1.0,919.65643,265.3862,1.0,930.16296,264.59564,1.0,941.4541,269.4617,1.0,932.5224,271.2209,1.0,922.4513,271.96594,1.0,980.82117,268.67563,1.0,991.8924,262.36432,1.0,1002.53033,262.2777,1.0,1009.16095,265.95908,1.0,1000.1297,269.14633,1.0,990.23486,269.35504,1.0,943.01965,340.2923,1.0,950.4756,329.49655,1.0,957.46906,326.09338,1.0,965.35895,327.1026,1.0,973.1832,325.79404,1.0,980.7274,329.07254,1.0,989.4584,340.61545,1.0,987.3128,346.9136,1.0,975.3758,353.25485,1.0,965.95917,354.29544,1.0,957.12604,353.59006,1.0,945.5779,347.03735,1.0,946.1395,340.00656,1.0,960.047,334.5181,1.0,965.59955,334.39578,1.0,971.4044,334.43887,1.0,986.3379,340.42865,1.0,971.8937,342.94687,1.0,965.7895,343.2048,1.0,959.8328,342.88913,1.0,927.382,267.57712,1.0,996.3943,265.07498,1.0,961.9662,316.0907,0.9966827,979.99194,436.3503,0.99900424,832.99194,434.6913,0.99900424,740.4021,617.8892,0.68778694,810.58527,377.4723,0.97898823,1126.992,438.00928,0.99955356,1206.7413,666.2903,0.9016897,1138.871,694.9603,0.95829797,976.77594,937.62054,0.98086727,875.93524,938.7966,0.9811038,878.8518,1236.6898,0.024089115,869.02954,1591.2664,0.010394005,1077.6167,936.4445,0.98086727,1077.2344,1283.9465,0.020815076,1048.7328,1600.2659,0.007985687,925.89935,281.16946,0.9958134,996.87585,283.37347,0.9913309,911.7966,287.1854,0.9910766,1023.547,287.71225,0.99504185,1004.82764,1723.6714,0.009170538,1004.82764,1723.6714,0.009170538,1057.0221,1639.7743,0.010379845,891.3646,1709.1635,0.005700804,891.3646,1709.1635,0.005700804,868.1341,1643.2314,0.0096008675,1136.6685,707.61755,1.0,1098.7062,716.13367,1.0,1076.8866,734.66113,1.0,1065.9395,755.97974,1.0,1055.6985,773.1767,1.0,1094.9475,732.3049,1.0,1089.2755,762.6043,1.0,1083.9779,782.59705,1.0,1079.5739,800.8803,1.0,1118.9059,734.08636,1.0,1114.9391,776.49854,1.0,1108.6322,802.9132,1.0,1102.6084,823.4682,1.0,1139.7124,736.87836,1.0,1138.808,779.37335,1.0,1133.7559,805.42993,1.0,1128.4243,825.328,1.0,1156.2565,739.9329,1.0,1158.142,777.4637,1.0,1154.0355,799.17194,1.0,1148.1293,816.6773,1.0,831.8342,365.33035,1.0,854.6107,339.92767,1.0,865.2329,310.938,1.0,871.6714,286.45047,1.0,879.82947,266.04733,1.0,833.4496,280.27106,1.0,842.55145,255.54486,1.0,858.00977,251.45457,1.0,871.7094,252.93956,1.0,815.0144,275.94904,1.0,813.3032,241.6233,1.0,819.8313,218.75565,1.0,825.3532,198.78249,1.0,798.3089,280.25305,1.0,787.6635,246.99118,1.0,786.6039,223.6817,1.0,786.7842,203.5846,1.0,784.6647,292.56696,1.0,765.79126,270.77396,1.0,753.8698,254.90858,1.0,743.43414,240.25063,1.0
873.4141,272.76807,1.0,874.8679,286.0158,1.0,877.1801,300.1386,1.0,886.3822,323.56528,1.0,895.6825,338.4789,1.0,909.8613,354.4131,1.0,920.3159,362.2467,1.0,940.30725,372.79868,1.0,968.8223,377.68033,1.0,996.5371,371.58044,1.0,1013.4716,359.08374,1.0,1020.74756,350.0867,1.0,1029.2366,333.2852,1.0,1036.3441,310.04025,1.0,1037.8156,294.87723,1.0,1037.8037,280.85187,1.0,1037.1687,267.7317,1.0,892.8693,254.98117,1.0,900.04285,249.0547,1.0,910.6148,245.5654,1.0,924.9803,245.31879,1.0,941.8328,247.10411,1.0,975.62354,247.18317,1.0,991.3227,244.36229,1.0,1004.982,243.63744,1.0,1015.3579,246.32085,1.0,1022.6555,251.58882,1.0,960.4937,270.3499,1.0,961.56384,283.88898,1.0,962.1958,292.6873,1.0,962.8399,299.79346,1.0,951.9383,310.44354,1.0,955.8159,312.96744,1.0,963.46436,312.66193,1.0,971.0332,312.6479,1.0,974.8184,309.96442,1.0,909.5702,268.54474,1.0,917.20917,264.528,1.0,927.5224,264.0311,1.0,938.2076,269.0873,1.0,929.79,270.85413,1.0,919.8464,271.4631,1.0,981.0106,268.86438,1.0,991.7518,262.67264,1.0,1002.0084,262.65796,1.0,1008.77734,266.54,1.0,999.89526,269.64902,1.0,990.24713,269.67575,1.0,942.01044,340.13852,1.0,949.36957,329.72067,1.0,956.2907,326.54105,1.0,964.2102,327.69336,1.0,972.0664,326.3634,1.0,979.939,329.49908,1.0,989.19763,340.8546,1.0,987.31244,346.95355,1.0,975.27466,353.19894,1.0,965.68976,354.16788,1.0,956.7445,353.31705,1.0,945.0195,346.60873,1.0,945.0666,339.8087,1.0,959.07544,334.90555,1.0,964.6741,334.8381,1.0,970.5536,334.9088,1.0,986.1527,340.63086,1.0,971.5316,342.72028,1.0,965.2616,342.95486,1.0,959.15717,342.53372,1.0,924.83246,266.77036,1.0,996.4628,265.36505,1.0,960.46747,314.96722,0.99679786,981.50006,435.77377,0.99891853,836.11096,433.67892,0.99891853,752.8191,594.2395,0.7053013,821.6944,353.80307,0.9806887,1126.8892,437.86862,0.99957687,1197.956,664.6954,0.9074969,1137.7482,748.6011,0.9611357,977.3679,936.8619,0.9805926,877.55914,938.71155,0.9805926,878.91046,1236.693,0.023222659,870.00006,1591.1447,0.010246217,1077.1766,935.0122,0.981102,1074.2468,1284.0625,0.020312024,1048.3796,1600.919,0.008256494,924.25385,278.71548,0.9958482,991.41504,281.91434,0.9916676,911.34656,287.07208,0.9910773,1022.23834,286.57376,0.99530804,1001.3243,1723.3365,0.009426731,1001.3243,1723.3365,0.009426731,1056.3953,1640.7344,0.010528773,891.70026,1708.5343,0.005667129,891.70026,1708.5343,0.005667129,870.0915,1643.1361,0.009630587,1132.1632,769.00055,1.0,1094.3684,781.07056,1.0,1076.0319,811.4217,1.0,1070.6924,842.1131,1.0,1060.6035,863.3338,1.0,1093.9451,824.9755,1.0,1090.7252,869.23956,1.0,1088.1069,891.40753,1.0,1085.746,909.6334,1.0,1120.0668,827.70593,1.0,1117.2903,876.25946,1.0,1114.2775,903.72797,1.0,1111.3408,924.4136,1.0,1141.7737,828.07275,1.0,1141.4918,873.1254,1.0,1138.9814,900.1387,1.0,1135.9523,920.1614,1.0,1157.9197,825.8386,1.0,1159.9468,864.2433,1.0,1157.6066,886.5791,1.0,1153.0869,904.1078,1.0,852.09235,345.11472,1.0,874.62366,322.99576,1.0,884.6312,293.15112,1.0,891.6452,267.77258,1.0,901.9303,246.96074,1.0,854.26025,261.45288,1.0,864.3393,239.5441,1.0,880.2056,236.3503,1.0,894.9169,238.34177,1.0,836.20593,257.53433,1.0,834.8952,223.35735,1.0,841.6661,201.21838,1.0,848.69543,182.72162,1.0,819.8946,262.51517,1.0,807.9573,229.19904,1.0,806.3272,206.54463,1.0,807.3858,186.49026,1.0,806.2644,275.72232,1.0,787.3722,253.36552,1.0,774.68915,237.61404,1.0,764.7212,223.09138,1.0
865.4819,271.5343,1.0,866.8208,285.4204,1.0,869.5785,300.1766,1.0,880.5737,324.48785,1.0,891.3837,339.85327,1.0,907.65485,355.94388,1.0,919.2167,363.543,1.0,940.1739,373.62564,1.0,969.2356,378.55048,1.0,997.0316,372.97705,1.0,1013.93646,360.76804,1.0,1021.0038,351.78317,1.0,1029.0657,334.8244,1.0,1035.8021,311.17636,1.0,1037.149,295.6413,1.0,1037.0476,281.14062,1.0,1036.2866,267.52863,1.0,888.96075,253.13681,1.0,897.094,247.18578,1.0,908.3398,244.03777,1.0,922.91003,244.33128,1.0,939.7617,246.56744,1.0,973.8285,247.50041,1.0,989.2972,244.63379,1.0,1002.9724,243.66902,1.0,1013.7006,246.14801,1.0,1021.6626,251.41234,1.0,958.669,269.95105,1.0,959.815,283.7546,1.0,960.43024,292.73404,1.0,961.1078,299.99472,1.0,950.8338,310.93744,1.0,954.5062,313.43222,1.0,961.886,313.13074,1.0,969.4033,313.36072,1.0,973.0992,310.88177,1.0,906.54095,267.71445,1.0,914.76196,263.66983,1.0,924.8819,263.46652,1.0,934.9611,268.71292,1.0,927.0576,270.48737,1.0,917.24146,270.96027,1.0,981.2001,269.05313,1.0,991.61115,262.98096,1.0,1001.48645,263.0382,1.0,1008.3938,267.12097,1.0,999.6608,270.1517,1.0,990.2594,269.99646,1.0,941.00116,339.9847,1.0,948.2635,329.94476,1.0,955.11237,326.98874,1.0,963.0614,328.28415,1.0,970.9496,326.93274,1.0,979.1507,329.92566,1.0,988.9369,341.09378,1.0,987.312,346.99353,1.0,975.1735,353.14304,1.0,965.4204,354.04028,1.0,956.36304,353.04407,1.0,944.46106,346.18008,1.0,943.9936,339.61078,1.0,958.1038,335.29303,1.0,963.74854,335.2804,1.0,969.70276,335.37872,1.0,985.96747,340.83307,1.0,971.16956,342.49368,1.0,964.73376,342.70493,1.0,958.48145,342.1783,1.0,922.28284,265.96356,1.0,996.5313,265.6551,1.0,961.01025,314.96295,0.9966179,982.30646,435.47385,0.9985816,838.16895,433.15942,0.9985816,765.74347,580.0859,0.7199171,845.9685,340.96933,0.98201007,1126.444,437.78824,0.9995912,1194.766,664.48096,0.9143963,1137.4249,807.9231,0.9642673,977.7265,935.6259,0.97926205,878.91187,938.6031,0.97926205,879.9933,1237.0197,0.023163313,873.1412,1591.5636,0.010548985,1076.5411,932.6488,0.9809856,1073.0862,1286.4999,0.019952936,1048.3933,1600.385,0.008496095,924.36255,278.3213,0.99533653,991.42535,281.37396,0.9913456,907.782,287.411,0.989905,1021.42035,285.65112,0.99530905,999.4265,1720.8527,0.009532967,999.4265,1720.8527,0.009532967,1056.9579,1639.5472,0.010587397,897.5344,1708.6716,0.0058493786,897.5344,1708.6716,0.0058493786,872.7525,1643.6974,0.009827265,1141.7108,796.18616,1.0,1103.3848,818.41223,1.0,1082.5527,851.95886,1.0,1076.9995,884.5615,1.0,1070.4817,908.36346,1.0,1101.9736,865.93976,1.0,1101.6395,903.8337,1.0,1099.1276,926.0372,1.0,1096.7002,945.14984,1.0,1126.8561,871.09766,1.0,1125.8497,910.32056,1.0,1122.8027,933.79175,1.0,1118.4402,951.6391,1.0,1147.9515,873.358,1.0,1147.748,909.8615,1.0,1145.3955,933.5368,1.0,1141.5687,951.064,1.0,1163.6748,873.0398,1.0,1163.2975,907.58997,1.0,1161.4579,926.6972,1.0,1158.2294,941.1827,1.0,878.8549,339.3505,1.0,899.0874,315.61963,1.0,908.7991,287.66122,1.0,918.02844,264.7375,1.0,929.77057,244.14624,1.0,879.98535,257.8268,1.0,893.33575,235.34177,1.0,909.73773,232.02435,1.0,924.0863,235.07126,1.0,864.6085,252.17874,1.0,865.4316,219.00044,1.0,873.50757,196.63394,1.0,880.5816,177.20125,1.0,849.52576,254.69992,1.0,840.1682,221.48303,1.0,839.89734,199.19897,1.0,841.875,179.71324,1.0,836.5653,264.711,1.0,818.4474,242.76569,1.0,806.48206,227.09299,1.0,796.91364,212.72845,1.0
868.8355,273.10876,1.0,870.37885,286.88864,1.0,873.28986,301.5486,1.0,884.30835,325.65833,1.0,895.0248,340.89734,1.0,911.05786,356.9079,1.0,922.4724,364.48187,1.0,943.26056,374.45914,1.0,971.9861,379.05032,1.0,999.1917,373.12955,1.0,1015.63806,360.71042,1.0,1022.5284,351.6761,1.0,1030.3623,334.67978,1.0,1036.9247,311.1284,1.0,1038.2686,295.69644,1.0,1038.1986,281.33725,1.0,1037.5443,267.8594,1.0,891.5382,254.82233,1.0,899.5016,248.79242,1.0,910.701,245.5283,1.0,925.289,245.68492,1.0,942.16486,247.79558,1.0,976.1122,248.37433,1.0,991.55756,245.40118,1.0,1005.21216,244.33698,1.0,1015.9403,246.73216,1.0,1023.64374,251.89078,1.0,961.27106,270.93478,1.0,962.5482,284.734,1.0,963.2236,293.70566,1.0,963.92957,300.95532,1.0,953.20044,311.76202,1.0,957.0549,314.24976,1.0,964.6637,313.93753,1.0,972.2276,314.02466,1.0,975.9172,311.45734,1.0,909.0064,268.94592,1.0,917.25574,264.8926,1.0,927.42816,264.63846,1.0,937.55896,269.73346,1.0,929.5248,271.58514,1.0,919.7267,272.10953,1.0,982.94635,269.57935,1.0,993.273,263.46692,1.0,1003.1823,263.36362,1.0,1010.0801,267.28625,1.0,1001.5211,270.50574,1.0,992.0538,270.49014,1.0,943.89514,340.9414,1.0,950.99414,330.7649,1.0,957.8183,327.73804,1.0,965.79407,328.93594,1.0,973.62317,327.55136,1.0,981.7198,330.4985,1.0,991.1293,341.71725,1.0,989.72034,347.6958,1.0,977.8712,354.04205,1.0,968.2048,355.04605,1.0,959.15814,354.15747,1.0,947.2147,347.29614,1.0,946.896,340.56784,1.0,960.7961,335.93445,1.0,966.42017,335.87448,1.0,972.3063,335.9415,1.0,988.16296,341.47433,1.0,973.865,343.41522,1.0,967.5366,343.6952,1.0,961.29584,343.24225,1.0,924.51263,267.1242,1.0,998.28284,265.99374,1.0,962.84534,305.9234,0.9967765,979.9724,433.50278,0.9984265,833.91437,429.4215,0.9984265,776.2135,578.0512,0.7348858,876.5898,341.24164,0.98308855,1126.0304,437.584,0.9996128,1190.9937,665.42487,0.92074925,1139.7865,839.9724,0.9667629,977.54626,934.9317,0.97911996,878.85657,938.6327,0.97911996,880.0288,1243.037,0.026888825,874.62933,1602.0314,0.012119616,1076.236,931.2307,0.9815494,1072.7935,1292.6587,0.02320981,1050.8444,1605.3254,0.009377396,926.8623,267.38818,0.99549174,992.0869,275.4727,0.9917745,907.7819,282.62976,0.9901713,1021.2949,282.99338,0.9956067,999.5928,1722.3036,0.010207416,999.5928,1722.3036,0.010207416,1061.0105,1643.8984,0.010902889,904.2651,1715.761,0.006754405,904.2651,1715.761,0.006754405,873.6595,1655.1652,0.010595494,1142.7377,826.77985,1.0,1104.6696,855.2631,1.0,1086.7606,888.2369,1.0,1083.3286,920.3597,1.0,1077.4818,944.1153,1.0,1106.5233,905.3648,1.0,1107.3091,943.2386,1.0,1105.4928,964.69684,1.0,1103.4537,982.8903,1.0,1131.5195,909.31177,1.0,1130.9838,948.77295,1.0,1127.4271,970.70483,1.0,1122.4415,985.7993,1.0,1152.3643,910.2761,1.0,1151.6847,947.641,1.0,1148.0573,970.2135,1.0,1142.8995,986.1156,1.0,1167.7676,908.76984,1.0,1167.0718,943.90173,1.0,1164.401,962.13684,1.0,1160.0834,976.2506,1.0,904.2673,345.99667,1.0,925.82465,324.64935,1.0,939.486,297.54102,1.0,951.1665,276.0345,1.0,965.05133,257.76813,1.0,910.8736,264.84564,1.0,926.63745,244.53223,1.0,943.9953,242.96039,1.0,958.5287,246.9227,1.0,897.3531,258.63367,1.0,899.9914,224.48135,1.0,909.7372,202.18701,1.0,917.70496,183.37964,1.0,883.22375,260.01483,1.0,875.0853,225.71439,1.0,876.4165,204.12729,1.0,879.1422,185.08275,1.0,870.43176,269.012,1.0,853.4045,245.903,1.0,843.1929,229.98349,1.0,834.7191,215.75168,1.0
872.18915,274.68323,1.0,873.9368,288.3569,1.0,877.0012,302.92062,1.0,888.0429,326.82877,1.0,898.6659,341.9414,1.0,914.46094,357.87195,1.0,925.7282,365.42072,1.0,946.3473,375.29266,1.0,974.7366,379.55014,1.0,1001.3518,373.28204,1.0,1017.3397,360.65277,1.0,1024.053,351.569,1.0,1031.6589,334.53516,1.0,1038.0472,311.0804,1.0,1039.388,295.7516,1.0,1039.3496,281.53387,1.0,1038.802,268.19016,1.0,894.1157,256.50784,1.0,901.9092,250.39906,1.0,913.06213,247.01886,1.0,927.6679,247.03857,1.0,944.56805,249.02371,1.0,978.3959,249.24826,1.0,993.81793,246.16856,1.0,1007.45197,245.00494,1.0,1018.18,247.3163,1.0,1025.6249,252.36922,1.0,963.87317,271.91852,1.0,965.28143,285.7134,1.0,966.0169,294.67728,1.0,966.7513,301.91595,1.0,955.567,312.58658,1.0,959.6036,315.06732,1.0,967.44135,314.74432,1.0,975.05194,314.6886,1.0,978.73517,312.0329,1.0,911.47186,270.1774,1.0,919.7496,266.11536,1.0,929.9745,265.81036,1.0,940.15686,270.75403,1.0,931.992,272.6829,1.0,922.2119,273.2588,1.0,984.69257,270.10556,1.0,994.9348,263.95288,1.0,1004.8781,263.68903,1.0,1011.76636,267.45154,1.0,1003.3814,270.8598,1.0,993.84814,270.9838,1.0,946.7891,341.89807,1.0,953.7248,331.58505,1.0,960.5243,328.48734,1.0,968.5267,329.58777,1.0,976.29675,328.16995,1.0,984.2889,331.07138,1.0,993.3216,342.34073,1.0,992.1286,348.39804,1.0,980.5689,354.94107,1.0,970.98914,356.05182,1.0,961.9533,355.27087,1.0,949.9684,348.41223,1.0,949.7984,341.52487,1.0,963.4883,336.57587,1.0,969.09174,336.4686,1.0,974.9097,336.5043,1.0,990.35846,342.11557,1.0,976.5604,344.33673,1.0,970.3395,344.68542,1.0,964.11017,344.30618,1.0,926.74243,268.28482,1.0,1000.0344,266.3324,1.0,963.657,306.08774,0.9967779,979.2166,433.39642,0.9983155,833.02716,429.31525,0.9983155,784.7244,583.7375,0.7522428,904.20337,344.72073,0.9841258,1125.406,437.4776,0.99962735,1188.3325,668.09534,0.92622733,1142.7317,862.0958,0.9688094,977.46985,934.58655,0.9791275,878.83057,938.61755,0.9791275,880.7851,1248.337,0.028003452,875.6567,1614.496,0.012917679,1076.1091,930.55554,0.98203075,1074.4761,1295.3093,0.02460052,1053.9513,1610.7942,0.009873359,927.31146,267.72052,0.9954185,993.2819,275.49924,0.99183637,907.64905,282.69516,0.98995346,1020.97644,283.0264,0.99572504,1003.4248,1725.4716,0.0103874095,1003.4248,1725.4716,0.0103874095,1062.2705,1650.7422,0.011262958,908.66223,1724.045,0.0071442155,908.66223,1724.045,0.0071442155,874.12634,1670.3326,0.0110784,1144.7864,855.34595,1.0,1105.228,882.91187,1.0,1088.8878,916.3741,1.0,1085.946,948.9091,1.0,1077.9204,972.0499,1.0,1111.6697,940.85114,1.0,1110.2369,982.21027,1.0,1107.7742,1005.0969,1.0,1105.5304,1023.7564,1.0,1136.1774,943.2116,1.0,1134.4578,985.56354,1.0,1130.9622,1010.2723,1.0,1126.688,1027.734,1.0,1156.5914,941.09125,1.0,1156.0345,979.3703,1.0,1152.6992,1004.85406,1.0,1148.5764,1023.6096,1.0,1171.9191,935.5845,1.0,1172.3005,969.44617,1.0,1170.5151,988.9642,1.0,1166.9124,1005.1712,1.0,924.82306,364.61844,1.0,948.35046,347.7471,1.0,965.83154,322.33783,1.0,980.4072,303.19397,1.0,995.83057,287.67737,1.0,940.19116,285.49942,1.0,958.05237,268.00104,1.0,975.26587,270.8228,1.0,987.50665,278.09537,1.0,926.02924,278.18027,1.0,931.62115,244.78468,1.0,944.2713,223.88295,1.0,955.05176,206.86734,1.0,911.0685,279.41727,1.0,906.21814,243.94093,1.0,910.0463,221.50917,1.0,915.0363,203.19214,1.0,897.67773,288.87753,1.0,882.7571,263.27167,1.0,873.6625,245.19485,1.0,866.6232,229.6184,1.0
875.54285,276.2577,1.0,877.4948,289.82516,1.0,880.7126,304.29263,1.0,891.7775,327.9992,1.0,902.30695,342.98547,1.0,917.86395,358.836,1.0,928.984,366.35956,1.0,949.434,376.12616,1.0,977.48706,380.04996,1.0,1003.5119,373.43454,1.0,1019.0414,360.59515,1.0,1025.5776,351.46188,1.0,1032.9556,334.39053,1.0,1039.1697,311.03244,1.0,1040.5073,295.80673,1.0,1040.5007,281.7305,1.0,1040.0598,268.52094,1.0,896.69324,258.19336,1.0,904.3167,252.00569,1.0,915.42334,248.5094,1.0,930.0468,248.39223,1.0,946.97125,250.25185,1.0,980.67957,250.12218,1.0,996.0783,246.93594,1.0,1009.6917,245.6729,1.0,1020.4197,247.90045,1.0,1027.606,252.84766,1.0,966.4752,272.90222,1.0,968.01465,286.6928,1.0,968.8102,295.6489,1.0,969.57306,302.87656,1.0,957.9336,313.41116,1.0,962.1522,315.88486,1.0,970.21906,315.55112,1.0,977.8762,315.35254,1.0,981.55316,312.60846,1.0,913.9373,271.40887,1.0,922.2434,267.33813,1.0,932.52075,266.98227,1.0,942.75476,271.7746,1.0,934.4592,273.78064,1.0,924.69714,274.40802,1.0,986.4388,270.63177,1.0,996.5967,264.4388,1.0,1006.574,264.01443,1.0,1013.45264,267.61682,1.0,1005.2417,271.21384,1.0,995.6426,271.47745,1.0,949.6831,342.85477,1.0,956.4554,332.40518,1.0,963.2302,329.23666,1.0,971.2593,330.23956,1.0,978.97034,328.78857,1.0,986.858,331.64423,1.0,995.5139,342.9642,1.0,994.5369,349.10028,1.0,983.2666,355.84012,1.0,973.7735,357.0576,1.0,964.7485,356.38428,1.0,952.72205,349.5283,1.0,952.70074,342.4819,1.0,966.1805,337.2173,1.0,971.76337,337.06268,1.0,977.5132,337.0671,1.0,992.55396,342.75684,1.0,979.25586,345.25827,1.0,973.14233,345.6757,1.0,966.92456,345.37012,1.0,928.9722,269.44547,1.0,1001.78595,266.67105,1.0,968.528,310.6941,0.99657404,978.64056,433.18823,0.9982813,832.0851,429.02945,0.9982813,785.1086,593.66705,0.77064705,915.6432,369.09628,0.98552644,1125.196,437.347,0.99963593,1184.8125,672.14056,0.9312084,1146.3207,881.04114,0.9711254,977.02374,934.25867,0.978153,878.25586,938.44116,0.978153,880.29193,1248.8911,0.028305724,875.3533,1615.6006,0.013441863,1075.7915,930.07623,0.9815387,1074.4431,1295.0884,0.024071278,1053.9283,1610.7799,0.010086759,935.007,276.94244,0.99507046,997.40765,279.96408,0.99119675,908.00305,284.4566,0.98933035,1021.06635,284.89285,0.99548584,1003.5237,1726.8763,0.010350025,1003.5237,1726.8763,0.010350025,1061.9122,1651.5188,0.011489877,908.90173,1725.8279,0.0073894393,908.90173,1725.8279,0.0073894393,873.4518,1672.0465,0.011617177,1148.2007,882.0567,1.0,1109.2443,904.12103,1.0,1094.1362,935.87103,1.0,1090.1879,967.4673,1.0,1081.8378,989.85144,1.0,1116.747,963.9656,1.0,1113.7689,1007.2887,1.0,1111.1676,1030.7144,1.0,1108.8335,1048.4335,1.0,1140.7399,965.7501,1.0,1137.0619,1010.7548,1.0,1134.32,1036.7673,1.0,1131.9221,1055.721,1.0,1160.3876,962.4339,1.0,1158.6926,1004.1035,1.0,1155.118,1028.374,1.0,1151.9733,1046.1315,1.0,1175.1029,955.34454,1.0,1175.435,988.00256,1.0,1173.4973,1007.4335,1.0,1170.6461,1022.5478,1.0,932.922,390.58078,1.0,956.94165,377.4239,1.0,975.3704,353.98303,1.0,991.32684,334.94907,1.0,1008.2975,321.03583,1.0,954.1786,316.0877,1.0,972.82574,296.8842,1.0,989.71014,301.45502,1.0,1002.37714,310.21017,1.0,941.8308,308.7479,1.0,950.92926,272.9619,1.0,963.5347,253.08133,1.0,974.35,236.77554,1.0,927.4449,308.84503,1.0,925.80115,271.98972,1.0,930.63855,249.66373,1.0,936.3752,230.84386,1.0,913.706,316.67996,1.0,899.02576,290.76007,1.0,890.0268,273.17584,1.0,883.4305,257.0319,1.0
878.8965,277.83218,1.0,881.0528,291.29343,1.0,884.42395,305.66464,1.0,895.5121,329.16968,1.0,905.94806,344.02954,1.0,921.267,359.80005,1.0,932.23975,367.2984,1.0,952.5207,376.95966,1.0,980.2375,380.5498,1.0,1005.672,373.58704,1.0,1020.743,360.53754,1.0,1027.1023,351.3548,1.0,1034.2522,334.2459,1.0,1040.2922,310.98447,1.0,1041.6267,295.86185,1.0,1041.6517,281.92712,1.0,1041.3175,268.85168,1.0,899.27075,259.87888,1.0,906.7243,253.61234,1.0,917.78455,249.99995,1.0,932.4257,249.74586,1.0,949.3744,251.47998,1.0,982.96326,250.99611,1.0,998.3387,247.70332,1.0,1011.9315,246.34087,1.0,1022.65936,248.4846,1.0,1029.587,253.3261,1.0,969.0773,273.88596,1.0,970.74786,287.6722,1.0,971.6035,296.6205,1.0,972.39484,303.8372,1.0,960.3002,314.23572,1.0,964.70087,316.7024,1.0,972.9967,316.3579,1.0,980.70056,316.01645,1.0,984.37115,313.18402,1.0,916.4028,272.64035,1.0,924.73724,268.56088,1.0,935.0671,268.1542,1.0,945.35266,272.79517,1.0,936.92645,274.8784,1.0,927.1824,275.55728,1.0,988.18506,271.15802,1.0,998.25854,264.92477,1.0,1008.2698,264.33987,1.0,1015.1389,267.78207,1.0,1007.102,271.56787,1.0,997.43695,271.97113,1.0,952.57715,343.81143,1.0,959.18604,333.2253,1.0,965.93616,329.98596,1.0,973.99194,330.89136,1.0,981.6439,329.40717,1.0,989.42706,332.21707,1.0,997.7063,343.58768,1.0,996.94525,349.80255,1.0,985.96423,356.73914,1.0,976.55786,358.06335,1.0,967.5436,357.49768,1.0,955.4757,350.64435,1.0,955.60315,343.43893,1.0,968.8727,337.8587,1.0,974.43494,337.65677,1.0,980.1167,337.62988,1.0,994.74945,343.3981,1.0,981.95123,346.1798,1.0,975.9452,346.66595,1.0,969.7389,346.43402,1.0,931.2021,270.60608,1.0,1003.53754,267.0097,1.0,968.6413,310.33823,0.996676,978.42633,434.08475,0.9982672,831.3888,429.92706,0.9982672,783.36755,614.29626,0.7832075,912.87604,401.63638,0.9864374,1125.4639,438.24246,0.9996454,1184.5844,676.18835,0.9356545,1150.9177,888.0179,0.97248226,976.32983,933.9484,0.97815543,877.8327,937.97815,0.97815543,878.99774,1251.6875,0.03250554,873.5829,1621.2308,0.014544643,1074.8269,929.9187,0.98171914,1075.4092,1297.8918,0.025245469,1056.758,1617.5778,0.0105228685,935.25854,276.98993,0.99517345,999.9914,279.5647,0.99137044,907.8632,284.46353,0.9895057,1021.4883,284.8803,0.99558485,1005.47504,1732.8328,0.010587294,1005.47504,1732.8328,0.010587294,1064.7192,1659.64,0.011627964,908.806,1733.0266,0.008024727,908.806,1733.0266,0.008024727,871.0615,1676.953,0.012076963,1150.9231,895.3244,1.0,1113.005,912.98596,1.0,1098.6262,944.0306,1.0,1094.5541,974.91223,1.0,1085.095,996.2498,1.0,1121.2909,974.9314,1.0,1117.2383,1016.10474,1.0,1114.4429,1038.1696,1.0,1113.2346,1054.7107,1.0,1144.6947,976.344,1.0,1140.2551,1018.45544,1.0,1136.689,1042.3607,1.0,1134.3134,1058.98,1.0,1163.3658,971.6862,1.0,1161.7615,1010.21497,1.0,1158.8645,1032.5592,1.0,1156.6368,1048.451,1.0,1176.9279,963.8899,1.0,1177.479,993.5119,1.0,1175.8206,1011.60046,1.0,1173.503,1025.5629,1.0,931.7162,416.25018,1.0,954.08014,399.52536,1.0,971.71796,377.6358,1.0,987.8643,361.05826,1.0,1005.23346,348.0771,1.0,948.63306,340.26526,1.0,966.87964,323.37482,1.0,984.24603,328.1998,1.0,996.9474,336.80307,1.0,937.0708,333.51562,1.0,947.53705,300.5358,1.0,961.7939,280.35858,1.0,973.927,263.8931,1.0,923.2468,334.33124,1.0,922.58215,298.115,1.0,927.43365,275.41608,1.0,933.64026,257.59454,1.0,909.5879,343.10043,1.0,895.31665,317.05936,1.0,886.82404,298.22754,1.0,880.9583,282.00583,1.0
882.2501,279.40665,1.0,884.61084,292.76166,1.0,888.1353,307.03665,1.0,899.2467,330.34012,1.0,909.5891,345.0736,1.0,924.67004,360.76407,1.0,935.49554,368.23724,1.0,955.6074,377.79318,1.0,982.988,381.04962,1.0,1007.8321,373.7395,1.0,1022.44464,360.47992,1.0,1028.6268,351.2477,1.0,1035.549,334.1013,1.0,1041.4148,310.93652,1.0,1042.7462,295.917,1.0,1042.8027,282.12375,1.0,1042.5753,269.18246,1.0,901.84827,261.5644,1.0,909.13184,255.21898,1.0,920.1457,251.4905,1.0,934.8046,251.09952,1.0,951.7776,252.70811,1.0,985.24695,251.87004,1.0,1000.59906,248.4707,1.0,1014.17126,247.00882,1.0,1024.899,249.06874,1.0,1031.5681,253.80452,1.0,971.6793,274.8697,1.0,973.4811,288.6516,1.0,974.39685,297.59213,1.0,975.21655,304.7978,1.0,962.6668,315.0603,1.0,967.2496,317.51996,1.0,975.7744,317.1647,1.0,983.52484,316.6804,1.0,987.18915,313.75955,1.0,918.8682,273.87183,1.0,927.2311,269.78366,1.0,937.61334,269.3261,1.0,947.95056,273.81573,1.0,939.3936,275.97617,1.0,929.6676,276.70654,1.0,989.9313,271.68423,1.0,999.92035,265.41074,1.0,1009.96564,264.66528,1.0,1016.82526,267.94736,1.0,1008.96234,271.9219,1.0,999.2313,272.46478,1.0,955.4711,344.7681,1.0,961.9167,334.04547,1.0,968.64215,330.7353,1.0,976.72455,331.54318,1.0,984.3175,330.02576,1.0,991.99615,332.78995,1.0,999.8986,344.21115,1.0,999.3536,350.5048,1.0,988.6619,357.63818,1.0,979.34216,359.06912,1.0,970.33875,358.61108,1.0,958.2294,351.7604,1.0,958.50555,344.39597,1.0,971.5649,338.50012,1.0,977.10657,338.2509,1.0,982.72015,338.1927,1.0,996.945,344.03937,1.0,984.64667,347.10132,1.0,978.74805,347.65622,1.0,972.5533,347.49796,1.0,933.4319,271.7667,1.0,1005.28906,267.34836,1.0,968.4542,311.754,0.9968288,977.6259,434.19852,0.9982886,828.9852,430.18124,0.9982886,782.74036,627.3633,0.7938012,907.41187,417.68463,0.9874651,1126.2666,438.2158,0.9996585,1185.0027,678.57983,0.93949825,1153.9408,892.7976,0.97400516,975.94147,935.7181,0.9778506,877.44586,938.87305,0.9778506,874.5765,1257.4191,0.03620916,867.1183,1623.2402,0.015827827,1074.437,932.56305,0.9817208,1075.3981,1305.1875,0.025858965,1056.7219,1621.1144,0.010850118,935.15717,278.03494,0.9953705,1001.4094,279.7265,0.9917234,906.83575,285.0543,0.9899237,1022.1493,285.80093,0.99577814,1005.50653,1739.0239,0.010762175,1005.50653,1739.0239,0.010762175,1064.5437,1662.5774,0.011834115,903.85016,1736.2086,0.008700795,903.85016,1736.2086,0.008700795,863.85425,1678.5957,0.012875447,1153.7673,900.7984,1.0,1116.4517,917.68396,1.0,1101.0602,947.55756,1.0,1096.3207,977.59296,1.0,1087.884,999.73364,1.0,1125.443,980.23865,1.0,1121.9103,1020.36096,1.0,1119.196,1041.3035,1.0,1117.6565,1057.074,1.0,1148.406,981.3404,1.0,1144.7041,1021.7933,1.0,1141.0776,1044.3478,1.0,1138.3627,1060.0952,1.0,1166.3126,976.49866,1.0,1164.9989,1012.8797,1.0,1161.895,1033.5435,1.0,1159.3257,1048.4733,1.0,1178.8123,968.7286,1.0,1178.9343,997.1392,1.0,1176.9109,1013.64386,1.0,1174.321,1026.5631,1.0,913.1988,429.51126,1.0,937.0211,411.76093,1.0,954.8112,386.17242,1.0,970.41296,368.72263,1.0,986.9322,355.72382,1.0,932.40424,349.01556,1.0,949.8538,328.06604,1.0,967.4304,334.882,1.0,980.12445,344.3617,1.0,918.9357,342.63986,1.0,930.9198,310.93268,1.0,944.786,290.6567,1.0,955.73517,273.09534,1.0,903.62134,344.1606,1.0,904.7285,308.85614,1.0,909.91974,285.4742,1.0,914.97485,265.49655,1.0,888.69403,354.10388,1.0,874.9663,328.2888,1.0,866.37244,310.52118,1.0,859.4198,293.57263,1.0
885.6038,280.9811,1.0,888.1688,294.22992,1.0,891.8467,308.40863,1.0,902.98126,331.5106,1.0,913.2302,346.11768,1.0,928.0731,361.72812,1.0,938.75134,369.1761,1.0,958.69415,378.62668,1.0,985.73846,381.54944,1.0,1009.9921,373.892,1.0,1024.1462,360.42227,1.0,1030.1515,351.14062,1.0,1036.8456,333.95667,1.0,1042.5374,310.88855,1.0,1043.8656,295.97214,1.0,1043.9539,282.32037,1.0,1043.833,269.5132,1.0,904.4257,263.2499,1.0,911.5394,256.82562,1.0,922.5069,252.98105,1.0,937.18353,252.45316,1.0,954.1808,253.93625,1.0,987.53064,252.74396,1.0,1002.85944,249.23808,1.0,1016.4111,247.67679,1.0,1027.1387,249.6529,1.0,1033.5492,254.28296,1.0,974.28143,275.8534,1.0,976.2143,289.631,1.0,977.1902,298.56375,1.0,978.0383,305.75842,1.0,965.0334,315.88486,1.0,969.7982,318.3375,1.0,978.55206,317.9715,1.0,986.3492,317.34433,1.0,990.00714,314.3351,1.0,921.3336,275.1033,1.0,929.72485,271.00644,1.0,940.15967,270.49805,1.0,950.54846,274.8363,1.0,941.86084,277.0739,1.0,932.15283,277.8558,1.0,991.6775,272.21045,1.0,1001.5822,265.8967,1.0,1011.66144,264.9907,1.0,1018.51154,268.11264,1.0,1010.82263,272.27597,1.0,1001.0257,272.95847,1.0,958.3651,345.7248,1.0,964.6473,334.8656,1.0,971.3481,331.4846,1.0,979.45715,332.19498,1.0,986.9911,330.64438,1.0,994.56525,333.3628,1.0,1002.091,344.83463,1.0,1001.76184,351.20703,1.0,991.3596,358.5372,1.0,982.1265,360.0749,1.0,973.13385,359.7245,1.0,960.98303,352.8765,1.0,961.40796,345.353,1.0,974.2571,339.14154,1.0,979.77814,338.84497,1.0,985.3236,338.7555,1.0,999.1405,344.6806,1.0,987.3421,348.02286,1.0,981.55096,348.64648,1.0,975.3676,348.5619,1.0,935.6617,272.92734,1.0,1007.04065,267.68704,1.0,966.89246,311.8799,0.9969964,977.19305,434.1523,0.9983148,827.85394,430.17285,0.9983148,782.57434,633.2217,0.79865557,903.33887,416.09656,0.98835784,1126.5321,438.13177,0.99967086,1185.4442,680.14307,0.9422273,1157.492,892.50653,0.9751431,975.90656,939.0243,0.9774599,877.34784,942.3818,0.9774599,874.7269,1263.0381,0.037899032,868.1704,1632.6537,0.016915891,1074.4653,935.6669,0.98165095,1075.1204,1310.8203,0.026387451,1056.8495,1628.1371,0.011243646,931.3959,278.02182,0.9955966,1001.02466,279.72235,0.9921077,905.5078,284.79138,0.9903516,1022.1579,285.8175,0.99597865,1006.00134,1746.824,0.011141909,1006.00134,1746.824,0.011141909,1064.3296,1669.5564,0.012106655,907.71545,1746.0005,0.0093264235,907.71545,1746.0005,0.0093264235,864.26385,1689.0963,0.013403853,1156.0684,901.6188,1.0,1118.0487,918.21344,1.0,1101.9695,948.92456,1.0,1096.3048,979.0762,1.0,1087.3986,1000.7027,1.0,1127.0574,979.1978,1.0,1123.3918,1019.68024,1.0,1120.3903,1040.8467,1.0,1118.4012,1057.255,1.0,1149.7938,980.5576,1.0,1145.2925,1022.06134,1.0,1141.0226,1045.3383,1.0,1137.9877,1062.0171,1.0,1167.2662,976.3605,1.0,1165.3748,1013.58105,1.0,1161.484,1034.7753,1.0,1158.1971,1050.3927,1.0,1179.3945,969.1917,1.0,1179.2797,997.421,1.0,1176.4835,1013.69354,1.0,1173.04,1026.2966,1.0,891.7549,416.97028,1.0,914.20953,396.5118,1.0,929.6291,368.4433,1.0,943.2566,347.63742,1.0,955.9508,331.0639,1.0,902.57574,332.37268,1.0,919.59534,308.76096,1.0,936.7166,312.6404,1.0,950.501,321.67535,1.0,888.93445,326.4303,1.0,898.1669,293.2848,1.0,910.5149,271.49442,1.0,920.99164,252.84741,1.0,874.23193,328.93552,1.0,873.5578,293.93427,1.0,877.76447,269.9286,1.0,882.7733,249.73515,1.0,860.37964,339.8731,1.0,845.17926,315.86813,1.0,836.0455,298.60855,1.0,829.7856,282.2985,1.0
883.0363,280.5737,1.0,885.2191,293.90546,1.0,888.50726,308.10706,1.0,899.6482,331.31958,1.0,910.1212,346.02405,1.0,925.5421,361.72827,1.0,936.5099,369.26367,1.0,956.89233,378.90704,1.0,984.2492,382.09616,1.0,1008.814,374.34766,1.0,1023.046,360.837,1.0,1029.3024,351.5023,1.0,1036.3021,334.16046,1.0,1042.2336,310.88132,1.0,1043.6403,295.94565,1.0,1043.5853,282.25308,1.0,1043.2878,269.39435,1.0,903.1249,262.96307,1.0,910.37573,256.70227,1.0,921.38055,252.98253,1.0,936.23145,252.43813,1.0,953.3575,253.82426,1.0,986.84576,252.76378,1.0,1001.9079,249.47005,1.0,1015.2591,248.0341,1.0,1025.7268,249.94388,1.0,1032.1532,254.4223,1.0,973.6574,275.75064,1.0,975.8052,289.40558,1.0,977.00085,298.25677,1.0,977.9175,305.4102,1.0,964.75964,315.7717,1.0,969.54724,318.18945,1.0,978.1561,317.82077,1.0,985.91376,317.27927,1.0,989.5124,314.22168,1.0,920.74994,275.18515,1.0,929.1585,271.42856,1.0,939.5538,270.8709,1.0,950.2281,274.78506,1.0,941.45856,277.05103,1.0,931.629,277.88055,1.0,990.76514,272.39752,1.0,1000.8133,266.42087,1.0,1010.7314,265.59958,1.0,1017.5503,268.53177,1.0,1009.8259,272.52945,1.0,1000.04175,273.13004,1.0,957.27814,346.19995,1.0,963.6063,335.346,1.0,970.3273,332.03403,1.0,978.3519,332.81604,1.0,985.8755,331.26306,1.0,993.28436,333.9616,1.0,1000.324,345.271,1.0,1000.13257,351.64407,1.0,989.81726,359.1443,1.0,980.41394,360.69315,1.0,971.32196,360.29807,1.0,959.402,353.37857,1.0,960.53284,345.8727,1.0,973.26447,339.97794,1.0,978.6515,339.69797,1.0,984.05536,339.59204,1.0,997.1299,345.1757,1.0,985.7048,348.57773,1.0,979.8732,349.25742,1.0,973.82935,349.14053,1.0,935.0995,273.38156,1.0,1006.17,268.39648,1.0,974.3574,313.6558,0.99693036,977.6565,434.66837,0.9982555,828.76654,431.14923,0.9982555,781.8872,632.9518,0.80303746,889.83545,402.15897,0.989147,1126.5464,438.1875,0.9996798,1185.7462,681.19904,0.9448843,1159.5378,893.98035,0.9766118,976.04095,939.2545,0.97617286,877.3927,942.89716,0.97617286,874.81885,1270.7394,0.03724124,868.20276,1645.062,0.017064791,1074.6891,935.6119,0.9811881,1075.0018,1313.3973,0.02614948,1056.7324,1634.2251,0.011192798,933.80365,278.74353,0.9954128,1004.7544,280.25876,0.991794,906.264,286.09085,0.98978585,1022.8639,285.78616,0.9958648,1006.0352,1751.2422,0.011076627,1006.0352,1751.2422,0.011076627,1064.2192,1676.4612,0.0119904475,907.6138,1753.4863,0.009430597,907.6138,1753.4863,0.009430597,864.08405,1703.8527,0.013401128,1157.8563,903.09546,1.0,1119.3893,918.5855,1.0,1102.4393,949.06354,1.0,1096.3563,977.96106,1.0,1087.6716,998.80695,1.0,1127.6025,980.138,1.0,1121.4817,1019.8121,1.0,1116.9823,1040.1522,1.0,1113.852,1055.5077,1.0,1149.689,981.68964,1.0,1142.9667,1022.66077,1.0,1137.3132,1045.0916,1.0,1133.328,1060.8717,1.0,1166.2981,977.5524,1.0,1161.3804,1014.63214,1.0,1155.8783,1035.5184,1.0,1151.621,1051.3059,1.0,1177.2472,970.28467,1.0,1175.4318,997.83716,1.0,1171.8474,1014.36847,1.0,1168.2152,1027.234,1.0,875.3507,394.27164,1.0,897.61755,365.88943,1.0,907.21674,334.42966,1.0,916.4201,311.4033,1.0,928.3229,292.5615,1.0,877.7372,302.47028,1.0,889.25287,278.466,1.0,907.4036,280.4551,1.0,922.03107,286.29385,1.0,863.57623,298.1335,1.0,868.1568,267.22845,1.0,878.0729,244.85007,1.0,885.3654,224.41795,1.0,849.47314,301.3862,1.0,844.6749,268.7035,1.0,846.118,244.79195,1.0,847.6714,224.04468,1.0,836.3823,312.88504,1.0,819.9722,289.57925,1.0,810.3247,273.1803,1.0,802.08954,257.69824,1.0
880.4688,280.16632,1.0,882.2694,293.58096,1.0,885.16785,307.80548,1.0,896.3151,331.12857,1.0,907.01227,345.93045,1.0,923.0111,361.72842,1.0,934.2684,369.35123,1.0,955.0906,379.1874,1.0,982.7599,382.64288,1.0,1007.6359,374.8033,1.0,1021.94574,361.25174,1.0,1028.4534,351.86398,1.0,1035.7587,334.36423,1.0,1041.9299,310.87408,1.0,1043.415,295.9192,1.0,1043.2168,282.1858,1.0,1042.7426,269.27545,1.0,901.824,262.6762,1.0,909.2121,256.5789,1.0,920.25415,252.98401,1.0,935.2793,252.42308,1.0,952.5342,253.7123,1.0,986.1608,252.78358,1.0,1000.95636,249.702,1.0,1014.1072,248.39142,1.0,1024.315,250.23486,1.0,1030.7571,254.56166,1.0,973.0334,275.64786,1.0,975.3961,289.1801,1.0,976.8115,297.94977,1.0,977.79663,305.06192,1.0,964.48596,315.6585,1.0,969.29626,318.04144,1.0,977.7602,317.67004,1.0,985.47833,317.21417,1.0,989.0177,314.10825,1.0,920.1662,275.267,1.0,928.59216,271.8507,1.0,938.9478,271.24377,1.0,949.9078,274.73383,1.0,941.0563,277.0281,1.0,931.1053,277.9053,1.0,989.8528,272.5846,1.0,1000.0443,266.94507,1.0,1009.8013,266.2085,1.0,1016.5891,268.9509,1.0,1008.8293,272.78296,1.0,999.0578,273.3016,1.0,956.1911,346.6751,1.0,962.5653,335.82645,1.0,969.30646,332.58344,1.0,977.24664,333.4371,1.0,984.75995,331.88174,1.0,992.0035,334.5604,1.0,998.557,345.70737,1.0,998.5033,352.08112,1.0,988.2749,359.7514,1.0,978.70135,361.31143,1.0,969.51,360.8716,1.0,957.8209,353.88065,1.0,959.6578,346.3924,1.0,972.2718,340.81433,1.0,977.5249,340.55093,1.0,982.78705,340.42862,1.0,995.11926,345.67075,1.0,984.06744,349.13263,1.0,978.1955,349.86838,1.0,972.291,349.71918,1.0,934.5373,273.83582,1.0,1005.2993,269.10596,1.0,974.14935,314.12744,0.9969357,979.93097,434.9401,0.99821085,832.95404,431.74237,0.99821085,781.28656,614.5536,0.8037065,879.28595,378.8598,0.98986447,1126.9078,438.1378,0.99968505,1185.9276,681.20667,0.94655645,1160.8932,895.38947,0.9776635,976.0258,939.2454,0.9750806,877.5683,942.8448,0.9750806,874.0927,1269.4283,0.036739346,866.2129,1642.3362,0.01731518,1074.4833,935.64606,0.9805176,1071.5555,1314.4331,0.025353968,1055.0303,1632.7001,0.011122427,933.7846,278.7875,0.9953714,1004.3535,280.2868,0.991723,906.85156,286.74316,0.98966974,1022.78723,285.5869,0.9958713,1001.33,1749.774,0.011097772,1001.33,1749.774,0.011097772,1063.2966,1674.7943,0.011816263,904.3971,1752.1355,0.009679039,904.3971,1752.1355,0.009679039,861.9829,1700.4583,0.01341423,1158.533,904.4799,1.0,1120.4406,918.87756,1.0,1103.1694,948.9915,1.0,1096.1289,977.45654,1.0,1087.4268,998.5349,1.0,1127.5306,979.37244,1.0,1120.8059,1018.98724,1.0,1116.1776,1039.9932,1.0,1113.2355,1056.1263,1.0,1149.2087,981.57715,1.0,1142.4691,1022.4096,1.0,1137.0933,1045.6266,1.0,1133.744,1062.8612,1.0,1165.3834,978.42706,1.0,1159.6716,1014.77966,1.0,1153.5464,1035.8378,1.0,1148.9531,1052.1733,1.0,1175.6492,972.10785,1.0,1170.2258,1000.0953,1.0,1164.7183,1015.6065,1.0,1159.8224,1027.264,1.0,870.42053,369.81638,1.0,891.1168,338.3507,1.0,900.36646,306.0028,1.0,910.4585,282.72015,1.0,923.3226,263.1352,1.0,868.6091,277.7611,1.0,881.3008,253.90129,1.0,900.3552,253.8342,1.0,916.40027,258.5834,1.0,856.9232,273.22607,1.0,860.0364,239.73042,1.0,867.38434,217.02486,1.0,873.5408,196.923,1.0,845.08453,276.72522,1.0,839.9326,242.96118,1.0,840.0354,218.90321,1.0,841.4539,198.44489,1.0,834.3552,287.95654,1.0,819.7539,264.10876,1.0,809.435,246.2253,1.0,800.9532,230.6218,1.0
877.90137,279.7589,1.0,879.3197,293.2565,1.0,881.8284,307.50388,1.0,892.9821,330.9376,1.0,903.90326,345.83682,1.0,920.4801,361.72858,1.0,932.0269,369.43878,1.0,953.28876,379.46777,1.0,981.2706,383.18964,1.0,1006.45776,375.25894,1.0,1020.84546,361.66647,1.0,1027.6042,352.22565,1.0,1035.2153,334.56802,1.0,1041.6262,310.86685,1.0,1043.1898,295.8927,1.0,1042.8483,282.1185,1.0,1042.1973,269.15656,1.0,900.5231,262.38934,1.0,908.0484,256.4555,1.0,919.1278,252.98549,1.0,934.3272,252.40805,1.0,951.7109,253.60031,1.0,985.47595,252.8034,1.0,1000.0048,249.93394,1.0,1012.9552,248.74872,1.0,1022.90314,250.52585,1.0,1029.3611,254.701,1.0,972.40936,275.54507,1.0,974.98706,288.95468,1.0,976.6222,297.6428,1.0,977.6758,304.71368,1.0,964.2122,315.54535,1.0,969.04535,317.8934,1.0,977.3642,317.51932,1.0,985.0429,317.1491,1.0,988.52295,313.9948,1.0,919.58246,275.34888,1.0,928.0258,272.27283,1.0,938.3419,271.61664,1.0,949.58746,274.6826,1.0,940.65393,277.00522,1.0,930.5815,277.93005,1.0,988.9404,272.77167,1.0,999.2754,267.46927,1.0,1008.8712,266.8174,1.0,1015.6279,269.37003,1.0,1007.8326,273.03644,1.0,998.07385,273.47318,1.0,955.1041,347.15027,1.0,961.5243,336.30685,1.0,968.28564,333.13284,1.0,976.1414,334.05817,1.0,983.64435,332.50043,1.0,990.7226,335.1592,1.0,996.79004,346.14377,1.0,996.87396,352.51813,1.0,986.73254,360.35852,1.0,976.9888,361.9297,1.0,967.6981,361.4452,1.0,956.23987,354.38275,1.0,958.78265,346.9121,1.0,971.2792,341.65076,1.0,976.39825,341.40393,1.0,981.5188,341.26517,1.0,993.10864,346.16583,1.0,982.43005,349.6875,1.0,976.51776,350.47934,1.0,970.75275,350.29782,1.0,933.97516,274.29007,1.0,1004.42865,269.8154,1.0,974.06866,314.80597,0.9970187,979.8572,434.92422,0.9981357,833.19293,431.75858,0.9981357,781.15405,593.54785,0.8026945,878.8059,359.3584,0.9903247,1126.5214,438.08984,0.999692,1185.9608,680.8672,0.9472802,1161.2368,894.4346,0.9781054,976.0803,939.20715,0.97395056,877.7696,942.78577,0.97395056,879.96716,1269.1854,0.035829183,868.8848,1639.9532,0.017385736,1074.391,935.62854,0.9800742,1071.6621,1314.0092,0.024943242,1055.5741,1632.1511,0.011302232,934.1487,278.7727,0.99544126,1004.30853,280.3066,0.99189174,906.6751,286.80856,0.9896975,1022.7323,285.57617,0.9959778,1004.6862,1749.3739,0.011336005,1004.6862,1749.3739,0.011336005,1063.3062,1674.28,0.011998321,907.9454,1750.2738,0.0097888075,907.9454,1750.2738,0.0097888075,863.57007,1697.5585,0.013426022,1160.3367,905.2176,1.0,1121.9235,918.84143,1.0,1105.233,948.6801,1.0,1097.9338,977.5647,1.0,1088.4996,998.7694,1.0,1130.5293,979.4855,1.0,1123.0212,1018.87134,1.0,1117.6497,1040.281,1.0,1113.9001,1056.8555,1.0,1151.7422,982.2133,1.0,1143.8318,1022.54846,1.0,1137.3645,1046.0168,1.0,1132.8419,1063.7902,1.0,1166.9447,979.5311,1.0,1160.7467,1015.81537,1.0,1153.9895,1037.0627,1.0,1148.5679,1053.6024,1.0,1175.9995,973.8342,1.0,1169.826,1001.87164,1.0,1164.1399,1017.4348,1.0,1158.885,1029.4705,1.0,880.4323,353.3174,1.0,902.5769,329.00284,1.0,913.5878,297.17725,1.0,925.13544,274.23236,1.0,938.9663,256.9813,1.0,881.7984,265.89673,1.0,896.96375,241.55302,1.0,916.8637,243.11047,1.0,932.8388,251.10338,1.0,871.5804,261.70554,1.0,877.3384,228.06192,1.0,887.06696,206.25839,1.0,895.4347,188.79796,1.0,861.467,265.4289,1.0,859.834,228.87827,1.0,862.9377,205.93028,1.0,866.6128,186.97545,1.0,852.25995,275.9977,1.0,842.57056,248.30925,1.0,835.48376,229.05899,1.0,830.25287,212.00278,1.0
884.07104,278.87048,1.0,886.2348,291.8074,1.0,889.2211,305.46286,1.0,899.75214,327.55396,1.0,909.82684,341.1986,1.0,925.5206,355.38156,1.0,937.03357,361.94034,1.0,957.53217,369.96167,1.0,983.3026,372.45728,1.0,1006.9294,365.761,1.0,1021.31964,354.13797,1.0,1028.3354,345.63025,1.0,1035.6378,329.25537,1.0,1041.0659,306.81744,1.0,1042.1573,292.1716,1.0,1041.5375,278.6494,1.0,1040.5594,265.96643,1.0,903.6141,262.27405,1.0,910.5272,256.5145,1.0,920.8531,252.88614,1.0,935.21967,252.0926,1.0,951.7962,252.99353,1.0,984.5063,251.57474,1.0,998.79425,248.45314,1.0,1011.50854,247.01248,1.0,1021.3826,248.63048,1.0,1027.8158,252.60056,1.0,972.1238,273.73398,1.0,974.73364,286.76944,1.0,976.513,295.41837,1.0,977.69135,302.33368,1.0,964.8394,312.2038,1.0,969.6562,314.27933,1.0,977.8076,313.79596,1.0,985.30347,313.2221,1.0,988.7625,310.27838,1.0,921.9181,274.75726,1.0,929.5231,271.30765,1.0,939.3962,270.37393,1.0,950.5705,273.7779,1.0,941.9043,276.0952,1.0,932.2418,277.1327,1.0,988.6216,271.27246,1.0,998.7742,265.49872,1.0,1008.4028,264.8024,1.0,1015.1483,267.41077,1.0,1007.3013,271.14404,1.0,997.70197,271.7556,1.0,955.8768,338.7885,1.0,963.6795,330.53308,1.0,970.3585,327.79602,1.0,978.0274,328.36496,1.0,985.3317,326.83566,1.0,992.3195,328.80212,1.0,1000.38403,336.44598,1.0,998.3993,341.87305,1.0,987.9378,348.39807,1.0,979.23065,349.75772,1.0,970.81195,349.46405,1.0,959.13983,344.15213,1.0,958.99084,338.5703,1.0,973.1889,334.9336,1.0,978.4572,334.57404,1.0,983.80914,334.27905,1.0,997.3259,336.60013,1.0,984.5766,339.8512,1.0,978.64996,340.55734,1.0,972.7222,340.53827,1.0,935.4906,273.1971,1.0,1003.5382,267.82413,1.0,974.6543,307.01923,0.9972069,979.82074,434.9401,0.99808055,833.1656,431.9873,0.99808055,776.1498,585.1653,0.8066725,879.4293,359.9105,0.9896393,1126.476,437.8929,0.9997046,1186.029,680.51514,0.95005816,1161.934,893.3501,0.97863555,975.8619,937.5856,0.9745684,877.70953,941.4022,0.9745684,879.99524,1268.0812,0.038366187,871.18146,1638.9819,0.018007092,1074.0142,933.7689,0.98082364,1071.6663,1313.5792,0.027035184,1056.6808,1631.6841,0.011787292,934.13654,271.79953,0.9956856,1004.33704,275.7035,0.99240446,906.52386,286.3553,0.9901367,1022.5088,283.90128,0.9962401,1005.29663,1748.8351,0.011709668,1005.29663,1748.8351,0.011709668,1064.3716,1673.9952,0.012178025,911.9246,1748.2094,0.010168366,911.9246,1748.2094,0.010168366,866.2753,1695.6969,0.013602325,1159.7727,906.2897,1.0,1121.9379,919.38293,1.0,1105.1733,949.0298,1.0,1097.8026,978.26294,1.0,1088.1874,999.3254,1.0,1130.1694,979.6483,1.0,1122.6049,1019.3282,1.0,1117.6559,1040.4132,1.0,1114.4181,1056.6737,1.0,1151.412,982.4171,1.0,1143.6987,1023.2111,1.0,1137.4692,1046.3931,1.0,1133.2789,1063.7938,1.0,1166.9755,979.7586,1.0,1161.2814,1016.4196,1.0,1154.5934,1037.5393,1.0,1149.3086,1053.6433,1.0,1176.5928,974.1718,1.0,1171.3849,1002.6931,1.0,1166.1265,1018.6006,1.0,1161.3142,1030.6654,1.0,886.1787,360.14767,1.0,915.3712,336.24237,1.0,930.84186,309.87723,1.0,944.9866,291.54688,1.0,960.26587,276.1394,1.0,907.722,274.32645,1.0,927.6914,249.2121,1.0,946.12366,251.4904,1.0,959.66364,258.55542,1.0,900.14417,271.19107,1.0,913.73627,239.36504,1.0,927.09937,220.26476,1.0,938.42676,204.8583,1.0,891.49347,275.0775,1.0,901.4828,241.0656,1.0,911.76794,219.3749,1.0,921.0268,201.59619,1.0,882.90515,283.89798,1.0,887.7205,256.11194,1.0,891.26495,236.91986,1.0,895.3687,219.8252,1.0
890.2408,277.98203,1.0,893.1499,290.35834,1.0,896.6139,303.42188,1.0,906.5222,324.17032,1.0,915.7504,336.5604,1.0,930.56116,349.03455,1.0,942.0402,354.44186,1.0,961.7756,360.45557,1.0,985.3346,361.72495,1.0,1007.40106,356.26303,1.0,1021.79376,346.60947,1.0,1029.0665,339.03485,1.0,1036.0604,323.94272,1.0,1040.5057,302.76804,1.0,1041.125,288.4505,1.0,1040.2267,275.18033,1.0,1038.9216,262.7763,1.0,906.705,262.15875,1.0,913.0061,256.5735,1.0,922.5784,252.78679,1.0,936.1121,251.77718,1.0,951.88153,252.38673,1.0,983.5367,250.34605,1.0,997.58374,246.97232,1.0,1010.06195,245.27625,1.0,1019.86206,246.7351,1.0,1026.2705,250.5001,1.0,971.8382,271.92285,1.0,974.48016,284.58417,1.0,976.4039,293.19397,1.0,977.7069,299.95367,1.0,965.4666,308.86224,1.0,970.267,310.66522,1.0,978.25104,310.0726,1.0,985.564,309.2951,1.0,989.00214,306.56198,1.0,924.25366,274.16568,1.0,931.02026,270.34247,1.0,940.45044,269.13123,1.0,951.55347,272.87317,1.0,943.1546,275.1852,1.0,933.90216,276.33533,1.0,988.3028,269.7733,1.0,998.273,263.52817,1.0,1007.9343,262.78738,1.0,1014.66864,265.45148,1.0,1006.77,269.25165,1.0,997.33,270.03802,1.0,956.6495,330.42676,1.0,965.8347,324.75934,1.0,972.4314,322.45917,1.0,979.9134,322.67175,1.0,987.0191,321.1709,1.0,993.9164,322.44504,1.0,1003.9781,326.7482,1.0,999.92456,331.22794,1.0,989.143,336.43762,1.0,981.47253,337.58575,1.0,973.9258,337.48294,1.0,962.03986,333.92148,1.0,959.1991,330.22855,1.0,975.09863,328.21646,1.0,980.5161,327.74414,1.0,986.09955,327.29294,1.0,1001.5433,327.03442,1.0,986.72314,330.01486,1.0,980.7821,330.6353,1.0,974.6917,330.77872,1.0,937.00604,272.1042,1.0,1002.6478,265.83286,1.0,975.5998,305.4887,0.9972851,979.69495,434.90903,0.9980783,832.8069,431.9716,0.9980783,765.68774,586.3427,0.8158463,887.65765,361.18173,0.9898754,1126.583,437.8465,0.99971575,1186.0808,680.2538,0.95338666,1162.0134,891.9711,0.9797511,975.91144,934.3025,0.9753267,877.84375,938.6029,0.9753267,874.4303,1266.7955,0.045273315,866.90814,1633.4681,0.020608248,1073.9791,930.0021,0.9815815,1071.2837,1313.4718,0.032917913,1056.4662,1630.1847,0.0136129,935.402,271.94296,0.99575907,1004.5892,274.2819,0.99262553,909.337,286.385,0.99032307,1022.64014,281.4008,0.9963935,1001.928,1745.4716,0.013420321,1001.928,1745.4716,0.013420321,1064.2378,1671.1412,0.0131012,903.63837,1740.7993,0.011727585,903.63837,1740.7993,0.011727585,862.8074,1687.2131,0.0147889005,1159.5214,906.60223,1.0,1121.0968,920.572,1.0,1103.7372,950.71405,1.0,1095.7567,979.22687,1.0,1086.4247,999.7919,1.0,1130.0696,981.45703,1.0,1122.7327,1020.28265,1.0,1117.9535,1041.0779,1.0,1114.9358,1057.039,1.0,1151.2648,983.43243,1.0,1144.1659,1023.48474,1.0,1138.2645,1046.2585,1.0,1134.5365,1063.588,1.0,1166.8285,980.2211,1.0,1161.3694,1016.36993,1.0,1155.1066,1037.3363,1.0,1150.2383,1053.7362,1.0,1175.9138,974.2362,1.0,1170.9573,1002.4804,1.0,1165.6476,1018.1915,1.0,1160.8688,1030.3522,1.0,886.98517,381.1355,1.0,929.6047,355.15588,1.0,946.5453,330.86768,1.0,961.4425,316.03278,1.0,980.2801,305.44733,1.0,912.16394,291.95523,1.0,947.66376,272.18802,1.0,969.737,263.22784,1.0,986.83435,255.72021,1.0,905.16486,296.51096,1.0,946.54364,274.8745,1.0,967.40607,267.39975,1.0,983.18066,260.31274,1.0,904.5455,306.6767,1.0,942.3734,283.64468,1.0,962.45886,273.11563,1.0,976.79376,263.63812,1.0,909.1504,321.36337,1.0,933.59406,303.9786,1.0,949.2575,292.26624,1.0,962.9568,281.502,1.0
896.4105,277.0936,1.0,900.065,288.90924,1.0,904.0066,301.38086,1.0,913.29224,320.7867,1.0,921.674,331.9222,1.0,935.6017,342.6875,1.0,947.04694,346.9434,1.0,966.0189,350.94946,1.0,987.36664,350.99258,1.0,1007.8727,346.76505,1.0,1022.26794,339.08093,1.0,1029.7977,332.43942,1.0,1036.483,318.63007,1.0,1039.9454,298.71866,1.0,1040.0925,284.7294,1.0,1038.9158,271.71124,1.0,1037.2838,259.58618,1.0,909.796,262.04346,1.0,915.4849,256.63248,1.0,924.3037,252.68744,1.0,937.0046,251.46173,1.0,951.96686,251.77995,1.0,982.567,249.11739,1.0,996.37317,245.4915,1.0,1008.6153,243.54,1.0,1018.34155,244.83972,1.0,1024.7252,248.39964,1.0,971.5526,270.11176,1.0,974.22675,282.39893,1.0,976.2947,290.96954,1.0,977.72253,297.5737,1.0,966.0938,305.5207,1.0,970.8779,307.05115,1.0,978.6944,306.34924,1.0,985.8246,305.3681,1.0,989.2417,302.84555,1.0,926.5893,273.57407,1.0,932.51746,269.3773,1.0,941.5047,267.88852,1.0,952.5365,271.96848,1.0,944.4049,274.2752,1.0,935.5625,275.53793,1.0,987.984,268.2741,1.0,997.77185,261.55765,1.0,1007.4659,260.77237,1.0,1014.189,263.49222,1.0,1006.2387,267.35925,1.0,996.9581,268.32043,1.0,957.4221,322.065,1.0,967.98987,318.98557,1.0,974.5043,317.1223,1.0,981.79944,316.97855,1.0,988.7065,315.50613,1.0,995.5133,316.08795,1.0,1007.57214,317.0504,1.0,1001.4499,320.58286,1.0,990.34827,324.4772,1.0,983.7144,325.4138,1.0,977.0396,325.50183,1.0,964.9398,323.69086,1.0,959.4073,321.88675,1.0,977.00836,321.4993,1.0,982.5751,320.9142,1.0,988.38995,320.30685,1.0,1005.76056,317.46875,1.0,988.86975,320.17856,1.0,982.9143,320.71332,1.0,976.6612,321.01917,1.0,938.52155,271.01126,1.0,1001.7574,263.84155,1.0,981.3404,312.75732,0.99668545,979.6439,433.39438,0.9980662,832.6864,428.9605,0.9980662,752.7095,587.3372,0.8220618,890.2389,392.87692,0.99010926,1126.6013,437.82828,0.99971414,1185.8652,680.0866,0.95493364,1162.005,893.08844,0.9797775,974.9976,927.66656,0.97429276,876.985,931.2014,0.97429276,873.609,1255.6992,0.04464349,864.9151,1618.8225,0.020325463,1073.0103,924.1318,0.98091984,1069.6484,1302.2522,0.03240041,1055.9625,1622.8464,0.013584125,947.08716,281.45386,0.99463475,1005.848,280.14783,0.99073243,913.00757,287.00342,0.988326,1021.65436,285.2082,0.9956681,1001.20447,1738.6667,0.013385368,1001.20447,1738.6667,0.013385368,1063.7356,1663.9584,0.013068266,902.44037,1722.4701,0.011607798,902.44037,1722.4701,0.011607798,859.91174,1674.2534,0.014727247,1158.8823,907.5285,1.0,1120.3945,921.17395,1.0,1102.8782,951.2974,1.0,1094.4396,979.9295,1.0,1085.012,1000.7418,1.0,1129.013,982.3635,1.0,1121.9321,1021.1175,1.0,1117.575,1042.2139,1.0,1115.0352,1058.4359,1.0,1150.2786,984.6202,1.0,1142.7714,1024.1154,1.0,1137.3488,1046.7998,1.0,1133.8187,1064.0226,1.0,1165.8394,981.70337,1.0,1158.987,1017.63477,1.0,1152.7124,1038.6848,1.0,1148.0093,1055.2269,1.0,1175.403,975.897,1.0,1168.9668,1003.3926,1.0,1163.6184,1018.75793,1.0,1159.2179,1030.8622,1.0,889.4041,406.1355,1.0,903.90674,373.7835,1.0,929.02264,346.0186,1.0,955.3296,331.2037,1.0,976.6359,324.9762,1.0,933.74506,326.1438,1.0,977.3971,313.6604,1.0,1002.2985,312.0046,1.0,1020.0951,311.27664,1.0,931.85486,338.15512,1.0,984.30853,330.92984,1.0,1011.8254,329.27597,1.0,1032.1278,326.11435,1.0,932.3189,355.61365,1.0,982.4312,350.9988,1.0,1009.26154,347.59842,1.0,1030.0195,343.09937,1.0,934.376,375.92902,1.0,973.6364,374.10532,1.0,994.8641,372.26508,1.0,1012.37415,369.26608,1.0
897.3656,275.7914,1.0,900.6111,287.79242,1.0,904.0662,300.53943,1.0,913.0593,320.85117,1.0,921.51697,332.88922,1.0,935.16473,344.99457,1.0,946.0058,350.27225,1.0,965.0686,356.19357,1.0,988.4024,357.05405,1.0,1010.6109,351.31952,1.0,1024.9158,341.43338,1.0,1031.7645,333.79266,1.0,1038.3566,318.85916,1.0,1042.5765,297.88214,1.0,1042.9696,283.67792,1.0,1042.0178,270.62302,1.0,1040.5674,258.50183,1.0,911.1563,259.51697,1.0,916.7163,253.65442,1.0,925.5666,249.26447,1.0,938.59845,247.55774,1.0,954.0669,247.6619,1.0,985.04663,244.81581,1.0,999.27997,241.37386,1.0,1011.7262,239.9591,1.0,1021.441,241.82976,1.0,1027.6171,245.86827,1.0,973.72186,267.62302,1.0,976.30585,280.2324,1.0,978.2059,288.85693,1.0,979.5717,295.56567,1.0,968.0016,304.72324,1.0,972.6481,306.50015,1.0,980.3803,305.74368,1.0,987.31964,304.82208,1.0,990.6619,302.0952,1.0,927.6486,270.93243,1.0,933.79974,266.3823,1.0,943.333,264.7926,1.0,954.36426,269.12476,1.0,946.1361,271.5072,1.0,936.9495,272.83264,1.0,989.66016,265.57175,1.0,999.60394,258.54782,1.0,1009.712,257.82834,1.0,1016.4042,260.95435,1.0,1008.15247,264.90787,1.0,998.564,265.76193,1.0,959.1234,326.25314,1.0,968.831,320.02167,1.0,975.48706,317.3299,1.0,982.86835,317.27185,1.0,989.9152,315.77835,1.0,996.8215,317.2245,1.0,1007.10254,321.86758,1.0,1002.6707,326.59274,1.0,991.7966,331.68976,1.0,984.4137,332.92377,1.0,977.13904,332.9965,1.0,964.9029,329.9307,1.0,961.49634,326.0359,1.0,978.10956,322.96036,1.0,983.5799,322.36215,1.0,989.3293,321.8724,1.0,1004.83203,322.1479,1.0,989.42554,325.77988,1.0,983.4175,326.42722,1.0,977.32806,326.71893,1.0,940.5508,268.13092,1.0,1003.7993,261.06656,1.0,981.02167,312.16473,0.99648875,979.4531,432.69897,0.99815637,831.436,427.5864,0.99815637,736.3047,598.07245,0.829856,889.8009,432.23456,0.9906356,1127.4702,437.81152,0.9997174,1185.9105,680.23126,0.95608765,1161.8623,894.3929,0.97966695,974.28937,928.5407,0.97464335,876.6804,931.33655,0.97464335,869.7604,1255.5132,0.045184273,861.46387,1616.0929,0.020187087,1071.8983,925.7448,0.9809154,1069.3295,1299.8519,0.031785898,1053.6931,1613.8099,0.013299229,945.6169,280.06082,0.9942797,1005.12805,277.43103,0.9898606,912.77264,283.63678,0.98778886,1023.0971,281.7751,0.9953197,1001.29065,1730.346,0.013079646,1001.29065,1730.346,0.013079646,1059.8215,1653.4747,0.0129714785,898.753,1720.7396,0.011483834,898.753,1720.7396,0.011483834,856.62054,1671.3198,0.014693756,1157.5177,909.2824,1.0,1118.8529,923.1134,1.0,1101.4352,952.60834,1.0,1093.0522,980.91376,1.0,1083.6111,1001.19543,1.0,1127.8099,983.5918,1.0,1120.787,1022.1471,1.0,1116.7063,1042.9724,1.0,1114.3981,1058.9147,1.0,1149.3171,985.7752,1.0,1141.8307,1025.3291,1.0,1136.6925,1047.6377,1.0,1133.5107,1064.6735,1.0,1164.9691,983.14264,1.0,1157.991,1018.8551,1.0,1151.7703,1039.3312,1.0,1147.0857,1055.2073,1.0,1174.1473,977.8647,1.0,1166.8789,1005.25757,1.0,1161.0262,1020.4492,1.0,1156.0122,1032.3069,1.0,885.5462,434.7077,1.0,906.18365,402.37698,1.0,940.07324,378.9412,1.0,965.49786,360.86917,1.0,981.9291,343.8198,1.0,958.65497,372.36392,1.0,1009.8167,382.16876,1.0,1035.8374,390.6468,1.0,1053.8068,398.17297,1.0,956.7841,390.73724,1.0,1011.29254,406.45407,1.0,1040.3828,415.082,1.0,1061.4923,419.55377,1.0,953.60565,412.68225,1.0,1003.9011,424.34393,1.0,1031.9457,430.4631,1.0,1052.581,434.3787,1.0,949.3419,434.75937,1.0,988.6233,444.6383,1.0,1010.5558,449.6418,1.0,1027.606,452.65778,1.0
898.32074,274.4892,1.0,901.1571,286.67557,1.0,904.12585,299.698,1.0,912.8265,320.91565,1.0,921.36,333.85623,1.0,934.7278,347.3016,1.0,944.96466,353.6011,1.0,964.1183,361.43768,1.0,989.4381,363.1155,1.0,1013.3492,355.87396,1.0,1027.5636,343.78583,1.0,1033.7312,335.1459,1.0,1040.2301,319.08823,1.0,1045.2075,297.04565,1.0,1045.8467,282.62646,1.0,1045.1199,269.53476,1.0,1043.8511,257.4175,1.0,912.51666,256.99045,1.0,917.94775,250.67636,1.0,926.8295,245.84148,1.0,940.1923,243.65375,1.0,956.167,243.54382,1.0,987.52625,240.51424,1.0,1002.18677,237.2562,1.0,1014.8371,236.3782,1.0,1024.5405,238.8198,1.0,1030.509,243.3369,1.0,975.89105,265.13428,1.0,978.38495,278.0659,1.0,980.117,286.7443,1.0,981.4209,293.55765,1.0,969.90936,303.92578,1.0,974.4183,305.94916,1.0,982.0662,305.13812,1.0,988.81476,304.27603,1.0,992.08215,301.34488,1.0,928.7079,268.29077,1.0,935.082,263.38727,1.0,945.1614,261.69672,1.0,956.1921,266.28107,1.0,947.8673,268.7392,1.0,938.3365,270.12732,1.0,991.3363,262.8694,1.0,1001.436,255.53798,1.0,1011.95807,254.88432,1.0,1018.61926,258.41647,1.0,1010.06616,262.45645,1.0,1000.1699,263.2034,1.0,960.8247,330.44128,1.0,969.6721,321.05777,1.0,976.46985,317.53745,1.0,983.93726,317.56516,1.0,991.124,316.0506,1.0,998.12964,318.361,1.0,1006.63293,326.68475,1.0,1003.8916,332.60266,1.0,993.2448,338.90234,1.0,985.11304,340.43375,1.0,977.2385,340.49115,1.0,964.8659,336.17053,1.0,963.58545,330.18503,1.0,979.2108,324.4214,1.0,984.5848,323.81006,1.0,990.2687,323.438,1.0,1003.90344,326.82703,1.0,989.9813,331.3812,1.0,983.9207,332.1411,1.0,977.99493,332.4187,1.0,942.58,265.2506,1.0,1005.84125,258.29153,1.0,976.429,308.99722,0.9963239,979.9562,432.9319,0.99828,831.41864,427.68835,0.99828,724.2505,600.1861,0.8381917,889.561,462.5543,0.9913026,1128.4938,438.1754,0.99972486,1186.0376,681.1111,0.9574517,1161.7086,896.5359,0.98007876,973.91943,930.527,0.9747227,876.7006,932.10956,0.9747227,869.53766,1257.2189,0.043912526,861.3986,1619.9003,0.01960208,1071.1383,928.9444,0.9805782,1067.7917,1300.3862,0.030002879,1049.6859,1616.963,0.012794466,944.4866,278.0403,0.993967,1002.90356,274.6271,0.9889214,912.7093,281.47797,0.9872857,1023.59424,279.7806,0.9948681,1001.2873,1734.3901,0.012632758,1001.2873,1734.3901,0.012632758,1054.7198,1658.3368,0.01273138,898.7877,1725.643,0.011147922,898.7877,1725.643,0.011147922,856.3299,1675.1353,0.014406719,1157.462,909.48615,1.0,1118.8201,923.1045,1.0,1100.84,953.34216,1.0,1092.2748,982.0872,1.0,1082.6589,1002.5939,1.0,1126.1877,984.2663,1.0,1119.8597,1022.7855,1.0,1116.3174,1043.7095,1.0,1114.3273,1059.7269,1.0,1147.7643,986.57477,1.0,1140.9309,1025.9515,1.0,1136.2399,1048.6385,1.0,1133.3704,1065.8607,1.0,1163.8539,983.8966,1.0,1157.1956,1019.3429,1.0,1151.3846,1039.9757,1.0,1147.1575,1055.9695,1.0,1173.7681,978.51526,1.0,1166.1322,1005.6666,1.0,1160.2716,1020.5283,1.0,1155.2449,1031.9724,1.0,881.36804,463.23895,1.0,910.6157,431.61325,1.0,949.76355,413.84537,1.0,977.5691,398.7842,1.0,996.75385,384.16635,1.0,981.13806,429.91046,1.0,1019.0349,456.56866,1.0,1038.9957,471.63605,1.0,1054.2122,483.48456,1.0,976.00824,449.58682,1.0,1014.929,478.935,1.0,1036.5593,495.60284,1.0,1053.6904,507.1598,1.0,966.89014,471.16296,1.0,1004.80005,495.54715,1.0,1027.8215,509.6268,1.0,1044.852,519.1531,1.0,955.30225,491.97342,1.0,988.30286,508.70667,1.0,1006.73456,519.82214,1.0,1020.90375,527.07733,1.0
899.2758,273.18698,1.0,901.7032,285.55872,1.0,904.1855,298.85657,1.0,912.59357,320.9801,1.0,921.203,334.82327,1.0,934.29083,349.60867,1.0,943.9235,356.93,1.0,963.16797,366.68182,1.0,990.4739,369.17697,1.0,1016.08746,360.4284,1.0,1030.2114,346.13824,1.0,1035.698,336.49915,1.0,1042.1036,319.31732,1.0,1047.8385,296.20917,1.0,1048.7239,281.57498,1.0,1048.2218,268.4465,1.0,1047.1346,256.3332,1.0,913.87695,254.46396,1.0,919.17914,247.6983,1.0,928.0924,242.41849,1.0,941.7862,239.74977,1.0,958.267,239.42577,1.0,990.0059,236.21266,1.0,1005.0935,233.13855,1.0,1017.94794,232.79732,1.0,1027.64,235.80981,1.0,1033.401,240.80553,1.0,978.0603,262.64554,1.0,980.4641,275.89938,1.0,982.0282,284.63168,1.0,983.27014,291.54962,1.0,971.8172,303.12836,1.0,976.1884,305.3982,1.0,983.75214,304.53256,1.0,990.3099,303.73,1.0,993.5024,300.59454,1.0,929.7672,265.64914,1.0,936.36426,260.39224,1.0,946.9897,258.6008,1.0,958.0199,263.43735,1.0,949.5985,265.9712,1.0,939.7235,267.42203,1.0,993.01245,260.167,1.0,1003.26807,252.52815,1.0,1014.2041,251.94029,1.0,1020.8344,255.8786,1.0,1011.9799,260.00507,1.0,1001.7758,260.64487,1.0,962.52606,334.62943,1.0,970.51324,322.09387,1.0,977.45264,317.74503,1.0,985.00616,317.85846,1.0,992.33276,316.3228,1.0,999.4378,319.49753,1.0,1006.1634,331.50195,1.0,1005.1124,338.61255,1.0,994.6931,346.1149,1.0,985.8123,347.94373,1.0,977.33795,347.98584,1.0,964.829,342.41037,1.0,965.6745,334.33417,1.0,980.312,325.88245,1.0,985.5896,325.258,1.0,991.208,325.00357,1.0,1002.97485,331.50616,1.0,990.5372,336.9825,1.0,984.42395,337.85504,1.0,978.6618,338.1185,1.0,944.60925,262.37027,1.0,1007.8832,255.51654,1.0,975.96875,306.75223,0.9964314,979.5665,432.65936,0.99841416,830.59937,427.20566,0.99841416,710.5891,599.0015,0.8485914,889.3872,493.08337,0.99189764,1128.5337,438.11307,0.9997358,1186.0736,681.1107,0.9585447,1161.5927,897.17426,0.98018396,973.82245,931.33044,0.9753453,876.5438,932.7567,0.9753453,869.64716,1258.4966,0.04488139,861.11426,1621.6289,0.019879019,1071.1011,929.90424,0.9806869,1067.7954,1299.9349,0.029335668,1047.5668,1617.5608,0.012524151,943.9862,276.96164,0.99410754,1002.8706,273.6647,0.98899645,912.6511,280.2321,0.9876339,1024.4902,279.0199,0.9948733,1001.6488,1737.8427,0.012426532,1001.6488,1737.8427,0.012426532,1049.0503,1659.2347,0.012745317,900.6143,1728.3375,0.011229239,900.6143,1728.3375,0.011229239,854.8359,1677.4147,0.014638161,1156.4363,909.416,1.0,1117.9698,923.43774,1.0,1100.4066,953.778,1.0,1092.0117,982.206,1.0,1083.1577,1002.87164,1.0,1125.6653,984.7961,1.0,1119.5806,1022.8486,1.0,1115.8181,1043.6272,1.0,1113.7622,1059.5303,1.0,1147.141,986.7365,1.0,1140.6448,1025.7903,1.0,1136.1338,1048.5162,1.0,1133.3284,1065.9186,1.0,1163.3126,983.6571,1.0,1156.5853,1019.294,1.0,1150.8601,1039.8856,1.0,1146.7646,1055.6735,1.0,1173.56,977.9883,1.0,1165.689,1005.09955,1.0,1159.7303,1020.0183,1.0,1154.822,1031.3755,1.0,885.0097,485.16037,1.0,923.0371,460.78192,1.0,963.52386,451.68152,1.0,992.69165,442.39487,1.0,1011.31665,429.6416,1.0,991.40704,481.63577,1.0,1016.1429,514.50806,1.0,1029.9794,533.13525,1.0,1040.6158,548.8095,1.0,981.6957,500.01862,1.0,1003.5685,534.5313,1.0,1017.2937,554.56647,1.0,1030.3358,569.7475,1.0,967.16345,518.7705,1.0,991.2021,548.3376,1.0,1005.7212,566.8687,1.0,1017.55426,580.0542,1.0,950.60913,535.79584,1.0,973.2677,557.2037,1.0,984.90186,572.2735,1.0,995.6683,582.8245,1.0
899.7026,271.74948,1.0,902.02545,284.1351,1.0,904.3815,297.4351,1.0,912.70465,319.51163,1.0,921.31934,333.3372,1.0,934.33307,348.17072,1.0,943.78796,355.64288,1.0,962.77826,365.7048,1.0,989.9993,368.52155,1.0,1015.62006,359.7874,1.0,1029.7773,345.4805,1.0,1035.3356,335.8234,1.0,1042.0564,318.66006,1.0,1048.2249,295.5751,1.0,1049.2408,280.92676,1.0,1048.8192,267.76294,1.0,1047.818,255.63518,1.0,914.3574,252.94186,1.0,919.66876,246.14857,1.0,928.56195,240.84113,1.0,942.24286,238.16037,1.0,958.6653,237.87143,1.0,990.226,234.75073,1.0,1005.32196,231.78242,1.0,1018.24304,231.58208,1.0,1028.0043,234.72913,1.0,1033.8774,239.8551,1.0,978.2002,261.28418,1.0,980.5484,274.52698,1.0,981.9988,283.18005,1.0,983.16766,290.02655,1.0,972.0032,301.66687,1.0,976.28424,303.97516,1.0,983.7235,303.09958,1.0,990.222,302.4167,1.0,993.361,299.26712,1.0,929.7981,264.3144,1.0,936.4656,259.03662,1.0,947.24274,257.2394,1.0,958.40155,262.1937,1.0,949.82513,264.79764,1.0,939.79663,266.23517,1.0,993.31256,259.09283,1.0,1003.6729,251.4806,1.0,1014.7994,250.93741,1.0,1021.5368,254.98425,1.0,1012.53375,259.187,1.0,1002.1878,259.761,1.0,962.6617,333.7325,1.0,970.5152,320.97992,1.0,977.4799,316.59943,1.0,985.0396,316.73035,1.0,992.4892,315.23154,1.0,999.6,318.50165,1.0,1006.1723,330.9088,1.0,1005.2067,338.07422,1.0,994.64557,345.6348,1.0,985.64307,347.46387,1.0,977.11194,347.49448,1.0,964.69257,341.68753,1.0,965.8432,333.42746,1.0,980.33167,324.85974,1.0,985.57513,324.22458,1.0,991.22064,324.0218,1.0,1002.9683,330.8877,1.0,990.547,336.6059,1.0,984.36475,337.4659,1.0,978.5751,337.6781,1.0,944.6757,261.17215,1.0,1008.4929,254.65385,1.0,975.50055,305.12558,0.99611896,979.8664,432.54337,0.99850476,830.10394,426.67645,0.99850476,702.8343,595.29865,0.85520715,889.0631,510.70615,0.9920067,1129.6288,438.41028,0.9997386,1186.3145,682.06714,0.9594374,1161.5182,897.9512,0.9798325,973.82495,933.93646,0.9753638,876.61505,935.04047,0.9753638,869.7199,1261.1322,0.046270907,860.03723,1623.7699,0.020098556,1071.0349,932.8324,0.9802851,1068.5729,1304.4209,0.028704228,1046.759,1625.3209,0.012242584,943.87787,276.313,0.99339974,1002.8893,271.55063,0.9875597,912.5866,279.86188,0.9866119,1025.16,277.0562,0.994244,1001.69745,1746.1165,0.012125137,1001.69745,1746.1165,0.012125137,1047.3271,1668.1366,0.012599593,899.90173,1729.8677,0.011316354,899.90173,1729.8677,0.011316354,853.02075,1679.8398,0.014664309,1156.964,909.3044,1.0,1118.2661,922.95825,1.0,1100.696,953.0612,1.0,1092.7142,981.7901,1.0,1084.1415,1002.4296,1.0,1125.726,984.216,1.0,1119.7765,1022.5587,1.0,1116.2694,1043.4093,1.0,1114.427,1059.4469,1.0,1147.2264,986.6226,1.0,1141.0007,1025.5225,1.0,1136.6512,1048.1412,1.0,1134.0367,1065.444,1.0,1163.2708,984.0325,1.0,1156.9307,1019.0121,1.0,1151.309,1039.369,1.0,1147.4009,1055.0353,1.0,1173.3379,978.7548,1.0,1165.4409,1004.98096,1.0,1159.5828,1019.4486,1.0,1154.8632,1030.502,1.0,890.0349,503.95398,1.0,928.26843,486.15784,1.0,969.8117,485.92175,1.0,1000.81067,484.33762,1.0,1021.63043,474.7216,1.0,993.8418,522.55615,1.0,1006.6525,559.2516,1.0,1013.4985,579.86487,1.0,1018.69604,596.7358,1.0,982.20105,539.82025,1.0,993.0755,577.2729,1.0,999.95795,599.1037,1.0,1007.4335,616.17993,1.0,964.17035,555.32635,1.0,978.48895,587.7135,1.0,986.61035,607.9205,1.0,995.21875,622.5988,1.0,944.39374,568.4384,1.0,959.1493,592.71375,1.0,965.9968,608.4798,1.0,973.9825,619.8796,1.0
900.12933,270.31195,1.0,902.3478,282.7115,1.0,904.57745,296.0136,1.0,912.81573,318.04315,1.0,921.43567,331.85114,1.0,934.3753,346.73273,1.0,943.6524,354.3558,1.0,962.38855,364.7278,1.0,989.52484,367.86615,1.0,1015.1526,359.14645,1.0,1029.3434,344.82272,1.0,1034.9731,335.14764,1.0,1042.0093,318.00278,1.0,1048.6112,294.94107,1.0,1049.7579,280.27856,1.0,1049.4166,267.07938,1.0,1048.5015,254.93718,1.0,914.83795,251.41975,1.0,920.1583,244.59885,1.0,929.03156,239.26376,1.0,942.6995,236.57097,1.0,959.0636,236.31711,1.0,990.44617,233.2888,1.0,1005.55035,230.4263,1.0,1018.53815,230.36685,1.0,1028.3687,233.64844,1.0,1034.3539,238.90468,1.0,978.34,259.9228,1.0,980.6327,273.15457,1.0,981.96936,281.72842,1.0,983.06525,288.50348,1.0,972.1892,300.20538,1.0,976.38007,302.55215,1.0,983.6949,301.6666,1.0,990.1341,301.1034,1.0,993.21967,297.9397,1.0,929.8289,262.97964,1.0,936.56683,257.68103,1.0,947.49585,255.87799,1.0,958.7832,260.95007,1.0,950.05176,263.6241,1.0,939.86975,265.0483,1.0,993.6127,258.01868,1.0,1004.0777,250.43306,1.0,1015.3946,249.93452,1.0,1022.2392,254.0899,1.0,1013.08765,258.36896,1.0,1002.59973,258.8771,1.0,962.7973,332.8356,1.0,970.51715,319.86597,1.0,977.50714,315.45383,1.0,985.073,315.60223,1.0,992.6456,314.14026,1.0,999.7622,317.50574,1.0,1006.1812,330.31567,1.0,1005.30096,337.5359,1.0,994.598,345.1547,1.0,985.4738,346.98404,1.0,976.8859,347.00314,1.0,964.55615,340.96472,1.0,966.01184,332.52072,1.0,980.3513,323.837,1.0,985.56067,323.1912,1.0,991.23334,323.04,1.0,1002.9618,330.2692,1.0,990.55676,336.22928,1.0,984.30554,337.0768,1.0,978.4883,337.2377,1.0,944.7422,259.97406,1.0,1009.1026,253.79117,1.0,974.6543,305.15906,0.9961063,980.0129,432.1715,0.998595,830.0881,425.11926,0.998595,694.31165,585.1613,0.86128235,888.9386,522.39435,0.99173254,1129.9376,439.22375,0.9997459,1186.8364,682.5445,0.9602957,1161.7793,897.9857,0.97956026,973.58984,935.24084,0.9753286,876.6167,936.0518,0.9753286,869.06995,1261.6305,0.048636,859.8753,1623.4785,0.020382056,1070.563,934.4299,0.98004913,1068.6559,1305.7701,0.028901385,1043.1238,1625.5298,0.012031366,942.70416,276.29874,0.9932314,1002.6978,271.47385,0.9874135,912.76196,279.77972,0.9863416,1025.442,276.63852,0.9941733,998.4022,1745.9287,0.011910115,998.4022,1745.9287,0.011910115,1042.6859,1668.2739,0.012472809,899.9203,1729.4607,0.01146684,899.9203,1729.4607,0.01146684,852.70764,1679.3942,0.014850833,1158.7513,907.92267,1.0,1120.1301,920.69775,1.0,1102.3179,951.08,1.0,1094.7126,980.50146,1.0,1085.1682,1001.4276,1.0,1126.9109,983.1475,1.0,1120.6692,1021.3776,1.0,1116.8658,1042.4462,1.0,1114.6012,1058.8715,1.0,1148.3213,985.7423,1.0,1142.0958,1024.7697,1.0,1137.1783,1048.0267,1.0,1134.0427,1065.8812,1.0,1163.9556,982.99066,1.0,1158.3721,1018.07166,1.0,1152.2155,1038.9292,1.0,1147.6621,1055.1531,1.0,1173.7875,977.33905,1.0,1166.608,1003.8424,1.0,1160.762,1018.4867,1.0,1155.6959,1029.6023,1.0,895.71173,517.2898,1.0,934.6525,504.5174,1.0,973.51135,510.69116,1.0,1002.267,514.6874,1.0,1023.60376,509.84125,1.0,990.7728,553.9338,1.0,993.66003,589.5479,1.0,995.6204,610.37305,1.0,996.9738,627.72046,1.0,975.9651,568.1227,1.0,977.4502,603.57416,1.0,978.59033,625.31274,1.0,981.86957,643.2592,1.0,955.64716,578.8448,1.0,961.19293,611.41003,1.0,964.2092,632.49384,1.0,969.56384,648.78345,1.0,934.22656,586.6668,1.0,940.87103,612.87286,1.0,944.0526,629.3926,1.0,949.87506,642.3164,1.0
900.5561,268.87445,1.0,902.67004,281.28787,1.0,904.7734,294.59213,1.0,912.9268,316.57468,1.0,921.552,330.36508,1.0,934.41754,345.29477,1.0,943.51685,353.0687,1.0,961.9988,363.7508,1.0,989.0503,367.21072,1.0,1014.6851,358.50546,1.0,1028.9093,344.16495,1.0,1034.6107,334.47192,1.0,1041.962,317.34552,1.0,1048.9974,294.307,1.0,1050.2749,279.63034,1.0,1050.014,266.39578,1.0,1049.1848,254.23918,1.0,915.3184,249.89764,1.0,920.6479,243.04912,1.0,929.50116,237.68639,1.0,943.1562,234.98157,1.0,959.4619,234.76277,1.0,990.6663,231.82687,1.0,1005.7788,229.07018,1.0,1018.8332,229.15161,1.0,1028.7329,232.56773,1.0,1034.8303,237.95425,1.0,978.47986,258.5614,1.0,980.717,271.7822,1.0,981.9399,280.2768,1.0,982.96277,286.9804,1.0,972.3752,298.7439,1.0,976.4759,301.12912,1.0,983.6662,300.23364,1.0,990.0462,299.79007,1.0,993.0783,296.61224,1.0,929.8598,261.64487,1.0,936.66815,256.3254,1.0,947.7489,254.51659,1.0,959.1649,259.70642,1.0,950.2784,262.4506,1.0,939.9429,263.86145,1.0,993.9128,256.9445,1.0,1004.48254,249.38551,1.0,1015.98987,248.93164,1.0,1022.9416,253.19557,1.0,1013.64154,257.5509,1.0,1003.0117,257.99323,1.0,962.933,331.9387,1.0,970.51917,318.75198,1.0,977.53436,314.30826,1.0,985.10645,314.47412,1.0,992.80206,313.04898,1.0,999.92444,316.50986,1.0,1006.1901,329.72253,1.0,1005.3952,336.99753,1.0,994.5504,344.6746,1.0,985.30457,346.50418,1.0,976.6599,346.5118,1.0,964.41974,340.24188,1.0,966.18054,331.614,1.0,980.371,322.8143,1.0,985.54614,322.1578,1.0,991.246,322.05823,1.0,1002.9553,329.65073,1.0,990.5666,335.85266,1.0,984.24634,336.68768,1.0,978.4015,336.7973,1.0,944.80865,258.77594,1.0,1009.71234,252.92848,1.0,974.33936,303.35242,0.9962938,980.6432,430.40594,0.99869037,830.7515,420.9571,0.99869037,690.127,573.5559,0.8674024,888.66016,530.36163,0.99136317,1130.5348,439.85477,0.99975336,1187.9901,683.3026,0.9612561,1161.8778,897.7732,0.97888213,972.7559,936.1886,0.97612363,875.3454,936.2435,0.97612363,866.9528,1262.0016,0.049869917,855.0415,1623.3497,0.02038879,1070.1664,936.1337,0.98047787,1068.2909,1305.9114,0.029599316,1039.8765,1626.3025,0.011948351,941.57434,274.44836,0.99349326,1002.62695,267.8302,0.9878502,913.0722,279.4685,0.9867878,1025.6747,274.59048,0.9943311,997.2018,1746.0042,0.0118009485,997.2018,1746.0042,0.0118009485,1038.1643,1668.9114,0.012527578,894.2285,1728.4664,0.011410394,894.2285,1728.4664,0.011410394,847.7643,1679.1262,0.014867225,1159.6101,907.8694,1.0,1120.6016,920.87445,1.0,1102.9154,950.6528,1.0,1095.2438,980.3196,1.0,1084.8103,1001.16003,1.0,1127.6309,983.3483,1.0,1121.2197,1021.2086,1.0,1117.4407,1042.1158,1.0,1115.2251,1058.5338,1.0,1149.1385,985.6211,1.0,1142.2505,1024.4071,1.0,1137.287,1047.363,1.0,1134.2128,1065.4471,1.0,1165.1058,982.36835,1.0,1158.6534,1017.4897,1.0,1152.4608,1038.4886,1.0,1147.8568,1054.8357,1.0,1174.8784,976.08777,1.0,1167.4358,1002.991,1.0,1161.3218,1017.90393,1.0,1156.1233,1029.4933,1.0,900.7397,519.633,1.0,938.79395,515.2678,1.0,973.62555,530.67615,1.0,998.93134,540.6116,1.0,1019.27765,539.3849,1.0,981.97766,574.4642,1.0,977.2517,611.1704,1.0,975.5458,631.9048,1.0,973.69135,648.6954,1.0,964.8681,585.52075,1.0,959.22815,622.53033,1.0,955.7343,644.3777,1.0,955.20776,662.49066,1.0,943.18176,592.1543,1.0,942.27,626.38446,1.0,939.944,647.52795,1.0,940.8771,664.1596,1.0,920.68304,595.3859,1.0,921.46625,622.5092,1.0,920.86163,639.2894,1.0,923.30615,653.0287,1.0
901.1567,269.60257,1.0,903.20593,282.02667,1.0,905.23663,295.3822,1.0,913.1615,317.45102,1.0,921.6714,331.2953,1.0,934.45654,346.23102,1.0,943.5447,353.99118,1.0,961.9398,364.69415,1.0,988.9625,368.2631,1.0,1014.73425,359.57855,1.0,1029.0176,345.20615,1.0,1034.7688,335.54077,1.0,1042.2369,318.3692,1.0,1049.4751,295.26996,1.0,1050.8833,280.5832,1.0,1050.7411,267.3811,1.0,1050.0475,255.2643,1.0,916.1885,250.58488,1.0,921.6377,243.71797,1.0,930.5772,238.38272,1.0,944.26227,235.76079,1.0,960.5311,235.65207,1.0,991.68994,232.75467,1.0,1006.874,229.99147,1.0,1019.9572,230.10097,1.0,1029.808,233.56677,1.0,1035.8082,238.96535,1.0,979.2593,259.65417,1.0,981.3586,272.9718,1.0,982.5196,281.5246,1.0,983.4642,288.28094,1.0,972.9762,299.95898,1.0,976.8737,302.35294,1.0,984.0503,301.53152,1.0,990.37,301.10107,1.0,993.30615,297.97888,1.0,930.6282,262.4098,1.0,937.4227,256.9821,1.0,948.4885,255.22278,1.0,959.75464,260.68002,1.0,950.98334,263.33243,1.0,940.7226,264.68936,1.0,994.7917,258.0087,1.0,1005.2615,250.30441,1.0,1016.7218,249.93646,1.0,1023.6783,254.35506,1.0,1014.4098,258.70862,1.0,1003.8266,259.10944,1.0,962.8756,332.78418,1.0,970.6184,319.57614,1.0,977.67615,315.17102,1.0,985.3037,315.36194,1.0,993.0121,313.94727,1.0,1000.19684,317.40445,1.0,1006.5442,330.6867,1.0,1005.7017,338.06277,1.0,994.748,345.7578,1.0,985.41406,347.58612,1.0,976.7904,347.53354,1.0,964.4523,341.22208,1.0,966.1066,332.41754,1.0,980.45917,323.46295,1.0,985.67786,322.8184,1.0,991.42596,322.75507,1.0,1003.29364,330.63095,1.0,990.7995,336.87085,1.0,984.44275,337.66467,1.0,978.6036,337.76633,1.0,945.45215,259.49582,1.0,1010.06604,253.93867,1.0,973.8152,302.58154,0.9962605,981.38776,428.00583,0.99876297,832.0138,415.58752,0.99876297,685.5961,558.0369,0.8729383,888.59595,523.82983,0.9907483,1130.7617,440.42416,0.9997553,1188.2777,683.34766,0.96187764,1161.8915,898.1606,0.9775967,971.6891,937.2328,0.9767536,874.314,936.34644,0.9767536,865.2659,1263.5876,0.051951706,847.11115,1625.114,0.020507317,1069.0641,938.1191,0.9806452,1063.5958,1308.4528,0.02967231,1035.554,1629.6764,0.011843753,940.5886,273.6898,0.9932895,1002.25775,266.14944,0.98741853,913.74286,278.6803,0.9863513,1025.8971,273.33344,0.9941042,995.3445,1745.9889,0.011533418,995.3445,1745.9889,0.011533418,1034.0444,1673.922,0.012425635,881.91534,1729.3414,0.0113304965,881.91534,1729.3414,0.0113304965,840.75586,1681.0583,0.01474945,1159.064,908.9297,1.0,1120.3389,922.0907,1.0,1102.6233,951.2955,1.0,1094.6711,980.2186,1.0,1084.8097,1000.8565,1.0,1127.5568,983.6598,1.0,1120.9175,1021.7076,1.0,1117.0176,1042.5388,1.0,1114.7874,1058.6195,1.0,1149.2352,985.9602,1.0,1142.3448,1024.768,1.0,1137.5421,1047.556,1.0,1134.4746,1065.171,1.0,1165.2195,982.9162,1.0,1158.7396,1017.7933,1.0,1152.5892,1038.5414,1.0,1147.7708,1054.5697,1.0,1175.1156,977.063,1.0,1167.8865,1003.9014,1.0,1161.9989,1019.0981,1.0,1156.766,1030.9346,1.0,906.66644,515.8336,1.0,944.1777,522.5116,1.0,972.77606,545.35504,1.0,994.42883,561.3403,1.0,1014.2251,565.79724,1.0,972.74884,583.99274,1.0,962.57495,623.05096,1.0,956.587,644.8913,1.0,951.6322,661.69934,1.0,953.31775,590.292,1.0,941.33246,631.2966,1.0,933.8292,654.05457,1.0,929.77686,671.7908,1.0,930.4263,592.2703,1.0,922.75006,630.6595,1.0,916.7105,652.82776,1.0,914.6415,669.74677,1.0,907.2559,590.7237,1.0,902.7925,620.98914,1.0,899.25446,638.8734,1.0,899.0405,654.0815,1.0
901.7572,270.3307,1.0,903.74176,282.76544,1.0,905.6999,296.17227,1.0,913.3962,318.3274,1.0,921.7908,332.22552,1.0,934.4955,347.1673,1.0,943.57245,354.91367,1.0,961.88086,365.63754,1.0,988.8747,369.31543,1.0,1014.7833,360.6516,1.0,1029.1259,346.2473,1.0,1034.9269,336.60965,1.0,1042.5117,319.3929,1.0,1049.9526,296.2329,1.0,1051.4917,281.53604,1.0,1051.4683,268.36646,1.0,1050.9103,256.2894,1.0,917.0585,251.27213,1.0,922.62756,244.38684,1.0,931.6532,239.07904,1.0,945.36835,236.54001,1.0,961.6004,236.54138,1.0,992.71356,233.68246,1.0,1007.9693,230.91275,1.0,1021.08124,231.05031,1.0,1030.8829,234.5658,1.0,1036.7861,239.97646,1.0,980.0387,260.74698,1.0,982.0002,274.1614,1.0,983.09924,282.77243,1.0,983.9656,289.58145,1.0,973.57715,301.1741,1.0,977.27155,303.57675,1.0,984.4343,302.8294,1.0,990.6937,302.41208,1.0,993.53406,299.34552,1.0,931.3965,263.1747,1.0,938.17737,257.6388,1.0,949.22815,255.92897,1.0,960.3444,261.65363,1.0,951.68823,264.2143,1.0,941.5023,265.51724,1.0,995.6706,259.07288,1.0,1006.04034,251.22331,1.0,1017.4538,250.94127,1.0,1024.4149,255.51454,1.0,1015.178,259.86636,1.0,1004.6415,260.22562,1.0,962.8182,333.62964,1.0,970.71765,320.4003,1.0,977.81793,316.0338,1.0,985.501,316.2498,1.0,993.22217,314.84555,1.0,1000.46924,318.29904,1.0,1006.8983,331.65088,1.0,1006.00824,339.12802,1.0,994.94556,346.84103,1.0,985.5235,348.66806,1.0,976.9209,348.5553,1.0,964.48474,342.20227,1.0,966.0328,333.22107,1.0,980.54736,324.1116,1.0,985.8095,323.479,1.0,991.60596,323.4519,1.0,1003.632,331.61118,1.0,991.0324,337.88904,1.0,984.6392,338.64163,1.0,978.8056,338.73532,1.0,946.0957,260.21573,1.0,1010.4197,254.94885,1.0,973.7269,301.78256,0.9962565,983.1128,426.9197,0.9988371,835.09436,412.91907,0.9988371,685.4667,547.00684,0.8802346,888.416,517.0219,0.9907853,1131.1312,440.92038,0.9997558,1188.5177,683.7713,0.96285707,1161.8524,899.30963,0.97707325,971.5841,937.30505,0.9773868,874.12714,936.39233,0.9773868,862.3604,1264.436,0.054086264,844.55347,1626.4216,0.020685203,1069.041,938.2177,0.98075426,1059.6932,1307.9003,0.029315671,1030.5065,1631.7625,0.011664615,940.4073,273.05957,0.99316674,1002.18884,265.13858,0.98711634,914.1468,278.3695,0.9861618,1026.4197,272.85397,0.9939242,989.14374,1748.6173,0.011257987,989.14374,1748.6173,0.011257987,1029.8287,1676.9786,0.012329451,880.7682,1732.8627,0.011291904,880.7682,1732.8627,0.011291904,838.32324,1681.5801,0.014758746,1159.0731,909.8035,1.0,1120.2118,922.6665,1.0,1102.1462,951.70825,1.0,1093.4131,980.22046,1.0,1083.3857,1000.5423,1.0,1126.738,983.25745,1.0,1120.7882,1021.50336,1.0,1117.2758,1042.4631,1.0,1115.3733,1058.3745,1.0,1148.5657,985.3785,1.0,1142.4263,1024.4554,1.0,1137.8254,1047.4017,1.0,1135.012,1064.5492,1.0,1164.865,982.4475,1.0,1159.3671,1017.6539,1.0,1153.4116,1038.1515,1.0,1148.6588,1053.6721,1.0,1175.338,976.46906,1.0,1169.6644,1003.5192,1.0,1164.593,1018.9596,1.0,1159.8014,1030.7399,1.0,908.83704,506.96176,1.0,943.2419,521.1783,1.0,969.3427,549.537,1.0,988.18964,570.2101,1.0,1007.96356,581.18536,1.0,964.4283,580.04083,1.0,956.0008,626.13806,1.0,950.6764,651.66394,1.0,946.5506,671.4857,1.0,944.3175,580.8532,1.0,934.54675,630.64343,1.0,929.75555,658.2948,1.0,927.61786,680.286,1.0,921.2714,578.105,1.0,914.1129,624.8378,1.0,910.9482,651.7916,1.0,910.97516,673.1853,1.0,898.53357,573.18195,1.0,893.1861,610.617,1.0,891.6652,632.58014,1.0,892.6283,651.4073,1.0
902.3577,271.0588,1.0,904.2776,283.5042,1.0,906.16315,296.96234,1.0,913.63086,319.20377,1.0,921.91016,333.15573,1.0,934.5345,348.10358,1.0,943.6003,355.83615,1.0,961.8219,366.5809,1.0,988.7869,370.36777,1.0,1014.8324,361.72467,1.0,1029.2341,347.28848,1.0,1035.0848,337.6785,1.0,1042.7866,320.41663,1.0,1050.4302,297.19586,1.0,1052.1001,282.4889,1.0,1052.1954,269.35178,1.0,1051.773,257.3145,1.0,917.9285,251.95937,1.0,923.61743,245.0557,1.0,932.72925,239.77538,1.0,946.47437,237.31923,1.0,962.6696,237.43068,1.0,993.7371,234.61026,1.0,1009.0645,231.83403,1.0,1022.20526,231.99966,1.0,1031.9579,235.56483,1.0,1037.7642,240.98755,1.0,980.8181,261.83975,1.0,982.6418,275.35098,1.0,983.6789,284.02023,1.0,984.46704,290.882,1.0,974.1781,302.3892,1.0,977.66943,304.80057,1.0,984.8184,304.12732,1.0,991.0175,303.72308,1.0,993.7619,300.71216,1.0,932.16486,263.9396,1.0,938.93195,258.29547,1.0,949.9678,256.63516,1.0,960.9342,262.62723,1.0,952.3931,265.09613,1.0,942.28204,266.34515,1.0,996.54944,260.1371,1.0,1006.8193,252.14221,1.0,1018.1858,251.94608,1.0,1025.1516,256.674,1.0,1015.9462,261.02408,1.0,1005.4563,261.34183,1.0,962.7608,334.47513,1.0,970.8169,321.22446,1.0,977.9597,316.8966,1.0,985.69824,317.1376,1.0,993.4322,315.74384,1.0,1000.74164,319.1936,1.0,1007.2524,332.61505,1.0,1006.31476,340.19324,1.0,995.14307,347.92426,1.0,985.63293,349.74997,1.0,977.0514,349.57703,1.0,964.5173,343.18246,1.0,965.95886,334.0246,1.0,980.63556,324.76025,1.0,985.94116,324.1396,1.0,991.78595,324.1487,1.0,1003.97034,332.5914,1.0,991.2653,338.90723,1.0,984.83563,339.61862,1.0,979.0077,339.7043,1.0,946.73926,260.9356,1.0,1010.7734,255.95905,1.0,973.66644,301.8084,0.99626863,983.8446,426.492,0.9988952,836.4997,411.79532,0.9988952,688.8853,545.0248,0.88452893,886.74194,511.42828,0.9906898,1131.1896,441.1887,0.9997492,1188.6476,683.8763,0.9628457,1161.8346,898.6883,0.9755121,971.66254,938.7318,0.9774658,874.2896,937.25134,0.9774658,862.4677,1265.0178,0.052431438,845.1678,1627.9008,0.019903759,1069.0355,940.21234,0.9802781,1058.8988,1310.3838,0.028030721,1031.0748,1635.8228,0.011204793,940.3342,272.93823,0.9930953,1002.2407,265.1264,0.9868323,914.5928,277.9382,0.98600316,1027.1133,272.7463,0.9937098,989.4755,1749.9602,0.010763625,989.4755,1749.9602,0.010763625,1030.5933,1681.7167,0.0119778225,881.60474,1734.299,0.010814064,881.60474,1734.299,0.010814064,838.815,1684.0739,0.014307732,1161.0226,907.9588,1.0,1122.1775,918.97046,1.0,1103.1345,948.4045,1.0,1093.7028,976.94354,1.0,1083.3633,997.18427,1.0,1126.0422,981.52594,1.0,1120.1161,1018.9762,1.0,1116.6261,1039.5566,1.0,1114.8799,1055.8135,1.0,1147.3342,984.4723,1.0,1140.0209,1021.9636,1.0,1134.7948,1044.7648,1.0,1131.351,1062.1802,1.0,1163.7334,981.83606,1.0,1156.8175,1016.43207,1.0,1150.7938,1037.2318,1.0,1146.355,1053.8798,1.0,1175.3193,975.9969,1.0,1170.3267,1002.6818,1.0,1166.7596,1018.8118,1.0,1163.7799,1031.6825,1.0,904.39404,489.25534,1.0,937.92065,511.70703,1.0,965.4624,546.4912,1.0,986.4463,572.1467,1.0,1009.37177,583.28467,1.0,961.1116,548.64105,1.0,965.81964,590.5789,1.0,967.2052,614.5773,1.0,969.33405,633.9938,1.0,940.4915,546.996,1.0,944.4475,591.5047,1.0,947.58466,617.35657,1.0,951.13385,637.5986,1.0,916.9481,543.02795,1.0,920.0761,585.79694,1.0,922.7011,610.07477,1.0,926.7229,629.81525,1.0,892.1377,538.5565,1.0,894.08905,572.87585,1.0,897.35,592.34625,1.0,901.1205,610.2305,1.0
903.32153,271.0103,1.0,905.3399,283.33362,1.0,907.2623,296.6357,1.0,914.662,318.62082,1.0,922.86365,332.41974,1.0,935.35626,347.34244,1.0,944.3688,355.16733,1.0,962.43896,366.098,1.0,989.0283,370.01254,1.0,1014.6379,361.6056,1.0,1028.8805,347.27444,1.0,1034.7506,337.68768,1.0,1042.4935,320.4567,1.0,1050.2537,297.36176,1.0,1051.9391,282.7532,1.0,1052.182,269.7045,1.0,1051.9044,257.79373,1.0,918.5663,252.02989,1.0,924.2982,245.17744,1.0,933.52716,239.91803,1.0,947.42596,237.4925,1.0,963.68445,237.62021,1.0,994.7305,234.98843,1.0,1010.05365,232.32544,1.0,1023.2135,232.55844,1.0,1032.919,236.15034,1.0,1038.5834,241.55222,1.0,981.72235,262.017,1.0,983.5215,275.59583,1.0,984.5943,284.37088,1.0,985.36145,291.2894,1.0,974.84216,302.70728,1.0,978.36115,305.14972,1.0,985.46924,304.45398,1.0,991.6892,304.11154,1.0,994.4981,301.12808,1.0,932.9254,264.07312,1.0,939.7298,258.4149,1.0,950.85724,256.77936,1.0,961.84186,262.8317,1.0,953.2646,265.3418,1.0,943.0845,266.57144,1.0,997.25836,260.49026,1.0,1007.5029,252.51645,1.0,1018.943,252.33875,1.0,1026.0115,257.12622,1.0,1016.635,261.49573,1.0,1006.1049,261.74902,1.0,963.153,334.87198,1.0,971.28503,321.54797,1.0,978.63544,317.20425,1.0,986.53644,317.46957,1.0,994.33105,316.08542,1.0,1001.66754,319.64072,1.0,1008.03784,333.33292,1.0,1007.25665,340.8808,1.0,996.0458,348.73392,1.0,986.48444,350.56982,1.0,977.64307,350.31158,1.0,964.9461,343.5624,1.0,966.38904,334.4683,1.0,981.2768,325.34836,1.0,986.69415,324.7178,1.0,992.5527,324.75345,1.0,1004.77423,333.29282,1.0,992.28064,339.68457,1.0,985.74445,340.3997,1.0,979.7079,340.4081,1.0,947.5757,261.0413,1.0,1011.66327,256.2675,1.0,973.606,301.3943,0.9962866,983.81604,425.52905,0.9989431,836.49146,409.83658,0.9989431,689.3076,549.32684,0.8859349,882.5232,511.58234,0.9904833,1131.1406,441.22153,0.99974877,1188.6792,682.929,0.9625674,1161.7916,897.2457,0.9741858,971.6867,937.3168,0.97769374,874.3168,936.18024,0.97769374,863.82544,1262.3799,0.05280157,845.6073,1627.8256,0.020087343,1069.0566,938.45325,0.980267,1057.5074,1305.7596,0.028383551,1030.7208,1633.2711,0.011239581,940.11505,272.403,0.9930625,1002.24036,265.06924,0.9867373,914.74255,277.32584,0.98576254,1027.401,272.74054,0.99358404,989.2367,1746.9022,0.010769107,989.2367,1746.9022,0.010769107,1030.3029,1679.3248,0.012023205,881.1601,1734.0936,0.010870218,881.1601,1734.0936,0.010870218,839.2715,1684.0579,0.0143612,1161.1311,901.4118,1.0,1122.5488,911.5704,1.0,1103.3804,939.8102,1.0,1094.787,967.0245,1.0,1084.15,987.1182,1.0,1128.7238,972.56445,1.0,1120.2501,1011.9024,1.0,1114.8467,1034.0989,1.0,1111.4639,1051.8099,1.0,1148.6674,976.5899,1.0,1138.162,1017.1201,1.0,1131.011,1042.4269,1.0,1126.0457,1062.4165,1.0,1163.2325,975.5587,1.0,1153.4899,1012.9162,1.0,1146.1826,1036.3303,1.0,1140.9346,1055.3997,1.0,1172.8184,971.4781,1.0,1166.3888,1000.51807,1.0,1161.7853,1018.6848,1.0,1157.989,1033.4551,1.0,879.82367,508.7496,1.0,934.0517,512.8284,1.0,963.63806,526.0893,1.0,983.5278,529.33307,1.0,1004.45667,530.6121,1.0,948.1277,547.89294,1.0,975.5874,554.0725,1.0,993.72815,555.0551,1.0,1009.05554,555.13495,1.0,929.44446,536.6719,1.0,957.22516,532.31195,1.0,976.87604,526.3734,1.0,992.58624,520.85156,1.0,915.83246,521.45776,1.0,938.5883,517.01904,1.0,958.5597,514.6143,1.0,974.35443,513.6274,1.0,904.1103,506.78485,1.0,922.98663,504.74658,1.0,935.65216,502.9746,1.0,947.2972,503.70004,1.0
904.2853,270.9618,1.0,906.4022,283.16302,1.0,908.36145,296.30908,1.0,915.6932,318.03787,1.0,923.8172,331.68375,1.0,936.17804,346.58127,1.0,945.13727,354.49847,1.0,963.056,365.61508,1.0,989.2697,369.6573,1.0,1014.4433,361.48648,1.0,1028.527,347.2604,1.0,1034.4164,337.69684,1.0,1042.2004,320.4968,1.0,1050.0773,297.52765,1.0,1051.7782,283.01755,1.0,1052.1686,270.05725,1.0,1052.036,258.27298,1.0,919.20404,252.10042,1.0,924.979,245.29918,1.0,934.3251,240.0607,1.0,948.37756,237.66574,1.0,964.6992,237.80975,1.0,995.72394,235.36661,1.0,1011.0428,232.81685,1.0,1024.2217,233.11723,1.0,1033.8799,236.73587,1.0,1039.4026,242.1169,1.0,982.62665,262.1942,1.0,984.4011,275.84064,1.0,985.5097,284.72156,1.0,986.25586,291.6968,1.0,975.50616,303.02533,1.0,979.0528,305.49884,1.0,986.12006,304.78067,1.0,992.3609,304.5,1.0,995.23425,301.54398,1.0,933.686,264.2066,1.0,940.52765,258.53427,1.0,951.74677,256.92355,1.0,962.74945,263.03613,1.0,954.13605,265.58746,1.0,943.88684,266.79773,1.0,997.9672,260.8434,1.0,1008.1866,252.8907,1.0,1019.70013,252.7314,1.0,1026.8713,257.57843,1.0,1017.3238,261.96735,1.0,1006.7535,262.15625,1.0,963.5452,335.26883,1.0,971.7532,321.87152,1.0,979.31116,317.5119,1.0,987.3746,317.80154,1.0,995.22986,316.42703,1.0,1002.59344,320.08783,1.0,1008.82336,334.0508,1.0,1008.19855,341.56836,1.0,996.9485,349.54358,1.0,987.33594,351.38965,1.0,978.23474,351.0461,1.0,965.37494,343.94238,1.0,966.8193,334.912,1.0,981.918,325.9365,1.0,987.4471,325.296,1.0,993.31946,325.3582,1.0,1005.57806,333.9942,1.0,993.29596,340.46188,1.0,986.6533,341.18076,1.0,980.4081,341.11188,1.0,948.4122,261.14694,1.0,1012.5531,256.57593,1.0,973.98114,300.70398,0.9962058,983.8724,425.19962,0.99898833,836.49457,410.10983,0.99898833,699.49677,562.5532,0.8872535,878.7796,517.61145,0.9906412,1131.2502,440.2894,0.9997497,1188.9966,681.5289,0.9633739,1161.7645,885.75323,0.97441185,971.49994,929.4409,0.978518,874.3199,929.272,0.978518,866.7133,1260.441,0.053042285,850.10266,1622.2458,0.020115737,1068.68,929.6098,0.98094326,1057.7452,1296.8209,0.02956899,1033.0302,1619.581,0.011172672,941.4604,271.15134,0.992915,1003.2542,264.99216,0.9863193,915.495,275.9209,0.9851954,1028.2065,272.755,0.9933024,990.127,1736.9445,0.010689689,990.127,1736.9445,0.010689689,1034.0883,1661.5961,0.011985107,883.7948,1726.8861,0.010816012,883.7948,1726.8861,0.010816012,844.29114,1677.8823,0.014409321,1161.5844,884.70197,1.0,1125.1152,891.0139,1.0,1105.5286,916.2832,1.0,1095.2184,942.08014,1.0,1083.646,961.0119,1.0,1132.7626,953.3127,1.0,1121.4994,993.5297,1.0,1115.1376,1016.11346,1.0,1111.0575,1034.369,1.0,1150.6312,959.4633,1.0,1137.7079,1002.1157,1.0,1128.382,1027.6613,1.0,1121.6202,1047.7261,1.0,1161.853,960.6892,1.0,1151.0216,999.3128,1.0,1142.4104,1023.1838,1.0,1135.6986,1042.6218,1.0,1167.7676,958.7807,1.0,1159.2406,990.80365,1.0,1152.5574,1010.4479,1.0,1146.1182,1025.9188,1.0,867.76416,505.1723,1.0,907.8127,524.9579,1.0,950.5397,524.77783,1.0,982.5085,516.7676,1.0,1008.965,512.924,1.0,939.0754,517.77686,1.0,959.4626,476.84384,1.0,974.355,451.0955,1.0,988.1101,430.90698,1.0,919.68115,504.04108,1.0,944.2462,464.68375,1.0,961.61084,437.4202,1.0,976.7536,415.8719,1.0,901.31586,491.5179,1.0,922.32153,455.85693,1.0,936.6439,431.05984,1.0,948.643,411.41177,1.0,884.5875,480.19492,1.0,896.6211,456.6927,1.0,902.72424,440.6105,1.0,908.91254,427.14594,1.0
905.2491,270.9133,1.0,907.4646,282.9924,1.0,909.46063,295.98248,1.0,916.72437,317.45493,1.0,924.7707,330.94778,1.0,936.99976,345.82013,1.0,945.90576,353.82965,1.0,963.67303,365.13217,1.0,989.5111,369.30203,1.0,1014.2488,361.3674,1.0,1028.1733,347.24637,1.0,1034.082,337.706,1.0,1041.9073,320.5369,1.0,1049.9008,297.69354,1.0,1051.6172,283.2819,1.0,1052.1553,270.41,1.0,1052.1675,258.7522,1.0,919.84186,252.17094,1.0,925.6598,245.42093,1.0,935.123,240.20335,1.0,949.3291,237.839,1.0,965.714,237.99928,1.0,996.71735,235.74477,1.0,1012.0319,233.30826,1.0,1025.23,233.67603,1.0,1034.8408,237.32138,1.0,1040.2218,242.68156,1.0,983.5309,262.37143,1.0,985.2808,276.08545,1.0,986.4251,285.07224,1.0,987.15027,292.1042,1.0,976.17017,303.3434,1.0,979.7445,305.848,1.0,986.7708,305.10733,1.0,993.03265,304.88843,1.0,995.97046,301.9599,1.0,934.4466,264.34012,1.0,941.3255,258.65366,1.0,952.6362,257.06775,1.0,963.6571,263.2406,1.0,955.0075,265.83313,1.0,944.6893,267.02402,1.0,998.67615,261.1966,1.0,1008.87024,253.26494,1.0,1020.45734,253.12407,1.0,1027.7312,258.03064,1.0,1018.0126,262.43896,1.0,1007.40204,262.56345,1.0,963.9375,335.66568,1.0,972.2213,322.19507,1.0,979.9868,317.81958,1.0,988.2127,318.1335,1.0,996.1287,316.76862,1.0,1003.51935,320.5349,1.0,1009.6088,334.7687,1.0,1009.14044,342.25592,1.0,997.8512,350.35324,1.0,988.1874,352.20947,1.0,978.82635,351.78067,1.0,965.8038,344.32233,1.0,967.24945,335.35565,1.0,982.55927,326.52463,1.0,988.2,325.8742,1.0,994.08624,325.96292,1.0,1006.38196,334.69562,1.0,994.31134,341.23923,1.0,987.56213,341.96182,1.0,981.10834,341.81567,1.0,949.2486,261.25262,1.0,1013.443,256.88437,1.0,975.7521,300.75616,0.9963331,983.98083,424.68936,0.9990233,836.4395,410.22278,0.9990233,707.5038,588.65515,0.88961446,874.0409,516.63116,0.9910903,1131.5221,439.15594,0.99975276,1189.0435,674.042,0.9646357,1161.8511,856.7797,0.97554797,967.88776,921.34894,0.97915894,871.45953,920.4463,0.97915894,866.7467,1244.2317,0.052206144,850.2896,1590.0145,0.01986861,1064.316,922.25165,0.9815913,1056.52,1282.4525,0.030924428,1033.638,1596.6733,0.0112890145,943.19934,270.68182,0.99317664,1005.9779,265.066,0.98678184,916.58154,274.95764,0.9855383,1030.0441,272.86014,0.9934681,990.1907,1716.5951,0.0107804565,990.1907,1716.5951,0.0107804565,1036.2137,1635.5566,0.0121714575,884.09576,1694.1246,0.010608928,884.09576,1694.1246,0.010608928,844.70325,1643.4111,0.014424341,1159.2557,861.3294,1.0,1125.7637,862.09296,1.0,1107.9238,879.91693,1.0,1097.7732,902.7216,1.0,1087.3411,920.0534,1.0,1132.9941,921.91864,1.0,1120.4701,960.92883,1.0,1112.6494,983.5907,1.0,1107.6654,1002.3658,1.0,1148.047,931.01056,1.0,1134.2373,972.3769,1.0,1123.5068,996.98065,1.0,1115.1332,1016.93713,1.0,1155.7174,935.31006,1.0,1143.1692,972.4853,1.0,1132.3883,993.8256,1.0,1123.2698,1011.0099,1.0,1157.7781,936.3416,1.0,1146.7477,966.2507,1.0,1137.6609,984.83044,1.0,1129.1469,998.4907,1.0,856.1283,508.34116,1.0,900.5415,503.22522,1.0,942.9623,485.3551,1.0,970.7531,468.10077,1.0,997.3438,455.78802,1.0,930.34814,484.08496,1.0,944.82697,445.75363,1.0,952.11707,421.72858,1.0,958.3534,399.78198,1.0,908.68176,484.42883,1.0,925.0151,446.13202,1.0,932.745,421.62054,1.0,939.3719,400.11517,1.0,887.2041,484.5779,1.0,899.4987,453.6331,1.0,908.87006,431.84448,1.0,915.2147,412.693,1.0,866.1068,484.5292,1.0,873.2052,464.53467,1.0,877.5716,449.63394,1.0,880.6572,434.59366,1.0
905.26495,269.7644,1.0,907.2515,281.99646,1.0,909.0814,295.14505,1.0,916.25507,316.93347,1.0,924.3232,330.63593,1.0,936.6711,345.64633,1.0,945.632,353.67725,1.0,963.54254,364.9692,1.0,989.7931,369.1322,1.0,1014.902,361.08932,1.0,1029.0923,346.9189,1.0,1035.1038,337.42184,1.0,1043.1417,320.2955,1.0,1051.243,297.4071,1.0,1053.04,282.8894,1.0,1053.5369,269.91415,1.0,1053.5352,258.1139,1.0,920.7247,250.98083,1.0,926.6643,244.23814,1.0,936.13776,239.08122,1.0,950.2905,236.8225,1.0,966.6753,237.1133,1.0,997.7588,234.96672,1.0,1013.11383,232.5123,1.0,1026.2596,232.8815,1.0,1035.897,236.53754,1.0,1041.298,241.9597,1.0,984.34717,261.60095,1.0,985.96906,275.26712,1.0,987.01434,284.16684,1.0,987.6796,291.13535,1.0,976.67883,302.39044,1.0,980.27155,304.9027,1.0,987.3423,304.24387,1.0,993.6204,303.98105,1.0,996.56445,301.03168,1.0,935.2347,263.10913,1.0,942.1319,257.54895,1.0,953.4237,256.07208,1.0,964.4131,262.22687,1.0,955.7533,264.7008,1.0,945.42596,265.83255,1.0,999.60767,260.3359,1.0,1009.9452,252.51204,1.0,1021.5183,252.39926,1.0,1028.5304,257.22345,1.0,1018.94977,261.5693,1.0,1008.3683,261.70096,1.0,964.5475,334.75168,1.0,972.83344,321.3939,1.0,980.48254,317.0399,1.0,988.5557,317.36526,1.0,996.43115,316.05106,1.0,1003.7228,319.7952,1.0,1009.6399,333.85995,1.0,1009.10864,341.39792,1.0,997.838,349.24603,1.0,988.2834,351.01385,1.0,979.1148,350.5982,1.0,966.30927,343.38574,1.0,967.8312,334.48523,1.0,982.98224,325.52893,1.0,988.5477,324.89755,1.0,994.39996,324.97955,1.0,1006.42896,333.8051,1.0,994.3472,340.21118,1.0,987.70416,340.87698,1.0,981.4018,340.76068,1.0,949.9104,260.21512,1.0,1014.39417,256.14682,1.0,975.84125,300.63882,0.9964208,984.19995,424.89746,0.9989984,836.1861,410.37784,0.9989984,713.99805,609.7135,0.888253,865.6907,515.64014,0.99029624,1132.2137,439.41708,0.9997567,1189.1562,672.7395,0.9656734,1159.7034,822.77155,0.9764086,965.96185,921.58734,0.9796278,869.4463,920.4048,0.9796278,865.84,1235.6223,0.053498283,848.44037,1573.5504,0.020394843,1062.4774,922.7699,0.9822769,1059.1411,1271.2562,0.035500366,1035.4668,1585.1876,0.012547197,943.313,270.58344,0.99337035,1005.98376,265.077,0.9872912,917.4692,274.96255,0.98573166,1030.5299,272.87128,0.99374914,991.02106,1703.5813,0.011629525,991.02106,1703.5813,0.011629525,1037.4985,1624.5079,0.01293379,878.0894,1680.0647,0.01069885,878.0894,1680.0647,0.01069885,843.38464,1625.046,0.014836563,1154.675,835.716,1.0,1126.2404,829.26166,1.0,1107.1372,839.96796,1.0,1093.3787,857.8976,1.0,1083.9388,871.48004,1.0,1125.0065,881.5058,1.0,1110.6545,917.80634,1.0,1101.5522,938.4331,1.0,1094.8262,956.0875,1.0,1136.9492,894.1231,1.0,1120.5356,933.7792,1.0,1107.9019,957.67523,1.0,1097.4723,976.78876,1.0,1142.4423,901.2454,1.0,1126.0382,936.44385,1.0,1113.7079,956.7138,1.0,1103.3767,972.93774,1.0,1143.1368,903.70447,1.0,1129.6323,931.82935,1.0,1118.4901,949.9345,1.0,1108.4652,963.53467,1.0,845.027,520.58514,1.0,888.81696,490.32468,1.0,921.49524,463.19684,1.0,940.0339,440.21002,1.0,958.13556,419.27704,1.0,905.504,471.74255,1.0,918.99554,447.12256,1.0,929.01996,433.1335,1.0,935.47455,420.1029,1.0,888.9796,484.1667,1.0,899.97375,460.09076,1.0,908.07025,445.9412,1.0,915.3735,432.00467,1.0,874.2104,497.3493,1.0,886.3118,474.4012,1.0,896.3035,461.31747,1.0,903.53564,449.34232,1.0,859.7927,510.00082,1.0,870.0746,496.41394,1.0,877.18585,486.9423,1.0,882.06805,478.11502,1.0
905.2808,268.6155,1.0,907.0385,281.0005,1.0,908.7022,294.30762,1.0,915.78577,316.41202,1.0,923.8756,330.3241,1.0,936.3424,345.47256,1.0,945.35834,353.52487,1.0,963.412,364.80624,1.0,990.0751,368.96237,1.0,1015.5552,360.81128,1.0,1030.0112,346.59143,1.0,1036.1254,337.13766,1.0,1044.3761,320.05414,1.0,1052.5852,297.1207,1.0,1054.463,282.4969,1.0,1054.9185,269.41827,1.0,1054.9028,257.4756,1.0,921.6075,249.79071,1.0,927.6688,243.05534,1.0,937.1526,237.95909,1.0,951.25195,235.80597,1.0,967.63654,236.22731,1.0,998.80023,234.18866,1.0,1014.19574,231.71634,1.0,1027.2893,232.08696,1.0,1036.953,235.7537,1.0,1042.3743,241.23784,1.0,985.1634,260.83047,1.0,986.6573,274.4488,1.0,987.60364,283.26144,1.0,988.2089,290.1665,1.0,977.18744,301.43747,1.0,980.7985,303.9574,1.0,987.9137,303.38037,1.0,994.2082,303.07367,1.0,997.15845,300.1035,1.0,936.0227,261.87817,1.0,942.9383,256.44424,1.0,954.21124,255.07642,1.0,965.16907,261.21317,1.0,956.49915,263.56848,1.0,946.1627,264.64105,1.0,1000.53925,259.47525,1.0,1011.02014,251.75912,1.0,1022.5793,251.67445,1.0,1029.3296,256.41626,1.0,1019.887,260.69965,1.0,1009.3346,260.83847,1.0,965.1575,333.83765,1.0,973.4455,320.59268,1.0,980.9783,316.2602,1.0,988.8988,316.59702,1.0,996.7336,315.33353,1.0,1003.92615,319.0555,1.0,1009.67096,332.9512,1.0,1009.0769,340.5399,1.0,997.8249,348.13885,1.0,988.37933,349.8182,1.0,979.4032,349.4157,1.0,966.8147,342.44916,1.0,968.4129,333.6148,1.0,983.4052,324.53323,1.0,988.8954,323.92093,1.0,994.7137,323.9962,1.0,1006.476,332.91458,1.0,994.38306,339.18314,1.0,987.84625,339.7921,1.0,981.6953,339.7057,1.0,950.57214,259.1776,1.0,1015.34534,255.40929,1.0,976.3996,300.50192,0.99646634,984.36206,425.5942,0.9989957,835.7405,411.66754,0.9989957,717.92847,634.36285,0.8851926,833.5134,537.355,0.9902691,1132.9836,439.52087,0.99975884,1190.982,672.8727,0.9663684,1153.7308,786.8714,0.9773882,965.9248,924.2923,0.9798068,869.49255,925.30176,0.9798068,866.71387,1237.5615,0.05132832,848.46277,1576.8882,0.019724306,1062.357,923.28284,0.9825989,1064.4288,1274.2026,0.036614135,1045.2396,1587.2626,0.012720671,943.4933,269.75266,0.99350107,1006.8575,264.94852,0.9876135,918.01404,274.77502,0.98583114,1031.2643,272.80396,0.99394274,1002.1492,1704.8503,0.011748694,1002.1492,1704.8503,0.011748694,1047.5334,1627.1709,0.013068604,878.5624,1684.7583,0.010270282,878.5624,1684.7583,0.010270282,843.1606,1628.6108,0.014544409,1147.5586,809.83496,1.0,1121.2947,795.50635,1.0,1101.909,796.6984,1.0,1087.2389,806.8847,1.0,1075.7052,817.27185,1.0,1109.6667,838.5244,1.0,1092.8607,869.18665,1.0,1080.9163,887.69257,1.0,1070.4951,904.2499,1.0,1120.1218,854.76483,1.0,1099.0015,888.1549,1.0,1083.1835,909.7231,1.0,1069.3916,926.77057,1.0,1124.3735,864.2181,1.0,1104.1959,893.7371,1.0,1088.6715,912.07684,1.0,1074.4432,926.0491,1.0,1124.5934,868.1136,1.0,1108.3042,891.6173,1.0,1094.7137,907.1617,1.0,1082.1954,918.81714,1.0,829.5635,535.10895,1.0,861.2932,503.92593,1.0,892.2884,474.149,1.0,913.23663,450.51025,1.0,920.40314,427.00595,1.0,869.41064,477.85312,1.0,889.40076,470.50095,1.0,903.08167,468.92523,1.0,915.6947,465.7116,1.0,860.091,496.30334,1.0,883.5692,493.0054,1.0,901.28955,491.98676,1.0,916.1923,490.04123,1.0,855.8052,517.18774,1.0,881.07904,515.65076,1.0,897.9245,514.9876,1.0,911.3432,512.10236,1.0,854.22833,540.07367,1.0,879.5547,539.4796,1.0,891.2124,538.38995,1.0,900.44885,535.8707,1.0
905.2967,267.4666,1.0,906.82544,280.00455,1.0,908.32294,293.4702,1.0,915.3165,315.89056,1.0,923.4281,330.01224,1.0,936.01373,345.29877,1.0,945.0846,353.3725,1.0,963.2815,364.64328,1.0,990.35706,368.79254,1.0,1016.2084,360.53323,1.0,1030.9302,346.26398,1.0,1037.1471,336.85352,1.0,1045.6105,319.81277,1.0,1053.9275,296.83426,1.0,1055.8859,282.1044,1.0,1056.3002,268.92242,1.0,1056.2705,256.83728,1.0,922.4903,248.6006,1.0,928.67334,241.87256,1.0,938.16736,236.83694,1.0,952.2133,234.78946,1.0,968.59784,235.34132,1.0,999.8417,233.41061,1.0,1015.27765,230.92038,1.0,1028.319,231.29243,1.0,1038.009,234.96985,1.0,1043.4504,240.51598,1.0,985.9797,260.06003,1.0,987.3455,273.63046,1.0,988.1929,282.35605,1.0,988.7383,289.19766,1.0,977.6961,300.48447,1.0,981.3255,303.01212,1.0,988.4851,302.5169,1.0,994.79596,302.1663,1.0,997.75244,299.1753,1.0,936.8108,260.6472,1.0,943.7446,255.33955,1.0,954.9988,254.08073,1.0,965.92505,260.19943,1.0,957.24493,262.43616,1.0,946.8995,263.44955,1.0,1001.4708,258.61456,1.0,1012.0951,251.00621,1.0,1023.64026,250.94966,1.0,1030.1288,255.60909,1.0,1020.8242,259.83002,1.0,1010.30084,259.976,1.0,965.76746,332.92365,1.0,974.0576,319.7915,1.0,981.474,315.48053,1.0,989.2419,315.82877,1.0,997.036,314.61597,1.0,1004.1295,318.3158,1.0,1009.702,332.04245,1.0,1009.04517,339.6819,1.0,997.8117,347.03165,1.0,988.4753,348.62256,1.0,979.6916,348.23325,1.0,967.3201,341.51257,1.0,968.9946,332.74435,1.0,983.8282,323.53754,1.0,989.24304,322.94427,1.0,995.0274,323.01282,1.0,1006.523,332.02408,1.0,994.41895,338.1551,1.0,987.9883,338.70728,1.0,981.9888,338.6507,1.0,951.2339,258.1401,1.0,1016.29645,254.67175,1.0,976.988,300.8501,0.99648595,983.92505,427.44833,0.9990232,834.3581,415.37503,0.9990232,718.8533,651.39044,0.8840703,813.63635,574.58966,0.9903118,1133.492,439.52164,0.99976844,1197.0898,672.9725,0.9676788,1148.649,755.25464,0.9786519,966.80756,927.705,0.98021084,869.52026,931.0649,0.98021084,867.241,1238.8794,0.049165864,850.0837,1580.0184,0.019089535,1064.0948,924.34515,0.9831054,1065.3385,1276.1019,0.038004488,1045.137,1590.3604,0.012786264,944.7522,269.54892,0.9936019,1008.3483,265.3556,0.9878273,918.4145,274.25787,0.9858738,1031.5233,272.8057,0.9941153,1001.7786,1705.645,0.011793238,1001.7786,1705.645,0.011793238,1047.4951,1629.974,0.013200978,879.3012,1688.5768,0.009857763,879.3012,1688.5768,0.009857763,845.3729,1631.7388,0.014362238,1135.2383,782.48413,1.0,1113.6208,763.19824,1.0,1092.5098,761.0219,1.0,1073.5555,767.1005,1.0,1055.4207,770.8285,1.0,1091.3976,797.09454,1.0,1067.9744,823.5664,1.0,1052.0078,842.1138,1.0,1039.315,858.41156,1.0,1099.4226,815.9669,1.0,1070.736,844.64685,1.0,1050.6858,864.2073,1.0,1035.309,879.4305,1.0,1102.8601,828.6112,1.0,1075.2709,854.24414,1.0,1056.7118,870.0761,1.0,1041.691,882.5118,1.0,1103.7991,836.0495,1.0,1081.6539,856.9478,1.0,1066.0503,870.0645,1.0,1053.3735,880.3206,1.0,845.6163,555.76575,1.0,863.3186,530.56287,1.0,880.8193,507.77414,1.0,893.56287,489.461,1.0,901.0386,472.10022,1.0,864.56775,524.2008,1.0,879.104,525.9695,1.0,890.3705,527.427,1.0,899.7235,530.0463,1.0,858.8046,543.8474,1.0,876.8129,544.5464,1.0,889.3187,549.78925,1.0,900.56995,553.6439,1.0,854.7516,562.16296,1.0,874.33734,565.7238,1.0,884.1164,571.9681,1.0,891.75977,576.4351,1.0,852.66296,579.3591,1.0,870.098,584.05646,1.0,879.75684,587.9631,1.0,886.3824,590.55035,1.0
904.7045,266.5995,1.0,906.13336,279.15063,1.0,907.5779,292.62894,1.0,914.40063,315.12238,1.0,922.2915,329.31003,1.0,934.6991,344.63684,1.0,943.70013,352.70013,1.0,961.9869,363.9432,1.0,989.25854,368.10336,1.0,1015.221,360.1257,1.0,1030.065,346.12543,1.0,1036.3053,336.7855,1.0,1044.7642,319.88733,1.0,1053.0924,297.01266,1.0,1055.1653,282.27866,1.0,1055.6506,269.09146,1.0,1055.6604,256.9644,1.0,921.86774,247.63402,1.0,928.06836,240.85593,1.0,937.6583,235.81125,1.0,951.86755,233.77965,1.0,968.3965,234.40306,1.0,1000.0413,232.7714,1.0,1015.3707,230.45737,1.0,1028.3215,230.99376,1.0,1037.7784,234.79866,1.0,1043.124,240.4344,1.0,985.7588,259.5347,1.0,986.99475,273.0769,1.0,987.7232,281.76422,1.0,988.2258,288.58557,1.0,976.86865,299.9112,1.0,980.5996,302.41882,1.0,987.8512,301.94562,1.0,994.2745,301.63873,1.0,997.3162,298.68094,1.0,936.33527,259.8727,1.0,943.42377,254.67749,1.0,954.6993,253.49246,1.0,965.63153,259.52344,1.0,956.78595,261.72177,1.0,946.40344,262.68906,1.0,1001.18726,258.26602,1.0,1011.8889,250.8159,1.0,1023.3507,250.83951,1.0,1029.765,255.50291,1.0,1020.4758,259.54547,1.0,1010.08344,259.6395,1.0,964.7149,332.22827,1.0,973.32806,319.2495,1.0,980.79755,314.99442,1.0,988.5413,315.44006,1.0,996.32733,314.25854,1.0,1003.37415,317.985,1.0,1009.1482,331.5589,1.0,1008.1282,338.97418,1.0,996.77423,346.1262,1.0,987.4311,347.60202,1.0,978.67664,347.23276,1.0,966.33923,340.61322,1.0,967.9014,332.05722,1.0,983.0631,323.28326,1.0,988.5008,322.75662,1.0,994.2878,322.8321,1.0,1005.9644,331.46848,1.0,993.4697,337.0694,1.0,987.0656,337.57397,1.0,981.06287,337.50778,1.0,950.8666,257.4927,1.0,1016.138,254.48657,1.0,977.00604,300.4499,0.9967157,983.4918,429.67526,0.9990856,833.2469,419.85202,0.9990856,721.0691,657.3132,0.8880637,806.6175,612.0303,0.99074215,1133.7368,439.49854,0.99978113,1203.0355,673.0449,0.9687286,1136.7493,737.3572,0.9796134,969.29895,932.7133,0.9809936,869.9072,937.0728,0.9809936,869.3146,1239.6952,0.04738732,853.81067,1582.592,0.018331395,1068.6906,928.3538,0.983774,1069.4259,1276.5859,0.04009251,1046.6846,1590.845,0.012963589,945.02136,267.14758,0.9940557,1009.3601,265.17828,0.9886636,918.45215,273.22824,0.98677444,1032.3267,272.76645,0.9945213,1003.18964,1707.2535,0.012053148,1003.18964,1707.2535,0.012053148,1049.1234,1629.6865,0.013483794,883.551,1690.8402,0.0094167935,883.551,1690.8402,0.0094167935,849.6079,1633.6241,0.014108354,1115.1066,763.3681,1.0,1097.9573,739.7313,1.0,1075.1696,734.779,1.0,1053.1798,739.8897,1.0,1032.8624,744.1004,1.0,1066.3911,769.4459,1.0,1039.3744,793.87,1.0,1019.6139,809.4406,1.0,1003.74756,823.6894,1.0,1072.7065,790.9395,1.0,1041.1012,816.1966,1.0,1017.9763,832.0872,1.0,999.80005,844.65625,1.0,1076.0682,805.3892,1.0,1046.1122,828.0648,1.0,1025.1096,841.6459,1.0,1007.8481,851.72363,1.0,1077.7377,814.0189,1.0,1052.402,833.9287,1.0,1035.0845,844.80334,1.0,1020.7998,852.65,1.0,844.5999,582.6946,1.0,852.53284,567.945,1.0,867.08606,554.5107,1.0,878.9019,539.39374,1.0,882.35876,523.37067,1.0,853.3034,562.1546,1.0,870.95166,572.1007,1.0,880.97656,584.14874,1.0,888.5534,593.77814,1.0,848.8325,579.0901,1.0,863.61945,587.66895,1.0,873.92224,599.8747,1.0,881.1235,609.842,1.0,846.2997,593.1944,1.0,859.84753,600.84924,1.0,868.35565,610.4562,1.0,874.58075,618.5833,1.0,847.207,604.47516,1.0,859.47845,609.2008,1.0,867.24365,613.9034,1.0,873.2891,617.2989,1.0
904.1124,265.73236,1.0,905.44135,278.29675,1.0,906.8328,291.78763,1.0,913.4848,314.3542,1.0,921.1549,328.6078,1.0,933.38446,343.97488,1.0,942.3156,352.0278,1.0,960.69226,363.24313,1.0,988.16,367.41418,1.0,1014.2337,359.7182,1.0,1029.1998,345.98688,1.0,1035.4636,336.71744,1.0,1043.9177,319.9619,1.0,1052.2574,297.19107,1.0,1054.4448,282.45294,1.0,1055.0012,269.26053,1.0,1055.0502,257.09146,1.0,921.2451,246.66743,1.0,927.4633,239.83931,1.0,937.1493,234.78554,1.0,951.5218,232.76982,1.0,968.1951,233.4648,1.0,1000.24097,232.13219,1.0,1015.4638,229.99435,1.0,1028.324,230.6951,1.0,1037.5479,234.62747,1.0,1042.7976,240.35283,1.0,985.53796,259.00934,1.0,986.6439,272.52332,1.0,987.25354,281.1724,1.0,987.71344,287.97345,1.0,976.0412,299.33792,1.0,979.8737,301.8255,1.0,987.2173,301.3743,1.0,993.753,301.1112,1.0,996.88,298.18658,1.0,935.8597,259.0982,1.0,943.10284,254.01543,1.0,954.39984,252.90419,1.0,965.338,258.8474,1.0,956.327,261.00735,1.0,945.9074,261.92856,1.0,1000.9037,257.9175,1.0,1011.68274,250.6256,1.0,1023.06116,250.72935,1.0,1029.4011,255.39673,1.0,1020.12744,259.26093,1.0,1009.866,259.30298,1.0,963.6624,331.5329,1.0,972.5985,318.70752,1.0,980.1211,314.5083,1.0,987.8408,315.0514,1.0,995.6186,313.90112,1.0,1002.6188,317.6542,1.0,1008.5943,331.07538,1.0,1007.21124,338.26645,1.0,995.7367,345.22073,1.0,986.38696,346.58148,1.0,977.6617,346.23227,1.0,965.3584,339.71384,1.0,966.8082,331.3701,1.0,982.29803,323.029,1.0,987.75854,322.56897,1.0,993.5481,322.65134,1.0,1005.4058,330.91287,1.0,992.52045,335.9837,1.0,986.14294,336.44064,1.0,980.137,336.36487,1.0,950.49927,256.8453,1.0,1015.9796,254.3014,1.0,977.4431,300.10287,0.99683505,983.42175,432.4687,0.999144,832.5674,425.4412,0.999144,727.90045,657.4369,0.8869735,806.161,645.28876,0.990481,1134.2761,439.49615,0.99979085,1209.4193,673.2944,0.96778643,1116.4591,725.6171,0.97852,972.8508,935.14984,0.9812028,872.69727,939.54376,0.9812028,875.7631,1240.1562,0.045792572,863.6135,1583.2091,0.017310727,1073.0044,930.756,0.9838182,1073.6505,1276.7168,0.04087016,1047.7638,1591.5817,0.012688136,946.4411,265.6126,0.9943353,1010.0591,264.9027,0.98915595,918.77454,272.09882,0.987297,1032.7058,272.33282,0.994758,1004.5942,1701.0365,0.0118967425,1004.5942,1701.0365,0.0118967425,1050.3706,1631.1582,0.013259871,891.6716,1692.285,0.00889663,891.6716,1692.285,0.00889663,861.223,1635.336,0.0134851895,1094.8967,748.1938,1.0,1075.4275,720.47546,1.0,1049.3425,713.84467,1.0,1024.6646,720.9167,1.0,1002.7962,723.5431,1.0,1039.604,749.6024,1.0,1007.1193,775.16876,1.0,984.6796,790.8787,1.0,967.309,804.39716,1.0,1046.466,772.42255,1.0,1010.0817,797.1969,1.0,984.8424,812.05756,1.0,964.5933,823.93243,1.0,1050.8165,787.73004,1.0,1017.3587,809.912,1.0,993.84155,823.38165,1.0,974.568,833.17035,1.0,1053.9548,796.18994,1.0,1024.5555,816.0639,1.0,1005.96967,826.76337,1.0,990.5671,834.17584,1.0,813.46106,640.34937,1.0,828.18713,622.75183,1.0,846.92126,610.8764,1.0,859.1391,598.4604,1.0,862.534,581.9213,1.0,835.84393,629.0995,1.0,852.39984,643.0347,1.0,862.04706,657.2008,1.0,869.8855,669.35956,1.0,828.8414,648.2225,1.0,847.40564,662.76624,1.0,859.8645,677.1911,1.0,868.8261,689.6421,1.0,824.8647,663.1453,1.0,843.00995,676.64264,1.0,854.74963,688.5693,1.0,863.34753,698.6496,1.0,824.18884,674.0351,1.0,840.2713,685.54156,1.0,850.67084,693.43304,1.0,859.1913,699.7519,1.0
903.5203,264.86523,1.0,904.74927,277.44284,1.0,906.08777,290.94635,1.0,912.569,313.58603,1.0,920.0183,327.90558,1.0,932.0698,343.31296,1.0,940.93115,351.35544,1.0,959.39764,362.54306,1.0,987.06146,366.725,1.0,1013.24634,359.31067,1.0,1028.3346,345.84833,1.0,1034.6218,336.6494,1.0,1043.0714,320.03647,1.0,1051.4224,297.36945,1.0,1053.7242,282.6272,1.0,1054.3517,269.42957,1.0,1054.44,257.21857,1.0,920.62256,245.70085,1.0,926.85834,238.82268,1.0,936.64026,233.75984,1.0,951.176,231.76,1.0,967.9938,232.52654,1.0,1000.4407,231.49298,1.0,1015.5569,229.53134,1.0,1028.3265,230.39642,1.0,1037.3173,234.45628,1.0,1042.4712,240.27127,1.0,985.31714,258.484,1.0,986.29315,271.96973,1.0,986.7839,280.5806,1.0,987.20105,287.36136,1.0,975.21375,298.76465,1.0,979.1478,301.23218,1.0,986.58344,300.803,1.0,993.23145,300.58365,1.0,996.4437,297.69223,1.0,935.38416,258.32373,1.0,942.7819,253.35336,1.0,954.10034,252.31592,1.0,965.04456,258.17142,1.0,955.86804,260.29294,1.0,945.4114,261.1681,1.0,1000.6201,257.56897,1.0,1011.47656,250.43527,1.0,1022.77167,250.6192,1.0,1029.0374,255.29056,1.0,1019.77905,258.97638,1.0,1009.6486,258.9665,1.0,962.60986,330.8375,1.0,971.86896,318.16556,1.0,979.4447,314.0222,1.0,987.1403,314.6627,1.0,994.9099,313.5437,1.0,1001.8634,317.3234,1.0,1008.0404,330.59183,1.0,1006.2943,337.55875,1.0,994.6992,344.31525,1.0,985.3428,345.56094,1.0,976.64667,345.23175,1.0,964.3775,338.81448,1.0,965.715,330.68295,1.0,981.53296,322.77472,1.0,987.0163,322.3813,1.0,992.8085,322.4706,1.0,1004.8472,330.35724,1.0,991.5712,334.89798,1.0,985.2202,335.3073,1.0,979.2111,335.222,1.0,950.13196,256.1979,1.0,1015.82117,254.11623,1.0,978.298,299.6294,0.99689347,983.14264,433.41083,0.99918467,831.7777,427.4656,0.99918467,736.9975,650.92596,0.88994694,801.29443,689.952,0.9896343,1134.5076,439.35605,0.99979025,1212.6147,673.3235,0.96891534,1098.016,724.21454,0.97789896,972.8367,935.32007,0.9818489,872.67554,939.62054,0.9818489,875.7014,1239.6147,0.050514996,864.47314,1584.0544,0.017517874,1072.9978,931.0196,0.9841932,1070.7229,1276.9053,0.048479702,1047.7269,1591.8267,0.013652201,947.0427,264.15875,0.9944753,1010.7215,264.80743,0.98937595,918.7796,271.29425,0.9875927,1032.8206,272.1748,0.9948607,1004.46924,1702.5303,0.012626813,1004.46924,1702.5303,0.012626813,1050.2974,1631.5398,0.013678133,891.92236,1692.8583,0.008955538,891.92236,1692.8583,0.008955538,862.9013,1636.9896,0.013505618,1075.3439,739.8163,1.0,1050.5503,712.4291,1.0,1021.4161,706.0918,1.0,996.50507,714.9298,1.0,975.83997,718.12665,1.0,1012.5314,747.08856,1.0,980.8735,772.1538,1.0,959.4308,787.42334,1.0,941.82477,801.1244,1.0,1019.9847,769.2225,1.0,984.4235,792.4787,1.0,959.92834,806.9866,1.0,940.5793,818.73145,1.0,1025.3875,784.0996,1.0,993.08624,804.7347,1.0,970.1417,817.9382,1.0,952.1333,828.295,1.0,1029.4426,792.4759,1.0,1000.08246,811.2329,1.0,982.57666,821.65967,1.0,968.45544,829.04974,1.0,782.32227,698.00415,1.0,803.84143,677.55865,1.0,826.7565,667.24207,1.0,839.37634,657.52704,1.0,842.7092,640.472,1.0,818.3844,696.0444,1.0,833.848,713.96875,1.0,843.11755,730.25287,1.0,851.2175,744.94104,1.0,808.8502,717.3549,1.0,831.1918,737.8636,1.0,845.80676,754.5075,1.0,856.5287,769.44214,1.0,803.4297,733.09625,1.0,826.17236,752.43604,1.0,841.14355,766.6824,1.0,852.1144,778.71594,1.0,801.1708,743.59503,1.0,821.06415,761.8823,1.0,834.098,772.96265,1.0,845.0935,782.2049,1.0
903.1359,266.09674,1.0,904.4352,278.75986,1.0,905.84717,292.31866,1.0,912.36414,314.98334,1.0,919.8205,329.2667,1.0,931.797,344.55103,1.0,940.6203,352.43634,1.0,958.87396,363.42706,1.0,986.2091,367.60202,1.0,1012.30286,360.30484,1.0,1027.3826,346.99557,1.0,1033.7473,337.88242,1.0,1042.293,321.34238,1.0,1050.7056,298.66403,1.0,1053.0381,283.8846,1.0,1053.697,270.62564,1.0,1053.7704,258.3424,1.0,919.7879,246.53122,1.0,926.00916,239.63368,1.0,935.77423,234.58237,1.0,950.1781,232.60449,1.0,966.88135,233.33066,1.0,999.11145,232.29259,1.0,1014.21796,230.324,1.0,1026.9808,231.12248,1.0,1036.165,235.15411,1.0,1041.4623,240.98103,1.0,984.18427,259.12854,1.0,985.18207,272.63873,1.0,985.74457,281.31564,1.0,986.2019,288.1986,1.0,974.03784,299.62067,1.0,978.1183,302.0837,1.0,985.6946,301.60016,1.0,992.36584,301.43042,1.0,995.7175,298.4861,1.0,934.2001,259.22012,1.0,941.60297,254.34856,1.0,952.9009,253.25014,1.0,963.8781,258.98428,1.0,954.7324,261.13235,1.0,944.2711,262.01733,1.0,999.51086,258.2662,1.0,1010.3713,251.20018,1.0,1021.6538,251.35982,1.0,1027.9564,255.91634,1.0,1018.7329,259.56808,1.0,1008.57184,259.598,1.0,961.8832,331.55112,1.0,971.0187,318.985,1.0,978.57446,314.8447,1.0,986.22437,315.47128,1.0,993.9638,314.3321,1.0,1001.00854,318.1391,1.0,1007.2648,331.30316,1.0,1005.34314,338.1037,1.0,993.7857,344.7426,1.0,984.5506,345.9773,1.0,976.0185,345.62943,1.0,963.87866,339.31412,1.0,964.9954,331.3561,1.0,980.7136,323.6196,1.0,986.0922,323.2482,1.0,991.9047,323.35727,1.0,1004.1578,331.07278,1.0,990.6976,335.30087,1.0,984.4243,335.69083,1.0,978.5177,335.61603,1.0,949.0867,257.1661,1.0,1014.7463,254.84972,1.0,978.40826,299.6359,0.9966153,982.7243,433.81564,0.9991995,830.99207,428.6478,0.9991995,741.92834,647.1419,0.8901333,792.8828,711.40784,0.9855341,1134.4565,438.9835,0.99977875,1212.7452,673.3343,0.9691856,1073.5312,732.51483,0.9736555,972.70465,935.32623,0.9826894,872.68164,939.5764,0.9826894,879.8464,1239.3064,0.056282394,865.41205,1585.5166,0.018072609,1072.7277,931.076,0.9847086,1070.6733,1277.2379,0.054698054,1046.6552,1592.6234,0.014058211,947.17957,264.12744,0.9940069,1011.0298,264.87247,0.9883777,918.8775,271.24945,0.9864509,1032.7578,272.31595,0.9943655,1004.6156,1703.8611,0.012743668,1004.6156,1703.8611,0.012743668,1047.8224,1632.2185,0.013567954,894.5572,1694.086,0.009180106,894.5572,1694.086,0.009180106,863.1689,1636.6401,0.013417551,1056.789,740.71893,1.0,1026.8804,714.77325,1.0,996.9612,712.1922,1.0,971.8501,721.46124,1.0,949.9096,724.46643,1.0,988.7014,752.9416,1.0,956.2899,778.21326,1.0,934.8389,793.3742,1.0,917.2051,807.10675,1.0,997.41223,774.54395,1.0,962.23535,798.17975,1.0,937.9235,812.46967,1.0,918.11224,824.0804,1.0,1004.43054,789.1521,1.0,971.6217,810.11774,1.0,948.4797,823.30804,1.0,929.7056,834.1455,1.0,1009.59924,796.84375,1.0,980.12854,814.7254,1.0,961.9068,824.9638,1.0,947.1499,832.9692,1.0,773.2367,716.4367,1.0,796.3828,706.21246,1.0,817.1685,701.0042,1.0,828.2641,694.932,1.0,829.18945,685.34674,1.0,812.3538,738.16547,1.0,826.8515,763.31775,1.0,832.73303,781.4273,1.0,835.1129,796.34644,1.0,800.6865,751.5874,1.0,815.99585,776.49,1.0,824.0034,793.1297,1.0,827.18427,805.3261,1.0,793.415,759.95703,1.0,808.59644,781.27203,1.0,817.3325,794.75256,1.0,821.2632,805.1014,1.0,789.7911,763.82513,1.0,804.15155,781.62,1.0,811.9864,793.994,1.0,817.1167,803.69696,1.0
902.7515,267.32825,1.0,904.12103,280.07684,1.0,905.60657,293.69095,1.0,912.15936,316.38068,1.0,919.6227,330.6278,1.0,931.52423,345.78906,1.0,940.3095,353.51724,1.0,958.3502,364.3111,1.0,985.3567,368.479,1.0,1011.3593,361.29898,1.0,1026.4304,348.14282,1.0,1032.8727,339.11545,1.0,1041.5145,322.64832,1.0,1049.9886,299.95862,1.0,1052.3519,285.14203,1.0,1053.0422,271.82172,1.0,1053.101,259.46628,1.0,918.9533,247.36157,1.0,925.16,240.44469,1.0,934.90826,235.4049,1.0,949.1802,233.44897,1.0,965.7689,234.13478,1.0,997.7822,233.0922,1.0,1012.87897,231.11667,1.0,1025.635,231.84853,1.0,1035.013,235.85193,1.0,1040.4532,241.6908,1.0,983.0514,259.77307,1.0,984.07104,273.30774,1.0,984.7052,282.05072,1.0,985.20276,289.03586,1.0,972.86194,300.47668,1.0,977.0887,302.93527,1.0,984.8057,302.39734,1.0,991.50024,302.27722,1.0,994.9914,299.28,1.0,933.016,260.11652,1.0,940.42395,255.34373,1.0,951.70135,254.18436,1.0,962.7117,259.79715,1.0,953.59686,261.97174,1.0,943.1308,262.86658,1.0,998.4017,258.96344,1.0,1009.266,251.96509,1.0,1020.536,252.10043,1.0,1026.8754,256.5421,1.0,1017.68677,260.15982,1.0,1007.49506,260.22946,1.0,961.15656,332.26474,1.0,970.1684,319.80444,1.0,977.7043,315.6672,1.0,985.3084,316.27985,1.0,993.01776,315.12045,1.0,1000.1537,318.95477,1.0,1006.4891,332.01453,1.0,1004.3919,338.64865,1.0,992.8722,345.16998,1.0,983.7584,346.39362,1.0,975.3903,346.0271,1.0,963.37976,339.81375,1.0,964.2758,332.02924,1.0,979.8943,324.4645,1.0,985.16815,324.1151,1.0,991.0009,324.2439,1.0,1003.46826,331.78833,1.0,989.8239,335.70374,1.0,983.6285,336.07437,1.0,977.8243,336.0101,1.0,948.0413,258.13428,1.0,1013.6714,255.58319,1.0,978.3843,299.74005,0.99676406,982.40204,434.1508,0.9992169,830.33905,429.58066,0.9992169,747.45087,645.9459,0.89207864,782.68024,723.89606,0.9803359,1134.465,438.72095,0.9997724,1212.4011,673.3217,0.97055596,1054.493,739.1067,0.97171223,972.5668,935.3415,0.98349005,872.7768,939.55225,0.98349005,880.64166,1240.5618,0.06661515,866.9498,1586.4606,0.019039636,1072.3567,931.1308,0.9852247,1070.6426,1280.3844,0.06644543,1046.3684,1593.0975,0.014430429,947.15436,263.9549,0.99428767,1011.08344,264.97168,0.988906,918.7934,271.204,0.98698705,1032.6586,272.52646,0.99461293,1003.3637,1703.4717,0.01288109,1003.3637,1703.4717,0.01288109,1047.4996,1630.7106,0.0134118935,894.5131,1695.1957,0.009706881,894.5131,1695.1957,0.009706881,865.0578,1636.8916,0.0135715045,1038.1206,750.1584,1.0,1004.587,725.46765,1.0,973.0761,723.1999,1.0,947.19244,732.4662,1.0,925.23834,736.4063,1.0,962.08923,765.1946,1.0,930.3949,790.17126,1.0,909.9623,804.8393,1.0,893.3511,817.73737,1.0,971.8982,785.95966,1.0,938.28143,809.30884,1.0,914.8407,822.7219,1.0,895.94403,832.998,1.0,981.23785,799.98016,1.0,949.407,820.20245,1.0,926.81494,832.6706,1.0,907.9967,842.55475,1.0,989.18036,807.61365,1.0,960.74475,825.0353,1.0,942.7418,834.9719,1.0,927.6566,842.2939,1.0,765.58655,730.4378,1.0,783.8502,719.1713,1.0,799.8862,718.13,1.0,809.1562,718.4519,1.0,814.64954,721.3049,1.0,797.31134,761.6608,1.0,806.6039,790.9657,1.0,812.42944,810.49274,1.0,815.41986,824.20917,1.0,787.41595,771.4067,1.0,799.6088,798.62054,1.0,807.2431,815.4041,1.0,811.8286,826.767,1.0,781.7357,777.27625,1.0,793.44714,800.8299,1.0,801.25775,814.60547,1.0,805.7762,824.4732,1.0,780.1573,779.907,1.0,791.6175,798.65796,1.0,797.48157,810.76654,1.0,801.3157,820.46545,1.0
902.3672,268.55975,1.0,903.80695,281.39386,1.0,905.36597,295.06326,1.0,911.9545,317.77798,1.0,919.4248,331.98892,1.0,931.2514,347.02713,1.0,939.99866,354.59814,1.0,957.8265,365.1951,1.0,984.50433,369.35602,1.0,1010.4158,362.29312,1.0,1025.4784,349.29007,1.0,1031.998,340.34845,1.0,1040.7362,323.95422,1.0,1049.2719,301.2532,1.0,1051.6658,286.3994,1.0,1052.3875,273.0178,1.0,1052.4314,260.59012,1.0,918.11865,248.19194,1.0,924.31085,241.25568,1.0,934.04224,236.22745,1.0,948.1822,234.29347,1.0,964.6565,234.9389,1.0,996.453,233.8918,1.0,1011.54004,231.90933,1.0,1024.2893,232.57458,1.0,1033.8607,236.54976,1.0,1039.4443,242.40056,1.0,981.91846,260.4176,1.0,982.95996,273.97675,1.0,983.6659,282.78577,1.0,984.2037,289.8731,1.0,971.686,301.3327,1.0,976.05914,303.78683,1.0,983.91693,303.1945,1.0,990.6346,303.124,1.0,994.2652,300.07388,1.0,931.8319,261.0129,1.0,939.24493,256.3389,1.0,950.5019,255.11856,1.0,961.5452,260.61002,1.0,952.46124,262.81116,1.0,941.99054,263.71585,1.0,997.2924,259.6607,1.0,1008.16077,252.72998,1.0,1019.4182,252.84105,1.0,1025.7944,257.16788,1.0,1016.6407,260.75153,1.0,1006.4183,260.86096,1.0,960.42993,332.97833,1.0,969.3181,320.62387,1.0,976.8341,316.48975,1.0,984.39246,317.0884,1.0,992.07166,315.90884,1.0,999.2988,319.77045,1.0,1005.71344,332.72586,1.0,1003.4407,339.1936,1.0,991.9587,345.59732,1.0,982.96625,346.80994,1.0,974.76215,346.42477,1.0,962.8809,340.3134,1.0,963.5563,332.70236,1.0,979.0749,325.3094,1.0,984.24414,324.98203,1.0,990.09717,325.13052,1.0,1002.77875,332.50388,1.0,988.95026,336.10663,1.0,982.8326,336.4579,1.0,977.13086,336.40417,1.0,946.996,259.10248,1.0,1012.5965,256.31668,1.0,978.3385,300.67642,0.9968423,981.769,434.27643,0.9992136,829.10547,429.835,0.9992136,749.39746,644.233,0.88361686,770.4892,723.50073,0.95929694,1134.4326,438.71783,0.9997658,1209.6592,673.74164,0.969851,1032.9941,744.03345,0.9609606,972.8073,934.81946,0.9841814,873.2931,939.2401,0.9841814,881.9227,1239.4462,0.066336796,868.6024,1586.7203,0.018180536,1072.3215,930.39886,0.9857314,1070.2246,1278.5186,0.06911906,1046.3301,1593.029,0.014081844,947.1389,264.15985,0.9943997,1011.0723,265.7314,0.98914766,918.6573,271.20367,0.9869299,1032.5948,272.64658,0.9946798,1002.4269,1700.0526,0.0124441115,1002.4269,1700.0526,0.0124441115,1047.5199,1630.2068,0.012895864,897.86346,1695.6879,0.009291685,897.86346,1695.6879,0.009291685,866.16693,1634.7428,0.012920994,1015.97076,755.87946,1.0,982.2753,731.6297,1.0,950.1741,730.69257,1.0,924.1035,741.4826,1.0,902.52515,745.60114,1.0,941.74554,772.6794,1.0,908.5792,797.6581,1.0,887.2149,813.006,1.0,870.2621,825.72174,1.0,950.17053,794.1511,1.0,913.75885,818.4728,1.0,889.4548,832.71564,1.0,869.9968,843.4487,1.0,957.96515,808.4602,1.0,924.2635,829.5709,1.0,901.15125,842.47406,1.0,882.7125,852.90106,1.0,964.8697,815.66736,1.0,936.10693,833.80225,1.0,918.4168,844.28046,1.0,904.17096,852.5513,1.0,753.81537,740.9547,1.0,775.183,733.86475,1.0,790.60803,736.49335,1.0,795.68445,738.0321,1.0,793.544,740.9351,1.0,776.62555,781.5172,1.0,781.2539,812.0435,1.0,783.61365,833.42676,1.0,783.9375,848.835,1.0,766.44556,788.22955,1.0,774.70905,818.20667,1.0,779.55005,838.0593,1.0,781.8799,852.6594,1.0,760.87726,791.61255,1.0,769.5428,817.8053,1.0,774.5257,834.45435,1.0,776.5301,846.58716,1.0,760.2399,792.5696,1.0,769.4238,813.62787,1.0,773.6827,827.8032,1.0,775.6868,839.41785,1.0
903.16547,269.73038,1.0,904.64185,282.41202,1.0,906.2428,295.9403,1.0,912.7813,318.4885,1.0,920.10693,332.6746,1.0,931.73065,347.78662,1.0,940.43854,355.4571,1.0,958.35614,366.011,1.0,985.22797,370.10138,1.0,1011.25354,363.0955,1.0,1026.4589,350.27438,1.0,1033.0354,341.35873,1.0,1041.626,324.94864,1.0,1049.8809,302.23694,1.0,1052.2203,287.40643,1.0,1052.8586,274.0623,1.0,1052.7838,261.71884,1.0,918.38306,249.81348,1.0,924.38696,242.96663,1.0,933.945,237.99133,1.0,948.0468,236.04507,1.0,964.6061,236.67044,1.0,996.6229,235.40265,1.0,1011.852,233.31859,1.0,1024.679,233.92583,1.0,1034.1753,237.87227,1.0,1039.7639,243.69316,1.0,982.1425,262.02466,1.0,983.231,275.485,1.0,983.91174,284.2393,1.0,984.48755,291.28723,1.0,972.13074,302.76602,1.0,976.4467,305.19705,1.0,984.3306,304.58484,1.0,991.2031,304.4907,1.0,994.799,301.47964,1.0,932.2331,262.42804,1.0,939.52563,257.68045,1.0,950.8143,256.4823,1.0,961.9398,262.1058,1.0,952.7918,264.24234,1.0,942.33124,265.12286,1.0,997.7071,261.09268,1.0,1008.5586,253.9736,1.0,1019.8507,254.03514,1.0,1026.2247,258.41888,1.0,1017.14435,262.05585,1.0,1006.9308,262.20932,1.0,960.9242,334.2458,1.0,969.8129,321.93015,1.0,977.3101,317.7645,1.0,984.9293,318.3692,1.0,992.60834,317.17416,1.0,999.96246,320.9913,1.0,1006.6543,333.8202,1.0,1004.27814,340.1349,1.0,992.74194,346.41013,1.0,983.7522,347.57693,1.0,975.4967,347.25085,1.0,963.5098,341.3374,1.0,964.00586,333.93158,1.0,979.6255,326.69168,1.0,984.88464,326.34848,1.0,990.75494,326.4792,1.0,1003.7317,333.57486,1.0,989.68536,336.84903,1.0,983.5524,337.1838,1.0,977.7615,337.14938,1.0,947.3956,260.4202,1.0,1013.04016,257.54398,1.0,977.61633,301.93994,0.99686575,981.5191,434.2839,0.99920183,828.678,429.79297,0.99920183,749.1057,643.47736,0.8785741,759.8752,736.0699,0.9360001,1134.3602,438.7748,0.9997596,1203.0238,677.30725,0.9704924,1015.705,747.76044,0.9540268,972.7989,932.3503,0.9849022,873.3242,936.7716,0.9849022,882.6073,1237.1376,0.07127918,872.3211,1585.717,0.01785819,1072.2736,927.9289,0.9862701,1070.0472,1277.4333,0.07553739,1046.3363,1591.8466,0.013980738,947.05347,265.15433,0.99440426,1010.6942,266.84793,0.98927325,918.546,271.29147,0.98674697,1032.484,272.99298,0.9947136,1001.01416,1697.7633,0.012122922,1001.01416,1697.7633,0.012122922,1048.2004,1627.9794,0.012444323,900.56793,1695.6481,0.00913507,900.56793,1695.6481,0.00913507,870.9619,1630.4789,0.012493312,994.1005,763.16595,1.0,963.3037,736.7523,1.0,930.7073,735.38654,1.0,904.2156,745.6102,1.0,882.9878,748.64655,1.0,915.9613,780.65204,1.0,883.3135,803.2144,1.0,863.2738,817.1999,1.0,847.59216,829.00397,1.0,923.3094,800.56396,1.0,886.8954,822.46063,1.0,863.99194,837.3427,1.0,845.8799,849.26935,1.0,930.5025,813.15497,1.0,897.07434,831.3385,1.0,875.6424,844.56683,1.0,858.9161,855.87976,1.0,937.9212,819.66534,1.0,911.00684,835.54425,1.0,894.77875,845.89435,1.0,881.76337,854.3912,1.0,736.03375,741.4989,1.0,753.2599,737.79614,1.0,766.8433,740.34314,1.0,771.1642,741.12823,1.0,770.9279,742.232,1.0,747.8802,784.2656,1.0,751.13885,817.41125,1.0,750.036,840.9269,1.0,747.5712,859.537,1.0,739.911,791.6113,1.0,746.5163,825.2674,1.0,748.50146,850.63873,1.0,748.4103,870.5972,1.0,736.8541,795.2438,1.0,743.67786,823.61945,1.0,746.045,844.5781,1.0,745.5086,861.453,1.0,738.7548,795.9484,1.0,745.06415,818.79126,1.0,747.2566,835.36145,1.0,747.2594,848.9869,1.0
903.96375,270.90103,1.0,905.47675,283.4302,1.0,907.1196,296.81735,1.0,913.6081,319.19904,1.0,920.78906,333.36026,1.0,932.20984,348.5461,1.0,940.8785,356.31604,1.0,958.8858,366.82687,1.0,985.95166,370.84674,1.0,1012.0913,363.89783,1.0,1027.4395,351.2587,1.0,1034.0729,342.36905,1.0,1042.5159,325.94305,1.0,1050.4899,303.2207,1.0,1052.775,288.41342,1.0,1053.3297,275.1068,1.0,1053.1364,262.84753,1.0,918.6474,251.435,1.0,924.46313,244.67757,1.0,933.8477,239.75522,1.0,947.91144,237.79669,1.0,964.5557,238.40198,1.0,996.7929,236.9135,1.0,1012.16394,234.72786,1.0,1025.0686,235.27708,1.0,1034.4897,239.19476,1.0,1040.0834,244.98578,1.0,982.3665,263.6317,1.0,983.5021,276.99326,1.0,984.15753,285.69278,1.0,984.77136,292.70135,1.0,972.57544,304.1993,1.0,976.8343,306.6073,1.0,984.7443,305.9752,1.0,991.7717,305.8574,1.0,995.33276,302.88544,1.0,932.6343,263.8432,1.0,939.8063,259.022,1.0,951.1266,257.84604,1.0,962.33435,263.6016,1.0,953.12244,265.6735,1.0,942.6719,266.52988,1.0,998.12177,262.52466,1.0,1008.95636,255.21722,1.0,1020.28314,255.22923,1.0,1026.6549,259.66986,1.0,1017.648,263.36017,1.0,1007.44336,263.55768,1.0,961.41846,335.5132,1.0,970.3077,323.23642,1.0,977.78613,319.03928,1.0,985.4662,319.65,1.0,993.14496,318.43948,1.0,1000.62616,322.21216,1.0,1007.5951,334.91455,1.0,1005.11566,341.07617,1.0,993.52515,347.22293,1.0,984.5382,348.3439,1.0,976.2312,348.07697,1.0,964.1388,342.3614,1.0,964.4555,335.16077,1.0,980.1761,328.07394,1.0,985.52515,327.71494,1.0,991.4127,327.82788,1.0,1004.6847,334.6458,1.0,990.42053,337.59143,1.0,984.2723,337.90973,1.0,978.392,337.89456,1.0,947.79535,261.7379,1.0,1013.4839,258.77127,1.0,977.56464,301.93887,0.9969221,981.4417,434.7024,0.99921626,828.694,429.75488,0.99921626,748.5964,641.63275,0.87491226,741.81067,721.1994,0.92480385,1134.1895,439.64993,0.99975693,1195.736,681.4977,0.9708573,1002.6306,750.221,0.9486946,972.78723,931.89343,0.98571354,873.3664,936.0795,0.98571354,880.00616,1234.1815,0.07472761,870.0257,1585.3135,0.017495075,1072.208,927.7074,0.9868615,1063.0427,1269.4473,0.0781783,1036.2406,1585.8855,0.01365618,947.0364,265.10803,0.9944827,1010.5879,266.85767,0.98943686,918.4316,271.2777,0.98676014,1032.4642,273.1758,0.9947536,988.7762,1690.3203,0.0116861835,988.7762,1690.3203,0.0116861835,1038.5476,1622.8026,0.011975444,892.0975,1695.0487,0.00894204,892.0975,1695.0487,0.00894204,869.6755,1629.7634,0.012098414,975.4405,766.0713,1.0,948.17224,737.95154,1.0,917.31323,735.71356,1.0,891.48456,745.16736,1.0,870.5341,748.96106,1.0,902.1738,778.78406,1.0,865.8909,802.35455,1.0,845.7825,816.1213,1.0,830.94006,827.70233,1.0,909.847,799.5446,1.0,870.0809,822.724,1.0,846.2764,836.8178,1.0,828.1412,847.75916,1.0,917.1091,812.1796,1.0,880.5448,831.993,1.0,857.8981,844.20605,1.0,840.1656,854.0278,1.0,923.87115,818.3389,1.0,894.0512,834.0012,1.0,876.10516,843.93024,1.0,861.63794,851.65375,1.0,718.4271,734.2066,1.0,737.7872,731.3255,1.0,749.9968,736.0624,1.0,752.13635,736.6151,1.0,747.54193,735.7362,1.0,720.98584,781.24884,1.0,722.49475,811.6461,1.0,718.25085,833.2711,1.0,712.58405,850.51624,1.0,713.9263,788.809,1.0,717.9879,825.1394,1.0,716.18243,851.5954,1.0,711.73846,871.2921,1.0,711.6364,792.872,1.0,715.56775,825.14844,1.0,715.0455,848.1061,1.0,711.2213,866.31,1.0,714.1199,794.4058,1.0,716.39825,819.1548,1.0,715.4311,835.96063,1.0,712.24194,850.01917,1.0
904.7621,272.07166,1.0,906.31165,284.44836,1.0,907.99646,297.69443,1.0,914.43494,319.90955,1.0,921.4712,334.0459,1.0,932.6891,349.30563,1.0,941.31836,357.175,1.0,959.41547,367.64273,1.0,986.6753,371.5921,1.0,1012.9291,364.7002,1.0,1028.4199,352.24298,1.0,1035.1102,343.37933,1.0,1043.4058,326.93747,1.0,1051.0989,304.20444,1.0,1053.3297,289.42044,1.0,1053.8009,276.1513,1.0,1053.4888,263.97626,1.0,918.91174,253.05653,1.0,924.5393,246.38852,1.0,933.7504,241.51912,1.0,947.776,239.5483,1.0,964.5054,240.13351,1.0,996.9629,238.42435,1.0,1012.4759,236.13712,1.0,1025.4583,236.62833,1.0,1034.8043,240.51727,1.0,1040.403,246.27838,1.0,982.5906,265.23874,1.0,983.7732,278.5015,1.0,984.4034,287.1463,1.0,985.05524,294.11548,1.0,973.0202,305.6326,1.0,977.22186,308.01752,1.0,985.158,307.36554,1.0,992.3403,307.2241,1.0,995.8666,304.2912,1.0,933.03546,265.25833,1.0,940.087,260.36356,1.0,951.43896,259.20975,1.0,962.7289,265.0974,1.0,953.453,267.10468,1.0,943.0126,267.9369,1.0,998.53644,263.95663,1.0,1009.3542,256.46085,1.0,1020.71564,256.4233,1.0,1027.0852,260.92087,1.0,1018.15173,264.66446,1.0,1007.95593,264.906,1.0,961.9127,336.78067,1.0,970.8024,324.5427,1.0,978.26215,320.31403,1.0,986.00305,320.9308,1.0,993.68164,319.7048,1.0,1001.2898,323.433,1.0,1008.53595,336.00888,1.0,1005.9531,342.01746,1.0,994.3084,348.03574,1.0,985.32416,349.1109,1.0,976.9657,348.90305,1.0,964.76776,343.3854,1.0,964.9051,336.38998,1.0,980.7267,329.4562,1.0,986.1657,329.0814,1.0,992.0705,329.17654,1.0,1005.63763,335.71677,1.0,991.1557,338.33386,1.0,984.9921,338.63565,1.0,979.02264,338.63977,1.0,948.195,263.05566,1.0,1013.9276,259.99857,1.0,977.20026,303.63,0.99683684,981.3664,434.74982,0.99922585,828.73425,429.72668,0.99922585,748.0957,635.7766,0.8735165,729.0628,707.7246,0.9223414,1133.9985,439.77295,0.99974066,1185.8413,683.0015,0.9713339,994.2494,751.8204,0.945975,973.3069,930.3734,0.98624367,874.45654,934.39966,0.98624367,879.80963,1234.4326,0.0805063,869.93445,1585.5312,0.017782697,1072.1572,926.34717,0.98703784,1063.0717,1269.9778,0.07987858,1035.5146,1586.3706,0.0132102175,946.9163,266.83356,0.99435204,1010.31805,267.99835,0.9890428,918.4569,271.65955,0.9863926,1032.2106,273.81003,0.9945351,988.22546,1690.7311,0.011224206,988.22546,1690.7311,0.011224206,1037.1792,1623.416,0.011426726,892.0047,1693.0652,0.009072696,892.0047,1693.0652,0.009072696,869.5333,1630.2656,0.011933435,966.83716,765.88916,1.0,942.367,737.3114,1.0,912.4715,734.4687,1.0,886.9077,743.3028,1.0,865.7966,746.4575,1.0,895.0255,779.2632,1.0,860.3061,801.8676,1.0,840.5644,815.5296,1.0,825.8949,827.35547,1.0,901.2009,799.88965,1.0,863.37836,822.5747,1.0,839.69653,836.4222,1.0,821.67975,847.78015,1.0,907.24603,812.5207,1.0,872.31915,831.6022,1.0,851.36066,843.1852,1.0,834.51843,853.01996,1.0,912.7691,819.118,1.0,884.56287,834.1698,1.0,868.0553,843.6227,1.0,854.88855,851.32874,1.0,706.3261,724.3525,1.0,721.22437,719.63916,1.0,730.2629,722.95795,1.0,734.3906,723.2121,1.0,731.2741,722.0641,1.0,700.75574,766.50555,1.0,698.9293,794.4405,1.0,691.67126,813.9667,1.0,683.6464,830.41785,1.0,695.0026,775.39417,1.0,695.073,808.75793,1.0,689.5261,833.2765,1.0,682.9063,852.78894,1.0,693.51904,780.5086,1.0,692.23804,811.6643,1.0,688.7233,832.50995,1.0,683.11487,849.4021,1.0,695.2189,783.95984,1.0,693.0409,807.25165,1.0,689.8505,822.83185,1.0,684.7893,836.0127,1.0
904.8941,272.493,1.0,906.5295,284.90292,1.0,908.27466,298.20056,1.0,914.762,320.4381,1.0,921.7614,334.54028,1.0,932.861,349.77573,1.0,941.4508,357.60452,1.0,959.4401,368.01834,1.0,986.5534,371.9189,1.0,1012.67426,365.05884,1.0,1028.1274,352.57504,1.0,1034.7563,343.6779,1.0,1042.9688,327.21118,1.0,1050.6012,304.50803,1.0,1052.8342,289.73907,1.0,1053.3005,276.4848,1.0,1053.0762,264.33856,1.0,919.1652,253.38689,1.0,924.89075,246.67416,1.0,934.15106,241.76097,1.0,948.1786,239.79929,1.0,964.8104,240.41206,1.0,997.08545,238.83348,1.0,1012.534,236.59962,1.0,1025.3901,237.12187,1.0,1034.6901,241.03093,1.0,1040.2286,246.76918,1.0,982.63153,265.6183,1.0,983.73517,279.02533,1.0,984.36865,287.7561,1.0,984.9554,294.78656,1.0,972.78937,306.2088,1.0,977.01605,308.63483,1.0,984.9679,308.02533,1.0,992.161,307.89365,1.0,995.74945,304.9599,1.0,932.935,265.6199,1.0,940.1057,260.6924,1.0,951.5259,259.55127,1.0,962.7433,265.4816,1.0,953.56793,267.47546,1.0,943.08673,268.31137,1.0,998.44775,264.53967,1.0,1009.3031,257.0316,1.0,1020.7314,257.0408,1.0,1027.0986,261.5863,1.0,1018.0435,265.3096,1.0,1007.783,265.52255,1.0,961.7706,337.12173,1.0,970.5987,325.01126,1.0,978.0602,320.81982,1.0,985.8126,321.48065,1.0,993.5041,320.23108,1.0,1001.112,323.97534,1.0,1008.5708,336.5729,1.0,1005.9116,342.49088,1.0,994.13135,348.43982,1.0,985.1788,349.50272,1.0,976.8787,349.2484,1.0,964.7038,343.705,1.0,964.7926,336.73395,1.0,980.59875,330.0086,1.0,985.9988,329.64212,1.0,991.91394,329.77808,1.0,1005.6691,336.27634,1.0,991.0475,338.65292,1.0,984.82385,338.9156,1.0,978.9417,338.9086,1.0,948.1443,263.38562,1.0,1013.7282,260.58508,1.0,977.1903,303.73724,0.99677664,981.404,434.80286,0.9992283,828.92664,429.5918,0.9992283,747.87976,633.31085,0.8616744,719.14777,702.0536,0.9164349,1133.8813,440.0139,0.9997417,1180.462,683.91174,0.97161466,996.0043,752.1658,0.9460372,973.9285,929.3483,0.986554,875.73,932.98755,0.986554,879.6815,1233.9058,0.08375477,869.77094,1584.6235,0.018145405,1072.1271,925.70917,0.9872647,1062.9296,1268.4664,0.08222932,1035.43,1583.4695,0.013290152,947.1188,267.10703,0.99423444,1010.3095,268.3734,0.9889238,918.60425,271.92474,0.9860554,1032.2075,274.3812,0.99450856,985.2577,1690.1841,0.011257052,985.2577,1690.1841,0.011257052,1037.2915,1619.6924,0.011203709,892.4083,1692.795,0.0092556635,892.4083,1692.795,0.0092556635,869.1971,1628.9072,0.011882053,971.8856,762.9195,1.0,947.735,734.6761,1.0,918.6504,731.7328,1.0,893.8417,742.06696,1.0,873.0594,744.0019,1.0,901.83813,776.93896,1.0,869.8144,799.7865,1.0,850.4984,813.6616,1.0,835.8204,825.496,1.0,907.62463,797.81934,1.0,871.3112,820.27026,1.0,848.0232,834.3254,1.0,830.1269,845.9726,1.0,912.6114,810.6042,1.0,878.515,829.0487,1.0,857.3147,840.25775,1.0,840.24536,850.1121,1.0,917.2731,817.7687,1.0,888.48596,831.7972,1.0,871.3134,840.2388,1.0,857.395,846.80206,1.0,694.9488,707.9845,1.0,709.4107,708.10254,1.0,718.6207,710.644,1.0,721.8844,704.315,1.0,718.74756,694.2705,1.0,689.5594,747.6611,1.0,687.4517,772.3753,1.0,679.9067,789.4714,1.0,670.68677,802.9994,1.0,683.04456,757.58826,1.0,683.2479,789.17145,1.0,676.4312,811.25446,1.0,668.34283,828.8679,1.0,680.0338,763.7503,1.0,679.4374,793.3659,1.0,674.1504,812.7828,1.0,667.35016,828.91064,1.0,680.05115,766.86975,1.0,679.5704,789.51184,1.0,675.93335,804.0734,1.0,670.4497,815.9064,1.0
905.0261,272.91437,1.0,906.74725,285.35745,1.0,908.55286,298.7067,1.0,915.0891,320.9667,1.0,922.05164,335.03467,1.0,933.03296,350.24582,1.0,941.58325,358.03406,1.0,959.46484,368.39395,1.0,986.4315,372.24576,1.0,1012.4195,365.41748,1.0,1027.835,352.9071,1.0,1034.4023,343.97647,1.0,1042.5317,327.4849,1.0,1050.1035,304.81165,1.0,1052.3389,290.05774,1.0,1052.8002,276.8183,1.0,1052.6636,264.70087,1.0,919.41864,253.71722,1.0,925.2422,246.95981,1.0,934.5517,242.00282,1.0,948.5812,240.05026,1.0,965.1155,240.69061,1.0,997.20807,239.24261,1.0,1012.59216,237.06212,1.0,1025.3221,237.6154,1.0,1034.5757,241.54459,1.0,1040.0543,247.25998,1.0,982.6724,265.9978,1.0,983.6972,279.54916,1.0,984.334,288.36588,1.0,984.85547,295.45764,1.0,972.5586,306.785,1.0,976.81024,309.2521,1.0,984.7777,308.68512,1.0,991.98175,308.56317,1.0,995.6323,305.6286,1.0,932.8345,265.98145,1.0,940.12445,261.02127,1.0,951.61273,259.89276,1.0,962.75775,265.86578,1.0,953.6828,267.84628,1.0,943.1608,268.68585,1.0,998.3591,265.12274,1.0,1009.25195,257.60236,1.0,1020.7471,257.6583,1.0,1027.112,262.25174,1.0,1017.9353,265.95477,1.0,1007.6101,266.1391,1.0,961.6286,337.46283,1.0,970.39496,325.4798,1.0,977.8583,321.3256,1.0,985.62225,322.03052,1.0,993.32654,320.75735,1.0,1000.9342,324.5177,1.0,1008.60565,337.13693,1.0,1005.8702,342.9643,1.0,993.9543,348.84387,1.0,985.0334,349.8945,1.0,976.7918,349.59378,1.0,964.63983,344.02457,1.0,964.6801,337.0779,1.0,980.47076,330.56097,1.0,985.83185,330.20288,1.0,991.75745,330.3796,1.0,1005.7006,336.8359,1.0,990.9392,338.972,1.0,984.6556,339.19553,1.0,978.86084,339.17746,1.0,948.09357,263.7156,1.0,1013.5289,261.1716,1.0,977.2196,304.5089,0.99683475,981.4402,434.73016,0.99924886,829.2952,429.18158,0.99924886,747.77264,625.7249,0.84793556,718.8213,678.9612,0.91723293,1133.5851,440.27872,0.99974483,1178.2887,684.0971,0.97104317,1003.84985,749.0279,0.9463817,974.2195,929.2841,0.98657125,876.29584,932.9275,0.98657125,879.1838,1234.0253,0.084104516,869.0208,1584.0975,0.018280251,1072.1432,925.6408,0.98716927,1062.7773,1268.5282,0.0828097,1034.3728,1583.453,0.013497671,947.1713,268.28687,0.9943624,1010.3041,269.0717,0.9891467,918.8072,272.6989,0.98635113,1032.0989,275.07214,0.9946329,982.2409,1690.7386,0.011548584,982.2409,1690.7386,0.011548584,1036.5063,1619.9814,0.011199141,892.4576,1692.6241,0.009343138,892.4576,1692.6241,0.009343138,868.08295,1628.7211,0.011844662,986.2645,758.8962,1.0,961.7322,730.11346,1.0,934.3544,728.13837,1.0,911.7496,738.363,1.0,894.75836,743.1167,1.0,926.2622,770.2274,1.0,894.7716,795.4163,1.0,874.4023,810.87616,1.0,858.43274,824.30945,1.0,932.4371,791.70996,1.0,895.402,816.53894,1.0,871.0817,832.42004,1.0,852.56995,845.5561,1.0,936.4979,805.06995,1.0,902.346,825.89294,1.0,880.8308,838.82196,1.0,863.65625,849.53735,1.0,940.13617,812.48755,1.0,912.09845,829.10547,1.0,893.91315,839.7567,1.0,879.51776,847.8955,1.0,692.9014,693.2976,1.0,703.5074,685.12933,1.0,709.2054,684.76886,1.0,710.5196,685.2869,1.0,710.5139,683.85406,1.0,693.7915,724.1136,1.0,692.548,745.63617,1.0,685.0679,762.60693,1.0,676.01227,776.08203,1.0,686.40204,737.5258,1.0,684.96606,767.42926,1.0,677.51196,787.9298,1.0,669.04584,803.90625,1.0,681.5165,746.9354,1.0,679.0553,774.07367,1.0,673.4872,792.0834,1.0,666.4958,806.4118,1.0,679.4994,752.92053,1.0,677.0149,773.1157,1.0,672.73145,786.1857,1.0,667.1658,796.6525,1.0
905.1582,273.33572,1.0,906.9651,285.812,1.0,908.831,299.21283,1.0,915.4162,321.4953,1.0,922.34186,335.52905,1.0,933.2049,350.7159,1.0,941.7157,358.4636,1.0,959.48956,368.76956,1.0,986.30963,372.57257,1.0,1012.1647,365.77612,1.0,1027.5425,353.23914,1.0,1034.0485,344.27502,1.0,1042.0947,327.7586,1.0,1049.6058,305.11523,1.0,1051.8434,290.37637,1.0,1052.2998,277.1518,1.0,1052.2509,265.06317,1.0,919.67206,254.04758,1.0,925.5936,247.24545,1.0,934.95233,242.24467,1.0,948.98376,240.30125,1.0,965.4206,240.96918,1.0,997.3306,239.65175,1.0,1012.6503,237.52463,1.0,1025.254,238.10895,1.0,1034.4614,242.05824,1.0,1039.88,247.75078,1.0,982.7134,266.37732,1.0,983.6592,280.073,1.0,984.2993,288.97568,1.0,984.7556,296.1287,1.0,972.3278,307.36118,1.0,976.60443,309.8694,1.0,984.5875,309.34488,1.0,991.8025,309.2327,1.0,995.5152,306.29727,1.0,932.734,266.343,1.0,940.1432,261.35016,1.0,951.69965,260.23428,1.0,962.77216,266.25,1.0,953.7977,268.21707,1.0,943.235,269.06033,1.0,998.2703,265.70578,1.0,1009.2008,258.1731,1.0,1020.76276,258.2758,1.0,1027.1255,262.91718,1.0,1017.82715,266.5999,1.0,1007.4372,266.75565,1.0,961.4865,337.8039,1.0,970.1912,325.94836,1.0,977.6564,321.8314,1.0,985.4318,322.5804,1.0,993.149,321.28363,1.0,1000.7565,325.06003,1.0,1008.6405,337.70096,1.0,1005.8287,343.4377,1.0,993.7772,349.24792,1.0,984.888,350.28632,1.0,976.70483,349.93915,1.0,964.57587,344.34415,1.0,964.5676,337.42188,1.0,980.34283,331.11337,1.0,985.6649,330.76364,1.0,991.6009,330.98114,1.0,1005.7322,337.39545,1.0,990.831,339.29105,1.0,984.4873,339.47543,1.0,978.77997,339.4463,1.0,948.0428,264.04556,1.0,1013.32947,261.75812,1.0,977.2088,305.0328,0.9969696,981.1108,434.82037,0.99926674,829.29486,429.149,0.99926674,746.25336,625.3611,0.8373655,721.7219,672.89636,0.91795117,1132.9268,440.49173,0.99975294,1178.4569,682.6272,0.9715197,1010.625,744.51794,0.94863504,974.3846,929.19867,0.9863598,876.6497,932.97345,0.9863598,879.0827,1233.4226,0.08766572,869.1547,1583.212,0.019087762,1072.1195,925.4238,0.9869738,1064.0383,1268.5627,0.08600521,1034.5448,1582.1741,0.013991925,947.22296,268.6258,0.99462104,1010.31683,269.396,0.98967654,918.96014,272.84576,0.98695534,1032.0908,275.4307,0.99491054,982.6665,1689.234,0.012091725,982.6665,1689.234,0.012091725,1037.043,1618.6478,0.011381276,895.717,1690.9783,0.00975165,895.717,1690.9783,0.00975165,867.99243,1628.1255,0.01197739,1014.3551,757.77344,1.0,993.10785,727.55756,1.0,968.5225,725.76666,1.0,947.5519,735.71313,1.0,929.6957,740.44965,1.0,961.5479,767.48553,1.0,933.8629,794.0538,1.0,914.6699,809.81665,1.0,899.3298,823.7422,1.0,966.86426,789.2864,1.0,933.07794,816.27747,1.0,909.85156,832.4636,1.0,892.33405,845.83026,1.0,969.31323,802.37305,1.0,938.23,824.7662,1.0,917.76526,838.5269,1.0,901.4291,850.32855,1.0,970.41754,809.1911,1.0,945.03314,827.52985,1.0,927.657,838.95557,1.0,914.0862,847.36475,1.0,698.05347,685.1925,1.0,720.35034,674.1493,1.0,735.8685,671.56683,1.0,743.7514,671.2828,1.0,749.47534,670.39264,1.0,713.31793,706.3429,1.0,715.2675,726.5182,1.0,709.47644,742.6708,1.0,701.5229,755.5586,1.0,701.69073,722.4844,1.0,703.3258,751.1127,1.0,698.78296,770.35364,1.0,691.67566,784.6855,1.0,694.4436,734.0088,1.0,695.1981,759.9114,1.0,692.95215,776.4414,1.0,688.0771,789.30444,1.0,691.3163,741.29785,1.0,691.277,761.15076,1.0,689.5058,773.4191,1.0,685.67255,783.2183,1.0
902.37714,273.3847,1.0,904.07776,285.93716,1.0,905.83185,299.40656,1.0,912.47107,321.81863,1.0,919.5156,335.93637,1.0,930.5536,351.22815,1.0,939.10187,359.073,1.0,956.91986,369.6603,1.0,983.7588,373.67545,1.0,1009.6998,366.7853,1.0,1024.9951,354.04044,1.0,1031.467,345.01004,1.0,1039.5433,328.47534,1.0,1047.167,305.81885,1.0,1049.3674,291.04694,1.0,1049.9067,277.74597,1.0,1049.9279,265.5572,1.0,917.49475,254.07463,1.0,923.5657,247.29645,1.0,933.04816,242.37218,1.0,947.08203,240.54184,1.0,963.42816,241.30641,1.0,995.13184,240.0211,1.0,1010.3112,237.84488,1.0,1022.88043,238.37927,1.0,1032.1492,242.2907,1.0,1037.5873,248.05243,1.0,980.62396,266.615,1.0,981.6151,280.2591,1.0,982.3035,289.1304,1.0,982.76776,296.25244,1.0,970.078,307.49554,1.0,974.4556,310.03763,1.0,982.4677,309.49667,1.0,989.7545,309.43573,1.0,993.6173,306.44623,1.0,930.5879,266.54028,1.0,938.05334,261.63663,1.0,949.4827,260.59573,1.0,960.52136,266.55045,1.0,951.5472,268.49414,1.0,941.00134,269.31512,1.0,996.1602,265.94815,1.0,1007.051,258.57605,1.0,1018.42474,258.66638,1.0,1024.8142,263.20227,1.0,1015.55023,266.8262,1.0,1005.25867,266.9853,1.0,959.1098,338.30072,1.0,967.82,326.39017,1.0,975.4071,322.2859,1.0,983.2054,323.09702,1.0,991.00287,321.7746,1.0,998.6094,325.54172,1.0,1006.1456,338.2326,1.0,1003.4809,344.2135,1.0,991.4886,350.27774,1.0,982.4613,351.37064,1.0,974.15173,350.9997,1.0,961.978,345.11737,1.0,962.2244,337.95648,1.0,978.02124,331.76578,1.0,983.34875,331.46115,1.0,989.2898,331.664,1.0,1003.1615,337.9176,1.0,988.4119,339.98636,1.0,982.10803,340.22055,1.0,976.36896,340.1422,1.0,945.6426,264.38678,1.0,1011.19336,262.08963,1.0,977.03845,305.2971,0.9970552,980.1186,434.82098,0.99930394,827.277,429.16266,0.99930394,743.21893,626.2053,0.8439584,727.131,668.7517,0.9251152,1132.9602,440.4793,0.99975777,1179.1771,681.5776,0.9723769,1051.1283,738.2042,0.95193106,974.7037,929.76337,0.98639643,876.5828,934.0873,0.98639643,876.7931,1233.4751,0.09091203,869.14923,1582.3616,0.020017197,1072.8246,925.4394,0.98683167,1064.1766,1268.7034,0.08961508,1038.2744,1581.7717,0.014729621,947.1269,268.67908,0.99483037,1010.23,269.7371,0.989994,918.7449,272.9006,0.9875879,1031.9674,275.78973,0.99509215,985.58234,1689.3281,0.012850693,985.58234,1689.3281,0.012850693,1042.9191,1618.199,0.011756221,895.701,1689.4412,0.010177441,895.701,1689.4412,0.010177441,868.4491,1627.453,0.012426269,1045.7028,764.1815,1.0,1027.5698,734.38214,1.0,1008.854,727.63696,1.0,992.25586,732.5186,1.0,978.6913,739.5986,1.0,1002.3,770.89294,1.0,980.8668,794.3064,1.0,966.1751,810.6824,1.0,953.7952,825.3907,1.0,1009.0354,790.5377,1.0,982.36395,816.81256,1.0,963.05707,834.82275,1.0,947.9692,849.74384,1.0,1012.8602,802.3975,1.0,987.5697,824.8316,1.0,971.3695,839.9077,1.0,956.30164,852.6641,1.0,1015.2827,808.52264,1.0,995.357,826.9094,1.0,980.8874,838.2907,1.0,968.2188,846.52136,1.0,720.5919,692.97064,1.0,734.5132,675.4455,1.0,745.90735,666.10236,1.0,750.81903,662.74866,1.0,756.0043,662.9109,1.0,743.2383,697.10834,1.0,752.8943,714.8172,1.0,751.9573,730.50183,1.0,746.7377,743.1022,1.0,732.63324,714.6198,1.0,744.4815,737.6495,1.0,745.2073,754.61176,1.0,742.1328,766.4638,1.0,724.72473,727.38525,1.0,734.15924,749.4693,1.0,736.2599,765.1533,1.0,735.04724,776.9484,1.0,720.6275,735.3523,1.0,727.1358,754.36127,1.0,729.05316,767.21857,1.0,728.29205,777.10876,1.0
899.596,273.43372,1.0,901.19037,286.06235,1.0,902.83264,299.60028,1.0,909.526,322.14194,1.0,916.68933,336.3437,1.0,927.9023,351.74042,1.0,936.488,359.6824,1.0,954.3501,370.5511,1.0,981.20795,374.77832,1.0,1007.2349,367.7945,1.0,1022.4478,354.84174,1.0,1028.8857,345.74503,1.0,1036.9918,329.19205,1.0,1044.7281,306.52246,1.0,1046.8914,291.71747,1.0,1047.5137,278.34012,1.0,1047.6047,266.05118,1.0,915.31744,254.10167,1.0,921.5377,247.34746,1.0,931.144,242.49966,1.0,945.1803,240.78242,1.0,961.4358,241.64365,1.0,992.93304,240.39044,1.0,1007.9721,238.16512,1.0,1020.50684,238.6496,1.0,1029.8369,242.52315,1.0,1035.2944,248.35406,1.0,978.5346,266.8527,1.0,979.571,280.4452,1.0,980.30774,289.28513,1.0,980.7799,296.3762,1.0,967.8282,307.6299,1.0,972.3068,310.20584,1.0,980.3479,309.64847,1.0,987.70654,309.63876,1.0,991.7195,306.59515,1.0,928.4418,266.73758,1.0,935.9635,261.92313,1.0,947.2658,260.95718,1.0,958.27057,266.8509,1.0,949.29663,268.7712,1.0,938.76776,269.56995,1.0,994.05005,266.19055,1.0,1004.90125,258.979,1.0,1016.08673,259.05695,1.0,1022.503,263.4874,1.0,1013.2734,267.0525,1.0,1003.08014,267.21497,1.0,956.7331,338.79758,1.0,965.4487,326.83194,1.0,973.1579,322.74042,1.0,980.97894,323.61365,1.0,988.8568,322.26556,1.0,996.4623,326.0234,1.0,1003.6507,338.76428,1.0,1001.1332,344.98932,1.0,989.19995,351.30753,1.0,980.0346,352.45496,1.0,971.5986,352.06024,1.0,959.38025,345.8906,1.0,959.8812,338.49112,1.0,975.6997,332.4182,1.0,981.03265,332.15863,1.0,986.97864,332.34683,1.0,1000.5909,338.43973,1.0,985.99286,340.6817,1.0,979.7288,340.96567,1.0,973.958,340.83813,1.0,943.2424,264.72797,1.0,1009.05725,262.42117,1.0,976.6426,305.28198,0.9969314,979.8733,435.4234,0.9993045,826.7255,430.35107,0.9993045,742.71014,630.12885,0.8521394,751.8936,669.70105,0.930976,1133.021,440.49573,0.9997524,1181.7394,680.8424,0.973749,1103.6597,729.6553,0.95547545,974.9047,932.7248,0.986716,876.60095,936.60925,0.986716,877.1701,1233.203,0.09606786,869.6706,1580.614,0.02124991,1073.2085,928.8404,0.98707914,1070.7286,1273.9167,0.09304304,1049.3552,1582.1935,0.015217277,946.8763,268.6006,0.99467283,1009.92773,269.7622,0.9897075,917.7942,272.94418,0.98740643,1031.9622,275.97568,0.9949941,1000.1023,1690.9884,0.013212242,1000.1023,1690.9884,0.013212242,1053.3048,1618.4727,0.011992388,899.0813,1686.7124,0.010638238,899.0813,1686.7124,0.010638238,868.62775,1626.0963,0.012881641,1103.3998,747.8464,1.0,1084.7351,722.7302,1.0,1065.5974,717.31256,1.0,1052.5781,723.4739,1.0,1045.0912,731.9195,1.0,1065.1792,762.23956,1.0,1050.4429,787.89624,1.0,1040.1041,806.0864,1.0,1031.9856,821.92065,1.0,1071.8721,779.8192,1.0,1052.9314,807.7699,1.0,1038.0171,827.7388,1.0,1026.7045,844.5671,1.0,1074.6057,790.2058,1.0,1056.2842,814.7993,1.0,1043.0076,831.4935,1.0,1030.7715,846.0927,1.0,1075.8846,795.56244,1.0,1060.555,815.4397,1.0,1048.9009,829.38025,1.0,1038.9309,840.2535,1.0,773.86523,702.3172,1.0,789.22485,686.1019,1.0,801.8602,679.4874,1.0,808.66113,679.70166,1.0,812.09753,682.85394,1.0,795.9613,695.15216,1.0,809.1286,712.4327,1.0,812.00745,725.94135,1.0,810.13885,736.8465,1.0,785.3567,712.0095,1.0,801.58215,735.6823,1.0,807.3107,749.32385,1.0,807.66034,757.33496,1.0,777.5379,726.8257,1.0,792.73816,749.7974,1.0,800.7678,761.1209,1.0,803.42175,767.5584,1.0,772.8978,738.26764,1.0,785.3896,756.703,1.0,792.4807,766.09186,1.0,795.3221,771.1927,1.0
896.81494,273.4827,1.0,898.30304,286.18753,1.0,899.83344,299.794,1.0,906.5809,322.46527,1.0,913.8631,336.751,1.0,925.251,352.25266,1.0,933.8741,360.2918,1.0,951.7804,371.44186,1.0,978.6571,375.8812,1.0,1004.7701,368.80368,1.0,1019.90045,355.64304,1.0,1026.3043,346.48004,1.0,1034.4403,329.90878,1.0,1042.2893,307.22604,1.0,1044.4153,292.38803,1.0,1045.1206,278.93427,1.0,1045.2816,266.5452,1.0,913.14014,254.12872,1.0,919.5097,247.39847,1.0,929.2398,242.62715,1.0,943.2786,241.02301,1.0,959.4434,241.98088,1.0,990.73425,240.75978,1.0,1005.633,238.48537,1.0,1018.13324,238.91992,1.0,1027.5247,242.7556,1.0,1033.0017,248.65572,1.0,976.44525,267.0904,1.0,977.52686,280.63126,1.0,978.31195,289.43985,1.0,978.79205,296.49994,1.0,965.5783,307.76425,1.0,970.15796,310.37405,1.0,978.2281,309.80023,1.0,985.6585,309.84183,1.0,989.8216,306.7441,1.0,926.29565,266.9349,1.0,933.8737,262.20963,1.0,945.0488,261.31863,1.0,956.0198,267.15134,1.0,947.0461,269.04825,1.0,936.5341,269.82477,1.0,991.9399,266.43292,1.0,1002.75146,259.38196,1.0,1013.7487,259.44754,1.0,1020.1918,263.77252,1.0,1010.9965,267.27878,1.0,1000.9016,267.44464,1.0,954.3564,339.2944,1.0,963.07745,327.27374,1.0,970.9086,323.19492,1.0,978.7525,324.13028,1.0,986.7107,322.75653,1.0,994.31525,326.50507,1.0,1001.1558,339.29593,1.0,998.7854,345.76514,1.0,986.9113,352.33734,1.0,977.6079,353.5393,1.0,969.0455,353.1208,1.0,956.7824,346.66382,1.0,957.53796,339.02576,1.0,973.3781,333.07065,1.0,978.71655,332.85614,1.0,984.6675,333.02966,1.0,998.0202,338.96185,1.0,983.5738,341.37704,1.0,977.34955,341.7108,1.0,971.54706,341.53406,1.0,940.84216,265.06918,1.0,1006.92114,262.75272,1.0,975.2505,305.94662,0.9968558,979.61066,435.21036,0.9992888,826.271,431.21893,0.9992888,742.7336,637.51575,0.8587001,790.5394,670.9968,0.93522775,1132.9503,439.20178,0.9997502,1187.4144,664.90857,0.9742001,1166.3638,704.2401,0.9582622,974.9109,933.1323,0.98684824,876.57776,936.92865,0.98684824,879.70074,1232.9958,0.09840189,869.8112,1579.7327,0.02124959,1073.244,929.336,0.9872424,1077.9689,1273.8558,0.09234032,1051.4415,1582.5918,0.015118254,945.40594,268.96204,0.99454916,1008.91547,269.92172,0.98961663,917.0303,273.36716,0.98715854,1031.1453,276.09955,0.99491495,1003.61426,1692.0791,0.013032979,1003.61426,1692.0791,0.013032979,1053.8442,1619.1191,0.011798386,900.60175,1686.1256,0.010568056,900.60175,1686.1256,0.010568056,868.56226,1624.8594,0.012827087,1161.0967,731.5113,1.0,1141.9004,711.0783,1.0,1122.3407,706.9881,1.0,1112.9004,714.42914,1.0,1111.4911,724.2405,1.0,1128.0585,753.5862,1.0,1120.0189,781.4861,1.0,1114.0332,801.49054,1.0,1110.1759,818.45056,1.0,1134.7087,769.1007,1.0,1123.4988,798.7273,1.0,1112.977,820.65485,1.0,1105.4397,839.39026,1.0,1136.3513,778.0141,1.0,1124.9987,804.767,1.0,1114.6458,823.07935,1.0,1105.2413,839.52136,1.0,1136.4865,782.6022,1.0,1125.753,803.9699,1.0,1116.9144,820.46985,1.0,1109.6431,833.9856,1.0,827.13855,711.6637,1.0,843.9366,696.75836,1.0,857.81305,692.8725,1.0,866.50323,696.6547,1.0,868.1908,702.797,1.0,848.6843,693.1959,1.0,865.363,710.04816,1.0,872.0576,721.3808,1.0,873.54,730.5909,1.0,838.08014,709.3993,1.0,858.6828,733.71515,1.0,869.41425,744.0359,1.0,873.1878,748.2061,1.0,830.351,726.26605,1.0,851.317,750.12555,1.0,865.2758,757.0885,1.0,871.7962,758.16833,1.0,825.16815,741.18304,1.0,843.6434,759.0447,1.0,855.9083,764.96515,1.0,862.3521,765.2767,1.0
895.90625,273.98825,1.0,897.3747,286.57547,1.0,898.84985,300.05936,1.0,905.3395,322.64883,1.0,912.40375,336.9883,1.0,923.5478,352.70703,1.0,932.0947,360.84448,1.0,950.0264,372.19104,1.0,977.0783,376.81827,1.0,1003.2181,369.69916,1.0,1018.51526,356.4718,1.0,1024.9924,347.26822,1.0,1033.2814,330.59555,1.0,1041.3611,307.94482,1.0,1043.7054,293.2073,1.0,1044.6208,279.87064,1.0,1044.9335,267.58945,1.0,911.93744,255.15521,1.0,918.2545,248.49312,1.0,928.03394,243.79642,1.0,942.179,242.27155,1.0,958.60095,243.35367,1.0,990.3059,242.49309,1.0,1005.3869,240.29005,1.0,1018.0018,240.77475,1.0,1027.3383,244.58238,1.0,1032.7576,250.33815,1.0,975.60846,268.62784,1.0,976.5913,282.2165,1.0,977.31274,291.0422,1.0,977.7523,298.11172,1.0,964.5019,309.10324,1.0,968.97327,311.69043,1.0,977.0759,311.2306,1.0,984.4115,311.1496,1.0,988.44196,308.09436,1.0,925.3919,267.92328,1.0,932.93384,263.21967,1.0,944.1504,262.36334,1.0,955.1543,268.18903,1.0,946.1379,270.04108,1.0,935.60645,270.80362,1.0,990.9415,267.57724,1.0,1002.0177,260.5295,1.0,1013.04584,260.63943,1.0,1019.3486,264.9584,1.0,1010.11646,268.4088,1.0,1000.03125,268.55017,1.0,952.8372,340.34952,1.0,961.7988,328.31772,1.0,969.60925,324.30728,1.0,977.4669,325.18216,1.0,985.3947,323.86118,1.0,992.9076,327.59708,1.0,999.7455,340.41446,1.0,997.2619,346.93033,1.0,985.32874,353.36414,1.0,976.1145,354.5066,1.0,967.5356,354.07578,1.0,955.3285,347.68768,1.0,955.9786,340.06757,1.0,971.8903,333.74405,1.0,977.32056,333.49457,1.0,983.2823,333.66733,1.0,996.6815,340.09744,1.0,982.24615,342.77853,1.0,976.00616,343.07565,1.0,970.1191,342.90085,1.0,940.01965,266.03467,1.0,1006.12036,263.82135,1.0,973.45325,306.66745,0.99682593,979.3774,434.9583,0.9993055,826.2741,432.98236,0.9993055,745.5124,658.13324,0.86046183,824.50085,669.97076,0.93929964,1132.4807,436.93423,0.9997474,1195.0953,655.3181,0.97154737,1204.6372,682.114,0.95815575,975.33734,933.6664,0.98671305,877.1474,937.627,0.98671305,879.7581,1234.4113,0.09744373,869.79486,1579.8198,0.020574989,1073.5272,929.7057,0.9869275,1083.4258,1279.0652,0.0888981,1055.9097,1586.1086,0.014364153,944.1955,270.12122,0.9945882,1007.9914,271.03192,0.9896222,916.21454,273.79453,0.98726034,1030.6398,276.6251,0.9948392,1014.27545,1692.2549,0.012441824,1014.27545,1692.2549,0.012441824,1056.4402,1623.6548,0.011300943,904.7428,1683.7885,0.01024299,904.7428,1683.7885,0.01024299,868.0319,1625.8016,0.012398811,1177.2794,703.0805,1.0,1161.7227,689.0069,1.0,1152.2628,690.05817,1.0,1149.4763,703.5007,1.0,1151.3939,718.8303,1.0,1162.8096,713.63654,1.0,1163.1327,744.068,1.0,1161.3529,766.6353,1.0,1159.929,786.4651,1.0,1170.3553,727.63416,1.0,1165.4519,763.0698,1.0,1160.586,788.27527,1.0,1157.2671,809.9322,1.0,1173.2275,737.98114,1.0,1167.2948,771.29285,1.0,1161.6862,791.6721,1.0,1156.9691,809.5981,1.0,1174.1602,745.2171,1.0,1167.8096,771.2255,1.0,1161.9204,788.37854,1.0,1157.8325,802.8648,1.0,825.0166,705.8994,1.0,843.0313,700.4828,1.0,861.5079,700.8539,1.0,876.14764,701.55304,1.0,887.7533,700.6964,1.0,865.24396,711.34326,1.0,886.67804,719.5896,1.0,901.8123,726.1068,1.0,915.0426,730.8287,1.0,865.90796,716.44226,1.0,888.5011,729.51733,1.0,905.4319,737.55945,1.0,919.83923,744.3888,1.0,864.90045,719.704,1.0,885.5868,733.15845,1.0,902.5741,741.2629,1.0,916.2628,747.7142,1.0,862.51416,721.54675,1.0,879.09985,732.1516,1.0,891.39685,738.0561,1.0,901.8657,742.26013,1.0
894.9975,274.4938,1.0,896.4464,286.96344,1.0,897.86633,300.32468,1.0,904.09814,322.8324,1.0,910.9444,337.2256,1.0,921.84467,353.1614,1.0,930.3153,361.3972,1.0,948.27246,372.94022,1.0,975.4996,377.7553,1.0,1001.6661,370.5946,1.0,1017.13007,357.30057,1.0,1023.68054,348.0564,1.0,1032.1224,331.28232,1.0,1040.4327,308.6636,1.0,1042.9955,294.02658,1.0,1044.121,280.80704,1.0,1044.5852,268.6337,1.0,910.73474,256.1817,1.0,916.9993,249.58777,1.0,926.828,244.96568,1.0,941.0794,243.5201,1.0,957.75854,244.72644,1.0,989.8776,244.2264,1.0,1005.1408,242.09473,1.0,1017.87036,242.62956,1.0,1027.152,246.40918,1.0,1032.5134,252.02058,1.0,974.7717,270.16528,1.0,975.6558,283.80173,1.0,976.31354,292.64453,1.0,976.7126,299.7235,1.0,963.4254,310.44223,1.0,967.7885,313.00684,1.0,975.9238,312.66092,1.0,983.1645,312.4574,1.0,987.0623,309.4446,1.0,924.48816,268.91165,1.0,931.99396,264.22974,1.0,943.25195,263.40808,1.0,954.2888,269.2267,1.0,945.2297,271.03387,1.0,934.6787,271.78247,1.0,989.9432,268.72156,1.0,1001.28394,261.67706,1.0,1012.3429,261.83133,1.0,1018.5054,266.14426,1.0,1009.23645,269.53882,1.0,999.1609,269.65573,1.0,951.3181,341.40463,1.0,960.5202,329.36172,1.0,968.3099,325.41965,1.0,976.1814,326.23407,1.0,984.07874,324.96585,1.0,991.5,328.68906,1.0,998.3351,341.533,1.0,995.7384,348.09555,1.0,983.74615,354.39093,1.0,974.62115,355.47388,1.0,966.02563,355.03076,1.0,953.8745,348.71155,1.0,954.41925,341.10938,1.0,970.4025,334.41745,1.0,975.9246,334.13297,1.0,981.8971,334.305,1.0,995.34283,341.23303,1.0,980.91846,344.18005,1.0,974.66284,344.44052,1.0,968.69116,344.26764,1.0,939.1971,267.00015,1.0,1005.3196,264.89,1.0,971.22736,308.05704,0.99640876,979.50964,434.75803,0.9993108,826.8418,434.64706,0.9993108,753.4068,672.0841,0.8522974,861.926,667.9736,0.9402614,1132.1775,434.869,0.9997321,1200.1499,639.60767,0.95675385,1217.8718,672.02295,0.9450253,975.6235,934.0018,0.9858883,877.49677,937.96344,0.98595333,879.6865,1236.2328,0.09377455,870.54083,1580.7764,0.019488338,1073.7501,930.0401,0.9858883,1087.0981,1279.5706,0.08350296,1064.8268,1592.7164,0.013528097,941.8653,272.38916,0.99408454,1006.3551,272.90408,0.98859143,915.0816,274.83548,0.9863645,1029.4828,277.42587,0.99416375,1025.8708,1693.6094,0.01180977,1025.8708,1693.6094,0.01180977,1065.5996,1634.0153,0.010743873,909.8498,1683.5154,0.009776345,909.8498,1683.5154,0.009776345,868.2911,1627.9625,0.011820469,1193.462,674.6498,1.0,1181.5449,666.93555,1.0,1182.1848,673.1282,1.0,1186.0524,692.5722,1.0,1191.2968,713.4202,1.0,1197.5607,673.6868,1.0,1206.2466,706.64984,1.0,1208.6725,731.78015,1.0,1209.6819,754.4796,1.0,1206.0021,686.16754,1.0,1207.4049,727.4123,1.0,1208.1951,755.8957,1.0,1209.0944,780.47406,1.0,1210.1039,697.9482,1.0,1209.591,737.81866,1.0,1208.7266,760.26483,1.0,1208.697,779.67487,1.0,1211.834,707.83203,1.0,1209.8662,738.4811,1.0,1206.9263,756.2873,1.0,1206.022,771.7441,1.0,875.87604,667.847,1.0,898.6267,642.3133,1.0,924.2079,625.199,1.0,942.7714,611.74365,1.0,952.0241,594.7298,1.0,926.8373,650.77515,1.0,951.9614,668.8046,1.0,968.2595,683.3573,1.0,980.6077,695.5633,1.0,916.747,674.9247,1.0,949.1989,696.1453,1.0,969.5687,710.2662,1.0,983.8287,721.32886,1.0,908.8225,695.092,1.0,940.0007,714.0322,1.0,961.2545,726.64923,1.0,976.04553,735.88385,1.0,903.3968,710.6644,1.0,931.1856,726.8353,1.0,948.8039,736.2844,1.0,962.985,743.59955,1.0
894.0888,274.99933,1.0,895.5181,287.3514,1.0,896.8828,300.59003,1.0,902.85675,323.01596,1.0,909.48505,337.4629,1.0,920.1415,353.61578,1.0,928.53595,361.9499,1.0,946.5185,373.6894,1.0,973.92084,378.69238,1.0,1000.1141,371.49008,1.0,1015.7449,358.12933,1.0,1022.36865,348.8446,1.0,1030.9635,331.96906,1.0,1039.5045,309.3824,1.0,1042.2855,294.8459,1.0,1043.6212,281.7434,1.0,1044.237,269.67798,1.0,909.53204,257.2082,1.0,915.7441,250.6824,1.0,925.6221,246.13496,1.0,939.97986,244.76863,1.0,956.91614,246.09921,1.0,989.4493,245.95969,1.0,1004.8947,243.8994,1.0,1017.73895,244.48438,1.0,1026.9656,248.23596,1.0,1032.2693,253.70302,1.0,973.935,271.70273,1.0,974.72034,285.38696,1.0,975.31433,294.24686,1.0,975.67285,301.3353,1.0,962.34894,311.78122,1.0,966.60376,314.32324,1.0,974.77167,314.09125,1.0,981.9174,313.7652,1.0,985.68274,310.7949,1.0,923.5844,269.90002,1.0,931.05414,265.23978,1.0,942.3535,264.4528,1.0,953.4233,270.2644,1.0,944.3214,272.0267,1.0,933.75104,272.76132,1.0,988.9448,269.86588,1.0,1000.5501,262.82462,1.0,1011.63995,263.02322,1.0,1017.6622,267.33014,1.0,1008.3564,270.66885,1.0,998.2905,270.7613,1.0,949.79895,342.45975,1.0,959.2416,330.4057,1.0,967.0105,326.53198,1.0,974.8959,327.28595,1.0,982.76276,326.07053,1.0,990.09235,329.78104,1.0,996.9247,342.65152,1.0,994.2149,349.26077,1.0,982.16364,355.4177,1.0,973.1278,356.44116,1.0,964.51575,355.98575,1.0,952.4206,349.7354,1.0,952.85986,342.1512,1.0,968.91473,335.09085,1.0,974.5286,334.7714,1.0,980.51196,334.94266,1.0,994.00415,342.36865,1.0,979.5908,345.58154,1.0,973.31946,345.8054,1.0,967.26324,345.63443,1.0,938.3745,267.96564,1.0,1004.5188,265.95868,1.0,970.11304,309.69696,0.99585533,979.155,434.9084,0.99929035,826.8792,436.4545,0.99929035,764.871,673.812,0.84548306,884.9838,658.91736,0.94128555,1131.4308,433.36227,0.99971443,1201.9999,627.339,0.94738305,1225.7668,664.02985,0.9391254,976.02423,934.41876,0.98536867,877.9137,938.4119,0.9854819,879.0719,1240.3331,0.090584695,870.33344,1582.9373,0.018544741,1074.1348,930.4256,0.98536867,1089.9733,1280.2938,0.07848006,1067.6375,1596.4551,0.012780327,939.72424,274.61093,0.993364,1005.06995,274.5442,0.98722875,914.0983,275.99362,0.9850163,1028.1956,277.76923,0.9933301,1031.5806,1696.2908,0.011208533,1031.5806,1696.2908,0.011208533,1067.9626,1639.0846,0.010233677,910.5193,1683.5538,0.009330965,910.5193,1683.5538,0.009330965,867.5985,1631.0709,0.011284736,1209.6448,646.219,1.0,1201.3671,644.86414,1.0,1212.1068,656.19824,1.0,1222.6283,681.64374,1.0,1231.1997,708.0101,1.0,1232.3118,633.7372,1.0,1249.3604,669.23175,1.0,1255.9922,696.9249,1.0,1259.4349,722.49414,1.0,1241.6487,644.7009,1.0,1249.358,691.75476,1.0,1255.8041,723.5161,1.0,1260.9216,751.016,1.0,1246.9802,657.9153,1.0,1251.8871,704.3444,1.0,1255.767,728.85754,1.0,1260.4248,749.75165,1.0,1249.5077,670.44696,1.0,1251.9227,705.7367,1.0,1251.9323,724.196,1.0,1254.2114,740.62335,1.0,892.027,652.52045,1.0,917.0056,624.44885,1.0,943.7028,604.64606,1.0,962.697,587.59,1.0,972.5715,569.17004,1.0,946.30615,629.07794,1.0,975.68024,645.18866,1.0,993.5455,656.6762,1.0,1006.7317,666.6294,1.0,939.32324,653.992,1.0,972.7483,669.58966,1.0,993.3228,679.7154,1.0,1008.12994,687.95135,1.0,933.46735,675.2262,1.0,965.5807,690.43567,1.0,986.72723,698.88574,1.0,1002.5162,704.98474,1.0,928.849,692.47095,1.0,957.0872,705.2213,1.0,975.1167,712.0404,1.0,990.0425,717.3609,1.0
895.9317,275.41724,1.0,897.32074,287.7065,1.0,898.67773,300.88217,1.0,904.8019,323.24783,1.0,911.5638,337.7013,1.0,922.38434,353.8751,1.0,930.8778,362.2662,1.0,948.8853,373.97443,1.0,976.3355,378.91434,1.0,1002.47473,371.6995,1.0,1018.01855,358.36908,1.0,1024.6969,349.0959,1.0,1033.4312,332.20572,1.0,1042.0364,309.50693,1.0,1044.7198,294.93597,1.0,1045.8147,281.79907,1.0,1046.132,269.71512,1.0,910.956,257.872,1.0,916.94556,251.45564,1.0,926.623,246.98105,1.0,940.7898,245.58133,1.0,957.60016,246.78429,1.0,990.09753,246.41475,1.0,1005.60876,244.23085,1.0,1018.6112,244.6667,1.0,1028.015,248.28966,1.0,1033.5154,253.69379,1.0,975.0104,271.9837,1.0,975.87274,285.56924,1.0,976.4694,294.37564,1.0,976.8871,301.41022,1.0,964.1409,311.923,1.0,968.3175,314.43268,1.0,976.4012,314.13428,1.0,983.5411,313.8203,1.0,987.24896,310.85394,1.0,925.301,270.6666,1.0,932.547,266.13715,1.0,943.61865,265.25522,1.0,954.7369,270.84995,1.0,945.6758,272.6648,1.0,935.274,273.4196,1.0,990.2498,270.10397,1.0,1001.5747,263.22446,1.0,1012.5699,263.32504,1.0,1018.67554,267.38153,1.0,1009.54095,270.77017,1.0,999.4802,270.9321,1.0,952.4797,342.71777,1.0,961.3307,330.79306,1.0,968.89056,326.92972,1.0,976.6595,327.65726,1.0,984.4386,326.44577,1.0,991.74884,330.03714,1.0,998.79663,342.75726,1.0,996.0862,349.3834,1.0,984.2566,355.56955,1.0,975.3312,356.6402,1.0,966.8194,356.19156,1.0,954.9359,350.0292,1.0,955.48456,342.42664,1.0,970.89984,335.35803,1.0,976.4579,335.0461,1.0,982.3988,335.1855,1.0,995.8696,342.5234,1.0,981.5931,345.97217,1.0,975.40314,346.2309,1.0,969.4136,346.0917,1.0,939.9167,268.80542,1.0,1005.60614,266.30722,1.0,969.40955,310.96286,0.9952209,978.9033,434.27103,0.9992651,826.3711,437.14474,0.9992651,777.1016,675.0202,0.8218,893.0954,642.3055,0.93858606,1131.4354,431.39734,0.9996866,1202.0074,622.28656,0.9192944,1221.4127,637.5108,0.9089047,976.2536,934.4722,0.9841045,878.1189,938.4196,0.98456025,879.09705,1240.3092,0.0861468,870.30756,1583.8896,0.01762427,1074.3883,930.52484,0.9841045,1091.9849,1278.2312,0.073422186,1068.6866,1596.9104,0.0122062,938.6868,276.1099,0.99264807,1004.7715,276.2371,0.9855913,912.93494,277.12912,0.98372984,1028.0675,278.43253,0.992286,1032.7855,1696.5275,0.01079432,1032.7855,1696.5275,0.01079432,1068.5664,1640.4934,0.009879595,911.1159,1685.2751,0.008923953,911.1159,1685.2751,0.008923953,867.55414,1632.8729,0.010812688,1217.4102,661.90906,1.0,1225.9279,650.38324,1.0,1227.9917,639.7856,1.0,1224.1945,629.6319,1.0,1213.5109,616.89484,1.0,1225.913,638.06696,1.0,1230.5134,632.21246,1.0,1229.5084,623.2693,1.0,1227.4686,616.2419,1.0,1220.4165,656.914,1.0,1231.3715,669.2578,1.0,1239.407,678.89594,1.0,1246.9037,688.14557,1.0,1216.5552,673.6039,1.0,1227.7611,687.52,1.0,1237.2732,699.05743,1.0,1245.3057,709.91113,1.0,1213.8369,687.94916,1.0,1223.9861,700.43933,1.0,1232.1487,708.93915,1.0,1240.2152,716.9557,1.0,895.5151,631.66974,1.0,914.3766,602.33295,1.0,939.8053,578.7207,1.0,956.64496,559.49146,1.0,962.9275,538.7769,1.0,938.43005,601.0355,1.0,966.2537,608.7798,1.0,985.14026,616.9459,1.0,1000.19727,624.0168,1.0,934.5251,626.2767,1.0,966.79456,635.78,1.0,987.59845,642.85187,1.0,1003.2945,648.6165,1.0,931.5783,648.1792,1.0,963.32166,657.7422,1.0,984.86536,663.3119,1.0,1001.2097,666.9824,1.0,929.53406,665.88873,1.0,959.3164,674.64087,1.0,977.0627,679.1814,1.0,991.3407,682.6309,1.0
897.7746,275.83517,1.0,899.1234,288.06158,1.0,900.4726,301.17435,1.0,906.74695,323.4797,1.0,913.6425,337.93973,1.0,924.62714,354.13437,1.0,933.2197,362.58255,1.0,951.25214,374.2595,1.0,978.7502,379.13632,1.0,1004.83545,371.9089,1.0,1020.2923,358.60883,1.0,1027.0251,349.3472,1.0,1035.8988,332.44238,1.0,1044.5682,309.63147,1.0,1047.1542,295.02606,1.0,1048.0082,281.85477,1.0,1048.0267,269.7523,1.0,912.37994,258.53586,1.0,918.14703,252.22888,1.0,927.6239,247.82713,1.0,941.5997,246.39403,1.0,958.2842,247.46936,1.0,990.7458,246.86981,1.0,1006.3229,244.5623,1.0,1019.4835,244.84903,1.0,1029.0645,248.34334,1.0,1034.7615,253.68456,1.0,976.08575,272.26465,1.0,977.0252,285.75153,1.0,977.62445,294.50443,1.0,978.1013,301.48517,1.0,965.933,312.0648,1.0,970.03125,314.5421,1.0,978.03076,314.17728,1.0,985.1648,313.8754,1.0,988.81525,310.91296,1.0,927.0176,271.43317,1.0,934.0399,267.03452,1.0,944.8837,266.05762,1.0,956.05054,271.4355,1.0,947.0301,273.30292,1.0,936.797,274.07785,1.0,991.55475,270.34204,1.0,1002.5993,263.6243,1.0,1013.4998,263.62683,1.0,1019.68884,267.4329,1.0,1010.7255,270.87146,1.0,1000.6699,271.10294,1.0,955.1604,342.97577,1.0,963.41986,331.1804,1.0,970.7707,327.32745,1.0,978.4231,328.02856,1.0,986.11444,326.82098,1.0,993.4053,330.29327,1.0,1000.6685,342.86304,1.0,997.9574,349.50604,1.0,986.34955,355.7214,1.0,977.5346,356.8392,1.0,969.1231,356.39734,1.0,957.45123,350.32297,1.0,958.1093,342.70206,1.0,972.885,335.6252,1.0,978.38715,335.32086,1.0,984.2857,335.42834,1.0,997.7351,342.6782,1.0,983.5954,346.3628,1.0,977.4868,346.65637,1.0,971.5639,346.54898,1.0,941.4588,269.64517,1.0,1006.69354,266.6558,1.0,969.0278,311.54858,0.99364996,979.18317,433.99298,0.9991692,826.3669,437.35834,0.9991692,783.5448,677.3309,0.7994864,881.00574,629.9066,0.93520933,1131.9994,430.6276,0.9996613,1206.9346,624.546,0.9112197,1217.6039,630.2628,0.90406287,976.35187,933.98376,0.98277944,878.19525,937.4455,0.98314506,879.7044,1239.0863,0.08426223,870.4763,1583.8765,0.01701711,1074.5085,930.52203,0.98277944,1091.3196,1274.1027,0.0693451,1067.7853,1594.1271,0.011740372,938.29425,277.71686,0.9903157,1004.5054,277.58853,0.981562,912.23083,278.3299,0.9786145,1028.2656,279.03262,0.9899312,1032.2316,1694.5757,0.010366238,1032.2316,1694.5757,0.010366238,1068.2124,1638.7738,0.009563522,912.245,1685.3455,0.008606813,912.245,1685.3455,0.008606813,867.60095,1632.7964,0.010463159,1196.1101,622.5695,1.0,1192.129,605.8071,1.0,1186.938,590.8437,1.0,1181.1398,577.4006,1.0,1173.167,561.9468,1.0,1197.0454,594.0281,1.0,1195.9662,590.4474,1.0,1190.9657,588.51587,1.0,1185.119,589.1462,1.0,1200.0203,613.9491,1.0,1199.6954,622.7798,1.0,1197.2668,630.3064,1.0,1194.2458,637.7972,1.0,1201.5333,632.06604,1.0,1199.5206,643.1333,1.0,1196.7098,652.23926,1.0,1193.0609,659.8494,1.0,1201.1964,647.2329,1.0,1199.4993,659.44415,1.0,1195.8798,666.3222,1.0,1192.1047,671.5955,1.0,875.37415,615.33966,1.0,892.3555,584.9773,1.0,915.1294,557.7912,1.0,929.5219,537.1268,1.0,933.21326,517.3057,1.0,905.8458,573.25946,1.0,928.9347,572.8529,1.0,944.42914,577.4242,1.0,957.7677,581.8217,1.0,904.5131,599.8167,1.0,933.6851,601.57294,1.0,951.2817,605.1658,1.0,964.86395,607.8477,1.0,905.6861,622.65497,1.0,937.7499,625.5647,1.0,954.49677,626.64813,1.0,965.71875,625.8349,1.0,908.8065,641.50806,1.0,939.92365,644.9549,1.0,952.15906,644.43243,1.0,959.84015,642.43976,1.0
899.6175,276.25308,1.0,900.926,288.4167,1.0,902.2675,301.46652,1.0,908.6921,323.71155,1.0,915.7213,338.17816,1.0,926.87,354.39368,1.0,935.56165,362.8989,1.0,953.61896,374.54453,1.0,981.16486,379.35828,1.0,1007.1961,372.11835,1.0,1022.566,358.84857,1.0,1029.3534,349.5985,1.0,1038.3665,332.67905,1.0,1047.1001,309.75604,1.0,1049.5884,295.11612,1.0,1050.2018,281.91046,1.0,1049.9215,269.78946,1.0,913.80396,259.1997,1.0,919.3485,253.00212,1.0,928.6248,248.67322,1.0,942.4096,247.20671,1.0,958.9682,248.15445,1.0,991.39404,247.32486,1.0,1007.0369,244.89377,1.0,1020.3558,245.03134,1.0,1030.1139,248.39703,1.0,1036.0076,253.67532,1.0,977.16113,272.5456,1.0,978.1776,285.9338,1.0,978.77954,294.6332,1.0,979.3156,301.56012,1.0,967.72504,312.2066,1.0,971.74506,314.65158,1.0,979.6603,314.22028,1.0,986.78845,313.9305,1.0,990.3815,310.97202,1.0,928.7342,272.19974,1.0,935.5328,267.93185,1.0,946.1488,266.86002,1.0,957.36414,272.02103,1.0,948.3844,273.941,1.0,938.32,274.7361,1.0,992.85974,270.58014,1.0,1003.62384,264.0241,1.0,1014.42975,263.92865,1.0,1020.7022,267.48428,1.0,1011.9101,270.97275,1.0,1001.8596,271.27374,1.0,957.84106,343.23376,1.0,965.509,331.56775,1.0,972.6508,327.72516,1.0,980.1867,328.3999,1.0,987.7903,327.1962,1.0,995.06177,330.54938,1.0,1002.54047,342.96878,1.0,999.8287,349.6287,1.0,988.4425,355.87323,1.0,979.738,357.03824,1.0,971.42676,356.60312,1.0,959.9666,350.61676,1.0,960.734,342.97748,1.0,974.8701,335.8924,1.0,980.31635,335.5956,1.0,986.1726,335.67117,1.0,999.6006,342.83298,1.0,985.59766,346.7534,1.0,979.5705,347.08188,1.0,973.71423,347.00626,1.0,943.0009,270.48495,1.0,1007.78094,267.00433,1.0,969.0565,312.10663,0.99315614,978.8659,433.80994,0.9991021,825.90576,437.35202,0.9991021,784.3256,679.98413,0.77704287,869.58936,620.4552,0.9325177,1131.826,430.26788,0.999668,1209.228,634.731,0.9140448,1203.416,621.98267,0.91018814,976.37994,933.0125,0.98140764,878.2068,935.69147,0.98140764,879.9146,1234.8912,0.08275236,870.4785,1579.6787,0.016918313,1074.5531,930.33356,0.98160344,1091.0597,1272.6201,0.06644194,1066.6133,1586.4016,0.011464877,938.3086,278.99286,0.98951966,1004.50574,278.46826,0.98068887,912.1599,279.29584,0.97659904,1028.2885,279.7153,0.98961073,1030.8804,1691.6532,0.010148405,1030.8804,1691.6532,0.010148405,1067.2865,1627.5153,0.009429139,914.0597,1682.9471,0.008552331,914.0597,1682.9471,0.008552331,867.5069,1628.6952,0.010391453,1174.8102,583.23,1.0,1158.3301,561.231,1.0,1145.8843,541.9018,1.0,1138.0851,525.1693,1.0,1132.8231,506.99866,1.0,1168.1779,549.9892,1.0,1161.4191,548.6823,1.0,1152.4229,553.7625,1.0,1142.7694,562.0505,1.0,1179.624,570.98413,1.0,1168.0194,576.3018,1.0,1155.1267,581.71686,1.0,1141.588,587.4488,1.0,1186.5115,590.52826,1.0,1171.2802,598.74664,1.0,1156.1466,605.4211,1.0,1140.8162,609.78766,1.0,1188.5558,606.5167,1.0,1175.0125,618.449,1.0,1159.611,623.7053,1.0,1143.9943,626.23535,1.0,855.64374,602.3641,1.0,873.70856,577.4845,1.0,897.55066,558.1262,1.0,919.4323,545.9996,1.0,934.86017,537.2183,1.0,870.20013,562.8814,1.0,877.9504,549.1539,1.0,889.96576,547.6145,1.0,900.2597,548.5795,1.0,868.5537,581.9183,1.0,880.77014,578.3347,1.0,897.0571,575.9237,1.0,908.56976,573.9334,1.0,872.0293,601.73663,1.0,885.00494,600.90247,1.0,900.4562,596.29144,1.0,912.091,590.0504,1.0,876.90625,618.8156,1.0,892.46674,621.0527,1.0,902.9174,616.7972,1.0,912.07367,610.6586,1.0
900.5569,276.06985,1.0,902.0611,288.3321,1.0,903.52783,301.48676,1.0,910.057,323.7706,1.0,917.203,338.14017,1.0,928.5305,354.0554,1.0,937.29425,362.40033,1.0,955.2504,373.82556,1.0,982.50543,378.43533,1.0,1008.4057,370.9884,1.0,1023.5098,357.55142,1.0,1030.1875,348.27753,1.0,1039.1566,331.39224,1.0,1047.779,308.49344,1.0,1050.1808,293.82083,1.0,1050.7543,280.56882,1.0,1050.5773,268.36368,1.0,914.80164,258.60745,1.0,920.38776,252.37766,1.0,929.6369,247.9459,1.0,943.3071,246.31671,1.0,959.73486,247.06364,1.0,992.0015,245.93675,1.0,1007.57135,243.46017,1.0,1020.76874,243.5475,1.0,1030.551,246.84985,1.0,1036.4661,252.07423,1.0,978.0247,271.17007,1.0,979.20703,284.5957,1.0,979.889,293.3434,1.0,980.50397,300.34775,1.0,968.6048,311.0683,1.0,972.8114,313.50327,1.0,980.7874,313.02457,1.0,987.8776,312.6945,1.0,991.56305,309.68604,1.0,929.3833,271.20987,1.0,936.2574,266.91913,1.0,946.8589,265.74982,1.0,957.945,270.7347,1.0,949.1258,272.694,1.0,939.125,273.58237,1.0,993.75977,269.0461,1.0,1004.4859,262.51328,1.0,1015.3134,262.38654,1.0,1021.6506,265.8729,1.0,1012.74554,269.33734,1.0,1002.6779,269.68546,1.0,958.7464,342.21286,1.0,966.37463,330.1477,1.0,973.6787,326.1784,1.0,981.3508,326.8044,1.0,989.0567,325.51633,1.0,996.41144,328.92993,1.0,1003.5347,341.62234,1.0,1001.1458,348.41498,1.0,989.7338,354.92166,1.0,980.92865,356.20532,1.0,972.5532,355.81622,1.0,960.8466,349.7779,1.0,961.7668,341.94498,1.0,976.06586,334.485,1.0,981.47034,334.15015,1.0,987.3356,334.1851,1.0,1000.44183,341.49878,1.0,986.6968,345.69553,1.0,980.66144,346.06573,1.0,974.82056,346.02936,1.0,943.70844,269.33768,1.0,1008.69714,265.39294,1.0,969.1045,312.82657,0.9932236,978.7323,432.41125,0.9990745,825.5978,435.65204,0.9990745,783.8371,677.94617,0.7603317,856.4011,608.6281,0.92899954,1131.8668,429.1705,0.99968326,1208.9844,641.8103,0.9199337,1183.2,597.3545,0.91738445,976.4094,930.74243,0.9808339,878.0209,932.93243,0.9808339,883.7222,1230.3525,0.08286616,870.88605,1576.1611,0.016997712,1074.798,928.5524,0.9814292,1090.2479,1262.6323,0.065098725,1065.4788,1575.9343,0.011331431,938.54333,280.32983,0.9895228,1004.3834,279.11218,0.9811185,912.18317,279.7906,0.9761009,1028.6115,279.7874,0.989943,1029.7174,1681.2854,0.010056786,1029.7174,1681.2854,0.010056786,1065.9166,1616.4772,0.009457073,915.916,1678.6099,0.008578414,915.916,1678.6099,0.008578414,867.48224,1625.6212,0.010498688,1151.584,579.4918,1.0,1130.2705,553.4296,1.0,1112.0629,532.825,1.0,1099.205,517.27136,1.0,1092.6963,499.21793,1.0,1134.2358,543.0922,1.0,1120.2942,542.3478,1.0,1106.565,546.32904,1.0,1093.6602,551.3244,1.0,1143.7964,564.5142,1.0,1124.0973,568.2022,1.0,1106.6785,571.5138,1.0,1091.2952,575.0222,1.0,1149.6112,584.41797,1.0,1128.375,591.67163,1.0,1110.4739,595.46826,1.0,1093.9596,597.28595,1.0,1151.5042,601.4183,1.0,1133.8611,612.64105,1.0,1118.3276,617.3552,1.0,1103.4323,619.7459,1.0,834.9261,576.74066,1.0,848.3956,545.9923,1.0,863.0036,521.2077,1.0,873.79675,502.16766,1.0,878.4676,486.37247,1.0,842.39355,533.9756,1.0,852.9592,525.24194,1.0,866.0989,523.2689,1.0,877.75604,523.38275,1.0,843.12775,555.1031,1.0,858.60077,551.0733,1.0,874.7884,548.57947,1.0,887.0049,547.1695,1.0,846.9524,575.8867,1.0,863.6104,573.845,1.0,878.8106,570.46686,1.0,890.41077,566.8624,1.0,851.7452,594.0466,1.0,869.2234,594.7353,1.0,881.03784,591.0888,1.0,891.1089,586.5643,1.0
901.4963,275.88666,1.0,903.19617,288.24753,1.0,904.7882,301.507,1.0,911.42194,323.82965,1.0,918.6847,338.1022,1.0,930.19104,353.7171,1.0,939.02686,361.90176,1.0,956.88196,373.1066,1.0,983.846,377.51242,1.0,1009.6153,369.8585,1.0,1024.4537,356.25424,1.0,1031.0216,346.95654,1.0,1039.9467,330.10547,1.0,1048.4581,307.23087,1.0,1050.7732,292.52554,1.0,1051.3068,279.2272,1.0,1051.2329,266.9379,1.0,915.7993,258.0152,1.0,921.427,251.75319,1.0,930.649,247.21861,1.0,944.2047,245.42673,1.0,960.5015,245.97284,1.0,992.609,244.54863,1.0,1008.1057,242.0266,1.0,1021.18164,242.06366,1.0,1030.9882,245.30266,1.0,1036.9246,250.47316,1.0,978.8883,269.79456,1.0,980.23645,283.25757,1.0,980.9985,292.05365,1.0,981.6923,299.1354,1.0,969.4845,309.93002,1.0,973.8778,312.35492,1.0,981.9146,311.82883,1.0,988.9668,311.45847,1.0,992.7446,308.40005,1.0,930.0324,270.22,1.0,936.982,265.9064,1.0,947.5689,264.6396,1.0,958.5259,269.4484,1.0,949.8671,271.44696,1.0,939.93,272.42862,1.0,994.6598,267.51212,1.0,1005.348,261.00244,1.0,1016.1971,260.84442,1.0,1022.59894,264.2615,1.0,1013.581,267.7019,1.0,1003.4962,268.0972,1.0,959.65173,341.19196,1.0,967.2403,328.7277,1.0,974.7066,324.63165,1.0,982.515,325.20892,1.0,990.3231,323.83646,1.0,997.76105,327.3105,1.0,1004.529,340.2759,1.0,1002.46295,347.20126,1.0,991.02515,353.9701,1.0,982.1194,355.37244,1.0,973.67975,355.02936,1.0,961.7266,348.939,1.0,962.79956,340.91245,1.0,977.26154,333.07758,1.0,982.6243,332.70468,1.0,988.49854,332.69897,1.0,1001.283,340.16455,1.0,987.7959,344.63766,1.0,981.7524,345.04962,1.0,975.9269,345.05246,1.0,944.4159,268.19037,1.0,1009.6133,263.78156,1.0,970.06665,312.31976,0.9932162,978.98816,430.8097,0.9990756,826.2292,432.82028,0.9990756,782.9324,671.4092,0.74976593,837.1481,575.0665,0.92897934,1131.7471,428.79913,0.99969506,1205.7739,653.05133,0.923628,1144.583,590.09015,0.9230601,976.2605,926.8522,0.98052615,877.7024,928.34393,0.98052615,884.28094,1223.5884,0.07965949,871.1653,1566.5507,0.016318846,1074.8186,925.3604,0.98134065,1089.7888,1257.4958,0.06331383,1063.3015,1566.4938,0.010944352,939.71857,280.26575,0.9895012,1004.4685,279.1042,0.9813852,912.34454,279.92615,0.9757007,1029.107,279.84637,0.99017316,1021.4552,1671.3367,0.009746868,1021.4552,1671.3367,0.009746868,1064.5438,1604.5493,0.009226276,914.3444,1670.143,0.00822074,914.3444,1670.143,0.00822074,867.70105,1614.889,0.010221372,1128.3577,575.75366,1.0,1102.2108,545.62823,1.0,1078.2415,523.7483,1.0,1060.3248,509.3734,1.0,1052.5696,491.4372,1.0,1100.2938,536.1953,1.0,1079.1693,536.01324,1.0,1060.707,538.89557,1.0,1044.551,540.59827,1.0,1107.9688,558.0443,1.0,1080.175,560.10266,1.0,1058.2301,561.31067,1.0,1041.0024,562.59564,1.0,1112.711,578.30774,1.0,1085.4698,584.5966,1.0,1064.8013,585.5154,1.0,1047.1029,584.7842,1.0,1114.4524,596.3198,1.0,1092.7097,606.8331,1.0,1077.0443,611.0051,1.0,1062.8704,613.2564,1.0,814.20844,551.11725,1.0,823.0827,514.5002,1.0,828.45654,484.28925,1.0,828.16125,458.33575,1.0,822.075,435.52664,1.0,814.5869,505.06976,1.0,827.9681,501.33005,1.0,842.23193,498.92334,1.0,855.2523,498.18607,1.0,817.7018,528.2879,1.0,836.4314,523.81195,1.0,852.51965,521.2353,1.0,865.44,520.40564,1.0,821.8754,550.03687,1.0,842.21594,546.7874,1.0,857.16504,544.6423,1.0,868.73047,543.6745,1.0,826.58405,569.2775,1.0,845.98,568.41797,1.0,859.1582,565.38043,1.0,870.1441,562.46985,1.0
902.43567,275.70346,1.0,904.3312,288.16293,1.0,906.0486,301.52722,1.0,912.78687,323.8887,1.0,920.1664,338.0642,1.0,931.85156,353.3788,1.0,940.75946,361.4032,1.0,958.5134,372.38763,1.0,985.1866,376.58948,1.0,1010.8249,368.72858,1.0,1025.3976,354.95706,1.0,1031.8557,345.63556,1.0,1040.7368,328.81866,1.0,1049.1371,305.9683,1.0,1051.3656,291.23022,1.0,1051.8591,277.88556,1.0,1051.8887,265.51212,1.0,916.79706,257.42294,1.0,922.46625,251.12874,1.0,931.6611,246.4913,1.0,945.10223,244.53673,1.0,961.2682,244.88203,1.0,993.21655,243.16052,1.0,1008.64014,240.593,1.0,1021.5946,240.5798,1.0,1031.4253,243.75548,1.0,1037.383,248.87207,1.0,979.75183,268.41907,1.0,981.26587,281.91943,1.0,982.108,290.76385,1.0,982.88074,297.92303,1.0,970.36426,308.79175,1.0,974.9442,311.2066,1.0,983.04175,310.63312,1.0,990.05597,310.22244,1.0,993.92615,307.11407,1.0,930.6815,269.23016,1.0,937.7066,264.89368,1.0,948.279,263.5294,1.0,959.10675,268.1621,1.0,950.6085,270.19992,1.0,940.73505,271.27487,1.0,995.55975,265.9781,1.0,1006.2101,259.4916,1.0,1017.08075,259.30228,1.0,1023.54736,262.65012,1.0,1014.41644,266.0665,1.0,1004.3145,266.5089,1.0,960.55707,340.17105,1.0,968.1059,327.30765,1.0,975.7345,323.0849,1.0,983.67914,323.61343,1.0,991.58954,322.1566,1.0,999.1107,325.69107,1.0,1005.52325,338.92947,1.0,1003.78015,345.98755,1.0,992.3164,353.0185,1.0,983.31006,354.53952,1.0,974.8062,354.24246,1.0,962.6066,348.10013,1.0,963.83234,339.8799,1.0,978.4572,331.67017,1.0,983.7783,331.25925,1.0,989.6615,331.2129,1.0,1002.12427,338.83035,1.0,988.895,343.5798,1.0,982.8433,344.03348,1.0,977.0332,344.0756,1.0,945.1234,267.0431,1.0,1010.5295,262.17017,1.0,970.2734,311.62195,0.99365866,979.48773,429.82962,0.9991066,827.49194,430.84045,0.9991066,770.5822,657.95154,0.7506046,822.7202,555.57904,0.9319274,1131.4835,428.81876,0.99971265,1202.2821,663.6078,0.9277507,1124.4517,595.8071,0.928767,975.3767,923.1668,0.9804286,876.30505,923.60205,0.9804286,881.69666,1215.088,0.07616163,864.65466,1548.9412,0.015617357,1074.4484,922.7316,0.9814823,1086.3658,1248.6902,0.062925264,1056.8242,1555.0083,0.0108867325,939.9681,280.1115,0.99018174,1004.3478,278.85748,0.982689,912.5158,280.0055,0.97703195,1029.4258,279.72183,0.99087685,1009.8209,1660.2253,0.009804997,1009.8209,1660.2253,0.009804997,1058.6456,1592.5719,0.009356619,902.28796,1655.0348,0.007866848,902.28796,1655.0348,0.007866848,860.12366,1595.4563,0.010056984,1120.8422,593.45557,1.0,1093.6104,565.0869,1.0,1063.8065,545.4982,1.0,1039.7137,533.3179,1.0,1025.7312,519.8963,1.0,1076.7424,558.3817,1.0,1050.9878,563.8027,1.0,1033.7057,567.2964,1.0,1017.6179,568.978,1.0,1083.0975,581.20386,1.0,1055.4332,589.439,1.0,1035.2126,592.67554,1.0,1019.1189,595.0341,1.0,1088.099,601.50134,1.0,1061.6938,611.0314,1.0,1043.4362,613.9043,1.0,1027.851,615.0833,1.0,1092.7574,617.84344,1.0,1072.1523,629.6529,1.0,1057.4391,635.7614,1.0,1043.9838,639.56494,1.0,798.29486,541.53674,1.0,807.0181,499.9478,1.0,820.8591,465.4553,1.0,826.431,440.63742,1.0,825.45746,416.38797,1.0,819.5411,481.25122,1.0,860.76715,478.80844,1.0,881.9846,476.537,1.0,899.5188,474.7858,1.0,822.64014,507.31873,1.0,869.01685,503.7247,1.0,895.4796,498.9522,1.0,916.4255,494.52704,1.0,826.9481,531.2862,1.0,872.2199,526.08594,1.0,897.725,521.0963,1.0,917.0336,517.58484,1.0,831.94995,550.588,1.0,868.5597,549.44507,1.0,890.3879,544.17004,1.0,908.73206,538.951,1.0
902.9991,274.41006,1.0,904.8431,286.7443,1.0,906.5822,299.95612,1.0,913.448,322.147,1.0,920.9477,336.29285,1.0,932.7274,351.67618,1.0,941.6341,359.7537,1.0,959.6856,370.73376,1.0,986.8219,374.72757,1.0,1012.6946,366.69977,1.0,1027.334,352.86917,1.0,1033.6532,343.5162,1.0,1042.1503,326.6372,1.0,1050.1469,303.7393,1.0,1052.1136,289.05814,1.0,1052.4171,275.8074,1.0,1052.1722,263.55923,1.0,917.22345,256.45718,1.0,922.78143,250.19789,1.0,931.8887,245.55869,1.0,945.4064,243.54785,1.0,961.7089,243.82709,1.0,993.65094,241.91248,1.0,1009.17615,239.24744,1.0,1022.2158,239.15585,1.0,1032.026,242.26633,1.0,1037.993,247.2683,1.0,980.3874,266.97205,1.0,982.00256,280.1848,1.0,982.9702,288.84882,1.0,983.7913,295.83698,1.0,971.6986,306.86493,1.0,976.12787,309.2303,1.0,984.06256,308.62357,1.0,990.96576,308.14487,1.0,994.5546,305.03757,1.0,931.4695,268.1439,1.0,938.3906,263.73566,1.0,949.0168,262.3257,1.0,960.1119,266.90286,1.0,951.4511,268.98428,1.0,941.47235,270.12515,1.0,996.0837,264.4696,1.0,1006.80774,257.8931,1.0,1017.7789,257.6297,1.0,1024.3152,261.03317,1.0,1015.2322,264.55182,1.0,1004.96606,264.98804,1.0,961.8843,338.80753,1.0,969.49066,325.76263,1.0,977.0393,321.49704,1.0,984.9358,321.91248,1.0,992.73395,320.45853,1.0,1000.209,323.9554,1.0,1006.6272,337.18018,1.0,1005.1361,344.36758,1.0,993.8079,351.55383,1.0,984.66504,353.1216,1.0,976.039,352.88293,1.0,963.71826,346.78458,1.0,965.12933,338.48187,1.0,979.7116,329.9518,1.0,985.101,329.46478,1.0,990.9394,329.41046,1.0,1003.2537,337.08664,1.0,990.2494,342.2651,1.0,984.135,342.79562,1.0,978.23083,342.8867,1.0,945.87006,265.80252,1.0,1011.43787,260.54022,1.0,970.8412,308.7131,0.99419844,979.5375,429.65768,0.9991624,827.8422,429.58337,0.9991624,747.2571,646.93695,0.7651147,817.68646,529.38904,0.9378185,1131.2328,429.732,0.9997286,1198.6776,672.05,0.9320333,1116.3658,603.02454,0.9342874,975.0862,922.42755,0.9808492,875.502,922.7431,0.9808492,881.65436,1210.9197,0.072531715,864.683,1542.9199,0.015076526,1074.6704,922.11206,0.9817976,1086.2386,1244.9291,0.062256373,1056.5459,1554.5957,0.01090956,940.4825,277.65317,0.99102634,1004.3447,276.15207,0.984161,912.72656,279.97244,0.9789522,1029.5804,279.42953,0.9916597,1009.7413,1662.2936,0.009970876,1009.7413,1662.2936,0.009970876,1058.4095,1593.0497,0.0096263345,899.4475,1649.3666,0.007592131,899.4475,1649.3666,0.007592131,860.23065,1590.1361,0.010080115,1115.0317,618.4651,1.0,1087.5118,593.3571,1.0,1055.142,579.4058,1.0,1029.434,574.0501,1.0,1014.2515,564.78046,1.0,1064.3171,594.96716,1.0,1040.3457,607.243,1.0,1022.75824,616.2141,1.0,1006.43933,624.1138,1.0,1073.7865,616.85675,1.0,1046.7584,631.8075,1.0,1025.3729,640.4564,1.0,1008.18536,647.2412,1.0,1081.9585,634.88165,1.0,1055.9299,648.217,1.0,1036.7268,655.2684,1.0,1020.51373,660.3443,1.0,1089.234,648.52625,1.0,1070.3237,661.2402,1.0,1058.3098,668.9682,1.0,1047.4287,675.3559,1.0,800.9923,527.3176,1.0,811.88586,484.86746,1.0,834.9462,449.6998,1.0,849.4188,426.44727,1.0,854.56525,402.5558,1.0,853.66547,466.28436,1.0,900.2307,466.33875,1.0,930.2167,464.95026,1.0,954.37115,463.79602,1.0,853.8307,493.71643,1.0,908.49915,491.19003,1.0,942.6671,489.80087,1.0,967.5247,488.41614,1.0,855.3113,520.5304,1.0,905.8075,516.0895,1.0,936.9667,512.667,1.0,958.20624,509.72726,1.0,855.35846,543.0902,1.0,897.29083,538.17175,1.0,923.57184,534.02,1.0,944.1254,530.52625,1.0
903.56244,273.11667,1.0,905.355,285.32565,1.0,907.11584,298.38504,1.0,914.1091,320.40527,1.0,921.72894,334.52148,1.0,933.60333,349.97354,1.0,942.5087,358.1042,1.0,960.8578,369.0799,1.0,988.4572,372.86566,1.0,1014.56433,364.67096,1.0,1029.2704,350.78128,1.0,1035.4508,341.39685,1.0,1043.5637,324.45578,1.0,1051.1567,301.51028,1.0,1052.8616,286.88608,1.0,1052.975,273.72925,1.0,1052.4559,261.60635,1.0,917.64984,255.49144,1.0,923.09656,249.26704,1.0,932.1162,244.62608,1.0,945.7105,242.55898,1.0,962.14966,242.77214,1.0,994.0853,240.66444,1.0,1009.7122,237.90189,1.0,1022.8371,237.73192,1.0,1032.6267,240.77718,1.0,1038.603,245.6645,1.0,981.0229,265.52502,1.0,982.7392,278.4502,1.0,983.83246,286.93378,1.0,984.70197,293.75092,1.0,973.03296,304.9381,1.0,977.3116,307.25397,1.0,985.0834,306.614,1.0,991.8756,306.0673,1.0,995.1831,302.96106,1.0,932.25745,267.0576,1.0,939.0747,262.57764,1.0,949.7546,261.122,1.0,961.117,265.64365,1.0,952.29364,267.76862,1.0,942.2096,268.97546,1.0,996.60754,262.9611,1.0,1007.4054,256.29462,1.0,1018.4769,255.95709,1.0,1025.083,259.41623,1.0,1016.0479,263.03714,1.0,1005.6176,263.46716,1.0,963.2115,337.444,1.0,970.8754,324.21762,1.0,978.3442,319.90918,1.0,986.1924,320.21152,1.0,993.8784,318.76044,1.0,1001.30725,322.21976,1.0,1007.73114,335.43088,1.0,1006.49207,342.74762,1.0,995.2994,350.0892,1.0,986.02,351.70374,1.0,977.2718,351.52344,1.0,964.82996,345.46902,1.0,966.42633,337.08383,1.0,980.96594,328.23343,1.0,986.42377,327.67032,1.0,992.2173,327.608,1.0,1004.3832,335.3429,1.0,991.6037,340.95044,1.0,985.42664,341.55777,1.0,979.42847,341.6978,1.0,946.6167,264.56198,1.0,1012.34625,258.91028,1.0,972.4119,306.21002,0.99471575,979.6352,430.0233,0.99922687,828.10034,429.31757,0.99922687,730.047,635.7373,0.78250575,817.98883,512.3464,0.9438292,1131.17,430.72903,0.9997466,1198.057,677.07336,0.9361182,1113.8597,624.98193,0.939781,974.73755,922.6201,0.9810532,874.7459,922.98334,0.9810532,881.2726,1209.2954,0.06841659,864.50134,1543.2231,0.014551053,1074.7292,922.2569,0.9818601,1084.8419,1245.7926,0.059827104,1055.4303,1555.2358,0.0111666145,941.0735,274.85406,0.9918364,1005.145,274.44614,0.98556036,912.7618,279.9055,0.9808527,1030.0344,279.4003,0.9924058,1009.6001,1663.2701,0.010552245,1009.6001,1663.2701,0.010552245,1057.7296,1594.9595,0.010462322,898.1273,1650.7753,0.0073428997,898.1273,1650.7753,0.0073428997,860.03766,1591.1522,0.010272838,1113.0724,645.96326,1.0,1083.1287,627.93787,1.0,1050.4569,622.11816,1.0,1026.9957,625.2009,1.0,1008.90826,621.517,1.0,1059.8387,635.419,1.0,1036.7317,659.8467,1.0,1021.41425,674.7238,1.0,1008.0581,688.18176,1.0,1074.8406,648.7229,1.0,1051.0868,669.2649,1.0,1034.2285,684.34247,1.0,1022.77875,697.27136,1.0,1087.2858,659.52655,1.0,1064.0432,674.9975,1.0,1049.4839,687.18536,1.0,1038.984,696.7158,1.0,1097.0444,669.1285,1.0,1077.9258,683.2895,1.0,1068.8936,692.2083,1.0,1061.8219,699.7203,1.0,812.4837,513.9774,1.0,835.44147,470.6924,1.0,865.328,440.69388,1.0,886.21655,416.88397,1.0,894.3481,394.59094,1.0,889.9938,463.18033,1.0,938.5635,470.72827,1.0,967.26874,475.34384,1.0,989.19183,479.34833,1.0,889.9252,489.55386,1.0,942.1321,495.5856,1.0,972.5527,499.90518,1.0,994.3396,502.72714,1.0,887.38214,515.2778,1.0,935.2117,518.5372,1.0,964.98413,521.5235,1.0,985.28503,521.95807,1.0,882.7119,537.2766,1.0,922.32245,538.45795,1.0,946.09143,539.5458,1.0,964.85504,539.3702,1.0
904.12585,271.82327,1.0,905.8668,283.907,1.0,907.64954,296.81393,1.0,914.7702,318.66354,1.0,922.5102,332.75012,1.0,934.4792,348.27087,1.0,943.38336,356.4547,1.0,962.02997,367.42606,1.0,990.0925,371.00375,1.0,1016.4341,362.64215,1.0,1031.2068,348.69336,1.0,1037.2484,339.27753,1.0,1044.9772,322.27432,1.0,1052.1666,299.2813,1.0,1053.6096,284.714,1.0,1053.5328,271.6511,1.0,1052.7395,259.65344,1.0,918.0763,254.5257,1.0,923.4117,248.3362,1.0,932.3438,243.69347,1.0,946.0147,241.57011,1.0,962.59045,241.71718,1.0,994.5198,239.4164,1.0,1010.2483,236.55632,1.0,1023.4583,236.30797,1.0,1033.2273,239.28804,1.0,1039.213,244.06073,1.0,981.65845,264.078,1.0,983.4759,276.71558,1.0,984.6947,285.01874,1.0,985.6126,291.66486,1.0,974.3673,303.0113,1.0,978.4953,305.27762,1.0,986.1042,304.6045,1.0,992.7854,303.98972,1.0,995.8116,300.88455,1.0,933.0454,265.9713,1.0,939.7587,261.41965,1.0,950.4924,259.91833,1.0,962.1222,264.38443,1.0,953.1362,266.55298,1.0,942.9469,267.82574,1.0,997.1315,261.4526,1.0,1008.003,254.6961,1.0,1019.17505,254.2845,1.0,1025.8508,257.79932,1.0,1016.8637,261.5225,1.0,1006.26917,261.9463,1.0,964.53876,336.08047,1.0,972.2602,322.6726,1.0,979.64905,318.32132,1.0,987.449,318.51056,1.0,995.0228,317.06238,1.0,1002.4055,320.4841,1.0,1008.8351,333.68158,1.0,1007.8481,341.1277,1.0,996.79083,348.62454,1.0,987.375,350.28583,1.0,978.5046,350.1639,1.0,965.94165,344.15347,1.0,967.7233,335.6858,1.0,982.22034,326.51508,1.0,987.74646,325.87585,1.0,993.4952,325.80557,1.0,1005.51263,333.59918,1.0,992.95807,339.63577,1.0,986.7183,340.31992,1.0,980.6261,340.50894,1.0,947.3634,263.32144,1.0,1013.2546,257.28033,1.0,972.49146,305.2172,0.9950981,980.05225,429.5625,0.9992806,828.7353,427.8758,0.9992806,716.01154,619.4212,0.7991846,823.7576,509.0016,0.9492742,1131.3693,431.24924,0.99976027,1195.7566,676.4404,0.93954164,1108.1973,668.0856,0.9446697,974.7232,922.32416,0.9811561,874.7394,922.94934,0.9811561,881.2651,1209.2568,0.06503029,866.16174,1542.5929,0.014251214,1074.707,921.69904,0.9818651,1084.3739,1246.4119,0.057626523,1055.4061,1552.0096,0.011403168,941.08594,274.0859,0.99244773,1005.3126,273.24713,0.98659575,913.2237,279.68515,0.98234594,1030.7783,278.78207,0.99297404,1009.53314,1660.6339,0.011112304,1009.53314,1660.6339,0.011112304,1057.8809,1591.7086,0.011133761,898.1867,1650.2976,0.007232736,898.1867,1650.2976,0.007232736,862.46326,1590.9904,0.010469682,1119.5903,667.2934,1.0,1088.9059,660.92084,1.0,1056.1763,667.36316,1.0,1032.0421,676.6987,1.0,1013.5317,685.2989,1.0,1064.5657,672.54285,1.0,1048.5497,696.7893,1.0,1038.6534,714.23,1.0,1029.897,730.8498,1.0,1079.8402,678.8136,1.0,1062.6332,697.76965,1.0,1052.6333,715.0501,1.0,1045.3475,730.8307,1.0,1094.7296,684.11017,1.0,1079.7418,699.46063,1.0,1071.8751,713.2944,1.0,1065.178,725.1204,1.0,1108.6154,688.3955,1.0,1099.5115,700.413,1.0,1097.2261,708.8569,1.0,1095.0967,716.68774,1.0,831.7648,502.20233,1.0,860.68665,463.50983,1.0,897.2471,440.87796,1.0,922.4299,421.73108,1.0,935.04645,401.25732,1.0,927.2646,469.53094,1.0,968.8436,485.27036,1.0,992.9203,495.0551,1.0,1010.6854,503.1119,1.0,922.06384,495.2443,1.0,967.3853,510.72293,1.0,992.8112,519.2951,1.0,1011.3781,525.2214,1.0,913.4718,519.3882,1.0,956.22925,531.00256,1.0,980.7372,537.6823,1.0,998.78125,541.12103,1.0,903.4178,539.93976,1.0,939.0357,546.81177,1.0,959.93555,551.3667,1.0,977.14667,553.6667,1.0
904.93713,271.30823,1.0,906.66656,283.40002,1.0,908.39185,296.3577,1.0,915.44495,318.2333,1.0,923.22003,332.25052,1.0,935.38947,347.60406,1.0,944.4491,355.6142,1.0,963.2911,366.23105,1.0,991.35864,369.45956,1.0,1017.75366,361.1603,1.0,1032.4076,347.3215,1.0,1038.3655,338.0145,1.0,1045.91,321.0943,1.0,1052.9424,298.18274,1.0,1054.412,283.61777,1.0,1054.3684,270.60257,1.0,1053.5863,258.63477,1.0,919.0882,253.66142,1.0,924.4874,247.3774,1.0,933.48267,242.66357,1.0,947.2243,240.49564,1.0,963.84344,240.61511,1.0,995.81836,238.12634,1.0,1011.52313,235.27385,1.0,1024.7438,235.0583,1.0,1034.5289,238.07755,1.0,1040.4159,242.88422,1.0,983.0619,262.94174,1.0,984.997,275.60132,1.0,986.1932,283.97104,1.0,987.1487,290.66602,1.0,975.9893,302.05658,1.0,980.036,304.36517,1.0,987.5752,303.66824,1.0,994.18146,303.0693,1.0,997.119,299.97543,1.0,934.279,265.01413,1.0,940.8813,260.3313,1.0,951.6295,258.76334,1.0,963.33777,263.2947,1.0,954.3488,265.49106,1.0,944.1804,266.82474,1.0,998.43304,260.24435,1.0,1009.2401,253.43143,1.0,1020.4388,253.04749,1.0,1027.0925,256.67432,1.0,1018.0807,260.39615,1.0,1007.54175,260.7641,1.0,965.967,334.84244,1.0,973.7391,321.52444,1.0,981.0365,317.15802,1.0,988.80853,317.34103,1.0,996.32245,315.87613,1.0,1003.5949,319.23935,1.0,1009.9699,332.34866,1.0,1009.1518,339.62122,1.0,998.2817,347.00095,1.0,988.9444,348.66022,1.0,980.12134,348.58316,1.0,967.50543,342.7487,1.0,969.177,334.42093,1.0,983.62964,325.24628,1.0,989.0816,324.5705,1.0,994.81525,324.4823,1.0,1006.6839,332.29355,1.0,994.3699,338.0789,1.0,988.2013,338.74292,1.0,982.1819,338.97812,1.0,948.3357,262.25397,1.0,1014.27765,256.11932,1.0,972.97437,303.408,0.99534863,980.18665,429.4441,0.9993231,828.8304,427.0555,0.9993231,701.97424,595.7241,0.8139258,841.9661,505.7227,0.9541108,1131.543,431.83267,0.9997684,1194.4705,675.8154,0.9408713,1108.3038,707.1285,0.9481382,975.07733,922.4544,0.9810228,875.1438,923.25793,0.9810228,880.8556,1211.3329,0.059966497,866.1871,1543.9862,0.0133109465,1075.0109,921.6508,0.98160607,1084.3463,1247.3883,0.053516828,1054.9707,1556.6674,0.010865546,941.74756,273.07645,0.99284077,1005.48364,271.498,0.98713,914.3089,279.36288,0.9834263,1030.7887,277.50684,0.9933088,1008.7946,1665.6495,0.010678195,1008.7946,1665.6495,0.010678195,1057.4775,1597.69,0.010814184,898.2746,1651.6807,0.006770587,898.2746,1651.6807,0.006770587,862.48724,1592.1686,0.009965408,1121.943,698.94403,1.0,1088.4155,696.4514,1.0,1057.5631,707.146,1.0,1036.1033,721.32404,1.0,1021.61395,732.4722,1.0,1063.2307,707.606,1.0,1049.3269,730.69543,1.0,1041.0961,749.46094,1.0,1034.0521,765.8391,1.0,1078.3446,711.3832,1.0,1063.4343,735.1853,1.0,1054.7244,755.2819,1.0,1049.5372,772.173,1.0,1093.543,715.9923,1.0,1079.9645,736.6738,1.0,1073.2778,752.5357,1.0,1069.2526,765.1714,1.0,1108.8015,720.45844,1.0,1101.4141,734.55536,1.0,1098.0322,743.2396,1.0,1096.292,751.3209,1.0,852.5268,497.96133,1.0,885.66156,464.87097,1.0,926.1306,449.56845,1.0,955.9794,437.61136,1.0,974.35834,422.4241,1.0,954.3761,485.80588,1.0,987.483,510.20764,1.0,1005.4003,523.72595,1.0,1018.7924,534.8344,1.0,945.3366,510.27094,1.0,979.4607,534.3573,1.0,997.86597,546.29016,1.0,1011.87524,554.56604,1.0,932.06006,532.0706,1.0,965.2432,551.28894,1.0,983.5991,561.68036,1.0,997.7009,567.3215,1.0,917.7395,549.6289,1.0,946.0684,563.3735,1.0,961.72906,570.5864,1.0,975.2322,574.1131,1.0
905.74835,270.7932,1.0,907.4663,282.89304,1.0,909.1342,295.90143,1.0,916.1197,317.80304,1.0,923.9299,331.75092,1.0,936.29974,346.93726,1.0,945.5148,354.7737,1.0,964.5522,365.03604,1.0,992.62476,367.9154,1.0,1019.07324,359.67844,1.0,1033.6083,345.94962,1.0,1039.4825,336.7515,1.0,1046.8428,319.91428,1.0,1053.7183,297.08417,1.0,1055.2144,282.52158,1.0,1055.204,269.55405,1.0,1054.433,257.6161,1.0,920.1001,252.79715,1.0,925.5631,246.4186,1.0,934.62146,241.6337,1.0,948.43396,239.42116,1.0,965.09644,239.51305,1.0,997.11694,236.83629,1.0,1012.798,233.9914,1.0,1026.0293,233.80864,1.0,1035.8304,236.86705,1.0,1041.6188,241.7077,1.0,984.4653,261.80548,1.0,986.5181,274.48703,1.0,987.69165,282.92334,1.0,988.6847,289.66714,1.0,977.6113,301.10187,1.0,981.5767,303.45273,1.0,989.04626,302.732,1.0,995.57745,302.1489,1.0,998.42645,299.0663,1.0,935.5125,264.05695,1.0,942.0038,259.24298,1.0,952.7667,257.6083,1.0,964.55334,262.20502,1.0,955.56134,264.42914,1.0,945.4139,265.82376,1.0,999.7347,259.03607,1.0,1010.4772,252.16676,1.0,1021.70245,251.81046,1.0,1028.3342,255.5493,1.0,1019.29767,259.26984,1.0,1008.8144,259.58194,1.0,967.3952,333.60437,1.0,975.21796,320.37628,1.0,982.424,315.9947,1.0,990.168,316.1715,1.0,997.62213,314.68988,1.0,1004.7843,317.99463,1.0,1011.1048,331.01578,1.0,1010.4555,338.11478,1.0,999.77246,345.37732,1.0,990.51385,347.0346,1.0,981.7381,347.00238,1.0,969.0693,341.3439,1.0,970.63074,333.1561,1.0,985.0389,323.97748,1.0,990.4167,323.26514,1.0,996.1353,323.15903,1.0,1007.8552,330.98795,1.0,995.78174,336.52203,1.0,989.6843,337.16595,1.0,983.7377,337.44733,1.0,949.308,261.1865,1.0,1015.3007,254.95827,1.0,973.71405,301.2914,0.9957039,980.90454,427.7746,0.9993617,830.25916,423.68597,0.9993617,692.6683,572.9313,0.82843333,860.8832,502.67834,0.9584692,1131.5499,431.86325,0.99977505,1192.2493,675.6519,0.94284993,1106.9102,732.04266,0.9514803,975.5487,921.6337,0.9806271,876.0127,923.6172,0.9806271,880.6363,1215.0569,0.05512066,866.2187,1549.3502,0.012407977,1075.0847,919.6502,0.9811257,1080.5946,1249.01,0.04974968,1052.3967,1561.7996,0.010443103,942.5392,271.2004,0.99337983,1006.80084,270.06036,0.98803306,914.6509,278.98932,0.9847186,1031.2079,277.405,0.9937799,1005.49243,1668.6909,0.010422846,1005.49243,1668.6909,0.010422846,1055.5507,1604.6641,0.010738003,898.48553,1655.2188,0.006337917,898.48553,1655.2188,0.006337917,862.5011,1599.2096,0.009580995,1123.5518,726.36,1.0,1088.9371,728.8832,1.0,1057.3829,741.59625,1.0,1037.0774,757.3824,1.0,1025.3,769.3538,1.0,1061.6035,738.2072,1.0,1049.8557,762.1756,1.0,1041.9774,782.522,1.0,1034.7872,800.80084,1.0,1078.7386,741.3238,1.0,1066.1135,771.67847,1.0,1057.274,796.2584,1.0,1051.443,816.2908,1.0,1094.7914,747.2793,1.0,1081.8436,775.2801,1.0,1074.2628,796.02966,1.0,1069.5135,811.62274,1.0,1110.4408,754.3309,1.0,1101.5652,775.9456,1.0,1095.9529,790.3401,1.0,1091.7423,802.4631,1.0,872.18115,496.2766,1.0,910.1994,471.62048,1.0,952.54004,466.3287,1.0,983.53546,462.79666,1.0,1004.08514,451.23544,1.0,973.5885,508.7645,1.0,993.7674,540.0442,1.0,1003.9533,556.7247,1.0,1011.6692,570.95874,1.0,960.266,530.308,1.0,981.14923,560.8392,1.0,993.3409,577.62177,1.0,1003.2147,590.7585,1.0,942.2355,548.13074,1.0,964.7962,573.84705,1.0,977.32806,589.1493,1.0,988.5767,598.95636,1.0,923.4061,562.04333,1.0,943.5412,581.6623,1.0,954.7506,592.3785,1.0,966.0061,598.5297,1.0
906.55963,270.2782,1.0,908.26605,282.38602,1.0,909.8765,295.4452,1.0,916.7945,317.37277,1.0,924.6397,331.2513,1.0,937.21,346.27045,1.0,946.5805,353.93323,1.0,965.8133,363.84103,1.0,993.89087,366.37125,1.0,1020.3928,358.19656,1.0,1034.8091,344.57776,1.0,1040.5996,335.4885,1.0,1047.7756,318.73422,1.0,1054.4941,295.9856,1.0,1056.0167,281.42535,1.0,1056.0396,268.50555,1.0,1055.2797,256.59738,1.0,921.112,251.93289,1.0,926.6388,245.4598,1.0,935.76025,240.6038,1.0,949.6436,238.3467,1.0,966.3494,238.411,1.0,998.4155,235.54623,1.0,1014.0728,232.70892,1.0,1027.3148,232.55899,1.0,1037.132,235.65656,1.0,1042.8217,240.53119,1.0,985.8687,260.66922,1.0,988.03925,273.37274,1.0,989.1901,281.87564,1.0,990.2207,288.6683,1.0,979.2334,300.14716,1.0,983.11743,302.54028,1.0,990.5173,301.79578,1.0,996.9735,301.2285,1.0,999.7339,298.1572,1.0,936.7461,263.0998,1.0,943.1263,258.15463,1.0,953.9039,256.4533,1.0,965.7689,261.11533,1.0,956.77386,263.3672,1.0,946.6474,264.82275,1.0,1001.03625,257.82782,1.0,1011.7143,250.9021,1.0,1022.9661,250.57344,1.0,1029.5759,254.4243,1.0,1020.51465,258.14352,1.0,1010.087,258.39975,1.0,968.8234,332.36633,1.0,976.69684,319.22815,1.0,983.81146,314.8314,1.0,991.5275,315.00198,1.0,998.92175,313.50363,1.0,1005.9737,316.7499,1.0,1012.2396,329.68286,1.0,1011.7592,336.6083,1.0,1001.26324,343.75372,1.0,992.08325,345.40903,1.0,983.35486,345.4216,1.0,970.63306,339.93915,1.0,972.0844,331.89124,1.0,986.4482,322.70865,1.0,991.75183,321.95975,1.0,997.4554,321.83575,1.0,1009.02655,329.6823,1.0,997.19354,334.96515,1.0,991.1673,335.58896,1.0,985.29346,335.91653,1.0,950.2803,260.11902,1.0,1016.3238,253.79724,1.0,974.3833,299.75983,0.9957865,981.65045,426.41098,0.99938315,832.02875,420.79385,0.99938315,686.05383,547.2738,0.8404246,872.9664,505.1788,0.9621595,1131.2722,432.0281,0.9997767,1191.4357,673.4572,0.9440885,1105.7595,752.75934,0.9538853,975.66376,923.55,0.97962207,876.4938,927.0542,0.97962207,879.4033,1217.5309,0.051588073,866.2248,1559.5963,0.011852227,1074.8337,920.0457,0.98003715,1080.19,1254.2505,0.046293616,1051.3213,1567.6915,0.010013302,942.9116,269.71558,0.99343914,1007.32965,268.52963,0.9880745,915.1211,278.74936,0.98520595,1031.2177,277.02576,0.9938839,1001.88055,1671.7678,0.010076323,1001.88055,1671.7678,0.010076323,1054.7789,1612.7937,0.010433767,897.13184,1662.1914,0.0060850885,897.13184,1662.1914,0.0060850885,862.5064,1612.7291,0.009337805,1122.3673,754.67554,1.0,1083.529,752.7097,1.0,1051.3636,767.9084,1.0,1033.0657,786.69867,1.0,1022.4863,799.27765,1.0,1059.7346,763.2615,1.0,1049.9888,783.3118,1.0,1040.679,801.9624,1.0,1031.3934,819.3561,1.0,1079.802,771.8074,1.0,1064.4681,811.22253,1.0,1051.0968,840.90515,1.0,1042.1005,863.54095,1.0,1095.4714,782.53357,1.0,1077.2661,821.80725,1.0,1064.6746,845.30286,1.0,1057.2076,861.8388,1.0,1107.8063,792.4108,1.0,1089.573,821.92487,1.0,1077.7814,838.9008,1.0,1068.9216,852.7579,1.0,890.1167,499.66547,1.0,929.29645,485.11615,1.0,969.0582,490.3079,1.0,998.86115,494.09824,1.0,1021.3355,488.77087,1.0,983.329,537.714,1.0,989.28613,572.3096,1.0,993.07,591.34143,1.0,995.588,607.11365,1.0,966.4796,553.5933,1.0,972.6774,588.975,1.0,976.9795,608.97577,1.0,981.8781,624.5746,1.0,945.1575,564.60596,1.0,955.3911,596.2784,1.0,960.8274,615.631,1.0,967.6958,628.894,1.0,923.0266,572.07007,1.0,933.2758,597.422,1.0,939.0069,611.94916,1.0,946.38367,621.5482,1.0
906.92114,269.57153,1.0,908.4402,281.65393,1.0,909.9543,294.6947,1.0,916.8489,316.62848,1.0,924.776,330.56113,1.0,937.53784,345.70984,1.0,947.02856,353.4636,1.0,966.42377,363.53473,1.0,994.7125,366.27695,1.0,1020.88293,358.0543,1.0,1034.9609,344.43732,1.0,1040.6373,335.3445,1.0,1047.8138,318.6968,1.0,1054.6807,295.9852,1.0,1056.2227,281.51886,1.0,1056.2974,268.63925,1.0,1055.6777,256.76172,1.0,922.2318,251.42418,1.0,927.9367,244.94374,1.0,937.2737,240.0813,1.0,951.277,237.87749,1.0,967.9296,237.99585,1.0,1000.10535,235.21442,1.0,1015.6847,232.48936,1.0,1028.8379,232.43039,1.0,1038.4641,235.6109,1.0,1044.0494,240.54515,1.0,987.3628,260.30844,1.0,989.56934,272.95245,1.0,990.7394,281.34512,1.0,991.7309,288.05737,1.0,980.4239,299.5965,1.0,984.3597,301.95767,1.0,991.75714,301.22574,1.0,998.2222,300.73108,1.0,1000.9917,297.6665,1.0,937.81793,262.6239,1.0,944.2717,257.64072,1.0,955.1194,255.96786,1.0,967.03064,260.78094,1.0,957.9394,263.00873,1.0,947.7633,264.4197,1.0,1002.2427,257.57242,1.0,1012.8355,250.61487,1.0,1024.1266,250.30095,1.0,1030.6863,254.24077,1.0,1021.7178,257.9813,1.0,1011.2964,258.22037,1.0,969.62476,332.01822,1.0,977.7224,319.01248,1.0,984.9049,314.6884,1.0,992.6608,314.86765,1.0,1000.0609,313.41327,1.0,1007.005,316.67624,1.0,1013.16327,329.55215,1.0,1012.721,336.56067,1.0,1002.2636,343.74182,1.0,993.084,345.38098,1.0,984.28723,345.35422,1.0,971.5144,339.67355,1.0,972.9194,331.6086,1.0,987.48834,322.6916,1.0,992.84235,321.9789,1.0,998.4967,321.86807,1.0,1009.9067,329.55017,1.0,998.314,334.9145,1.0,992.2897,335.52808,1.0,986.33887,335.7898,1.0,951.31024,259.8119,1.0,1017.3793,253.73909,1.0,976.07666,299.77795,0.995773,982.1619,424.7916,0.99939626,833.11694,416.84158,0.99939626,688.4674,523.0311,0.8509422,886.386,505.77194,0.96527946,1131.2069,432.74158,0.9997721,1190.228,673.156,0.9455721,1104.1405,765.65704,0.9557591,975.4352,927.08575,0.9798818,876.4978,931.8468,0.9798818,877.7435,1230.8416,0.04914619,864.36926,1576.0853,0.01150181,1074.3726,922.32465,0.98015374,1077.5248,1268.0309,0.0434287,1044.747,1586.9009,0.009596232,943.7696,269.08517,0.9933375,1008.2279,268.35922,0.9876764,915.9632,278.7444,0.98541796,1031.1844,276.95224,0.9937943,995.4092,1695.3959,0.009659797,995.4092,1695.3959,0.009659797,1047.1907,1630.5371,0.010051929,893.27203,1679.0096,0.005911418,893.27203,1679.0096,0.005911418,860.8651,1629.7251,0.0091558965,1120.7363,773.93445,1.0,1080.3955,767.3244,1.0,1047.3737,782.1765,1.0,1030.0966,802.5818,1.0,1019.17365,817.96075,1.0,1061.4452,804.6714,1.0,1052.8215,848.5666,1.0,1042.7926,878.1359,1.0,1034.2336,901.0111,1.0,1081.8716,812.8377,1.0,1068.4066,858.23627,1.0,1053.2957,888.1509,1.0,1042.684,910.74786,1.0,1095.5382,818.262,1.0,1077.7399,860.99207,1.0,1061.926,888.9586,1.0,1050.9376,908.68695,1.0,1104.1367,821.458,1.0,1086.614,854.86,1.0,1073.4421,877.44116,1.0,1063.5188,895.35986,1.0,904.69946,500.50845,1.0,945.1427,499.1968,1.0,979.685,517.7842,1.0,1005.9137,530.5477,1.0,1027.916,531.0556,1.0,980.9492,565.22815,1.0,974.3959,602.6739,1.0,971.3317,624.14154,1.0,968.9094,641.70447,1.0,961.23584,574.36273,1.0,953.8618,612.7408,1.0,950.1792,635.44995,1.0,949.34674,653.7916,1.0,937.8046,578.883,1.0,935.9601,615.10547,1.0,934.04193,637.2084,1.0,935.5304,654.32886,1.0,914.63324,579.56586,1.0,915.17346,608.9176,1.0,914.87494,626.79596,1.0,917.51056,641.203,1.0
907.28265,268.86487,1.0,908.6143,280.92184,1.0,910.032,293.9442,1.0,916.90326,315.8842,1.0,924.91235,329.8709,1.0,937.8657,345.14926,1.0,947.4766,352.99396,1.0,967.0342,363.22842,1.0,995.5341,366.18265,1.0,1021.3731,357.91202,1.0,1035.1129,344.29688,1.0,1040.6749,335.20053,1.0,1047.8522,318.6594,1.0,1054.8672,295.9848,1.0,1056.4286,281.61237,1.0,1056.5552,268.77295,1.0,1056.0758,256.92603,1.0,923.35156,250.91547,1.0,929.23456,244.42769,1.0,938.7871,239.55879,1.0,952.91034,237.4083,1.0,969.50977,237.58072,1.0,1001.79517,234.8826,1.0,1017.2965,232.2698,1.0,1030.361,232.3018,1.0,1039.7963,235.56523,1.0,1045.2771,240.55911,1.0,988.8569,259.94763,1.0,991.0995,272.5322,1.0,992.2886,280.81458,1.0,993.241,287.44647,1.0,981.6144,299.04587,1.0,985.6019,301.3751,1.0,992.997,300.6557,1.0,999.4709,300.2337,1.0,1002.24945,297.1758,1.0,938.88983,262.14804,1.0,945.4171,257.12677,1.0,956.33496,255.48244,1.0,968.29236,260.44656,1.0,959.1049,262.65027,1.0,948.87915,264.01663,1.0,1003.4491,257.317,1.0,1013.95667,250.32762,1.0,1025.287,250.02846,1.0,1031.7966,254.05722,1.0,1022.92096,257.81906,1.0,1012.50574,258.04102,1.0,970.42615,331.6701,1.0,978.748,318.79684,1.0,985.99835,314.5454,1.0,993.79407,314.7333,1.0,1001.20013,313.3229,1.0,1008.03625,316.6026,1.0,1014.087,329.42148,1.0,1013.68274,336.51303,1.0,1003.2639,343.72995,1.0,994.08466,345.35297,1.0,985.21967,345.2868,1.0,972.3957,339.408,1.0,973.7543,331.326,1.0,988.52844,322.6745,1.0,993.93286,321.99808,1.0,999.538,321.9004,1.0,1010.7868,329.41806,1.0,999.43445,334.86386,1.0,993.41205,335.46716,1.0,987.3842,335.66302,1.0,952.3402,259.50476,1.0,1018.43475,253.68094,1.0,976.40283,299.07114,0.995993,983.6785,422.6997,0.9994319,836.056,412.3813,0.9994319,692.1107,504.30652,0.86173266,901.0374,504.50662,0.9683492,1131.301,433.0181,0.99977237,1188.6771,672.90314,0.9457335,1101.2009,774.3432,0.95699126,974.9184,929.1462,0.98017776,876.19946,934.97736,0.9802596,876.359,1240.1224,0.045871876,863.4702,1587.2888,0.010810797,1073.6373,923.31494,0.98017776,1076.7343,1278.0421,0.04011466,1037.8918,1596.1392,0.0089211,943.9719,268.1959,0.9936661,1008.4866,266.8632,0.9881272,916.06244,278.6599,0.98627114,1031.1874,276.43066,0.99401724,988.98425,1704.2081,0.009026261,988.98425,1704.2081,0.009026261,1038.36,1638.8082,0.009442816,892.9416,1687.2817,0.005579374,892.9416,1687.2817,0.005579374,859.0855,1640.6106,0.008728945,1106.2667,785.3659,1.0,1067.9324,778.9065,1.0,1041.5505,791.27026,1.0,1028.5795,812.13434,1.0,1018.2813,825.23346,1.0,1057.3346,829.5496,1.0,1043.9695,866.3684,1.0,1033.1635,889.89825,1.0,1024.0797,910.3389,1.0,1073.9209,843.46625,1.0,1058.6094,880.9621,1.0,1045.1116,905.5241,1.0,1034.4067,924.7152,1.0,1083.7451,851.026,1.0,1067.4706,884.8393,1.0,1054.0378,906.8712,1.0,1043.7635,923.2651,1.0,1088.3665,853.2284,1.0,1072.0088,881.1411,1.0,1060.2603,899.6187,1.0,1051.3024,913.73065,1.0,920.8903,499.85443,1.0,958.22253,515.2007,1.0,983.00433,544.311,1.0,1003.28015,564.808,1.0,1023.78503,572.33276,1.0,973.19354,582.52814,1.0,959.20844,626.0638,1.0,951.5245,648.6858,1.0,945.194,666.4984,1.0,952.60114,583.9633,1.0,936.2254,630.49866,1.0,927.23425,654.8146,1.0,922.7491,673.9054,1.0,928.91693,580.56213,1.0,917.47424,625.4934,1.0,910.24774,649.8478,1.0,908.5608,668.9673,1.0,905.4739,573.50616,1.0,898.9861,610.39636,1.0,894.9309,630.50305,1.0,894.95197,647.31836,1.0
907.64417,268.1582,1.0,908.78845,280.18976,1.0,910.1097,293.1937,1.0,916.9577,315.13986,1.0,925.04865,329.1807,1.0,938.1936,344.58865,1.0,947.9247,352.52432,1.0,967.6446,362.92212,1.0,996.3558,366.08835,1.0,1021.8633,357.76974,1.0,1035.2648,344.15643,1.0,1040.7126,335.05655,1.0,1047.8904,318.62198,1.0,1055.0538,295.98444,1.0,1056.6345,281.7059,1.0,1056.813,268.90665,1.0,1056.474,257.09033,1.0,924.4714,250.40675,1.0,930.5324,243.91164,1.0,940.30054,239.03629,1.0,954.5437,236.9391,1.0,971.08997,237.16559,1.0,1003.485,234.55078,1.0,1018.9083,232.05025,1.0,1031.884,232.1732,1.0,1041.1283,235.51956,1.0,1046.5048,240.57309,1.0,990.35095,259.58685,1.0,992.62964,272.1119,1.0,993.8378,280.28403,1.0,994.7512,286.83557,1.0,982.8049,298.4952,1.0,986.8442,300.79248,1.0,994.2369,300.08566,1.0,1000.7196,299.7363,1.0,1003.50726,296.68512,1.0,939.96173,261.67215,1.0,946.5625,256.61285,1.0,957.5505,254.99701,1.0,969.5541,260.1122,1.0,960.27045,262.2918,1.0,949.99506,263.61356,1.0,1004.65546,257.06155,1.0,1015.0779,250.04039,1.0,1026.4474,249.75598,1.0,1032.9071,253.87367,1.0,1024.1241,257.65683,1.0,1013.71515,257.86163,1.0,971.2275,331.32202,1.0,979.77356,318.58118,1.0,987.09174,314.40244,1.0,994.92737,314.59894,1.0,1002.3393,313.23254,1.0,1009.0675,316.52893,1.0,1015.0106,329.29077,1.0,1014.64453,336.46536,1.0,1004.2642,343.71805,1.0,995.0853,345.32495,1.0,986.15204,345.21942,1.0,973.27704,339.1424,1.0,974.58923,331.04337,1.0,989.5686,322.65744,1.0,995.02344,322.01724,1.0,1000.57935,321.9327,1.0,1011.66693,329.28592,1.0,1000.55493,334.8132,1.0,994.53436,335.40628,1.0,988.42957,335.5363,1.0,953.3702,259.19766,1.0,1019.4903,253.62277,1.0,976.4324,298.76416,0.9961838,985.4218,421.8817,0.9994559,839.391,410.02087,0.9994559,695.252,494.92407,0.8707188,905.045,500.377,0.97089976,1131.4526,433.74258,0.9997696,1186.7028,672.77637,0.9472845,1096.6252,778.206,0.9586009,973.22003,933.6288,0.9806234,874.31335,939.2468,0.9809416,871.29865,1248.1954,0.044513013,861.72656,1598.8855,0.010656519,1072.1267,928.0107,0.9806234,1070.2994,1288.2943,0.03786088,1034.5156,1611.7872,0.008510089,944.0342,268.21268,0.9939373,1008.4645,265.90488,0.9885359,916.8874,278.47147,0.98699266,1031.2941,275.68933,0.9942301,981.6895,1726.2609,0.008631638,981.6895,1726.2609,0.008631638,1036.6444,1653.4026,0.0090782745,887.10895,1701.386,0.005531418,887.10895,1701.386,0.005531418,858.35657,1652.1841,0.008737367,1095.4066,795.00055,1.0,1061.5525,784.18256,1.0,1035.8962,794.5333,1.0,1022.9639,813.2412,1.0,1010.4689,826.386,1.0,1045.1576,843.8799,1.0,1029.1886,877.649,1.0,1019.53674,898.28064,1.0,1012.5372,914.9694,1.0,1060.7883,856.6237,1.0,1044.1394,891.752,1.0,1031.807,914.1854,1.0,1022.0067,931.95416,1.0,1071.4674,862.84753,1.0,1056.1777,895.6038,1.0,1045.0465,915.8126,1.0,1035.9518,932.41,1.0,1077.8645,864.2035,1.0,1063.7874,891.031,1.0,1054.6752,907.427,1.0,1046.5189,920.39307,1.0,924.7884,492.84824,1.0,955.4911,520.2812,1.0,978.0606,558.2766,1.0,994.60376,584.95624,1.0,1013.46063,600.18726,1.0,966.53894,574.8867,1.0,950.0193,620.3349,1.0,939.6639,644.2723,1.0,931.99963,662.8144,1.0,945.06934,569.8831,1.0,928.5951,619.2348,1.0,917.7529,646.49023,1.0,910.4756,667.7499,1.0,922.0998,561.9109,1.0,907.97766,608.1109,1.0,899.527,634.6307,1.0,895.51263,655.8095,1.0,899.9314,552.934,1.0,890.35443,590.30255,1.0,885.1269,612.0126,1.0,882.04517,630.64795,1.0
907.90283,268.95676,1.0,909.29083,281.05154,1.0,910.85345,294.07758,1.0,918.262,315.92612,1.0,926.75433,329.80743,1.0,940.2868,345.00824,1.0,950.05945,352.84912,1.0,969.7417,363.284,1.0,998.2855,366.39502,1.0,1023.6491,357.81396,1.0,1036.8337,343.90012,1.0,1042.1106,334.67365,1.0,1049.0768,318.13895,1.0,1056.1156,295.50815,1.0,1057.5398,281.20026,1.0,1057.5613,268.3855,1.0,1057.1576,256.53754,1.0,924.8916,250.87276,1.0,930.94916,244.29349,1.0,940.64746,239.30391,1.0,954.8534,237.02817,1.0,971.4386,237.08119,1.0,1004.07465,234.08366,1.0,1019.4757,231.44577,1.0,1032.4846,231.49873,1.0,1041.7584,234.815,1.0,1047.1146,239.92776,1.0,991.03015,259.69083,1.0,993.4143,272.3649,1.0,994.73145,280.60822,1.0,995.6907,287.20148,1.0,983.9617,298.92004,1.0,987.95514,301.26163,1.0,995.29364,300.50674,1.0,1001.7711,300.1414,1.0,1004.55896,297.06192,1.0,940.62054,262.0294,1.0,947.2412,256.94916,1.0,958.2697,255.29427,1.0,970.3382,260.41516,1.0,961.02576,262.61722,1.0,950.70966,263.95837,1.0,1005.5336,257.22638,1.0,1015.9801,250.11336,1.0,1027.312,249.70984,1.0,1033.9143,253.73471,1.0,1025.1049,257.61478,1.0,1014.59656,257.9325,1.0,972.7816,331.71906,1.0,981.05145,318.89203,1.0,988.3172,314.63983,1.0,996.11957,314.85602,1.0,1003.5201,313.43274,1.0,1010.26044,316.70566,1.0,1016.1219,329.49136,1.0,1016.03613,336.72562,1.0,1005.86694,344.29044,1.0,996.64886,345.99637,1.0,987.67834,345.91266,1.0,974.7652,339.66223,1.0,976.1409,331.43137,1.0,990.9073,322.93948,1.0,996.30164,322.28842,1.0,1001.7482,322.1693,1.0,1012.7621,329.52716,1.0,1001.86725,335.2269,1.0,995.8691,335.89923,1.0,989.8173,336.03845,1.0,954.11456,259.4362,1.0,1020.5087,253.55777,1.0,977.2352,298.7722,0.99632853,987.24664,421.62695,0.99947757,843.13727,409.3638,0.99947757,695.43994,491.61078,0.8787883,906.1699,497.94513,0.97332865,1131.3561,433.89008,0.9997646,1185.4846,672.7336,0.9484715,1091.5558,776.7171,0.9600393,972.2997,933.0706,0.98085654,874.2469,939.21185,0.98148376,869.9766,1249.8999,0.04293787,862.1349,1603.5164,0.010584509,1070.3524,926.9294,0.98085654,1061.3674,1287.5514,0.035708807,1034.9065,1609.7334,0.008201774,944.16864,268.4632,0.9941318,1008.67676,265.65994,0.98875546,917.2933,278.4349,0.98750573,1031.449,275.2561,0.9942971,981.8815,1723.4617,0.008334861,981.8815,1723.4617,0.008334861,1036.7583,1651.372,0.008806804,884.85693,1706.8987,0.00552947,884.85693,1706.8987,0.00552947,860.69775,1657.0806,0.008815879,1089.5978,790.6188,1.0,1057.7112,778.67,1.0,1033.4065,788.172,1.0,1018.03296,806.28204,1.0,1003.1976,820.87494,1.0,1041.6106,836.6532,1.0,1024.5492,871.3847,1.0,1013.7277,892.46423,1.0,1005.6138,910.20337,1.0,1055.8878,850.5892,1.0,1037.8145,887.1328,1.0,1024.087,910.1011,1.0,1013.13617,928.8994,1.0,1065.1927,857.5011,1.0,1048.1915,890.7046,1.0,1035.679,911.1643,1.0,1025.4601,928.1431,1.0,1070.3975,859.6166,1.0,1056.2445,887.69775,1.0,1046.5837,905.1701,1.0,1038.4076,918.7312,1.0,920.4059,478.37015,1.0,948.3078,514.48315,1.0,969.4854,557.513,1.0,986.2831,587.7699,1.0,1006.3966,604.0689,1.0,962.6658,541.41144,1.0,954.59296,564.09204,1.0,945.62445,579.8989,1.0,938.46185,593.7383,1.0,942.8051,529.23615,1.0,932.561,554.2041,1.0,923.4829,573.0321,1.0,917.64526,587.648,1.0,920.9924,518.46796,1.0,910.5533,544.98303,1.0,902.76355,562.7268,1.0,899.32263,576.4929,1.0,898.802,508.54648,1.0,890.111,534.3062,1.0,886.4692,549.0225,1.0,885.0505,561.3632,1.0
908.1615,269.7553,1.0,909.7932,281.9133,1.0,911.59717,294.96146,1.0,919.56635,316.71237,1.0,928.46,330.43417,1.0,942.37994,345.42783,1.0,952.1942,353.17395,1.0,971.8388,363.6459,1.0,1000.2153,366.7017,1.0,1025.4349,357.8582,1.0,1038.4028,343.6438,1.0,1043.5085,334.2907,1.0,1050.2633,317.6559,1.0,1057.1775,295.0319,1.0,1058.4451,280.69464,1.0,1058.3094,267.86438,1.0,1057.8413,255.98474,1.0,925.3118,251.33876,1.0,931.36584,244.67535,1.0,940.9943,239.57153,1.0,955.16315,237.11723,1.0,971.7873,236.99678,1.0,1004.6643,233.61655,1.0,1020.0431,230.84128,1.0,1033.0853,230.82426,1.0,1042.3884,234.11044,1.0,1047.7245,239.28246,1.0,991.7094,259.7948,1.0,994.1989,272.61792,1.0,995.6251,280.9324,1.0,996.6302,287.56735,1.0,985.11847,299.34488,1.0,989.06604,301.7308,1.0,996.35034,300.9278,1.0,1002.8226,300.54648,1.0,1005.6106,297.43875,1.0,941.27936,262.3866,1.0,947.91986,257.2855,1.0,958.9889,255.59152,1.0,971.1223,260.71814,1.0,961.781,262.94263,1.0,951.4242,264.30316,1.0,1006.41174,257.39117,1.0,1016.8824,250.18634,1.0,1028.1768,249.66371,1.0,1034.9216,253.59573,1.0,1026.0857,257.57272,1.0,1015.47797,258.0034,1.0,974.33575,332.1161,1.0,982.3294,319.20285,1.0,989.5426,314.8772,1.0,997.3118,315.11307,1.0,1004.7008,313.63297,1.0,1011.4534,316.8824,1.0,1017.2332,329.69196,1.0,1017.42773,336.98587,1.0,1007.46967,344.86285,1.0,998.21234,346.66782,1.0,989.2046,346.60587,1.0,976.2533,340.18204,1.0,977.69257,331.8194,1.0,992.246,323.2215,1.0,997.57983,322.5596,1.0,1002.91705,322.4059,1.0,1013.85724,329.76837,1.0,1003.1795,335.64062,1.0,997.2038,336.39218,1.0,991.2051,336.54062,1.0,954.85895,259.67474,1.0,1021.52716,253.49275,1.0,978.047,298.4796,0.99648654,987.1783,420.8563,0.99948657,843.2395,407.79614,0.99948657,701.6573,502.98846,0.8834054,901.5998,499.80368,0.9753213,1131.1171,433.91644,0.9997649,1184.4376,671.3122,0.9492878,1087.1017,770.2691,0.96139985,971.4713,929.0253,0.98096186,873.93304,937.0367,0.98160446,870.0519,1245.71,0.040560156,862.45514,1601.3848,0.01032294,1069.0095,921.014,0.98096186,1061.9562,1283.7626,0.033862203,1035.6077,1606.9204,0.00791385,944.4427,268.41193,0.994355,1009.0266,265.31754,0.9891163,917.77216,277.84906,0.98792034,1031.9558,274.82687,0.9944359,982.8812,1720.7468,0.008069966,982.8812,1720.7468,0.008069966,1039.3414,1648.4388,0.008600622,883.2218,1704.9167,0.0054233614,883.2218,1704.9167,0.0054233614,861.7744,1653.6842,0.008759451,1087.0927,781.9368,1.0,1054.8597,769.5619,1.0,1029.3943,778.0556,1.0,1012.9091,795.78656,1.0,999.3988,809.0373,1.0,1038.5513,825.4244,1.0,1020.3126,859.1214,1.0,1008.8575,879.62317,1.0,1000.0416,897.1523,1.0,1052.2622,840.06555,1.0,1031.9814,875.7407,1.0,1017.26404,898.948,1.0,1005.558,918.0886,1.0,1061.3059,847.77423,1.0,1042.4396,880.0261,1.0,1029.0371,900.21326,1.0,1018.2741,916.7157,1.0,1066.1316,850.88525,1.0,1050.6488,877.6206,1.0,1040.1947,894.2017,1.0,1030.909,907.17633,1.0,909.107,525.5227,1.0,931.3324,541.0436,1.0,954.7093,553.15424,1.0,974.3883,564.69714,1.0,992.90967,574.96954,1.0,939.039,519.93463,1.0,952.33075,504.88168,1.0,959.2537,491.63205,1.0,961.5581,482.6615,1.0,922.4952,504.59357,1.0,932.92474,486.6192,1.0,938.0039,472.4693,1.0,937.84216,464.5538,1.0,906.6316,498.02106,1.0,909.93384,479.71768,1.0,916.2359,466.273,1.0,919.1786,459.3327,1.0,891.25555,497.07498,1.0,889.3652,482.06787,1.0,891.72723,470.00162,1.0,892.4179,462.6428,1.0
908.4201,270.55386,1.0,910.2956,282.77505,1.0,912.3409,295.84534,1.0,920.87067,317.49863,1.0,930.16565,331.0609,1.0,944.4731,345.8474,1.0,954.32904,353.49875,1.0,973.93585,364.00778,1.0,1002.145,367.00836,1.0,1027.2208,357.9024,1.0,1039.9718,343.38748,1.0,1044.9065,333.9078,1.0,1051.4497,317.17288,1.0,1058.2394,294.55563,1.0,1059.3502,280.189,1.0,1059.0576,267.34323,1.0,1058.525,255.43195,1.0,925.73206,251.80476,1.0,931.7826,245.05722,1.0,941.3412,239.83917,1.0,955.47284,237.2063,1.0,972.1359,236.91238,1.0,1005.2539,233.14943,1.0,1020.6105,230.2368,1.0,1033.6859,230.1498,1.0,1043.0184,233.4059,1.0,1048.3344,238.63713,1.0,992.3887,259.89877,1.0,994.9836,272.8709,1.0,996.51874,281.2566,1.0,997.5697,287.93326,1.0,986.2753,299.7697,1.0,990.177,302.19995,1.0,997.40704,301.34888,1.0,1003.874,300.95157,1.0,1006.66223,297.81555,1.0,941.93823,262.74384,1.0,948.5986,257.62183,1.0,959.7081,255.88876,1.0,971.9065,261.0211,1.0,962.53625,263.26804,1.0,952.1388,264.64798,1.0,1007.2899,257.55597,1.0,1017.78467,250.25931,1.0,1029.0414,249.61758,1.0,1035.929,253.45677,1.0,1027.0665,257.53067,1.0,1016.3594,258.07425,1.0,975.8899,332.51312,1.0,983.6073,319.5137,1.0,990.768,315.1146,1.0,998.5041,315.37012,1.0,1005.8816,313.83316,1.0,1012.6464,317.0591,1.0,1018.3445,329.89255,1.0,1018.81934,337.2461,1.0,1009.0723,345.43524,1.0,999.7759,347.33926,1.0,990.7309,347.2991,1.0,977.74146,340.70187,1.0,979.24426,332.20743,1.0,993.58466,323.50354,1.0,998.85803,322.83078,1.0,1004.08594,322.64252,1.0,1014.9524,330.0096,1.0,1004.4918,336.05432,1.0,998.5385,336.88513,1.0,992.59283,337.04276,1.0,955.6034,259.9133,1.0,1022.5456,253.42775,1.0,979.24817,297.16977,0.9967049,986.9306,421.016,0.99949604,843.16473,408.03113,0.99949604,708.50336,509.93683,0.8898707,892.7047,490.81033,0.97743946,1130.6964,434.0009,0.99976915,1183.1864,671.21674,0.9509746,1086.3828,764.2404,0.9632993,971.43713,926.3217,0.98132914,873.84406,934.0546,0.9818956,872.1028,1241.0452,0.038588572,863.9754,1593.5842,0.010158417,1069.0302,918.5888,0.98132914,1062.4321,1272.5571,0.03312156,1035.9553,1600.2383,0.007970305,945.789,267.6899,0.99470127,1011.314,264.62283,0.9897198,918.0587,277.297,0.988575,1032.9319,274.55594,0.9947187,983.21826,1712.8501,0.008127387,983.21826,1712.8501,0.008127387,1039.7307,1643.6428,0.008730367,883.6031,1692.8585,0.005338412,883.6031,1692.8585,0.005338412,863.76245,1647.9491,0.00882113,1085.2544,770.62915,1.0,1054.0208,754.7234,1.0,1028.655,758.8299,1.0,1012.01166,774.9815,1.0,998.3518,787.1355,1.0,1037.8909,803.4482,1.0,1019.0821,837.65125,1.0,1006.59186,858.6852,1.0,996.8751,876.1632,1.0,1050.9708,820.50616,1.0,1028.074,856.49054,1.0,1012.3566,879.42316,1.0,1000.37177,897.5227,1.0,1058.8812,830.6657,1.0,1037.2511,862.636,1.0,1022.68915,882.74347,1.0,1011.01385,898.2156,1.0,1063.0801,836.15295,1.0,1045.5608,863.2617,1.0,1033.4873,879.0195,1.0,1022.7207,890.2491,1.0,877.7102,500.7989,1.0,912.6418,514.1156,1.0,945.1584,520.99774,1.0,970.28815,528.59564,1.0,992.0487,538.2809,1.0,945.663,478.53268,1.0,958.54376,454.4781,1.0,964.1077,438.30133,1.0,969.093,423.70596,1.0,924.8408,464.75858,1.0,936.8263,442.7229,1.0,943.3789,427.3019,1.0,949.03015,412.40045,1.0,902.9345,456.50317,1.0,913.8565,436.60724,1.0,921.35297,422.39453,1.0,928.7134,408.64905,1.0,880.8965,453.56693,1.0,889.3314,435.26538,1.0,895.2669,423.9637,1.0,902.7534,412.61255,1.0
908.3838,271.5165,1.0,910.3546,283.80463,1.0,912.53217,296.90347,1.0,921.2633,318.5168,1.0,930.7681,331.94788,1.0,945.4676,346.39734,1.0,955.62274,353.8411,1.0,975.5543,363.91626,1.0,1003.68384,366.5592,1.0,1028.3962,357.48584,1.0,1040.8914,343.22675,1.0,1045.7656,333.92474,1.0,1052.1449,317.39377,1.0,1058.5448,294.96268,1.0,1059.4572,280.6452,1.0,1059.0104,267.82092,1.0,1058.3619,255.89188,1.0,926.36176,252.3891,1.0,932.48706,245.48067,1.0,942.16925,240.0864,1.0,956.4102,237.335,1.0,973.15424,236.98059,1.0,1006.0833,233.18024,1.0,1021.2864,230.2692,1.0,1034.2198,230.22357,1.0,1043.4275,233.56458,1.0,1048.6246,238.84398,1.0,993.3253,260.01273,1.0,996.0751,273.02036,1.0,997.7383,281.47058,1.0,998.8693,288.17554,1.0,987.4285,300.1045,1.0,991.39935,302.52197,1.0,998.59656,301.65295,1.0,1005.0325,301.23483,1.0,1007.7146,298.0612,1.0,942.8331,263.1234,1.0,949.45996,257.79608,1.0,960.55774,255.98769,1.0,972.68317,261.19507,1.0,963.4485,263.47446,1.0,953.11,264.94366,1.0,1008.06146,257.60638,1.0,1018.3701,250.22568,1.0,1029.583,249.60162,1.0,1036.3226,253.60179,1.0,1027.5275,257.62766,1.0,1016.99445,258.1116,1.0,977.6681,332.57797,1.0,985.27264,319.8736,1.0,992.2159,315.55115,1.0,999.77563,315.7969,1.0,1006.9895,314.28812,1.0,1013.5212,317.46378,1.0,1019.1109,330.0037,1.0,1019.71075,337.12527,1.0,1010.38196,345.1697,1.0,1001.30194,347.03748,1.0,992.363,346.9794,1.0,979.60767,340.5041,1.0,980.9577,332.2509,1.0,995.0306,323.8434,1.0,1000.1924,323.18848,1.0,1005.3075,323.01596,1.0,1015.77826,330.11172,1.0,1005.7734,335.92227,1.0,1000.02606,336.72568,1.0,994.1502,336.87073,1.0,956.4385,260.1342,1.0,1022.9448,253.54346,1.0,982.13617,295.96295,0.9968771,986.9155,421.4375,0.99949825,843.0837,408.82303,0.99949825,715.2659,543.3729,0.89444184,882.2903,485.2677,0.9791507,1130.7473,434.05197,0.9997744,1182.8219,671.33203,0.95199424,1087.6263,755.86584,0.96464074,971.9098,925.1155,0.98182726,873.82886,931.99915,0.9822275,872.0267,1238.6958,0.037036236,860.12,1582.9242,0.009939456,1069.9907,918.2318,0.98182726,1062.5305,1271.4437,0.03295339,1034.5526,1597.8794,0.008017837,948.4224,265.95828,0.9949887,1013.8433,263.58926,0.99023384,918.5983,276.91455,0.9891264,1034.2332,274.11774,0.9949907,983.36725,1712.1166,0.008182419,983.36725,1712.1166,0.008182419,1038.0364,1640.6383,0.00890624,881.4048,1682.2118,0.0052293786,881.4048,1682.2118,0.0052293786,857.71985,1635.9364,0.008764177,1088.2423,755.19336,1.0,1060.2155,734.2006,1.0,1034.9288,732.8186,1.0,1017.25604,744.35364,1.0,1002.53394,753.6364,1.0,1041.338,773.29803,1.0,1022.7543,803.6764,1.0,1007.82086,821.9536,1.0,994.9475,837.2491,1.0,1053.2472,791.8192,1.0,1029.5576,825.4312,1.0,1011.10864,845.75775,1.0,996.1517,861.55115,1.0,1060.7422,804.2196,1.0,1038.168,834.5807,1.0,1020.9368,853.1619,1.0,1006.6832,867.6163,1.0,1064.9313,811.0319,1.0,1045.7777,837.3434,1.0,1031.7465,853.1417,1.0,1019.8263,864.2443,1.0,874.18866,484.51236,1.0,918.40497,490.19525,1.0,954.449,486.44788,1.0,980.2809,488.54413,1.0,1005.0386,490.922,1.0,939.4034,450.04007,1.0,944.6764,415.78815,1.0,950.26154,404.90268,1.0,953.1898,400.7703,1.0,916.8199,445.28452,1.0,923.3781,416.23782,1.0,929.6903,405.58398,1.0,935.15234,399.79123,1.0,893.916,445.2973,1.0,899.75793,419.55905,1.0,907.0226,407.30307,1.0,914.683,399.62775,1.0,871.1278,449.6277,1.0,873.27155,432.18228,1.0,877.499,421.8308,1.0,883.31464,413.5108,1.0
908.34753,272.47916,1.0,910.41364,284.83417,1.0,912.72345,297.9616,1.0,921.65594,319.535,1.0,931.3706,332.83487,1.0,946.46204,346.94727,1.0,956.91644,354.18344,1.0,977.1728,363.82474,1.0,1005.2227,366.11008,1.0,1029.5717,357.06927,1.0,1041.811,343.066,1.0,1046.6246,333.9417,1.0,1052.8401,317.61465,1.0,1058.8502,295.36975,1.0,1059.5642,281.10138,1.0,1058.9631,268.2986,1.0,1058.1989,256.3518,1.0,926.9915,252.97345,1.0,933.1916,245.90413,1.0,942.9974,240.33362,1.0,957.3476,237.46371,1.0,974.17255,237.0488,1.0,1006.91266,233.21106,1.0,1021.96234,230.30157,1.0,1034.7537,230.29735,1.0,1043.8365,233.72327,1.0,1048.915,239.05081,1.0,994.262,260.12665,1.0,997.1666,273.16977,1.0,998.9578,281.6846,1.0,1000.16895,288.41782,1.0,988.5818,300.43927,1.0,992.62164,302.84402,1.0,999.7861,301.95703,1.0,1006.1909,301.5181,1.0,1008.7669,298.30682,1.0,943.7281,263.503,1.0,950.3214,257.9703,1.0,961.40735,256.0866,1.0,973.4599,261.36905,1.0,964.36066,263.68088,1.0,954.0812,265.23938,1.0,1008.83307,257.6568,1.0,1018.95557,250.19205,1.0,1030.1245,249.58566,1.0,1036.7164,253.74681,1.0,1027.9884,257.7246,1.0,1017.6296,258.14893,1.0,979.4462,332.6428,1.0,986.938,320.2335,1.0,993.66376,315.98767,1.0,1001.0472,316.2237,1.0,1008.09735,314.74304,1.0,1014.396,317.86844,1.0,1019.8773,330.11484,1.0,1020.60223,337.00446,1.0,1011.69165,344.90417,1.0,1002.828,346.73572,1.0,993.995,346.65967,1.0,981.4739,340.3063,1.0,982.67114,332.29437,1.0,996.4765,324.18326,1.0,1001.5267,323.54614,1.0,1006.529,323.3894,1.0,1016.6042,330.21384,1.0,1007.05493,335.7902,1.0,1001.5136,336.56622,1.0,995.7075,336.6987,1.0,957.2736,260.35507,1.0,1023.3441,253.65916,1.0,985.01746,295.60394,0.99704945,986.84644,422.99625,0.9995057,842.55554,411.6106,0.9995057,721.88715,581.3677,0.8987987,878.10034,486.40976,0.98084265,1131.1373,434.3819,0.9997833,1182.3485,674.4275,0.9539566,1088.3597,737.32434,0.966839,972.70123,927.0177,0.9822108,873.8078,931.9731,0.98238325,871.54047,1237.1139,0.036085907,859.8034,1575.0764,0.009724076,1071.5946,922.06226,0.9822108,1065.1974,1271.3619,0.033696957,1034.7168,1597.5621,0.008183152,950.42255,264.6207,0.9952807,1015.984,263.3691,0.9908082,918.9844,276.8727,0.9897213,1035.1886,274.1132,0.9953113,984.4059,1711.3319,0.008385083,984.4059,1711.3319,0.008385083,1038.2771,1639.426,0.009179838,881.70886,1675.7563,0.0051166336,881.70886,1675.7563,0.0051166336,857.1632,1624.9498,0.00876567,1092.1028,737.4851,1.0,1071.7383,710.8412,1.0,1047.0719,703.2922,1.0,1028.5752,707.64044,1.0,1011.4961,708.48004,1.0,1058.8817,733.99243,1.0,1038.0181,752.99817,1.0,1019.49884,764.0434,1.0,1002.4704,774.0654,1.0,1065.6709,755.5842,1.0,1039.0146,776.81274,1.0,1016.6573,789.3882,1.0,997.3249,799.3778,1.0,1067.7557,771.1686,1.0,1042.1381,792.80786,1.0,1021.25507,805.512,1.0,1003.2946,815.233,1.0,1066.8228,781.16534,1.0,1046.1558,801.5421,1.0,1029.9761,812.6563,1.0,1015.3672,820.8941,1.0,869.74945,491.40332,1.0,912.7838,482.7959,1.0,947.3575,466.906,1.0,974.4572,460.49637,1.0,999.99445,455.99234,1.0,927.448,439.31857,1.0,937.0886,411.95358,1.0,945.2757,397.3399,1.0,953.25336,384.8645,1.0,909.0601,441.33414,1.0,918.9471,417.56622,1.0,928.73016,403.6467,1.0,938.8682,391.78506,1.0,888.98816,447.82404,1.0,898.08563,425.35565,1.0,908.6324,412.19556,1.0,919.83167,401.37878,1.0,868.1209,457.31522,1.0,873.0342,441.17435,1.0,881.2768,432.36432,1.0,891.3789,425.53976,1.0
908.3112,273.4418,1.0,910.47266,285.8637,1.0,912.91473,299.0197,1.0,922.0486,320.55322,1.0,931.9731,333.72186,1.0,947.45654,347.4972,1.0,958.21014,354.52576,1.0,978.79126,363.73322,1.0,1006.76154,365.66092,1.0,1030.7471,356.6527,1.0,1042.7306,342.90527,1.0,1047.4836,333.95865,1.0,1053.5353,317.83554,1.0,1059.1556,295.77682,1.0,1059.6711,281.5576,1.0,1058.9159,268.77628,1.0,1058.0359,256.81174,1.0,927.6212,253.55779,1.0,933.89606,246.32758,1.0,943.82544,240.58084,1.0,958.285,237.59244,1.0,975.19086,237.117,1.0,1007.742,233.24187,1.0,1022.63824,230.33397,1.0,1035.2876,230.37114,1.0,1044.2456,233.88194,1.0,1049.2053,239.25764,1.0,995.19867,260.2406,1.0,998.2581,273.31918,1.0,1000.17737,281.8986,1.0,1001.4686,288.66013,1.0,989.73505,300.77402,1.0,993.844,303.16605,1.0,1000.9756,302.2611,1.0,1007.34937,301.80136,1.0,1009.8193,298.5525,1.0,944.62305,263.8826,1.0,951.18286,258.14456,1.0,962.25696,256.18552,1.0,974.23663,261.543,1.0,965.2729,263.88733,1.0,955.05237,265.53506,1.0,1009.6046,257.7072,1.0,1019.541,250.15842,1.0,1030.6661,249.5697,1.0,1037.1102,253.89182,1.0,1028.4492,257.8216,1.0,1018.2647,258.18628,1.0,981.2244,332.70764,1.0,988.6034,320.59335,1.0,995.11163,316.42422,1.0,1002.3187,316.65048,1.0,1009.20526,315.198,1.0,1015.2708,318.27307,1.0,1020.6437,330.22598,1.0,1021.49365,336.88364,1.0,1013.0013,344.63864,1.0,1004.3541,346.43396,1.0,995.6271,346.33997,1.0,983.34,340.1085,1.0,984.3846,332.33786,1.0,997.9224,324.52313,1.0,1002.861,323.9038,1.0,1007.75055,323.76282,1.0,1017.43005,330.31595,1.0,1008.3365,335.65814,1.0,1003.00116,336.40677,1.0,997.26483,336.52664,1.0,958.1087,260.57596,1.0,1023.74335,253.77489,1.0,987.1374,295.59415,0.9971784,984.765,424.03317,0.9994996,837.9424,413.66513,0.9994996,728.9548,615.0008,0.90105456,873.7226,487.84616,0.9820707,1131.5876,434.40125,0.9997838,1182.0072,676.1964,0.952282,1091.1422,717.72504,0.96652627,972.62976,926.6052,0.98252815,873.56445,930.846,0.98263186,872.44653,1234.4478,0.035004806,860.39044,1572.6626,0.009439379,1071.6952,922.36444,0.98252815,1073.4052,1268.6375,0.034066975,1044.4142,1595.8164,0.00807698,951.15625,264.3026,0.9955148,1017.59265,263.27985,0.9912537,918.9556,276.826,0.99011034,1036.548,274.10236,0.99552906,998.8749,1710.2009,0.008213268,998.8749,1710.2009,0.008213268,1046.9116,1637.0007,0.009122931,882.0746,1674.9901,0.0049413196,882.0746,1674.9901,0.0049413196,857.6366,1622.2163,0.008638065,1092.549,710.2229,1.0,1082.1602,686.73615,1.0,1063.3641,671.5685,1.0,1045.5377,667.7108,1.0,1029.3745,665.0685,1.0,1078.0386,696.55963,1.0,1055.6943,700.315,1.0,1036.448,699.5262,1.0,1020.004,699.03485,1.0,1077.8029,721.18665,1.0,1048.9725,725.6931,1.0,1025.4152,723.64844,1.0,1007.5376,720.2878,1.0,1072.8396,738.9199,1.0,1043.8215,744.1806,1.0,1020.6562,739.6848,1.0,1002.9484,734.4732,1.0,1066.4056,750.1335,1.0,1038.6913,756.88403,1.0,1020.20483,752.8984,1.0,1005.7272,747.14404,1.0,870.3676,500.55984,1.0,909.3974,479.63467,1.0,936.734,456.2452,1.0,961.8648,443.19626,1.0,988.01697,434.3714,1.0,905.8811,424.38873,1.0,915.72424,400.23285,1.0,930.5258,388.32562,1.0,945.7711,378.8482,1.0,889.86316,430.72983,1.0,901.7891,408.15454,1.0,922.5676,401.14413,1.0,942.1587,397.12244,1.0,877.1226,445.83255,1.0,890.9154,428.00467,1.0,913.5718,423.67322,1.0,933.7753,421.02844,1.0,867.9398,466.7293,1.0,881.37463,458.41016,1.0,899.3672,459.2021,1.0,916.54175,462.23755,1.0
907.8041,274.7136,1.0,910.1429,287.00812,1.0,912.71686,300.05432,1.0,921.9407,321.38492,1.0,931.9566,334.46964,1.0,947.6262,348.20346,1.0,958.53296,355.1773,1.0,979.41174,364.53992,1.0,1007.5979,366.59497,1.0,1031.2556,357.34918,1.0,1042.7561,343.28592,1.0,1047.1705,334.2414,1.0,1052.5894,318.00443,1.0,1057.7185,296.0249,1.0,1058.0939,281.9063,1.0,1057.247,269.2319,1.0,1056.5077,257.38367,1.0,927.83154,254.78276,1.0,934.21045,247.50807,1.0,944.24005,241.77101,1.0,958.78766,238.82858,1.0,975.6987,238.39314,1.0,1008.3524,234.54282,1.0,1023.06415,231.59418,1.0,1035.5234,231.5569,1.0,1044.2928,234.97964,1.0,1048.9885,240.31927,1.0,995.71936,261.65454,1.0,998.8788,274.83826,1.0,1000.8469,283.42947,1.0,1002.2063,290.1511,1.0,990.2659,302.09518,1.0,994.4091,304.51248,1.0,1001.52356,303.61816,1.0,1007.92114,303.1323,1.0,1010.43823,299.8912,1.0,944.86725,264.91794,1.0,951.50366,259.13364,1.0,962.6982,257.22742,1.0,974.5915,262.7441,1.0,965.6376,265.15085,1.0,955.38934,266.7554,1.0,1009.6985,259.02078,1.0,1019.60986,251.41125,1.0,1030.7377,250.75592,1.0,1037.1078,255.07755,1.0,1028.4972,259.18732,1.0,1018.25653,259.59323,1.0,981.84094,334.07733,1.0,989.27,322.09497,1.0,995.68524,317.98306,1.0,1002.8778,318.2478,1.0,1009.6008,316.75687,1.0,1015.53937,319.77652,1.0,1020.9308,331.54132,1.0,1021.6364,338.00443,1.0,1013.2221,345.62848,1.0,1004.6967,347.4631,1.0,996.09644,347.41345,1.0,983.97253,341.30057,1.0,984.9192,333.687,1.0,998.4624,326.0324,1.0,1003.30334,325.4589,1.0,1008.17426,325.29303,1.0,1017.7714,331.62354,1.0,1008.5638,336.76334,1.0,1003.2925,337.53085,1.0,997.6629,337.6362,1.0,958.2873,261.6858,1.0,1023.7488,255.04198,1.0,987.43787,295.58786,0.9972788,984.25275,425.85403,0.99947786,836.7057,416.5004,0.99947786,739.5756,637.83545,0.9029995,870.5995,491.3051,0.982606,1131.7997,435.20764,0.9997801,1177.6096,685.99805,0.9521316,1091.5157,687.3028,0.9666636,972.8103,927.8551,0.9831724,873.46625,930.97015,0.9832399,872.287,1235.7188,0.03634492,856.2472,1572.4618,0.009481426,1072.1544,924.74,0.9831724,1074.0101,1269.6713,0.037390385,1044.3843,1596.0673,0.008196083,951.4377,263.8934,0.9957132,1017.9479,263.03848,0.99166375,918.9062,276.81586,0.9903927,1038.0266,274.0949,0.99572694,998.7695,1711.6177,0.008185741,998.7695,1711.6177,0.008185741,1046.2164,1636.7383,0.009112666,878.3269,1674.4546,0.0049190247,878.3269,1674.4546,0.0049190247,852.28937,1621.387,0.008635336,1071.1338,701.1283,1.0,1078.0901,677.83887,1.0,1074.6323,659.6941,1.0,1068.2166,647.9075,1.0,1060.5444,639.59265,1.0,1094.8074,672.4661,1.0,1076.266,655.05383,1.0,1057.7202,642.1806,1.0,1042.3892,631.0295,1.0,1087.879,689.6204,1.0,1061.37,670.6585,1.0,1039.3192,656.6536,1.0,1021.3152,645.2596,1.0,1076.12,703.72174,1.0,1048.1207,687.1014,1.0,1027.5099,672.57764,1.0,1011.0718,660.06415,1.0,1062.4226,713.9363,1.0,1038.708,703.4285,1.0,1022.1311,691.31213,1.0,1009.0987,680.30444,1.0,862.45245,510.18796,1.0,894.62634,479.282,1.0,914.9171,451.10236,1.0,936.06836,432.3377,1.0,955.73096,417.25916,1.0,875.2539,424.3739,1.0,901.6266,403.04428,1.0,923.2156,392.77292,1.0,942.0067,385.25397,1.0,866.9018,439.79718,1.0,900.48956,420.3802,1.0,929.0108,411.58682,1.0,952.4475,405.74924,1.0,867.53094,461.09732,1.0,909.97675,450.19083,1.0,941.4297,449.20898,1.0,964.4127,448.48117,1.0,873.2404,483.79608,1.0,908.59106,479.15222,1.0,929.3925,478.2779,1.0,945.9827,476.39313,1.0
907.297,275.98535,1.0,909.8132,288.15253,1.0,912.51904,301.08893,1.0,921.83276,322.2166,1.0,931.9401,335.21744,1.0,947.79584,348.90973,1.0,958.8558,355.82883,1.0,980.03217,365.34662,1.0,1008.43427,367.52902,1.0,1031.7643,358.04565,1.0,1042.7817,343.66656,1.0,1046.8573,334.52414,1.0,1051.6434,318.1733,1.0,1056.2814,296.27298,1.0,1056.5166,282.25504,1.0,1055.578,269.6875,1.0,1054.9796,257.9556,1.0,928.0419,256.00772,1.0,934.5248,248.68855,1.0,944.6547,242.96118,1.0,959.29034,240.06473,1.0,976.20654,239.66927,1.0,1008.96277,235.84377,1.0,1023.49005,232.85437,1.0,1035.7593,232.74266,1.0,1044.34,236.07733,1.0,1048.7716,241.38089,1.0,996.2401,263.06848,1.0,999.49945,276.3573,1.0,1001.51654,284.96036,1.0,1002.944,291.6421,1.0,990.7969,303.41635,1.0,994.9742,305.85892,1.0,1002.0715,304.97522,1.0,1008.493,304.46323,1.0,1011.0572,301.22995,1.0,945.1114,265.95328,1.0,951.8245,260.12268,1.0,963.1394,258.2693,1.0,974.9464,263.94522,1.0,966.00226,266.41437,1.0,955.7264,267.9757,1.0,1009.79236,260.33435,1.0,1019.67865,252.66408,1.0,1030.8093,251.94214,1.0,1037.1052,256.26324,1.0,1028.5452,260.55304,1.0,1018.24835,261.0002,1.0,982.4574,335.447,1.0,989.93665,323.59656,1.0,996.25885,319.5419,1.0,1003.4369,319.84512,1.0,1009.99634,318.31577,1.0,1015.808,321.27997,1.0,1021.2179,332.85663,1.0,1021.7791,339.1252,1.0,1013.443,346.61835,1.0,1005.0393,348.49225,1.0,996.56573,348.4869,1.0,984.605,342.49265,1.0,985.4538,335.0362,1.0,999.0024,327.54166,1.0,1003.74567,327.01398,1.0,1008.59796,326.82324,1.0,1018.11273,332.93112,1.0,1008.79114,337.86853,1.0,1003.58386,338.65497,1.0,998.061,338.74576,1.0,958.4658,262.79565,1.0,1023.7542,256.30908,1.0,987.94977,296.9576,0.99700403,984.181,427.89374,0.99941176,835.9907,420.34155,0.99941176,758.803,657.8718,0.8965939,868.0072,505.12692,0.97945964,1132.3713,435.44595,0.99976736,1174.7537,692.6288,0.9489689,1091.6791,661.7349,0.9629796,972.66943,927.59503,0.9836591,873.21313,930.449,0.9837152,872.3918,1235.6658,0.036659468,856.2329,1572.3444,0.009327083,1072.1256,924.7411,0.9836591,1076.8604,1267.7037,0.038246166,1044.8441,1589.1564,0.007942861,951.7735,264.1414,0.9953633,1018.2636,263.24948,0.9911903,918.9326,277.3224,0.9892328,1038.6272,274.30902,0.99543655,1001.3005,1705.67,0.0078054,1001.3005,1705.67,0.0078054,1046.1302,1627.214,0.008806439,878.5288,1674.4873,0.004789291,878.5288,1674.4873,0.004789291,852.41693,1620.6656,0.008446301,1084.2345,661.8796,1.0,1098.5359,633.7608,1.0,1095.4292,606.4551,1.0,1081.1838,587.48,1.0,1065.033,577.4863,1.0,1109.8124,627.75195,1.0,1095.6672,605.90375,1.0,1078.6768,590.2793,1.0,1064.561,579.4093,1.0,1095.4484,643.6976,1.0,1073.5796,618.52405,1.0,1056.6827,600.84106,1.0,1045.3849,589.39154,1.0,1078.7871,655.05963,1.0,1055.9349,629.80505,1.0,1042.4037,612.90546,1.0,1034.1488,602.0649,1.0,1061.7467,662.09705,1.0,1043.013,642.5906,1.0,1032.8982,628.2608,1.0,1026.9095,618.6435,1.0,861.6195,517.5862,1.0,865.5502,480.9438,1.0,881.3266,450.46698,1.0,911.97034,436.47925,1.0,937.58014,429.0607,1.0,859.9194,441.3914,1.0,884.23987,409.63943,1.0,906.89343,394.41125,1.0,925.8512,384.08673,1.0,865.2998,461.85013,1.0,897.3383,431.59082,1.0,925.04816,416.57516,1.0,944.71265,407.89807,1.0,878.2381,483.5383,1.0,922.0771,458.63535,1.0,947.6644,447.62363,1.0,962.6626,441.09363,1.0,894.43555,504.18097,1.0,928.90015,484.00156,1.0,938.4985,478.24722,1.0,942.70636,474.44586,1.0
906.7899,277.25714,1.0,909.48346,289.29694,1.0,912.32117,302.12354,1.0,921.72485,323.0483,1.0,931.92365,335.9652,1.0,947.9655,349.616,1.0,959.1786,356.48035,1.0,980.6526,366.1533,1.0,1009.27057,368.46307,1.0,1032.2728,358.7421,1.0,1042.8073,344.0472,1.0,1046.5442,334.8069,1.0,1050.6976,318.34216,1.0,1054.8442,296.52106,1.0,1054.9393,282.60373,1.0,1053.909,270.14313,1.0,1053.4514,258.52753,1.0,928.2522,257.2327,1.0,934.8392,249.86905,1.0,945.06934,244.15135,1.0,959.7931,241.30087,1.0,976.7144,240.9454,1.0,1009.5732,237.14471,1.0,1023.9159,234.11458,1.0,1035.9951,233.92842,1.0,1044.3871,237.17503,1.0,1048.5547,242.4425,1.0,996.7608,264.48245,1.0,1000.1202,277.87637,1.0,1002.1861,286.4912,1.0,1003.68164,293.1331,1.0,991.3278,304.7375,1.0,995.5393,307.20535,1.0,1002.61945,306.33228,1.0,1009.0648,305.79416,1.0,1011.67615,302.5687,1.0,945.3556,266.98862,1.0,952.1454,261.11172,1.0,963.5807,259.31116,1.0,975.3013,265.14633,1.0,966.36694,267.67792,1.0,956.06335,269.19604,1.0,1009.8862,261.64792,1.0,1019.7475,253.91692,1.0,1030.8809,253.12836,1.0,1037.1028,257.44897,1.0,1028.5931,261.91873,1.0,1018.2402,262.40717,1.0,983.0739,336.81668,1.0,990.6033,325.09814,1.0,996.83246,321.10074,1.0,1003.996,321.44247,1.0,1010.39185,319.87466,1.0,1016.07654,322.78342,1.0,1021.505,334.17194,1.0,1021.9219,340.246,1.0,1013.6638,347.6082,1.0,1005.38196,349.5214,1.0,997.0351,349.5604,1.0,985.2374,343.6847,1.0,985.9884,336.38538,1.0,999.54236,329.05093,1.0,1004.188,328.56906,1.0,1009.02167,328.35345,1.0,1018.4541,334.23868,1.0,1009.0185,338.97372,1.0,1003.8752,339.77905,1.0,998.45905,339.85532,1.0,958.64435,263.9055,1.0,1023.75964,257.57617,1.0,988.32574,298.4812,0.9966986,984.67236,430.423,0.9993427,835.4107,425.38358,0.9993427,777.79456,674.44403,0.893906,867.2604,520.67834,0.97872883,1133.9341,435.46243,0.99975985,1172.3135,694.78864,0.95051086,1090.644,625.5464,0.9646523,973.14886,928.668,0.9840957,873.4845,930.5921,0.9840957,873.15015,1235.5933,0.038828105,856.6913,1571.0854,0.009711569,1072.8132,926.744,0.98411995,1077.8798,1267.1473,0.040851556,1045.3018,1583.6385,0.008089834,951.8936,265.97662,0.9950239,1018.2462,264.4887,0.99075913,919.00214,279.23666,0.9882995,1038.5792,274.62183,0.995239,1003.22925,1696.9866,0.007728765,1003.22925,1696.9866,0.007728765,1046.1249,1621.0232,0.008878044,881.6794,1672.516,0.0048789526,881.6794,1672.516,0.0048789526,852.632,1619.5896,0.008704619,1097.3352,622.6308,1.0,1118.9817,589.6828,1.0,1116.226,553.21606,1.0,1094.1512,527.05255,1.0,1069.5215,515.38007,1.0,1124.8174,583.0378,1.0,1115.0684,556.75366,1.0,1099.6334,538.37805,1.0,1086.7329,527.78906,1.0,1103.0177,597.7748,1.0,1085.7892,566.3896,1.0,1074.0464,545.0285,1.0,1069.4546,533.5235,1.0,1081.4543,606.3975,1.0,1063.7491,572.50867,1.0,1057.2975,553.2332,1.0,1057.2258,544.06555,1.0,1061.0708,610.2578,1.0,1047.318,581.7526,1.0,1043.6654,565.2094,1.0,1044.7205,556.9825,1.0,871.1706,532.3726,1.0,863.5387,498.14615,1.0,872.11676,464.1954,1.0,896.41095,444.61725,1.0,917.7966,433.17325,1.0,856.08997,462.70798,1.0,868.20624,428.43616,1.0,886.6175,409.86606,1.0,903.6737,398.0485,1.0,867.67535,481.46298,1.0,894.9618,444.34863,1.0,917.32587,424.392,1.0,933.02344,413.85257,1.0,886.3375,498.34586,1.0,921.99036,462.44122,1.0,934.95483,449.7205,1.0,939.1896,444.3029,1.0,907.9115,513.1841,1.0,936.99756,482.03217,1.0,937.96313,474.87143,1.0,934.3592,472.7871,1.0
906.09393,278.72433,1.0,908.81946,290.91245,1.0,911.7128,303.79846,1.0,921.22485,324.80487,1.0,931.40845,337.74774,1.0,947.4185,351.46344,1.0,958.6179,358.39383,1.0,979.94226,368.09082,1.0,1008.254,370.41196,1.0,1031.0226,360.84784,1.0,1041.6012,346.23758,1.0,1045.4454,337.01807,1.0,1049.8188,320.6223,1.0,1054.1744,298.81335,1.0,1054.4103,284.85202,1.0,1053.5232,272.28928,1.0,1053.1481,260.54044,1.0,927.2111,258.43393,1.0,933.7709,250.9966,1.0,944.0402,245.26367,1.0,958.8819,242.4593,1.0,975.927,242.16133,1.0,1009.0814,238.5126,1.0,1023.58466,235.49673,1.0,1035.7034,235.32881,1.0,1044.2354,238.65161,1.0,1048.3258,244.04565,1.0,996.1372,265.85632,1.0,999.41345,279.37704,1.0,1001.46515,288.1176,1.0,1002.9278,294.89304,1.0,990.35034,306.60284,1.0,994.75793,309.08582,1.0,1001.97784,308.2183,1.0,1008.5028,307.68802,1.0,1011.338,304.43463,1.0,944.48883,268.48334,1.0,951.1832,262.73242,1.0,962.6185,260.85742,1.0,974.55,266.47888,1.0,965.5274,269.03717,1.0,955.2156,270.62,1.0,1009.36383,263.07266,1.0,1019.3352,255.44301,1.0,1030.5662,254.74405,1.0,1036.73,259.0506,1.0,1028.1752,263.3745,1.0,1017.84015,263.8176,1.0,982.7245,338.53336,1.0,990.0955,327.08197,1.0,996.32245,323.1234,1.0,1003.4651,323.4944,1.0,1009.8093,321.89886,1.0,1015.506,324.8183,1.0,1020.6798,336.06436,1.0,1021.0702,341.98212,1.0,1012.8845,349.35342,1.0,1004.66986,351.24985,1.0,996.3759,351.28467,1.0,984.7789,345.3049,1.0,985.6324,338.12088,1.0,999.1773,331.52686,1.0,1003.69055,331.0525,1.0,1008.38983,330.84882,1.0,1017.64404,336.1391,1.0,1008.24243,340.36316,1.0,1003.2206,341.16122,1.0,997.9342,341.21976,1.0,957.8824,265.43332,1.0,1023.47485,259.1329,1.0,988.98065,299.41055,0.99647325,984.72864,432.48877,0.99930316,834.4849,429.5049,0.99930316,796.2333,690.7999,0.8781744,867.34247,534.5719,0.97701657,1134.9724,435.4726,0.9997575,1168.9822,698.97864,0.94916934,1090.2552,604.10944,0.9653218,973.8311,928.6838,0.9839217,874.55756,930.4862,0.9839217,878.5338,1235.6368,0.03941338,857.5135,1571.7555,0.009726398,1073.1047,926.88135,0.9840423,1077.8185,1266.811,0.04039523,1044.1213,1579.7992,0.007971235,952.49347,266.85245,0.9948176,1018.24,265.4248,0.9904685,919.0931,280.41412,0.9877186,1038.5881,274.9746,0.9950587,1003.1217,1687.5399,0.0075848787,1003.1217,1687.5399,0.0075848787,1043.9014,1618.2253,0.00880903,889.8235,1672.5906,0.0048628943,889.8235,1672.5906,0.0048628943,852.81744,1620.78,0.008681997,1099.6129,603.36566,1.0,1120.3467,568.4303,1.0,1120.7368,532.08594,1.0,1098.7134,506.03418,1.0,1077.663,494.49054,1.0,1126.4866,555.7877,1.0,1125.2784,531.168,1.0,1115.9447,511.7695,1.0,1107.8912,498.8976,1.0,1102.3641,565.4172,1.0,1091.6193,535.2276,1.0,1085.5343,511.84998,1.0,1084.0768,502.0019,1.0,1079.8911,571.1167,1.0,1068.9603,536.9154,1.0,1070.6783,520.50433,1.0,1076.0476,518.94586,1.0,1058.155,574.6468,1.0,1050.5829,541.07043,1.0,1054.3501,526.7997,1.0,1061.5088,525.65704,1.0,876.79865,544.77,1.0,863.2627,511.6685,1.0,873.9141,476.1869,1.0,901.6539,456.85132,1.0,924.33014,449.23892,1.0,857.3579,484.52258,1.0,860.0491,448.84393,1.0,874.2493,427.40872,1.0,889.9138,413.2684,1.0,874.35516,499.6847,1.0,894.7008,457.25903,1.0,912.0667,433.27914,1.0,925.892,419.69406,1.0,896.83563,512.1662,1.0,924.9994,465.70428,1.0,921.405,462.39975,1.0,913.2979,469.92908,1.0,920.3513,520.8974,1.0,942.2189,480.56863,1.0,934.188,476.5423,1.0,924.7525,482.54877,1.0
905.39795,280.19153,1.0,908.15546,292.52795,1.0,911.10443,305.47342,1.0,920.7249,326.56143,1.0,930.89325,339.5303,1.0,946.87146,353.31088,1.0,958.0572,360.30728,1.0,979.232,370.02832,1.0,1007.2374,372.36084,1.0,1029.7722,362.95355,1.0,1040.395,348.42798,1.0,1044.3468,339.22925,1.0,1048.94,322.90247,1.0,1053.5048,301.10568,1.0,1053.8812,287.1003,1.0,1053.1373,274.43546,1.0,1052.8446,262.55334,1.0,926.1701,259.63513,1.0,932.7025,252.12415,1.0,943.0111,246.376,1.0,957.9707,243.61772,1.0,975.1396,243.37727,1.0,1008.58966,239.88051,1.0,1023.2534,236.87888,1.0,1035.4117,236.7292,1.0,1044.0836,240.1282,1.0,1048.0968,245.64879,1.0,995.5136,267.2302,1.0,998.7068,280.87772,1.0,1000.74426,289.744,1.0,1002.17395,296.65295,1.0,989.37286,308.46817,1.0,993.97656,310.9663,1.0,1001.3363,310.10428,1.0,1007.9408,309.58188,1.0,1010.9998,306.3006,1.0,943.6221,269.97806,1.0,950.2211,264.35312,1.0,961.65643,262.40366,1.0,973.7987,267.81143,1.0,964.6879,270.39645,1.0,954.36786,272.04398,1.0,1008.84143,264.49738,1.0,1018.92285,256.9691,1.0,1030.2513,256.35974,1.0,1036.3572,260.65222,1.0,1027.7573,264.83026,1.0,1017.4401,265.228,1.0,982.37506,340.25003,1.0,989.5877,329.0658,1.0,995.8125,325.14606,1.0,1002.93427,325.5463,1.0,1009.2268,323.9231,1.0,1014.9355,326.85318,1.0,1019.8547,337.95676,1.0,1020.2185,343.7182,1.0,1012.10516,351.09866,1.0,1003.9578,352.97827,1.0,995.7168,353.00894,1.0,984.3203,346.92508,1.0,985.27637,339.85638,1.0,998.81226,334.00278,1.0,1003.1931,333.5359,1.0,1007.75806,333.34418,1.0,1016.834,338.0395,1.0,1007.4664,341.75262,1.0,1002.566,342.54343,1.0,997.40936,342.5842,1.0,957.1204,266.96112,1.0,1023.19,260.6896,1.0,989.7065,300.10074,0.9963877,984.23944,434.5364,0.9992915,833.4334,434.1666,0.9992915,813.59924,698.6658,0.8704262,870.18317,545.33636,0.9763049,1135.0454,434.9062,0.99975586,1164.1145,701.1507,0.94913465,1090.3983,586.2492,0.9663659,974.6972,928.1367,0.98420215,875.5219,929.3714,0.98420215,886.31635,1235.7173,0.0396887,863.2306,1572.8127,0.009770724,1073.8724,926.9021,0.9842317,1078.2291,1266.8289,0.03962702,1044.4858,1578.5582,0.0077538514,952.73157,267.59326,0.99481785,1018.258,266.41974,0.990462,919.09467,281.17038,0.9876547,1038.5891,275.23108,0.9949995,1006.4668,1683.8857,0.007311244,1006.4668,1683.8857,0.007311244,1043.9905,1617.4781,0.008671304,901.5734,1672.6166,0.0048633465,901.5734,1672.6166,0.0048633465,856.6641,1622.7981,0.008708868,1100.8082,584.4019,1.0,1120.6398,552.7437,1.0,1131.252,518.3282,1.0,1121.4484,489.36356,1.0,1104.2214,476.9461,1.0,1128.8568,539.78876,1.0,1129.7456,515.4921,1.0,1119.8392,494.47018,1.0,1111.5881,479.7971,1.0,1105.0273,549.8468,1.0,1097.0608,516.30963,1.0,1089.2758,489.2186,1.0,1086.4747,478.27194,1.0,1081.0487,555.06244,1.0,1071.503,518.249,1.0,1071.8013,497.2151,1.0,1077.1003,494.11792,1.0,1058.2817,557.3914,1.0,1053.2809,522.0871,1.0,1057.2842,504.88202,1.0,1065.4991,501.96753,1.0,886.0991,549.7549,1.0,867.1678,519.4541,1.0,870.32324,484.38934,1.0,887.2579,459.32144,1.0,905.8125,446.04037,1.0,864.6638,497.47562,1.0,865.6646,464.50385,1.0,876.9654,442.14792,1.0,889.939,426.95526,1.0,885.99146,508.478,1.0,903.6235,465.01144,1.0,915.9034,440.8589,1.0,924.523,427.94513,1.0,909.44604,516.20557,1.0,928.8341,469.6879,1.0,923.61566,462.6078,1.0,914.9391,468.50864,1.0,931.9782,521.2673,1.0,946.60614,480.34363,1.0,937.2987,473.09067,1.0,927.1902,477.52008,1.0
904.7019,281.6587,1.0,907.49146,294.1435,1.0,910.4961,307.14835,1.0,920.225,328.31802,1.0,930.37805,341.31284,1.0,946.32446,355.15833,1.0,957.4965,362.22073,1.0,978.52167,371.96582,1.0,1006.2208,374.3097,1.0,1028.522,365.0593,1.0,1039.189,350.61835,1.0,1043.2482,341.44043,1.0,1048.0612,325.1826,1.0,1052.8351,303.39798,1.0,1053.352,289.3486,1.0,1052.7513,276.5816,1.0,1052.5413,264.56622,1.0,925.129,260.83636,1.0,931.6342,253.2517,1.0,941.982,247.48834,1.0,957.0596,244.77615,1.0,974.3522,244.59322,1.0,1008.0979,241.2484,1.0,1022.9222,238.26103,1.0,1035.12,238.1296,1.0,1043.932,241.6048,1.0,1047.8679,247.25192,1.0,994.89,268.60406,1.0,998.0001,282.37836,1.0,1000.0234,291.37036,1.0,1001.42004,298.4129,1.0,988.39545,310.3335,1.0,993.1952,312.84677,1.0,1000.6947,311.9903,1.0,1007.3788,311.47574,1.0,1010.6617,308.16653,1.0,942.7553,271.47278,1.0,949.25903,265.9738,1.0,960.69434,263.94992,1.0,973.0474,269.144,1.0,963.84845,271.7557,1.0,953.5201,273.46796,1.0,1008.31903,265.92212,1.0,1018.51056,258.49518,1.0,1029.9365,257.97546,1.0,1035.9844,262.25385,1.0,1027.3394,266.28604,1.0,1017.04016,266.6384,1.0,982.02563,341.9667,1.0,989.07996,331.04962,1.0,995.3025,327.16873,1.0,1002.40344,327.5982,1.0,1008.6443,325.9473,1.0,1014.3649,328.8881,1.0,1019.0295,339.84918,1.0,1019.3668,345.4543,1.0,1011.32587,352.84393,1.0,1003.2458,354.70673,1.0,995.0576,354.7332,1.0,983.8617,348.54526,1.0,984.9204,341.59186,1.0,998.4472,336.4787,1.0,1002.6957,336.01932,1.0,1007.1262,335.83954,1.0,1016.0239,339.9399,1.0,1006.69025,343.14206,1.0,1001.9114,343.92563,1.0,996.88446,343.94864,1.0,956.35846,268.48892,1.0,1022.9052,262.24634,1.0,990.64856,301.94833,0.99604505,983.2525,435.35406,0.9992567,831.4605,436.47266,0.9992567,826.25323,704.1604,0.84792906,878.8933,551.98065,0.9711023,1135.0444,434.23544,0.99975395,1158.4095,702.4236,0.94577193,1087.4701,567.066,0.96520245,975.8664,928.0758,0.9842454,877.0603,929.0729,0.9842454,886.3683,1235.689,0.038747016,863.71814,1573.0619,0.009425088,1074.6725,927.0787,0.98430127,1079.1866,1266.3285,0.037962053,1044.286,1577.8975,0.007353545,953.00867,269.6554,0.9945236,1018.24927,268.76666,0.9899766,919.0159,282.51465,0.98687536,1038.084,275.98114,0.9946965,1006.4114,1682.5327,0.006908703,1006.4114,1682.5327,0.006908703,1043.2667,1616.8054,0.008294715,903.2373,1672.6156,0.0046992605,903.2373,1672.6156,0.0046992605,856.8984,1622.9717,0.008447737,1095.0513,570.8296,1.0,1118.4264,538.8128,1.0,1127.8992,503.376,1.0,1122.1361,475.45706,1.0,1106.0441,463.78693,1.0,1121.2244,524.18506,1.0,1118.913,495.58203,1.0,1112.44,476.52582,1.0,1107.8447,466.52618,1.0,1096.7158,533.3378,1.0,1084.8993,494.868,1.0,1082.478,471.3912,1.0,1084.8373,465.63068,1.0,1073.3312,538.924,1.0,1061.4813,497.9488,1.0,1066.1696,479.2459,1.0,1075.936,479.43613,1.0,1053.0024,542.09406,1.0,1047.0775,503.93246,1.0,1053.2067,487.7908,1.0,1063.0453,487.36407,1.0,898.3246,553.2495,1.0,878.99,523.57935,1.0,877.8121,490.20572,1.0,889.3269,464.42978,1.0,905.31604,450.43356,1.0,876.71796,503.62018,1.0,876.2462,475.30084,1.0,883.8331,453.64923,1.0,892.98395,437.08575,1.0,898.53046,512.7734,1.0,913.40173,474.46384,1.0,923.09644,448.99762,1.0,929.9296,432.03226,1.0,922.0827,519.57196,1.0,938.556,477.54364,1.0,932.09607,467.48517,1.0,923.6866,470.58017,1.0,944.2462,523.9339,1.0,955.4472,484.22464,1.0,945.238,475.5921,1.0,935.30945,479.17648,1.0
903.7034,283.35516,1.0,906.6436,295.92517,1.0,909.8085,309.04984,1.0,919.7049,330.3835,1.0,929.903,343.43802,1.0,945.90027,357.2171,1.0,957.1516,364.1197,1.0,978.25116,373.52988,1.0,1005.71234,375.60028,1.0,1027.8142,366.48282,1.0,1038.3851,352.20193,1.0,1042.2219,343.04303,1.0,1046.5083,326.6525,1.0,1050.9265,304.79044,1.0,1051.3632,290.73184,1.0,1050.7811,277.95874,1.0,1050.6449,265.93652,1.0,923.76746,262.58423,1.0,930.3195,255.03474,1.0,940.76514,249.27011,1.0,955.8851,246.54065,1.0,973.21155,246.26726,1.0,1006.77527,242.84343,1.0,1021.5691,239.85954,1.0,1033.7303,239.68115,1.0,1042.5121,243.13832,1.0,1046.4463,248.73303,1.0,993.92267,270.37152,1.0,997.399,284.3043,1.0,999.6941,293.37982,1.0,1001.2386,300.43143,1.0,987.77924,312.4028,1.0,992.6636,314.87863,1.0,1000.3408,313.98468,1.0,1007.13715,313.3428,1.0,1010.50635,309.96713,1.0,941.5914,273.44998,1.0,948.1328,267.85065,1.0,959.7293,265.74057,1.0,972.2115,271.11926,1.0,963.0621,273.81595,1.0,952.6117,275.52466,1.0,1007.18933,267.823,1.0,1017.36145,260.18048,1.0,1028.752,259.6629,1.0,1034.7251,264.0205,1.0,1026.1179,268.14505,1.0,1015.8666,268.53973,1.0,981.174,343.91965,1.0,988.44495,333.13684,1.0,994.8616,329.17078,1.0,1002.0452,329.545,1.0,1008.4469,327.82382,1.0,1014.1153,330.7369,1.0,1018.7293,341.4223,1.0,1019.02686,346.86377,1.0,1011.0868,353.98044,1.0,1003.21295,355.82758,1.0,995.0891,355.9371,1.0,983.6678,350.18753,1.0,984.0521,343.5033,1.0,997.9858,338.8224,1.0,1002.34955,338.34088,1.0,1006.83984,338.07828,1.0,1015.85846,341.54477,1.0,1006.5708,344.32617,1.0,1001.8154,345.0923,1.0,996.7728,345.19565,1.0,955.78284,270.42044,1.0,1021.6694,264.01312,1.0,991.92,303.90543,0.9954956,983.09644,436.06613,0.99922407,831.2508,438.0945,0.99922407,836.7852,705.42334,0.80154645,898.3845,553.11523,0.95585126,1134.942,434.03772,0.9997468,1148.377,703.24756,0.9272598,1075.7258,546.39703,0.9515345,976.2642,928.02936,0.9838452,877.8511,928.94415,0.9838452,886.38544,1237.0398,0.037170053,864.7993,1574.4587,0.008900829,1074.6774,927.1146,0.98389924,1079.6993,1268.0168,0.036195196,1044.6483,1578.2955,0.006935459,953.1453,270.95926,0.99401826,1018.4065,271.1763,0.9889957,918.91833,283.4504,0.9857127,1038.0918,277.2915,0.9940074,1006.2078,1682.4315,0.006548985,1006.2078,1682.4315,0.006548985,1044.0773,1617.1421,0.0078246035,907.0053,1673.0319,0.0044814614,907.0053,1673.0319,0.0044814614,857.66736,1623.9319,0.007967962,1080.6088,562.69055,1.0,1108.1743,532.23517,1.0,1115.0597,492.2556,1.0,1099.6659,463.64484,1.0,1078.7953,456.8103,1.0,1106.9185,514.40967,1.0,1093.5438,480.0436,1.0,1091.8003,468.6449,1.0,1094.6796,465.0927,1.0,1080.0266,524.114,1.0,1064.714,481.11975,1.0,1068.4177,463.43762,1.0,1075.6887,461.64667,1.0,1056.1296,529.0573,1.0,1045.0304,482.82138,1.0,1054.5323,471.10184,1.0,1065.9318,476.2686,1.0,1036.2738,530.42633,1.0,1033.9425,490.6814,1.0,1043.6489,479.1882,1.0,1053.2416,480.5922,1.0,913.24976,554.2148,1.0,892.88745,524.0074,1.0,890.1347,487.93845,1.0,899.84686,458.57144,1.0,912.9479,440.367,1.0,894.3914,506.9086,1.0,899.92035,479.2331,1.0,906.2244,458.9679,1.0,913.24286,443.66248,1.0,918.3989,515.9928,1.0,933.40894,476.93497,1.0,940.82294,452.13434,1.0,945.0142,437.24255,1.0,942.2085,521.9068,1.0,954.873,477.76477,1.0,948.4063,467.2223,1.0,940.41016,472.24405,1.0,963.54425,524.6151,1.0,969.5368,483.09067,1.0,960.1759,474.08658,1.0,951.67267,479.89224,1.0
902.70496,285.05164,1.0,905.7957,297.70688,1.0,909.12085,310.95135,1.0,919.1848,332.449,1.0,929.42804,345.5632,1.0,945.4761,359.2759,1.0,956.8067,366.01865,1.0,977.98065,375.0939,1.0,1005.20386,376.89087,1.0,1027.1066,367.90637,1.0,1037.5814,353.78552,1.0,1041.1958,344.64566,1.0,1044.9553,328.12238,1.0,1049.018,306.1829,1.0,1049.3741,292.11505,1.0,1048.8109,279.33585,1.0,1048.7485,267.3068,1.0,922.40594,264.33206,1.0,929.0048,256.81778,1.0,939.5482,251.0519,1.0,954.71063,248.30516,1.0,972.0709,247.94131,1.0,1005.4526,244.43845,1.0,1020.21594,241.45805,1.0,1032.3406,241.23273,1.0,1041.0922,244.67184,1.0,1045.0247,250.21416,1.0,992.95526,272.13895,1.0,996.7979,286.2302,1.0,999.3648,295.38925,1.0,1001.05707,302.44995,1.0,987.16296,314.4721,1.0,992.132,316.91046,1.0,999.98694,315.97906,1.0,1006.8955,315.20987,1.0,1010.3511,311.76773,1.0,940.4275,275.4272,1.0,947.00665,269.7275,1.0,958.7643,267.53122,1.0,971.37555,273.09454,1.0,962.27576,275.87616,1.0,951.70325,277.5814,1.0,1006.05963,269.72388,1.0,1016.2123,261.86578,1.0,1027.5673,261.35034,1.0,1033.4658,265.78717,1.0,1024.8965,270.00406,1.0,1014.69305,270.4411,1.0,980.3224,345.87256,1.0,987.80994,335.22406,1.0,994.42065,331.1728,1.0,1001.687,331.49182,1.0,1008.2495,329.70035,1.0,1013.8656,332.5857,1.0,1018.4292,342.99542,1.0,1018.6869,348.27325,1.0,1010.8477,355.11694,1.0,1003.1802,356.94843,1.0,995.1206,357.141,1.0,983.4738,351.8298,1.0,983.18384,345.41473,1.0,997.52435,341.16605,1.0,1002.0034,340.6624,1.0,1006.55347,340.31705,1.0,1015.69293,343.14966,1.0,1006.4513,345.51028,1.0,1001.7194,346.25894,1.0,996.66113,346.44266,1.0,955.2072,272.35193,1.0,1020.4336,265.7799,1.0,994.1377,305.21222,0.9952663,982.8335,436.58896,0.9991762,830.8954,439.50098,0.9991762,840.2406,703.9604,0.7750747,915.867,554.82465,0.9322439,1134.7716,433.67694,0.99973935,1144.4238,702.7215,0.9201189,1065.8224,547.6107,0.93995625,976.84827,927.08234,0.9843534,878.84827,927.605,0.9843534,886.9196,1235.9746,0.037228074,864.82697,1573.3934,0.008489978,1074.8483,926.5597,0.98437613,1079.3041,1266.0485,0.03533945,1042.085,1575.5249,0.0065400163,954.3632,272.2671,0.9938071,1018.53564,272.62985,0.98864573,918.9205,284.70847,0.9848217,1037.1953,278.07483,0.99369764,1006.10297,1675.1703,0.0061709248,1006.10297,1675.1703,0.0061709248,1039.2754,1614.416,0.0074043116,907.9449,1670.7797,0.0043080053,907.9449,1670.7797,0.0043080053,857.61865,1622.129,0.0075845625,1064.0306,561.22705,1.0,1089.6144,528.1449,1.0,1092.551,487.38962,1.0,1077.2377,458.83792,1.0,1057.1118,456.6516,1.0,1082.3491,506.2648,1.0,1069.6858,465.72076,1.0,1069.7015,461.95935,1.0,1073.6057,467.50726,1.0,1057.6858,517.7224,1.0,1041.1697,472.571,1.0,1045.5931,459.78397,1.0,1052.5559,461.44498,1.0,1035.6422,524.37854,1.0,1022.058,479.1841,1.0,1032.03,468.93723,1.0,1042.2771,472.29907,1.0,1018.5379,527.1833,1.0,1013.1044,490.59692,1.0,1021.44403,480.50912,1.0,1028.9404,480.20865,1.0,929.0601,559.99097,1.0,910.85474,526.90796,1.0,910.5579,490.29764,1.0,921.66003,460.67874,1.0,935.751,443.86807,1.0,915.0115,511.94247,1.0,920.1503,485.05453,1.0,925.6772,464.81903,1.0,931.7763,448.22122,1.0,940.32605,520.7005,1.0,955.68396,482.57358,1.0,962.27966,456.16425,1.0,965.7678,437.49612,1.0,964.06726,525.0612,1.0,975.7268,479.95398,1.0,968.57336,469.74503,1.0,960.2488,474.106,1.0,983.6031,525.51904,1.0,988.2061,483.89053,1.0,977.8783,475.51968,1.0,968.76056,481.1392,1.0
901.7065,286.74808,1.0,904.9479,299.4886,1.0,908.4332,312.85284,1.0,918.6648,334.5145,1.0,928.953,347.6884,1.0,945.0519,361.3347,1.0,956.46173,367.9176,1.0,977.7101,376.65796,1.0,1004.6954,378.18146,1.0,1026.3989,369.32993,1.0,1036.7776,355.3691,1.0,1040.1696,346.2483,1.0,1043.4023,329.59225,1.0,1047.1093,307.57535,1.0,1047.3851,293.49826,1.0,1046.8406,280.71295,1.0,1046.8522,268.67706,1.0,921.0444,266.07993,1.0,927.69006,258.60083,1.0,938.33136,252.83368,1.0,953.5362,250.06966,1.0,970.9303,249.61536,1.0,1004.1299,246.03346,1.0,1018.86285,243.05656,1.0,1030.9509,242.78429,1.0,1039.6724,246.20535,1.0,1043.603,251.69527,1.0,991.9879,273.9064,1.0,996.19684,288.1561,1.0,999.0355,297.3987,1.0,1000.87555,304.46848,1.0,986.54675,316.54144,1.0,991.6004,318.9423,1.0,999.63306,317.97345,1.0,1006.65393,317.07693,1.0,1010.19574,313.56833,1.0,939.26355,277.4044,1.0,945.88043,271.60437,1.0,957.79926,269.32187,1.0,970.5396,275.06982,1.0,961.4894,277.9364,1.0,950.79486,279.6381,1.0,1004.92993,271.62476,1.0,1015.0631,263.5511,1.0,1026.3826,263.03778,1.0,1032.2067,267.55383,1.0,1023.67505,271.86307,1.0,1013.5195,272.34244,1.0,979.47076,347.8255,1.0,987.1749,337.31125,1.0,993.97974,333.1748,1.0,1001.32886,333.4386,1.0,1008.0521,331.57687,1.0,1013.6159,334.4345,1.0,1018.1291,344.56854,1.0,1018.34686,349.6827,1.0,1010.60864,356.25345,1.0,1003.14734,358.06927,1.0,995.15216,358.3449,1.0,983.27985,353.47208,1.0,982.31555,347.32617,1.0,997.06287,343.50974,1.0,1001.6573,342.98398,1.0,1006.2671,342.5558,1.0,1015.52747,344.75455,1.0,1006.3318,346.6944,1.0,1001.6235,347.4256,1.0,996.5495,347.68967,1.0,954.6316,274.28345,1.0,1019.1978,267.54666,1.0,994.9149,306.7936,0.9953132,982.71014,437.27484,0.9991197,830.6868,440.84772,0.9991197,845.0186,702.1194,0.7400204,925.5934,555.4416,0.8877754,1134.7334,433.70197,0.9997367,1140.9526,702.29865,0.9070304,1056.6299,551.4766,0.9175328,977.9321,926.81915,0.9843933,880.6505,927.29474,0.9843933,887.06305,1235.7915,0.036649253,864.94086,1570.2325,0.007960728,1075.2137,926.34357,0.9845158,1079.5916,1266.2109,0.03499742,1042.4727,1574.7338,0.006161777,954.6485,273.36484,0.9939064,1018.67773,274.73947,0.9889267,918.6598,286.1147,0.9848666,1036.6552,279.97223,0.9938099,1006.20575,1670.542,0.0058306707,1006.20575,1670.542,0.0058306707,1039.8066,1613.8036,0.0069505963,909.1852,1665.5189,0.0040838844,909.1852,1665.5189,0.0040838844,857.6405,1617.2854,0.0070986645,1049.7084,561.1842,1.0,1074.9797,526.1592,1.0,1075.5787,484.94547,1.0,1059.6791,457.6053,1.0,1041.3732,455.074,1.0,1060.7828,507.3412,1.0,1044.3989,466.04105,1.0,1048.5239,456.9457,1.0,1055.2302,457.97482,1.0,1036.163,518.3426,1.0,1022.54517,474.049,1.0,1030.5892,459.5375,1.0,1039.3396,459.40723,1.0,1016.3244,524.5205,1.0,1009.5049,480.65427,1.0,1020.95044,469.0255,1.0,1030.8064,470.0752,1.0,1002.58356,527.1686,1.0,1000.9913,492.3594,1.0,1011.36395,480.24902,1.0,1019.67957,478.90967,1.0,938.7816,559.71875,1.0,920.021,527.7317,1.0,921.42975,493.2451,1.0,934.39594,465.45395,1.0,947.75995,449.5005,1.0,925.5164,509.33423,1.0,932.3866,480.98828,1.0,939.06616,460.41138,1.0,945.8092,444.44064,1.0,949.605,518.09955,1.0,964.3822,481.56357,1.0,970.7937,455.72812,1.0,973.7992,437.50217,1.0,971.9054,523.0165,1.0,984.4544,481.64462,1.0,977.1689,471.1842,1.0,968.2693,473.37756,1.0,989.29376,523.78705,1.0,995.02625,485.14215,1.0,985.6519,475.17847,1.0,976.64624,477.9678,1.0
901.9096,287.52698,1.0,905.09814,300.15512,1.0,908.5349,313.4386,1.0,918.6778,334.92987,1.0,928.9224,348.0408,1.0,944.95087,361.74133,1.0,956.3599,368.44827,1.0,977.6451,377.34186,1.0,1004.7073,378.9949,1.0,1026.3917,370.1954,1.0,1036.5641,356.20648,1.0,1039.8999,347.03824,1.0,1043.1831,330.37103,1.0,1046.9539,308.4154,1.0,1047.2421,294.37448,1.0,1046.7076,281.60703,1.0,1046.7833,269.63333,1.0,921.31836,267.1177,1.0,927.94366,259.7016,1.0,938.55524,253.98018,1.0,953.6927,251.22847,1.0,971.0589,250.75626,1.0,1004.2787,247.29227,1.0,1018.9981,244.35681,1.0,1031.0226,244.10039,1.0,1039.68,247.5148,1.0,1043.5936,252.94968,1.0,992.0578,275.10266,1.0,996.22626,289.49084,1.0,999.09326,298.8168,1.0,1000.9356,305.942,1.0,986.5022,317.8704,1.0,991.58997,320.23376,1.0,999.66,319.26556,1.0,1006.82056,318.39487,1.0,1010.41296,314.9214,1.0,939.4443,278.51822,1.0,945.9841,272.73364,1.0,957.90674,270.42422,1.0,970.66406,276.26373,1.0,961.71295,279.06793,1.0,951.0057,280.7492,1.0,1005.2559,272.86658,1.0,1015.2268,264.753,1.0,1026.5762,264.22458,1.0,1032.4392,268.749,1.0,1023.82306,273.0723,1.0,1013.6814,273.54764,1.0,980.32294,348.7165,1.0,987.5362,338.51593,1.0,994.1525,334.46585,1.0,1001.4481,334.76746,1.0,1008.1103,332.8816,1.0,1013.5152,335.71478,1.0,1017.60077,345.66876,1.0,1017.99646,350.69745,1.0,1010.73914,357.19016,1.0,1003.43097,358.9908,1.0,995.6337,359.21753,1.0,984.0596,354.26257,1.0,983.1161,348.2222,1.0,997.3678,344.77707,1.0,1001.7642,344.2671,1.0,1006.27686,343.88016,1.0,1015.0987,345.84686,1.0,1006.39435,347.7471,1.0,1001.927,348.42642,1.0,997.0469,348.64255,1.0,954.9319,275.36423,1.0,1019.4917,268.70178,1.0,995.35333,310.05045,0.99537647,982.5038,437.34048,0.99909914,830.3317,440.9761,0.99909914,847.0186,702.3812,0.7125237,923.9545,556.1557,0.8684696,1134.6759,433.70483,0.99974287,1137.6992,702.0391,0.8984318,1053.6447,546.45074,0.9086041,978.1694,926.7871,0.984553,880.9314,927.237,0.984553,885.82275,1235.7659,0.036249466,864.95734,1568.2435,0.007529654,1075.4073,926.3373,0.984821,1080.5186,1265.8788,0.03533708,1044.2244,1573.332,0.0059340466,954.67096,275.33392,0.99404025,1018.9199,277.72806,0.98927045,918.45874,288.80435,0.9850929,1036.6444,282.77036,0.99398893,1006.09326,1668.3218,0.0056197746,1006.09326,1668.3218,0.0056197746,1042.907,1612.5055,0.0066516153,908.71234,1664.5809,0.00390156,908.71234,1664.5809,0.00390156,857.9147,1613.9054,0.0067439866,1052.8131,555.6345,1.0,1076.6913,523.85614,1.0,1084.3992,484.35117,1.0,1070.9376,456.79944,1.0,1053.0468,455.57303,1.0,1059.884,508.04074,1.0,1041.1257,467.0141,1.0,1045.1323,451.01505,1.0,1053.0789,446.05936,1.0,1035.3789,519.1296,1.0,1020.3773,472.04422,1.0,1029.7881,455.26108,1.0,1040.5157,455.00903,1.0,1017.0836,524.4842,1.0,1009.69366,478.47037,1.0,1021.64966,465.95093,1.0,1032.2238,468.16028,1.0,1005.5929,525.62506,1.0,1003.52106,488.74963,1.0,1014.29236,476.6186,1.0,1023.078,476.46112,1.0,935.5081,555.8423,1.0,915.44946,525.471,1.0,914.0132,490.06848,1.0,925.07117,459.84283,1.0,936.85284,441.05304,1.0,920.92975,509.38422,1.0,924.07416,481.7548,1.0,928.63855,460.0361,1.0,933.64087,442.9227,1.0,945.0746,515.944,1.0,958.5854,477.787,1.0,964.3364,450.5587,1.0,966.30273,432.45844,1.0,967.7867,518.56616,1.0,976.3647,475.2546,1.0,969.10815,464.69714,1.0,960.44037,468.25372,1.0,985.79626,517.6501,1.0,987.65576,478.00604,1.0,977.0055,470.70416,1.0,967.89417,476.93497,1.0
902.1127,288.30588,1.0,905.2484,300.82166,1.0,908.63654,314.02432,1.0,918.6908,335.3452,1.0,928.8919,348.39325,1.0,944.8498,362.14798,1.0,956.25806,368.97894,1.0,977.58,378.02576,1.0,1004.7192,379.80835,1.0,1026.3845,371.06088,1.0,1036.3505,357.04382,1.0,1039.6301,347.82822,1.0,1042.964,331.1498,1.0,1046.7985,309.2555,1.0,1047.099,295.2507,1.0,1046.5746,282.5011,1.0,1046.7145,270.58957,1.0,921.5923,268.15546,1.0,928.19727,260.80237,1.0,938.77905,255.1267,1.0,953.8491,252.38728,1.0,971.1875,251.89717,1.0,1004.4275,248.55106,1.0,1019.1333,245.65706,1.0,1031.0944,245.41649,1.0,1039.6877,248.82423,1.0,1043.5844,254.2041,1.0,992.1277,276.2989,1.0,996.2557,290.8256,1.0,999.151,300.23492,1.0,1000.99567,307.4155,1.0,986.4576,319.19934,1.0,991.57947,321.52524,1.0,999.6869,320.55768,1.0,1006.98724,319.7128,1.0,1010.6301,316.27444,1.0,939.62494,279.63205,1.0,946.0877,273.8629,1.0,958.0143,271.5266,1.0,970.7885,277.45767,1.0,961.93646,280.1995,1.0,951.2165,281.86032,1.0,1005.5819,274.1084,1.0,1015.39044,265.95493,1.0,1026.7698,265.4114,1.0,1032.6719,269.94418,1.0,1023.97107,274.28152,1.0,1013.8434,274.75287,1.0,981.1751,349.60745,1.0,987.8974,339.72058,1.0,994.3253,335.75687,1.0,1001.5674,336.0963,1.0,1008.1685,334.18628,1.0,1013.41455,336.99506,1.0,1017.0725,346.76898,1.0,1017.64606,351.71222,1.0,1010.8696,358.1269,1.0,1003.7146,359.91238,1.0,996.11536,360.09015,1.0,984.83923,355.05307,1.0,983.9166,349.1182,1.0,997.67267,346.0444,1.0,1001.8711,345.5502,1.0,1006.28656,345.20456,1.0,1014.66986,346.93918,1.0,1006.4569,348.79984,1.0,1002.2305,349.42725,1.0,997.5443,349.59543,1.0,955.2322,276.445,1.0,1019.7855,269.8569,1.0,995.6034,311.51147,0.9952454,982.51697,437.35672,0.9990662,830.34393,441.02493,0.9990662,847.5668,703.53577,0.68170446,923.90656,555.019,0.84897405,1134.6901,433.68848,0.99974227,1136.287,702.34607,0.88695437,1052.7065,543.5404,0.8977505,978.2685,926.82745,0.9843734,881.1032,927.22314,0.9843734,883.9512,1236.9166,0.036192376,864.65405,1569.3766,0.007220065,1075.4338,926.4318,0.9847544,1080.5613,1267.4294,0.0354322,1044.1499,1573.889,0.005767105,954.71844,276.81232,0.9939565,1018.923,278.603,0.9892319,918.3773,290.2694,0.9849115,1036.5006,283.38394,0.9939659,1004.53546,1669.1947,0.0054859226,1004.53546,1669.1947,0.0054859226,1042.8251,1613.508,0.0064229863,908.5643,1666.1886,0.0037860943,908.5643,1666.1886,0.0037860943,857.7543,1614.6138,0.00645955,1057.0338,553.04346,1.0,1079.638,522.97595,1.0,1089.6913,483.5221,1.0,1077.1412,456.13324,1.0,1060.5721,452.82114,1.0,1060.6522,507.93292,1.0,1042.8135,474.5161,1.0,1044.104,454.67227,1.0,1050.8573,443.60324,1.0,1037.7689,515.8315,1.0,1025.3796,474.0603,1.0,1032.841,456.1338,1.0,1043.2156,452.5499,1.0,1021.6602,518.67084,1.0,1014.70667,478.7451,1.0,1025.1606,464.98822,1.0,1036.5557,464.2305,1.0,1011.47644,519.08405,1.0,1009.3987,486.66058,1.0,1017.9717,473.2031,1.0,1026.7153,469.8681,1.0,931.2888,552.63434,1.0,911.39026,522.6499,1.0,909.32306,486.70026,1.0,919.7462,457.013,1.0,931.6925,439.0091,1.0,915.83307,506.40503,1.0,917.82916,477.58945,1.0,922.61255,456.35217,1.0,928.3947,439.72955,1.0,940.1101,513.7022,1.0,952.8233,475.1241,1.0,959.0113,448.11496,1.0,962.07745,429.86157,1.0,963.3996,516.33496,1.0,971.8104,472.03217,1.0,964.7771,462.19104,1.0,956.4886,465.8114,1.0,982.16,515.17773,1.0,984.1253,473.96976,1.0,973.5163,467.2427,1.0,964.7335,473.52148,1.0
902.3158,289.08478,1.0,905.3987,301.48816,1.0,908.73816,314.61008,1.0,918.7038,335.7606,1.0,928.8613,348.7457,1.0,944.7487,362.55463,1.0,956.1562,369.5096,1.0,977.515,378.70966,1.0,1004.73114,380.6218,1.0,1026.3774,371.92636,1.0,1036.137,357.8812,1.0,1039.3605,348.6182,1.0,1042.7448,331.92856,1.0,1046.6431,310.09555,1.0,1046.9559,296.12692,1.0,1046.4415,283.39517,1.0,1046.6458,271.54584,1.0,921.8663,269.1932,1.0,928.45087,261.90314,1.0,939.00287,256.2732,1.0,954.0056,253.5461,1.0,971.3161,253.03807,1.0,1004.57623,249.80986,1.0,1019.26855,246.9573,1.0,1031.166,246.73259,1.0,1039.6956,250.13368,1.0,1043.5751,255.45853,1.0,992.1975,277.49515,1.0,996.2851,292.1603,1.0,999.20874,301.653,1.0,1001.05566,308.88898,1.0,986.413,320.5283,1.0,991.56903,322.8167,1.0,999.7138,321.8498,1.0,1007.1539,321.03073,1.0,1010.84735,317.6275,1.0,939.80566,280.7459,1.0,946.19135,274.9922,1.0,958.12177,272.62897,1.0,970.9129,278.65158,1.0,962.16,281.33105,1.0,951.4273,282.97144,1.0,1005.90796,275.3502,1.0,1015.5541,267.15686,1.0,1026.9634,266.5982,1.0,1032.9044,271.13934,1.0,1024.1191,275.49075,1.0,1014.0053,275.95807,1.0,982.0273,350.49844,1.0,988.25867,340.92523,1.0,994.4981,337.04788,1.0,1001.68665,337.42517,1.0,1008.2267,335.491,1.0,1013.3139,338.27533,1.0,1016.5442,347.86917,1.0,1017.29565,352.727,1.0,1011.0002,359.0636,1.0,1003.9982,360.83395,1.0,996.5969,360.96274,1.0,985.61896,355.8436,1.0,984.71716,350.01422,1.0,997.97754,347.3117,1.0,1001.97797,346.8333,1.0,1006.2963,346.52893,1.0,1014.2411,348.0315,1.0,1006.5194,349.85254,1.0,1002.53406,350.4281,1.0,998.0417,350.5483,1.0,955.5325,277.5258,1.0,1020.0794,271.01202,1.0,995.59125,313.20862,0.9947723,982.39294,437.2952,0.99901,830.1025,440.98022,0.99901,848.04865,705.8831,0.66577554,922.65875,554.3163,0.8373167,1134.6835,433.61014,0.9997413,1135.6232,702.6845,0.8854828,1053.3312,539.24615,0.8974544,978.4006,926.8852,0.98446316,881.2549,927.1875,0.98446316,885.66705,1236.9021,0.035777148,866.17926,1569.2256,0.007028248,1075.5463,926.58295,0.98492575,1081.386,1267.4305,0.03476514,1044.7982,1572.4686,0.005608644,954.7173,278.3304,0.9934664,1018.9445,279.43994,0.9886172,918.199,291.09808,0.98360896,1036.4097,284.21088,0.99363536,1004.86304,1668.868,0.005293904,1004.86304,1668.868,0.005293904,1043.694,1611.796,0.006278915,911.5014,1666.3252,0.0037032752,911.5014,1666.3252,0.0037032752,858.8354,1614.5906,0.006323577,1061.511,551.4317,1.0,1084.7094,522.7057,1.0,1095.9973,483.71143,1.0,1083.8953,456.98,1.0,1068.4556,452.48758,1.0,1070.5508,504.39816,1.0,1052.4756,472.43542,1.0,1050.4421,453.4399,1.0,1055.2828,443.03305,1.0,1046.9003,510.6657,1.0,1033.4835,471.93716,1.0,1038.1937,453.97336,1.0,1048.7716,450.01245,1.0,1029.3063,513.1132,1.0,1021.87646,476.1836,1.0,1030.0125,462.3743,1.0,1041.5663,460.55045,1.0,1017.54224,513.8998,1.0,1016.834,483.4937,1.0,1023.9744,469.9282,1.0,1032.4045,465.41953,1.0,927.34314,551.0005,1.0,907.1,520.4725,1.0,903.79,485.14417,1.0,912.9728,455.81412,1.0,924.82336,438.07492,1.0,911.11926,504.59348,1.0,913.8801,476.85327,1.0,918.7995,457.0081,1.0,924.5711,441.68576,1.0,935.6765,511.3002,1.0,947.4436,472.802,1.0,953.17865,446.7114,1.0,956.43805,428.5516,1.0,958.986,514.3612,1.0,966.3268,469.8222,1.0,959.34015,462.87003,1.0,951.848,469.2213,1.0,977.92694,513.785,1.0,979.0987,472.8132,1.0,969.1342,467.87537,1.0,961.2951,476.33575,1.0
902.67444,289.5484,1.0,905.7268,302.01114,1.0,909.0317,315.16116,1.0,918.9632,336.40436,1.0,929.11633,349.44736,1.0,945.01324,363.33066,1.0,956.39825,370.2998,1.0,977.77527,379.64618,1.0,1004.91534,381.66336,1.0,1026.4055,372.95947,1.0,1036.1228,358.85547,1.0,1039.3424,349.5411,1.0,1042.719,332.78564,1.0,1046.6079,310.87665,1.0,1046.967,296.90994,1.0,1046.5438,284.163,1.0,1046.7927,272.3034,1.0,922.20465,269.46854,1.0,928.822,262.16095,1.0,939.4269,256.58902,1.0,954.49896,253.96523,1.0,971.8552,253.53339,1.0,1005.236,250.35243,1.0,1019.9081,247.5023,1.0,1031.8246,247.2498,1.0,1040.3228,250.6507,1.0,1044.073,256.0278,1.0,992.75586,277.96942,1.0,996.80597,292.63297,1.0,999.76324,302.13354,1.0,1001.62024,309.3994,1.0,986.7144,321.08212,1.0,991.935,323.40286,1.0,1000.1432,322.42862,1.0,1007.50574,321.64557,1.0,1011.2476,318.19882,1.0,940.1315,281.01013,1.0,946.50726,275.27795,1.0,958.4213,272.97577,1.0,971.19977,279.05927,1.0,962.4289,281.72977,1.0,951.7438,283.3383,1.0,1006.37213,275.83368,1.0,1015.97394,267.56033,1.0,1027.3643,267.0501,1.0,1033.1796,271.64148,1.0,1024.4813,276.0292,1.0,1014.44226,276.47675,1.0,982.0573,351.19736,1.0,988.6485,341.67767,1.0,994.94604,337.7878,1.0,1002.0573,338.20352,1.0,1008.50726,336.23825,1.0,1013.654,339.02332,1.0,1017.02014,348.49445,1.0,1017.74274,353.46265,1.0,1011.3573,359.91772,1.0,1004.3429,361.6932,1.0,996.8741,361.79495,1.0,985.8137,356.60684,1.0,984.70386,350.71497,1.0,998.2753,348.2799,1.0,1002.3416,347.8613,1.0,1006.65796,347.49014,1.0,1014.80914,348.65076,1.0,1006.8603,350.36072,1.0,1002.8244,350.97437,1.0,998.2701,351.06677,1.0,955.6633,277.91107,1.0,1020.38055,271.52994,1.0,996.129,314.1521,0.99401295,982.4021,437.32733,0.9989691,830.07275,440.9346,0.9989691,849.0944,706.718,0.6515461,921.9838,553.67633,0.8379359,1134.7314,433.72006,0.99973595,1135.0022,703.5496,0.882423,1054.3391,536.4966,0.8982913,978.5298,928.05286,0.98414075,881.2768,927.9358,0.98414075,885.6235,1237.1683,0.0345459,865.90155,1569.6927,0.00679726,1075.7827,928.1699,0.98465514,1082.0385,1272.1671,0.033329654,1045.6273,1576.5237,0.0054243207,954.8052,279.31686,0.9926805,1019.36096,280.16748,0.9873501,918.1949,291.54556,0.98189545,1036.426,284.7607,0.9929393,1007.44495,1675.9075,0.005078097,1007.44495,1675.9075,0.005078097,1044.1531,1615.609,0.0061084097,911.1352,1667.5895,0.003584094,911.1352,1667.5895,0.003584094,858.6278,1615.26,0.0061685913,1062.4961,547.81146,1.0,1088.3217,519.8979,1.0,1098.3608,482.5036,1.0,1085.5442,455.4865,1.0,1068.4763,451.65527,1.0,1086.6843,500.55588,1.0,1080.3326,467.76486,1.0,1074.2295,449.5783,1.0,1073.6831,442.1869,1.0,1059.7833,507.6208,1.0,1047.3823,467.95853,1.0,1048.627,447.90894,1.0,1056.7765,444.83337,1.0,1036.9633,510.89185,1.0,1029.489,470.9148,1.0,1037.3762,455.7025,1.0,1049.47,455.77393,1.0,1020.4808,511.82855,1.0,1020.50653,479.49905,1.0,1028.7177,465.31836,1.0,1038.7246,461.88147,1.0,926.4634,552.517,1.0,905.91504,521.661,1.0,901.9181,485.93185,1.0,912.5724,457.16763,1.0,928.3573,444.82532,1.0,908.95435,507.31662,1.0,909.0047,478.62238,1.0,913.57355,457.05618,1.0,919.7112,440.59244,1.0,933.807,513.77136,1.0,945.27454,474.75803,1.0,950.2358,447.29144,1.0,952.6548,428.52145,1.0,957.4293,515.7573,1.0,964.04285,470.27118,1.0,956.1909,462.27863,1.0,948.2436,468.33588,1.0,976.45306,514.41296,1.0,977.0292,473.403,1.0,965.5001,466.02405,1.0,956.81995,472.40036,1.0
903.033,290.01202,1.0,906.055,302.53412,1.0,909.32513,315.71228,1.0,919.22266,337.04813,1.0,929.37134,350.149,1.0,945.2778,364.1067,1.0,956.64026,371.08997,1.0,978.0355,380.58273,1.0,1005.09955,382.70493,1.0,1026.4336,373.99258,1.0,1036.1086,359.82974,1.0,1039.3243,350.46402,1.0,1042.6934,333.64273,1.0,1046.5726,311.65778,1.0,1046.9781,297.69296,1.0,1046.646,284.93082,1.0,1046.9397,273.061,1.0,922.543,269.74384,1.0,929.19324,262.41876,1.0,939.8509,256.90488,1.0,954.9923,254.38435,1.0,972.39435,254.0287,1.0,1005.8959,250.89499,1.0,1020.5476,248.0473,1.0,1032.483,247.767,1.0,1040.95,251.16771,1.0,1044.5709,256.5971,1.0,993.31415,278.44373,1.0,997.3268,293.10562,1.0,1000.31775,302.61407,1.0,1002.18475,309.90982,1.0,987.01587,321.63596,1.0,992.3009,323.98898,1.0,1000.5725,323.00742,1.0,1007.85754,322.26044,1.0,1011.6478,318.77014,1.0,940.4573,281.27435,1.0,946.82324,275.56372,1.0,958.7209,273.3226,1.0,971.48663,279.46692,1.0,962.6978,282.1285,1.0,952.06024,283.70514,1.0,1006.8363,276.31717,1.0,1016.3938,267.96384,1.0,1027.7651,267.502,1.0,1033.4547,272.14365,1.0,1024.8435,276.56766,1.0,1014.8792,276.99542,1.0,982.0873,351.89627,1.0,989.0383,342.43008,1.0,995.39404,338.52774,1.0,1002.4279,338.98184,1.0,1008.7878,336.98553,1.0,1013.99414,339.7713,1.0,1017.4961,349.1197,1.0,1018.1898,354.1983,1.0,1011.7145,360.77182,1.0,1004.68756,362.5525,1.0,997.1512,362.62717,1.0,986.0085,357.3701,1.0,984.6905,351.4157,1.0,998.5732,349.24808,1.0,1002.7053,348.88928,1.0,1007.01965,348.45132,1.0,1015.37726,349.27002,1.0,1007.2012,350.86887,1.0,1003.11475,351.52063,1.0,998.49854,351.58527,1.0,955.79425,278.29636,1.0,1020.68176,272.04782,1.0,996.35443,315.01852,0.993692,982.61035,437.3153,0.9989381,830.085,440.89288,0.9989381,848.04987,706.6781,0.6272605,922.86835,553.95233,0.8225898,1135.1357,433.73776,0.9997354,1134.264,704.1715,0.87244695,1055.054,538.71155,0.8907524,978.5978,928.0547,0.98410517,881.37054,927.93353,0.98410517,887.5052,1238.0747,0.034289263,866.44684,1572.049,0.0065661133,1075.825,928.1758,0.9846824,1082.8739,1272.0929,0.032582566,1045.7526,1576.6349,0.005244057,954.9614,279.9363,0.9923222,1019.43524,280.43103,0.986904,918.1924,291.95508,0.98079133,1036.253,285.02905,0.9926284,1008.0201,1675.9598,0.004919988,1008.0201,1675.9598,0.004919988,1044.1663,1615.7228,0.0059030023,911.5915,1671.5455,0.0034929854,911.5915,1671.5455,0.0034929854,859.07477,1617.2214,0.0059571657,1058.6265,549.7452,1.0,1083.4459,518.4351,1.0,1089.6791,479.06824,1.0,1075.9456,452.63327,1.0,1058.5693,450.44162,1.0,1075.6272,499.43103,1.0,1058.4169,464.08813,1.0,1055.9612,449.01917,1.0,1058.624,443.0966,1.0,1051.7754,509.64178,1.0,1035.4404,467.07303,1.0,1041.2152,452.50684,1.0,1050.419,453.12253,1.0,1031.6777,515.66974,1.0,1019.8289,473.0694,1.0,1029.0847,461.31754,1.0,1040.3907,463.45294,1.0,1016.16327,518.4497,1.0,1011.6534,483.19614,1.0,1020.4278,471.515,1.0,1028.9973,470.34662,1.0,934.6544,552.8638,1.0,912.83057,523.1953,1.0,910.68774,488.34338,1.0,920.44495,458.9097,1.0,932.57495,441.58475,1.0,917.0334,508.4888,1.0,917.345,480.2909,1.0,922.11584,458.84177,1.0,928.30164,441.71176,1.0,942.4867,514.9514,1.0,953.9151,475.7557,1.0,959.4935,448.8503,1.0,962.14545,430.00797,1.0,966.05634,516.5196,1.0,971.3664,471.1636,1.0,963.6953,464.1072,1.0,956.154,470.70764,1.0,984.581,513.7759,1.0,983.26355,472.48593,1.0,972.34235,467.39603,1.0,964.5673,475.6141,1.0
903.39166,290.47568,1.0,906.3831,303.0571,1.0,909.61865,316.26337,1.0,919.4821,337.6919,1.0,929.62634,350.85065,1.0,945.54236,364.88272,1.0,956.8823,371.88016,1.0,978.2958,381.51926,1.0,1005.28375,383.74652,1.0,1026.4617,375.02567,1.0,1036.0946,360.80402,1.0,1039.3063,351.38693,1.0,1042.6676,334.4998,1.0,1046.5374,312.43887,1.0,1046.9893,298.47598,1.0,1046.7483,285.6986,1.0,1047.0867,273.8186,1.0,922.88135,270.01917,1.0,929.5644,262.67657,1.0,940.2749,257.2207,1.0,955.48566,254.80348,1.0,972.9334,254.52402,1.0,1006.55566,251.43756,1.0,1021.1872,248.5923,1.0,1033.1415,248.28421,1.0,1041.5773,251.68472,1.0,1045.0688,257.1664,1.0,993.8725,278.91803,1.0,997.84766,293.57828,1.0,1000.87225,303.0946,1.0,1002.7493,310.42026,1.0,987.3173,322.1898,1.0,992.6669,324.57513,1.0,1001.0019,323.58624,1.0,1008.20935,322.87527,1.0,1012.0481,319.34146,1.0,940.78314,281.53857,1.0,947.13916,275.84946,1.0,959.02045,273.6694,1.0,971.77344,279.8746,1.0,962.96674,282.52725,1.0,952.37665,284.07196,1.0,1007.3005,276.8007,1.0,1016.81366,268.3673,1.0,1028.166,267.9539,1.0,1033.7299,272.64578,1.0,1025.2057,277.1061,1.0,1015.3161,277.51413,1.0,982.1173,352.59518,1.0,989.42816,343.18253,1.0,995.842,339.26767,1.0,1002.7985,339.7602,1.0,1009.0683,337.7328,1.0,1014.3342,340.51932,1.0,1017.97205,349.74493,1.0,1018.63684,354.93396,1.0,1012.07166,361.62595,1.0,1005.0322,363.41174,1.0,997.42834,363.45935,1.0,986.20325,358.13333,1.0,984.6772,352.11646,1.0,998.871,350.21628,1.0,1003.06903,349.91727,1.0,1007.3813,349.4125,1.0,1015.9454,349.8893,1.0,1007.542,351.37704,1.0,1003.4051,352.06693,1.0,998.7269,352.10373,1.0,955.9251,278.68164,1.0,1020.9829,272.5657,1.0,996.47107,315.5377,0.9930257,982.58,437.42133,0.99887747,830.0409,441.0783,0.99887747,847.47534,705.7557,0.6089397,930.8369,553.70575,0.7978598,1135.1191,433.76434,0.99972266,1134.3687,704.1345,0.8633853,1053.6597,540.5483,0.87485975,978.90674,928.0656,0.9844467,881.84705,927.931,0.9844467,887.83484,1238.0979,0.03461414,866.58936,1572.0615,0.006394355,1075.9664,928.2002,0.9849805,1083.7369,1271.7113,0.032919142,1046.1306,1576.3315,0.00507484,955.101,280.41602,0.9915593,1019.6712,280.78052,0.9856957,918.1618,292.35153,0.9789725,1036.2104,285.35214,0.9919538,1007.9871,1675.8812,0.004752757,1007.9871,1675.8812,0.004752757,1044.5409,1614.8347,0.005670666,911.3473,1671.5573,0.0034270717,911.3473,1671.5573,0.0034270717,859.3369,1617.2908,0.0057350714,1049.1959,554.4162,1.0,1073.5303,519.44904,1.0,1077.5178,478.11194,1.0,1061.5829,452.46863,1.0,1045.5503,452.2377,1.0,1057.8912,503.21494,1.0,1038.5912,465.9104,1.0,1038.6268,450.72433,1.0,1042.4542,444.28687,1.0,1034.3138,514.41754,1.0,1021.1877,470.47034,1.0,1029.6652,455.97223,1.0,1038.9681,456.77408,1.0,1016.2683,520.3898,1.0,1008.8887,475.82812,1.0,1019.9257,463.89285,1.0,1029.9059,465.73267,1.0,1003.58997,522.7395,1.0,999.0754,488.37964,1.0,1007.10706,475.5561,1.0,1013.18445,472.83475,1.0,943.0914,555.0009,1.0,923.02747,525.4522,1.0,923.7053,491.24728,1.0,936.3207,462.90445,1.0,951.06476,446.80518,1.0,931.0049,508.76776,1.0,935.6873,478.729,1.0,941.16724,457.44882,1.0,947.03674,440.5971,1.0,955.79614,515.6213,1.0,970.4284,477.36832,1.0,976.7615,451.2821,1.0,979.34955,432.10678,1.0,977.72656,518.7276,1.0,985.57733,476.44836,1.0,977.2292,469.37674,1.0,968.38495,474.6917,1.0,993.57935,518.3985,1.0,994.11487,480.34647,1.0,983.2411,474.7864,1.0,975.16797,481.41797,1.0
903.3494,290.72058,1.0,906.32556,303.32825,1.0,909.53467,316.5919,1.0,919.3539,338.02658,1.0,929.47455,351.13828,1.0,945.2591,365.06592,1.0,956.48785,372.02893,1.0,977.762,381.54178,1.0,1004.78845,383.70816,1.0,1026.2509,374.95825,1.0,1036.1783,360.7491,1.0,1039.5688,351.38162,1.0,1043.2478,334.61075,1.0,1047.3667,312.64627,1.0,1047.8379,298.67285,1.0,1047.5366,285.8936,1.0,1047.8236,274.0059,1.0,922.8567,270.3392,1.0,929.53265,262.99002,1.0,940.19275,257.47238,1.0,955.3121,255.00693,1.0,972.6979,254.71733,1.0,1006.3334,251.71693,1.0,1020.9587,248.91008,1.0,1032.8951,248.64345,1.0,1041.3049,252.02518,1.0,1044.9863,257.4193,1.0,993.6935,279.18002,1.0,997.6225,293.83517,1.0,1000.5132,303.33643,1.0,1002.3724,310.62286,1.0,987.24164,322.29935,1.0,992.40674,324.63358,1.0,1000.7247,323.6995,1.0,1008.0046,322.9758,1.0,1011.7201,319.5689,1.0,940.66064,281.794,1.0,947.11926,276.05463,1.0,959.0692,273.85507,1.0,971.85315,280.07245,1.0,962.94434,282.69662,1.0,952.2682,284.22354,1.0,1007.03705,277.01508,1.0,1016.67773,268.61496,1.0,1028.0433,268.1538,1.0,1033.694,272.79794,1.0,1025.0851,277.20688,1.0,1015.1303,277.659,1.0,981.8758,352.49445,1.0,988.7243,342.73886,1.0,995.2168,338.78854,1.0,1002.3561,339.25775,1.0,1008.7934,337.28256,1.0,1014.2987,340.177,1.0,1018.063,350.00854,1.0,1018.64374,355.19138,1.0,1011.8545,361.99268,1.0,1004.59924,363.73532,1.0,996.86224,363.7717,1.0,985.6166,358.19315,1.0,984.5958,352.02094,1.0,998.49023,349.5797,1.0,1002.7204,349.25488,1.0,1007.0868,348.85312,1.0,1015.7929,350.11987,1.0,1007.1636,351.77002,1.0,1002.93884,352.424,1.0,998.26843,352.4536,1.0,955.9609,278.82724,1.0,1020.8242,272.7185,1.0,997.5173,316.44925,0.9928851,982.5294,437.65973,0.99886954,829.9391,441.4371,0.99886954,848.37683,705.4762,0.598168,934.4445,551.34235,0.7969809,1135.1198,433.8824,0.99971765,1133.9841,704.14166,0.8552632,1051.8079,540.6007,0.86864567,979.09375,929.0846,0.9839688,881.99023,929.3065,0.9839688,887.40967,1240.7745,0.03335595,866.89594,1574.7625,0.006125645,1076.1973,928.8627,0.9844375,1084.4624,1276.552,0.031625744,1047.1936,1580.2917,0.0048367474,955.41956,281.0101,0.9915152,1020.40216,281.58328,0.98554766,918.15765,292.86743,0.9791221,1036.2032,285.7748,0.9918805,1008.731,1679.6566,0.0045543197,1008.731,1679.6566,0.0045543197,1046.0992,1618.3213,0.0054452275,913.69476,1673.1213,0.0033157773,913.69476,1673.1213,0.0033157773,859.53735,1620.6682,0.0054953047,1053.3615,552.9893,1.0,1076.3467,520.34717,1.0,1085.7003,482.43555,1.0,1073.528,455.21906,1.0,1056.4229,451.35785,1.0,1067.2251,502.13123,1.0,1055.9436,468.6141,1.0,1052.1914,450.4462,1.0,1052.7795,441.2125,1.0,1041.4764,510.4368,1.0,1027.8589,469.2699,1.0,1032.5198,451.60306,1.0,1041.1758,448.50107,1.0,1020.9876,515.1113,1.0,1013.5039,472.4861,1.0,1024.6207,460.03012,1.0,1036.7185,462.2772,1.0,1006.7846,517.6223,1.0,1005.389,484.09766,1.0,1015.49536,471.72604,1.0,1025.2922,470.1087,1.0,941.9849,555.0179,1.0,921.166,527.1493,1.0,919.66705,492.40652,1.0,932.42206,463.63278,1.0,947.1598,448.29733,1.0,927.93634,510.02966,1.0,930.3712,479.25546,1.0,935.2556,456.84256,1.0,941.11365,439.1972,1.0,952.60724,515.53455,1.0,966.2873,477.06232,1.0,971.5732,449.70572,1.0,973.2725,430.47372,1.0,975.191,517.62,1.0,983.7905,474.32935,1.0,975.2705,464.1373,1.0,965.23364,467.25876,1.0,992.0029,516.86957,1.0,994.69495,478.38632,1.0,983.5604,468.94333,1.0,973.73145,472.0503,1.0
903.3072,290.9655,1.0,906.26794,303.5994,1.0,909.4507,316.9204,1.0,919.2256,338.36124,1.0,929.3228,351.42587,1.0,944.9759,365.2491,1.0,956.0933,372.17773,1.0,977.2282,381.5643,1.0,1004.29315,383.6698,1.0,1026.04,374.8908,1.0,1036.2622,360.69418,1.0,1039.8314,351.3763,1.0,1043.8279,334.7217,1.0,1048.196,312.85367,1.0,1048.6864,298.86972,1.0,1048.3248,286.08853,1.0,1048.5605,274.1932,1.0,922.832,270.65927,1.0,929.501,263.30344,1.0,940.11066,257.7241,1.0,955.1384,255.21037,1.0,972.4623,254.91063,1.0,1006.11115,251.99632,1.0,1020.7302,249.22784,1.0,1032.6487,249.0027,1.0,1041.0326,252.36563,1.0,1044.9038,257.6722,1.0,993.5144,279.44202,1.0,997.3973,294.0921,1.0,1000.1541,303.57825,1.0,1001.9955,310.82547,1.0,987.1659,322.4089,1.0,992.14655,324.69202,1.0,1000.4474,323.81274,1.0,1007.79987,323.07632,1.0,1011.3921,319.79636,1.0,940.53815,282.04944,1.0,947.09937,276.2598,1.0,959.11804,274.04077,1.0,971.9328,280.2703,1.0,962.92194,282.866,1.0,952.1597,284.37512,1.0,1006.7737,277.22946,1.0,1016.5419,268.8626,1.0,1027.9207,268.3537,1.0,1033.6581,272.9501,1.0,1024.9645,277.30765,1.0,1014.9445,277.80386,1.0,981.6342,352.39368,1.0,988.02045,342.2952,1.0,994.5916,338.3094,1.0,1001.91364,338.75534,1.0,1008.51855,336.83234,1.0,1014.26324,339.83466,1.0,1018.15393,350.27216,1.0,1018.65063,355.44882,1.0,1011.6374,362.35944,1.0,1004.1662,364.0589,1.0,996.2962,364.08405,1.0,985.0299,358.25293,1.0,984.51447,351.9254,1.0,998.10956,348.94315,1.0,1002.37177,348.5925,1.0,1006.7923,348.2937,1.0,1015.64044,350.35043,1.0,1006.7851,352.163,1.0,1002.4726,352.78113,1.0,997.8099,352.8035,1.0,955.99664,278.9728,1.0,1020.6655,272.87128,1.0,997.1661,317.0006,0.9927355,982.5195,437.70834,0.9988354,829.9376,441.53943,0.9988354,848.0829,705.28406,0.57505554,936.13165,551.19727,0.7737467,1135.1013,433.87723,0.9997163,1134.1515,704.0643,0.8459969,1051.1077,541.30164,0.8550403,979.11237,929.4944,0.9838869,882.0078,929.8796,0.9838869,887.36755,1240.8135,0.032670967,866.4562,1574.5935,0.0058170455,1076.2169,929.10925,0.9844807,1084.4602,1276.4679,0.031372245,1046.8934,1581.1384,0.004645427,955.12164,281.53125,0.9913229,1020.32996,282.1186,0.9853208,918.03656,293.06192,0.9783609,1036.0663,285.99445,0.9917291,1007.1595,1680.3348,0.004391242,1007.1595,1680.3348,0.004391242,1045.78,1619.8158,0.0052118558,913.02014,1672.9414,0.0031746326,913.02014,1672.9414,0.0031746326,858.9818,1620.3444,0.005224778,1051.5352,551.1947,1.0,1073.6672,520.3154,1.0,1081.3315,481.0875,1.0,1067.3667,455.2043,1.0,1052.787,451.93567,1.0,1060.5167,500.76373,1.0,1040.2286,464.86212,1.0,1039.3412,448.00253,1.0,1043.5367,440.32297,1.0,1036.8832,510.55392,1.0,1023.7716,469.642,1.0,1032.368,457.4718,1.0,1042.42,460.2352,1.0,1019.33374,516.1695,1.0,1010.93665,475.2511,1.0,1021.451,465.85333,1.0,1031.8805,469.74274,1.0,1007.2141,518.75433,1.0,1003.6527,485.57333,1.0,1013.2679,475.46146,1.0,1021.31445,475.73276,1.0,943.99976,554.13873,1.0,922.7314,525.51544,1.0,921.7385,492.10052,1.0,935.2843,465.22552,1.0,951.76904,452.21054,1.0,929.1049,507.98474,1.0,930.9594,477.21582,1.0,935.22864,454.07135,1.0,940.88434,435.75052,1.0,953.50525,514.1454,1.0,966.8875,476.547,1.0,972.83923,450.54288,1.0,975.3267,431.46683,1.0,976.17175,516.4636,1.0,982.6743,473.83618,1.0,973.396,465.99368,1.0,964.31647,470.969,1.0,993.5614,515.68024,1.0,995.82574,477.3836,1.0,983.7523,471.15576,1.0,974.6542,477.8305,1.0
903.26495,291.21045,1.0,906.2103,303.87054,1.0,909.3667,317.24893,1.0,919.09735,338.69592,1.0,929.1711,351.7135,1.0,944.6927,365.4323,1.0,955.69885,372.3265,1.0,976.6944,381.58682,1.0,1003.79785,383.63144,1.0,1025.8292,374.82336,1.0,1036.346,360.63928,1.0,1040.0939,351.37103,1.0,1044.4081,334.83264,1.0,1049.0253,313.06107,1.0,1049.5349,299.0666,1.0,1049.1132,286.28348,1.0,1049.2974,274.38052,1.0,922.8073,270.97934,1.0,929.46924,263.61688,1.0,940.0285,257.97577,1.0,954.96484,255.4138,1.0,972.22675,255.10394,1.0,1005.8889,252.2757,1.0,1020.5017,249.54562,1.0,1032.4022,249.36194,1.0,1040.7603,252.70609,1.0,1044.8212,257.9251,1.0,993.3354,279.70404,1.0,997.1721,294.349,1.0,999.79504,303.82007,1.0,1001.6186,311.02808,1.0,987.0902,322.5185,1.0,991.8864,324.75046,1.0,1000.17017,323.926,1.0,1007.5951,323.17685,1.0,1011.0641,320.02383,1.0,940.4157,282.30487,1.0,947.0794,276.46494,1.0,959.1668,274.22644,1.0,972.0125,280.46817,1.0,962.89954,283.03534,1.0,952.0512,284.52667,1.0,1006.51025,277.44385,1.0,1016.40594,269.11023,1.0,1027.798,268.5536,1.0,1033.6222,273.1023,1.0,1024.8439,277.40842,1.0,1014.7587,277.94873,1.0,981.3927,352.29294,1.0,987.31665,341.85153,1.0,993.9664,337.83026,1.0,1001.47125,338.2529,1.0,1008.24365,336.38214,1.0,1014.2278,339.49234,1.0,1018.2449,350.53577,1.0,1018.6575,355.70624,1.0,1011.4202,362.72617,1.0,1003.73315,364.38248,1.0,995.7301,364.3964,1.0,984.44324,358.3127,1.0,984.4331,351.8299,1.0,997.7288,348.30658,1.0,1002.0232,347.9301,1.0,1006.4978,347.7343,1.0,1015.488,350.581,1.0,1006.4067,352.556,1.0,1002.00635,353.1382,1.0,997.3514,353.15335,1.0,956.0324,279.1184,1.0,1020.5069,273.02408,1.0,997.21204,317.29343,0.99238014,982.52673,437.7723,0.9987636,829.95544,441.6652,0.9987636,847.8702,705.2805,0.5656588,936.092,551.0969,0.75536734,1135.098,433.87946,0.99970376,1134.3375,704.02374,0.8462192,1051.1713,541.5598,0.8502216,979.3225,929.5335,0.9843562,882.34534,929.96576,0.9843562,887.7317,1240.9178,0.033964567,868.30194,1575.7119,0.0059614275,1076.2997,929.1012,0.98489064,1084.3854,1276.0483,0.03183663,1046.878,1580.3602,0.0045738933,955.22473,281.9738,0.9909426,1020.38556,282.46255,0.98468024,918.01874,293.54303,0.977463,1035.9642,286.2746,0.9913874,1007.20483,1680.2688,0.00430046,1007.20483,1680.2688,0.00430046,1045.7532,1618.3816,0.005120464,915.4789,1673.7235,0.0032626027,915.4789,1673.7235,0.0032626027,861.06006,1621.9677,0.0052063703,1050.2328,549.30963,1.0,1072.8491,520.3485,1.0,1081.6333,481.16995,1.0,1068.2925,453.3283,1.0,1052.3068,452.87936,1.0,1061.326,500.2119,1.0,1042.7374,464.5777,1.0,1041.7135,448.26883,1.0,1046.5623,442.7041,1.0,1036.9127,509.12106,1.0,1023.06573,468.38766,1.0,1029.7128,453.69962,1.0,1038.9861,454.7649,1.0,1018.7549,514.0285,1.0,1010.34265,474.42688,1.0,1020.51404,463.83386,1.0,1030.9961,467.76852,1.0,1006.3939,516.7035,1.0,1004.40594,485.0825,1.0,1013.2822,473.60245,1.0,1021.44604,472.7574,1.0,943.30396,553.4292,1.0,921.76843,525.0527,1.0,921.0848,492.319,1.0,934.6586,465.9671,1.0,950.81433,452.3621,1.0,927.9118,507.618,1.0,929.51935,477.078,1.0,934.38794,453.98016,1.0,940.6124,436.17914,1.0,952.00085,514.39233,1.0,966.3598,476.21298,1.0,972.5236,450.17856,1.0,975.10803,431.5712,1.0,974.6954,516.93994,1.0,982.8487,473.86487,1.0,973.23254,465.78363,1.0,963.60956,470.94208,1.0,992.7189,516.1716,1.0,995.9385,477.45877,1.0,983.3504,470.2566,1.0,972.82446,475.9093,1.0
903.7579,289.02716,1.0,906.5254,301.63998,1.0,909.47034,314.974,1.0,918.7149,336.5093,1.0,928.4192,349.64987,1.0,943.5809,363.57227,1.0,954.4377,370.63467,1.0,975.28546,380.18646,1.0,1002.37427,382.49188,1.0,1024.5635,373.7817,1.0,1035.2097,359.6004,1.0,1039.128,350.35187,1.0,1043.7544,333.81738,1.0,1048.5568,312.0327,1.0,1049.1511,298.01614,1.0,1048.7552,285.2409,1.0,1048.9009,273.32043,1.0,923.18695,269.12088,1.0,929.8913,261.91705,1.0,940.422,256.46136,1.0,955.2523,254.03209,1.0,972.37085,253.82042,1.0,1005.465,251.04985,1.0,1019.9655,248.39397,1.0,1031.8638,248.25801,1.0,1040.2173,251.6008,1.0,1044.2578,256.84894,1.0,992.9822,278.0692,1.0,996.6214,292.55746,1.0,999.1375,302.01007,1.0,1000.8175,309.23215,1.0,986.38965,320.6985,1.0,991.21356,323.0207,1.0,999.3541,322.19168,1.0,1006.6546,321.56204,1.0,1010.16016,318.3978,1.0,940.3853,280.60303,1.0,947.1585,275.17685,1.0,958.9419,273.0509,1.0,971.46436,278.74994,1.0,962.4667,281.2843,1.0,951.8008,282.76132,1.0,1006.1835,275.87265,1.0,1016.0661,268.0648,1.0,1027.2682,267.558,1.0,1033.0831,271.84433,1.0,1024.4326,276.03546,1.0,1014.3889,276.51144,1.0,979.78186,350.70172,1.0,986.29846,340.265,1.0,993.05865,336.3454,1.0,1000.4714,336.8847,1.0,1007.268,335.05493,1.0,1013.2006,338.1366,1.0,1017.4392,349.08044,1.0,1017.54877,354.30212,1.0,1009.9699,361.22998,1.0,1002.26154,362.83972,1.0,994.3068,362.80194,1.0,982.9008,356.76212,1.0,982.8809,350.28607,1.0,996.56165,346.68918,1.0,1000.8606,346.3387,1.0,1005.4283,346.131,1.0,1014.59106,349.14795,1.0,1005.26465,351.21378,1.0,1000.7662,351.80832,1.0,996.01074,351.76962,1.0,955.5674,277.72366,1.0,1020.0927,271.85788,1.0,997.22864,317.69928,0.99252045,982.4174,438.00604,0.99875003,829.8677,442.12955,0.99875003,847.78973,705.0985,0.5584891,935.53064,551.0073,0.7484466,1134.9672,433.88254,0.9997014,1134.4794,703.9831,0.84205323,1051.1409,542.43164,0.84405774,979.3667,929.57477,0.9840553,882.41144,930.0406,0.9840553,887.8688,1240.6908,0.03390809,871.2597,1574.5542,0.005820896,1076.322,929.1089,0.98463035,1084.7686,1275.8148,0.03239268,1048.686,1579.5737,0.004506466,955.2476,282.3872,0.9911633,1020.4345,282.97217,0.9850658,917.97076,293.75623,0.9780701,1035.9531,286.73645,0.9916099,1007.4068,1679.3079,0.0042588618,1007.4068,1679.3079,0.0042588618,1048.5118,1617.4418,0.005023426,917.6366,1672.4375,0.0032219437,917.6366,1672.4375,0.0032219437,864.63043,1620.728,0.0050726724,1050.5288,552.30676,1.0,1072.3486,521.1421,1.0,1079.5359,482.0403,1.0,1066.2473,455.7265,1.0,1052.6708,454.68518,1.0,1058.268,502.70782,1.0,1038.7217,469.2089,1.0,1038.0371,450.8284,1.0,1042.7794,441.69476,1.0,1034.9277,511.49832,1.0,1022.0653,469.4521,1.0,1029.9886,456.36945,1.0,1039.8029,457.3696,1.0,1017.79474,516.28705,1.0,1010.0133,475.1728,1.0,1021.03546,465.13373,1.0,1032.0273,468.12924,1.0,1006.2357,518.67395,1.0,1004.08563,485.83588,1.0,1014.2646,474.6183,1.0,1022.98804,473.39554,1.0,942.74896,553.1568,1.0,921.4818,524.23126,1.0,921.3492,492.1612,1.0,936.1381,467.01962,1.0,952.8684,455.14343,1.0,927.81335,507.4706,1.0,929.6219,477.37256,1.0,934.322,454.56433,1.0,940.40405,436.64935,1.0,951.38696,514.73083,1.0,965.7479,477.05557,1.0,972.2283,451.58038,1.0,975.4825,432.89282,1.0,973.923,517.5615,1.0,982.7366,474.76257,1.0,973.3462,467.8589,1.0,964.4484,473.64932,1.0,991.9409,517.1487,1.0,995.74426,478.6469,1.0,983.49744,472.52026,1.0,974.2749,478.92902,1.0
904.2508,286.84387,1.0,906.8404,299.40942,1.0,909.57404,312.69907,1.0,918.33246,334.3227,1.0,927.6673,347.58624,1.0,942.4691,361.71222,1.0,953.1765,368.9428,1.0,973.87646,378.7861,1.0,1000.9507,381.3523,1.0,1023.2978,372.74005,1.0,1034.0734,358.56155,1.0,1038.1622,349.3327,1.0,1043.1007,332.80212,1.0,1048.0881,311.00433,1.0,1048.7675,296.96567,1.0,1048.3973,284.1983,1.0,1048.5044,272.26038,1.0,923.5665,267.26242,1.0,930.3133,260.21722,1.0,940.8155,254.94698,1.0,955.53986,252.65039,1.0,972.51495,252.5369,1.0,1005.04114,249.824,1.0,1019.42926,247.2423,1.0,1031.3253,247.15408,1.0,1039.6743,250.49551,1.0,1043.6943,255.77277,1.0,992.62897,276.4344,1.0,996.0706,290.76593,1.0,998.48004,300.20007,1.0,1000.0165,307.43625,1.0,985.6891,318.8785,1.0,990.5408,321.29092,1.0,998.53815,320.45737,1.0,1005.7141,319.94724,1.0,1009.2563,316.77176,1.0,940.355,278.90118,1.0,947.2376,273.8888,1.0,958.71704,271.87537,1.0,970.91626,277.03174,1.0,962.0338,279.53323,1.0,951.55035,280.99597,1.0,1005.8567,274.30142,1.0,1015.7263,267.01935,1.0,1026.7384,266.56244,1.0,1032.5441,270.58636,1.0,1024.0212,274.66254,1.0,1014.01917,275.0742,1.0,978.17096,349.1105,1.0,985.2803,338.6785,1.0,992.15094,334.86057,1.0,999.4715,335.51648,1.0,1006.2924,333.72772,1.0,1012.1734,336.78082,1.0,1016.6335,347.6251,1.0,1016.44006,352.89798,1.0,1008.51953,359.7338,1.0,1000.78986,361.29697,1.0,992.88354,361.2075,1.0,981.35846,355.2115,1.0,981.32874,348.74228,1.0,995.3944,345.07178,1.0,999.698,344.74728,1.0,1004.35876,344.5277,1.0,1013.6942,347.71487,1.0,1004.1226,349.87155,1.0,999.526,350.4784,1.0,994.6701,350.3859,1.0,955.10236,276.32892,1.0,1019.6785,270.6917,1.0,997.3215,317.7573,0.992559,982.396,438.065,0.9987278,829.87933,442.22195,0.9987278,847.42267,704.91864,0.5497929,934.9554,551.9959,0.7335504,1134.9126,433.90805,0.999699,1134.5492,703.94293,0.83668995,1051.2,543.0152,0.8349805,979.38293,929.06036,0.98418254,882.4881,929.40076,0.98418254,886.0008,1237.4594,0.03451851,868.5089,1569.6382,0.005718038,1076.2778,928.72,0.98480886,1083.9498,1272.8665,0.03367179,1048.0638,1577.8811,0.0044906577,955.31146,282.39276,0.9912024,1020.4634,283.41232,0.9852164,917.9512,293.7713,0.97806823,1035.8641,287.2893,0.99167335,1006.1406,1677.3989,0.0042431685,1006.1406,1677.3989,0.0042431685,1047.975,1615.6003,0.0049508773,910.8461,1668.5691,0.0031909673,910.8461,1668.5691,0.0031909673,862.2144,1614.4257,0.0049568876,1052.1364,554.2833,1.0,1073.8867,522.01294,1.0,1078.6011,483.55377,1.0,1064.1338,459.22482,1.0,1050.5421,458.06747,1.0,1066.2092,505.30444,1.0,1054.3757,470.704,1.0,1049.8268,453.1763,1.0,1050.6499,445.18948,1.0,1041.5264,514.1145,1.0,1027.3694,471.218,1.0,1031.5878,454.4574,1.0,1039.8468,452.7909,1.0,1021.4259,519.2186,1.0,1012.012,475.08926,1.0,1023.4412,464.28622,1.0,1035.8961,468.3527,1.0,1007.24774,521.61066,1.0,1004.88336,487.02585,1.0,1015.08795,474.8808,1.0,1024.7477,473.85248,1.0,941.54395,556.23663,1.0,921.41534,527.92645,1.0,921.64996,495.25485,1.0,935.3728,468.93216,1.0,951.167,455.0221,1.0,926.7895,511.03235,1.0,929.17535,480.5618,1.0,934.2174,458.14377,1.0,940.48193,440.25067,1.0,950.38806,518.16675,1.0,965.3881,481.01373,1.0,972.65704,455.4077,1.0,976.63275,435.96304,1.0,973.0693,520.93774,1.0,982.3257,477.71985,1.0,973.85754,470.78665,1.0,965.5925,476.16095,1.0,991.3245,520.3469,1.0,994.74097,482.72644,1.0,982.4548,476.19595,1.0,973.16644,481.59573,1.0
904.7437,284.66058,1.0,907.15546,297.17883,1.0,909.6777,310.42413,1.0,917.95,332.13605,1.0,926.91534,345.52264,1.0,941.3573,359.85214,1.0,951.91534,367.25098,1.0,972.46747,377.38577,1.0,999.5271,380.2127,1.0,1022.0321,371.69836,1.0,1032.9371,357.5227,1.0,1037.1963,348.31354,1.0,1042.447,331.78687,1.0,1047.6195,309.97595,1.0,1048.3837,295.91522,1.0,1048.0396,283.15573,1.0,1048.1079,271.2003,1.0,923.94617,265.40396,1.0,930.73535,258.51736,1.0,941.209,253.43259,1.0,955.82733,251.26868,1.0,972.65906,251.25337,1.0,1004.6172,248.59814,1.0,1018.89307,246.09064,1.0,1030.7869,246.05016,1.0,1039.1313,249.39021,1.0,1043.131,254.69661,1.0,992.27576,274.79956,1.0,995.5199,288.9744,1.0,997.8225,298.3901,1.0,999.2154,305.64032,1.0,984.9886,317.0585,1.0,989.8679,319.56116,1.0,997.7221,318.72305,1.0,1004.7736,318.33243,1.0,1008.35236,315.14575,1.0,940.32465,277.19934,1.0,947.3167,272.6007,1.0,958.4922,270.69983,1.0,970.3681,275.3135,1.0,961.60095,277.7822,1.0,951.2999,279.23062,1.0,1005.5299,272.7302,1.0,1015.3865,265.9739,1.0,1026.2086,265.5669,1.0,1032.005,269.3284,1.0,1023.6099,273.2896,1.0,1013.6494,273.63693,1.0,976.5601,347.5193,1.0,984.2621,337.092,1.0,991.2432,333.3757,1.0,998.4716,334.1483,1.0,1005.3168,332.40054,1.0,1011.14624,335.42508,1.0,1015.82776,346.16977,1.0,1015.33136,351.49384,1.0,1007.0692,358.2376,1.0,999.31824,359.75424,1.0,991.4602,359.61304,1.0,979.8161,353.66086,1.0,979.77655,347.19846,1.0,994.2272,343.45438,1.0,998.5354,343.15585,1.0,1003.2892,342.9244,1.0,1012.7973,346.28183,1.0,1002.98065,348.52933,1.0,998.28577,349.1485,1.0,993.3294,349.00217,1.0,954.6374,274.93417,1.0,1019.2644,269.5255,1.0,997.5145,317.7459,0.99264413,982.31323,438.32062,0.9986782,829.8501,442.65536,0.9986782,847.30286,705.1951,0.5403153,934.5018,553.66724,0.71223587,1134.7764,433.9859,0.9996888,1135.4001,703.9196,0.83396363,1051.2943,545.03925,0.82452106,979.63293,928.62146,0.9844969,882.95856,929.1112,0.9844969,884.7976,1237.0685,0.03561038,868.1413,1568.3119,0.0057583624,1076.3074,928.1318,0.98508,1083.2758,1272.2538,0.03457683,1047.5643,1576.0222,0.0044566,955.5843,282.377,0.9913274,1020.45776,283.49033,0.9853877,917.94257,293.76987,0.9783158,1035.5723,287.4513,0.99174535,1005.5942,1675.5475,0.004205791,1005.5942,1675.5475,0.004205791,1047.5288,1613.5367,0.0048691863,911.0547,1666.1051,0.0032298348,911.0547,1666.1051,0.0032298348,861.9457,1613.3276,0.0048876624,1053.5358,560.2858,1.0,1074.0969,529.6954,1.0,1076.2749,495.76755,1.0,1062.9424,470.9744,1.0,1050.7361,459.57043,1.0,1073.4204,511.10367,1.0,1072.9413,479.951,1.0,1067.6708,462.88083,1.0,1063.9803,454.46005,1.0,1049.3627,520.2496,1.0,1033.4823,480.59195,1.0,1033.3218,460.43927,1.0,1037.7667,455.8103,1.0,1026.7207,526.5973,1.0,1012.8878,484.20184,1.0,1022.13367,469.557,1.0,1033.2833,471.00647,1.0,1009.5346,530.2463,1.0,1004.347,495.6456,1.0,1014.07355,482.64117,1.0,1023.51263,481.80643,1.0,939.3785,559.6074,1.0,920.2555,531.57574,1.0,920.5223,497.85,1.0,933.7071,470.87167,1.0,948.9634,456.11508,1.0,926.6183,515.3021,1.0,930.2976,487.258,1.0,936.556,465.68866,1.0,943.641,448.57303,1.0,950.5449,523.4949,1.0,966.71265,487.50613,1.0,974.19763,461.47092,1.0,977.8606,441.49094,1.0,973.01294,526.7775,1.0,983.9502,485.04895,1.0,976.2952,475.0165,1.0,967.5079,477.23325,1.0,990.50287,526.27997,1.0,995.13025,489.26596,1.0,983.8895,480.88577,1.0,974.4317,483.93146,1.0
903.3863,280.86905,1.0,905.63165,293.34158,1.0,908.0196,306.55066,1.0,915.99493,328.2625,1.0,924.59985,341.71323,1.0,938.6032,356.1059,1.0,948.91626,363.48727,1.0,968.98846,373.6213,1.0,996.05035,376.55246,1.0,1018.98987,368.33826,1.0,1030.5563,354.5834,1.0,1035.2753,345.63416,1.0,1041.2742,329.41202,1.0,1047.193,307.69556,1.0,1048.4292,293.6163,1.0,1048.488,280.78757,1.0,1048.7014,268.73825,1.0,922.08777,261.8188,1.0,928.88635,255.15019,1.0,939.3218,250.25699,1.0,953.8229,248.20654,1.0,970.6374,248.28746,1.0,1003.0008,245.7501,1.0,1017.54865,243.38028,1.0,1029.6288,243.38956,1.0,1038.161,246.70897,1.0,1042.4364,251.96524,1.0,990.0186,271.23868,1.0,992.76556,285.01654,1.0,994.68964,294.1737,1.0,995.81445,301.29028,1.0,981.7939,312.61166,1.0,986.53516,315.14447,1.0,994.44354,314.41742,1.0,1001.4961,314.0967,1.0,1005.1155,310.96945,1.0,937.6057,273.55878,1.0,945.2413,269.72427,1.0,956.49023,267.95828,1.0,968.14703,271.4921,1.0,959.20245,273.81607,1.0,948.7217,275.2414,1.0,1003.7236,269.1991,1.0,1013.76263,263.36597,1.0,1024.5171,263.14685,1.0,1030.7098,266.42236,1.0,1021.9827,269.93344,1.0,1011.992,270.12125,1.0,972.3894,343.4392,1.0,980.5088,332.55283,1.0,987.69275,328.79898,1.0,995.1281,329.59335,1.0,1002.1459,327.91843,1.0,1008.29944,331.08682,1.0,1013.50214,342.17725,1.0,1012.7792,347.7464,1.0,1003.78955,354.51028,1.0,995.6456,355.98795,1.0,987.478,355.81766,1.0,975.4664,349.85245,1.0,975.6819,343.1485,1.0,990.5626,338.63342,1.0,995.17017,338.3346,1.0,1000.12994,338.17383,1.0,1010.30194,342.23453,1.0,999.73865,344.6857,1.0,994.74054,345.29892,1.0,989.5491,345.1798,1.0,952.4219,271.44437,1.0,1018.0548,266.39862,1.0,995.9763,318.0161,0.9929516,982.2735,438.3051,0.9986573,829.837,442.61072,0.9986573,841.00104,705.5508,0.5358401,932.8776,564.1179,0.69409823,1134.7101,433.9995,0.99968714,1138.8964,703.79944,0.83419603,1051.3422,552.3766,0.81889015,979.70996,927.7334,0.98451066,883.09924,927.7661,0.98451066,883.5185,1237.0663,0.037035935,868.11444,1567.9769,0.0057782414,1076.3206,927.70074,0.98508775,1082.9127,1271.7064,0.03643977,1047.6788,1574.0964,0.0044390657,955.25214,282.77274,0.9916906,1019.81036,283.75012,0.98601735,917.82043,293.8012,0.97912574,1035.5013,287.55466,0.9920916,1004.21265,1673.1862,0.004190645,1004.21265,1673.1862,0.004190645,1047.8575,1610.4833,0.0047845584,911.06696,1665.5046,0.0032662116,911.06696,1665.5046,0.0032662116,861.97485,1612.8644,0.004830365,1057.3921,567.3657,1.0,1077.9891,536.5175,1.0,1077.5747,501.56946,1.0,1063.4927,476.63715,1.0,1046.2755,470.89865,1.0,1071.5413,521.42975,1.0,1069.774,491.0004,1.0,1063.3032,472.50983,1.0,1058.8379,461.7267,1.0,1048.801,530.4703,1.0,1032.9641,492.08276,1.0,1033.5035,472.0467,1.0,1038.5757,466.14304,1.0,1027.3754,537.21625,1.0,1013.7123,495.1707,1.0,1023.1073,481.1636,1.0,1034.6165,481.81174,1.0,1011.45917,541.66925,1.0,1004.0221,507.0835,1.0,1012.6101,493.94165,1.0,1021.4747,492.17297,1.0,935.2599,568.4106,1.0,916.98865,537.9435,1.0,919.33624,504.60794,1.0,934.8247,479.66116,1.0,951.2389,465.93814,1.0,924.08417,522.52515,1.0,928.41205,496.93628,1.0,936.1241,476.18173,1.0,944.36884,459.82706,1.0,946.7174,532.68384,1.0,966.13354,497.11212,1.0,975.33655,471.37192,1.0,980.54877,452.00485,1.0,968.5157,538.30646,1.0,983.5034,496.28073,1.0,976.57263,485.1499,1.0,968.1096,487.58185,1.0,985.8054,540.2824,1.0,994.10693,502.81302,1.0,983.2337,492.1522,1.0,973.14136,494.6496,1.0
902.0288,277.0775,1.0,904.1079,289.50433,1.0,906.36145,302.6772,1.0,914.0398,324.38898,1.0,922.28436,337.90378,1.0,935.8492,352.35962,1.0,945.9172,359.7236,1.0,965.5095,369.85684,1.0,992.57355,372.8922,1.0,1015.94763,364.97812,1.0,1028.1754,351.64413,1.0,1033.3541,342.95477,1.0,1040.1014,327.03717,1.0,1046.7666,305.41516,1.0,1048.4747,291.31735,1.0,1048.9365,278.41943,1.0,1049.295,266.2762,1.0,920.2294,258.23358,1.0,927.0373,251.78302,1.0,937.4346,247.08139,1.0,951.8184,245.14441,1.0,968.6157,245.32155,1.0,1001.3844,242.90205,1.0,1016.2042,240.66992,1.0,1028.4708,240.72894,1.0,1037.1907,244.02771,1.0,1041.7418,249.23387,1.0,987.7615,267.6778,1.0,990.01117,281.0587,1.0,991.5567,289.9573,1.0,992.4136,296.94022,1.0,978.5992,308.1648,1.0,983.2024,310.72775,1.0,991.1649,310.1118,1.0,998.21857,309.861,1.0,1001.87866,306.79315,1.0,934.88684,269.9182,1.0,943.16583,266.84787,1.0,954.4883,265.2167,1.0,965.9259,267.6707,1.0,956.804,269.84998,1.0,946.1434,271.25217,1.0,1001.9173,265.668,1.0,1012.13885,260.758,1.0,1022.82556,260.72684,1.0,1029.4147,263.51633,1.0,1020.3555,266.5773,1.0,1010.33466,266.6056,1.0,968.2186,339.3591,1.0,976.7555,328.0136,1.0,984.1422,324.22226,1.0,991.7846,325.03842,1.0,998.975,323.43634,1.0,1005.4527,326.74857,1.0,1011.17645,338.18472,1.0,1010.227,343.99896,1.0,1000.5098,350.783,1.0,991.9731,352.22168,1.0,983.49585,352.02225,1.0,971.1167,346.04407,1.0,971.5872,339.09857,1.0,986.8981,333.81244,1.0,991.805,333.51337,1.0,996.9707,333.42322,1.0,1007.8066,338.18726,1.0,996.4966,340.84204,1.0,991.1953,341.44934,1.0,985.7687,341.35748,1.0,950.2064,267.95456,1.0,1016.8453,263.2717,1.0,992.7789,316.8145,0.99312,982.17633,438.3552,0.9986305,829.8128,442.6187,0.9986305,824.66833,705.56433,0.5395224,926.00525,585.81085,0.6838961,1134.5398,434.09167,0.99968326,1147.9999,702.90063,0.8406353,1055.0725,571.83154,0.8211186,979.7678,925.9258,0.98460364,883.228,925.98425,0.98460364,878.5886,1233.4087,0.041572493,866.3693,1561.739,0.006294875,1076.3076,925.8673,0.98512864,1082.859,1270.0864,0.04007263,1047.6572,1570.2161,0.0045908745,954.48615,282.44916,0.99185485,1018.1797,282.95178,0.98633796,917.6633,292.80374,0.97948223,1034.8931,286.89316,0.99228674,1003.8357,1671.7635,0.004287543,1003.8357,1671.7635,0.004287543,1047.8363,1605.0916,0.0048321877,908.98846,1658.5913,0.0035446302,908.98846,1658.5913,0.0035446302,860.93677,1605.5732,0.0049812207,1062.6514,581.0101,1.0,1082.3092,549.14185,1.0,1080.095,513.76715,1.0,1062.8599,488.53815,1.0,1044.0802,483.90067,1.0,1074.7079,538.64764,1.0,1071.7198,504.74036,1.0,1063.6096,488.77182,1.0,1057.7898,480.92734,1.0,1051.4127,549.2713,1.0,1035.3342,508.02548,1.0,1035.7103,491.18317,1.0,1040.5448,487.7728,1.0,1030.601,556.45435,1.0,1016.4281,512.9927,1.0,1025.5461,500.5074,1.0,1036.6287,501.45523,1.0,1014.9671,560.2012,1.0,1006.7855,524.79553,1.0,1015.44604,512.61066,1.0,1024.1548,511.38855,1.0,928.3084,581.8565,1.0,911.116,550.20294,1.0,918.1292,516.6888,1.0,938.5048,493.1866,1.0,957.51526,483.88068,1.0,918.94727,538.153,1.0,927.12,511.37195,1.0,937.677,490.0658,1.0,948.242,473.75668,1.0,942.0935,550.4584,1.0,964.6331,513.86914,1.0,974.94574,489.15045,1.0,980.81226,471.06134,1.0,964.4512,557.08344,1.0,983.87366,513.8561,1.0,976.6792,503.40216,1.0,966.54535,506.14487,1.0,982.82434,559.4266,1.0,994.8502,520.66736,1.0,983.719,510.1495,1.0,972.12994,512.15137,1.0
900.6713,273.28598,1.0,902.58417,285.66708,1.0,904.7033,298.8037,1.0,912.0847,320.51544,1.0,919.9689,334.09436,1.0,933.0951,348.61334,1.0,942.9181,355.9599,1.0,962.0305,366.0924,1.0,989.0968,369.23196,1.0,1012.90546,361.61798,1.0,1025.7944,348.70483,1.0,1031.4331,340.27542,1.0,1038.9287,324.66232,1.0,1046.3401,303.13474,1.0,1048.5203,289.01843,1.0,1049.3851,276.0513,1.0,1049.8885,263.81418,1.0,918.371,254.64839,1.0,925.18823,248.41583,1.0,935.54736,243.90579,1.0,949.814,242.08228,1.0,966.5941,242.35562,1.0,999.768,240.05402,1.0,1014.85974,237.95956,1.0,1027.3129,238.06833,1.0,1036.2203,241.34647,1.0,1041.0472,246.50252,1.0,985.5043,264.11688,1.0,987.25684,277.10083,1.0,988.4238,285.74094,1.0,989.01263,292.59015,1.0,975.4045,303.71796,1.0,979.8696,306.31107,1.0,987.8863,305.80615,1.0,994.94104,305.62527,1.0,998.6418,302.61685,1.0,932.16797,266.27765,1.0,941.0904,263.97147,1.0,952.48627,262.47516,1.0,963.7048,263.84927,1.0,954.4055,265.88385,1.0,943.5651,267.26294,1.0,1000.11096,262.1369,1.0,1010.5151,258.15005,1.0,1021.134,258.3068,1.0,1028.1195,260.6103,1.0,1018.72833,263.22116,1.0,1008.67725,263.0899,1.0,964.0479,335.279,1.0,973.0022,323.47443,1.0,980.59174,319.64554,1.0,988.4411,320.4835,1.0,995.80414,318.95425,1.0,1002.6059,322.4103,1.0,1008.8508,334.1922,1.0,1007.6748,340.25153,1.0,997.23016,347.05566,1.0,988.3005,348.45538,1.0,979.5137,348.22687,1.0,966.767,342.23566,1.0,967.4925,335.0486,1.0,983.23346,328.9915,1.0,988.43976,328.6921,1.0,993.81146,328.6726,1.0,1005.31116,334.13995,1.0,993.2546,336.9984,1.0,987.6501,337.59976,1.0,981.9883,337.53516,1.0,947.99097,264.46475,1.0,1015.63574,260.1448,1.0,987.7097,314.1891,0.99314904,982.0584,438.79788,0.9985954,829.66864,442.9585,0.9985954,808.52014,705.754,0.5438846,916.68304,605.7016,0.67250377,1134.4482,434.6373,0.99967706,1156.6865,699.39954,0.8456583,1062.7991,593.1565,0.82099605,979.86804,923.02594,0.98456484,883.34674,923.3512,0.98456484,877.61957,1228.707,0.044035845,865.9454,1553.5842,0.006536526,1076.3894,922.7007,0.9850851,1082.9615,1265.2177,0.042162884,1047.7827,1565.0514,0.004676594,952.3895,280.0436,0.9917914,1016.1566,280.70413,0.9863032,917.1569,289.98294,0.9791786,1034.6656,285.8719,0.99229443,1004.24536,1667.5992,0.0043144,1004.24536,1667.5992,0.0043144,1047.8259,1599.6075,0.004817151,908.41406,1651.0001,0.003654723,908.41406,1651.0001,0.003654723,860.70636,1596.7485,0.00500107,1068.2427,598.5153,1.0,1087.7341,566.6938,1.0,1082.0529,529.3035,1.0,1058.2281,508.08405,1.0,1035.4396,509.8344,1.0,1072.2784,555.02094,1.0,1050.4402,524.54315,1.0,1044.3243,516.5316,1.0,1042.6327,514.50433,1.0,1049.0132,569.7146,1.0,1030.496,532.0189,1.0,1036.3865,523.1906,1.0,1045.0388,525.3743,1.0,1030.393,578.5639,1.0,1016.27954,538.55725,1.0,1027.1185,531.6236,1.0,1038.3524,534.92584,1.0,1016.4489,582.693,1.0,1008.7926,548.42114,1.0,1018.1781,539.7952,1.0,1026.2958,540.8123,1.0,918.7633,597.1255,1.0,906.3206,565.32965,1.0,916.1394,534.3533,1.0,939.3022,516.47003,1.0,959.55084,510.13205,1.0,912.1898,557.2887,1.0,926.12335,531.0225,1.0,939.53644,512.52374,1.0,952.91644,498.9876,1.0,931.85065,574.65594,1.0,961.92126,537.08374,1.0,975.9026,515.71,1.0,985.1166,501.719,1.0,953.12573,585.7455,1.0,983.1426,542.2934,1.0,976.5065,532.0295,1.0,965.83606,534.765,1.0,972.81323,592.03064,1.0,994.3137,554.124,1.0,985.90485,541.88196,1.0,975.1768,542.00183,1.0
899.7272,270.19965,1.0,901.3966,282.76248,1.0,903.3576,296.00458,1.0,910.6107,317.91922,1.0,918.4136,331.58786,1.0,931.255,346.09085,1.0,940.8314,353.49103,1.0,959.68646,363.5876,1.0,986.65607,366.93463,1.0,1010.8638,359.6722,1.0,1024.2675,347.03806,1.0,1030.1984,338.6292,1.0,1037.9939,323.1024,1.0,1045.5262,301.5192,1.0,1047.6925,287.26804,1.0,1048.4226,274.1711,1.0,1048.779,261.7921,1.0,917.11334,250.56955,1.0,923.8551,244.10535,1.0,934.0835,239.5367,1.0,948.25006,237.78648,1.0,964.8561,238.19002,1.0,997.5277,236.30649,1.0,1012.57855,234.30252,1.0,1025.0435,234.57736,1.0,1034.1395,238.05637,1.0,1039.1537,243.52858,1.0,983.35675,260.61505,1.0,984.98694,273.48856,1.0,986.1291,282.05896,1.0,986.73804,288.91754,1.0,973.2648,300.35168,1.0,977.75995,302.9568,1.0,985.69995,302.39542,1.0,992.7711,302.31622,1.0,996.5375,299.30197,1.0,930.88275,262.64575,1.0,939.3619,259.64667,1.0,950.53906,258.31946,1.0,961.7697,260.8083,1.0,952.49133,262.8409,1.0,941.8525,264.06967,1.0,998.0971,259.3959,1.0,1008.69415,254.72803,1.0,1019.30054,254.8789,1.0,1026.0552,257.7497,1.0,1016.90216,260.50424,1.0,1006.9189,260.42972,1.0,962.208,331.83896,1.0,971.0509,320.28336,1.0,978.5294,316.43475,1.0,986.2404,317.29285,1.0,993.5398,315.82535,1.0,1000.309,319.3146,1.0,1006.5089,331.0315,1.0,1005.19836,337.00638,1.0,994.7739,343.67807,1.0,985.94617,345.03815,1.0,977.3518,344.72284,1.0,964.95624,338.67056,1.0,965.56195,331.595,1.0,981.0978,326.10068,1.0,986.1583,325.83066,1.0,991.42896,325.81,1.0,1003.13135,330.92313,1.0,991.0185,333.38205,1.0,985.4548,333.92422,1.0,979.8892,333.79346,1.0,945.88635,260.76074,1.0,1013.3197,257.07187,1.0,981.703,312.24164,0.99283665,981.74615,439.11826,0.998557,829.1957,443.3222,0.998557,792.0246,706.4108,0.55061114,903.2893,625.8888,0.66680264,1134.2966,434.9143,0.99967885,1171.7864,697.0592,0.851456,1075.9492,624.2645,0.8245657,980.6356,923.11176,0.98401994,883.86725,923.48865,0.98401994,878.6909,1225.2664,0.044797637,866.492,1548.7959,0.0065895137,1077.404,922.73486,0.9847467,1083.0961,1261.5319,0.04337649,1049.141,1559.2056,0.00480465,949.0534,276.49896,0.99107575,1013.17773,277.7754,0.98546124,916.48584,285.44775,0.9769645,1034.2324,283.34976,0.99197054,1007.95233,1656.2695,0.0043715974,1007.95233,1656.2695,0.0043715974,1048.6011,1595.305,0.004839506,909.58673,1645.214,0.0036556728,909.58673,1645.214,0.0036556728,860.9975,1591.5656,0.0049727997,1066.5269,623.29016,1.0,1090.9391,598.4878,1.0,1087.9498,565.7843,1.0,1062.4689,547.70654,1.0,1040.6511,546.9706,1.0,1079.7368,589.29205,1.0,1051.116,560.0335,1.0,1044.6359,552.6423,1.0,1043.8474,550.5019,1.0,1055.6013,600.9826,1.0,1035.196,565.6222,1.0,1039.5143,557.8217,1.0,1046.4373,560.488,1.0,1036.7136,608.3431,1.0,1022.54047,572.8519,1.0,1031.3802,566.97565,1.0,1039.6243,569.94116,1.0,1021.3909,611.8344,1.0,1015.53485,582.529,1.0,1024.198,576.8125,1.0,1031.1844,579.7673,1.0,916.3555,612.5851,1.0,908.734,580.4269,1.0,922.78326,553.7431,1.0,948.1953,544.39325,1.0,966.4515,546.51105,1.0,907.5086,581.6939,1.0,924.21564,564.11505,1.0,941.14343,549.9008,1.0,957.3568,539.7096,1.0,922.90204,605.0449,1.0,958.9668,576.6217,1.0,976.20825,558.3654,1.0,987.6327,546.2582,1.0,941.4984,620.2139,1.0,976.90234,583.3437,1.0,975.50037,568.97644,1.0,967.5626,565.70483,1.0,960.3964,629.0707,1.0,984.48175,594.9533,1.0,980.0164,581.6447,1.0,972.5672,578.23584,1.0
898.7831,267.11328,1.0,900.20905,279.85788,1.0,902.01184,293.20547,1.0,909.1367,315.323,1.0,916.8583,329.08133,1.0,929.41486,343.56833,1.0,938.74475,351.0222,1.0,957.3424,361.0828,1.0,984.2154,364.63733,1.0,1008.8221,357.7264,1.0,1022.74054,345.3713,1.0,1028.9636,336.98297,1.0,1037.0592,321.54248,1.0,1044.7125,299.90363,1.0,1046.8646,285.51764,1.0,1047.4601,272.2909,1.0,1047.6696,259.77008,1.0,915.8557,246.49069,1.0,922.5219,239.79485,1.0,932.61957,235.1676,1.0,946.68616,233.4907,1.0,963.11804,234.02441,1.0,995.2874,232.55896,1.0,1010.2973,230.6455,1.0,1022.7741,231.08641,1.0,1032.0587,234.76628,1.0,1037.2601,240.55463,1.0,981.2092,257.1132,1.0,982.71704,269.87625,1.0,983.83435,278.377,1.0,984.4634,285.24496,1.0,971.125,296.98538,1.0,975.65027,299.60248,1.0,983.51355,298.98468,1.0,990.60114,299.00714,1.0,994.43317,295.9871,1.0,929.59753,259.01385,1.0,937.6334,255.32187,1.0,948.5918,254.16376,1.0,959.83466,257.7673,1.0,950.5771,259.79794,1.0,940.13983,260.8764,1.0,996.0832,256.6549,1.0,1006.8733,251.30602,1.0,1017.46704,251.451,1.0,1023.99084,254.88907,1.0,1015.0759,257.78732,1.0,1005.16046,257.76953,1.0,960.36816,328.39893,1.0,969.0996,317.0923,1.0,976.4671,313.22397,1.0,984.03973,314.10223,1.0,991.2755,312.69647,1.0,998.01215,316.2189,1.0,1004.167,327.8708,1.0,1002.7219,333.76123,1.0,992.3177,340.30048,1.0,983.59186,341.6209,1.0,975.1899,341.2188,1.0,963.1455,335.1055,1.0,963.6314,328.14142,1.0,978.9621,323.20987,1.0,983.87683,322.9692,1.0,989.04645,322.94742,1.0,1000.95154,327.7063,1.0,988.7824,329.76572,1.0,983.2595,330.24872,1.0,977.79016,330.05176,1.0,943.7818,257.05676,1.0,1011.0037,253.99896,1.0,978.6841,308.70312,0.99318516,981.07227,439.50693,0.99861467,828.42316,443.78964,0.99861467,773.8608,707.0826,0.5642186,890.3403,655.06036,0.6744019,1133.7214,435.2242,0.9996936,1186.8381,696.97675,0.8589408,1082.7588,649.25085,0.8303924,980.7239,926.6161,0.98373824,883.61066,928.35565,0.98373824,878.7138,1225.5518,0.044703327,866.4921,1549.0524,0.0065921014,1077.8372,924.87646,0.9846063,1086.9675,1261.5415,0.0449057,1052.5879,1561.639,0.005133514,947.25055,270.2749,0.9913839,1011.3012,273.06732,0.9860304,915.729,279.4066,0.9776835,1033.8972,278.38974,0.99233526,1011.8004,1657.1466,0.0046465807,1011.8004,1657.1466,0.0046465807,1051.603,1601.2288,0.0050788317,908.27295,1645.9205,0.003668115,908.27295,1645.9205,0.003668115,861.1156,1591.8256,0.0050098454,1012.32983,659.83484,1.0,1036.2874,635.2803,1.0,1041.6171,609.07544,1.0,1028.8427,598.13806,1.0,1017.2467,601.2201,1.0,1028.5436,633.4549,1.0,1016.693,615.96875,1.0,1017.6519,611.32434,1.0,1020.97284,610.18475,1.0,1008.44025,648.5011,1.0,1004.756,627.44415,1.0,1015.1104,621.76624,1.0,1024.5093,623.06647,1.0,993.673,659.07697,1.0,994.1524,637.5166,1.0,1007.44226,632.15826,1.0,1017.90796,632.67413,1.0,982.3791,665.1507,1.0,987.30664,647.0885,1.0,998.9166,641.765,1.0,1007.54047,642.14545,1.0,926.248,617.3929,1.0,915.98846,601.7607,1.0,926.80286,585.3608,1.0,947.18713,581.88293,1.0,964.8295,584.5509,1.0,910.8929,609.24176,1.0,933.9655,599.8963,1.0,950.873,594.49854,1.0,962.22955,590.8586,1.0,924.2629,627.8966,1.0,956.67694,616.985,1.0,975.58594,607.5875,1.0,987.59534,598.8612,1.0,938.079,639.44415,1.0,965.81415,626.8618,1.0,977.3809,615.24207,1.0,981.63837,605.5224,1.0,949.9125,645.10895,1.0,970.7302,631.6941,1.0,976.26575,622.52826,1.0,976.16547,615.1618,1.0
897.8389,264.02695,1.0,899.0215,276.95328,1.0,900.6661,290.40634,1.0,907.6627,312.72678,1.0,915.303,326.5748,1.0,927.57477,341.0458,1.0,936.6581,348.55334,1.0,954.99835,358.57797,1.0,981.7747,362.34,1.0,1006.7804,355.7806,1.0,1021.21356,343.70456,1.0,1027.729,335.33676,1.0,1036.1244,319.98254,1.0,1043.8988,298.2881,1.0,1046.0369,283.76724,1.0,1046.4977,270.4107,1.0,1046.56,257.74805,1.0,914.5981,242.41185,1.0,921.1888,235.48434,1.0,931.1557,230.7985,1.0,945.1222,229.19492,1.0,961.37994,229.85881,1.0,993.0471,228.81145,1.0,1008.01605,226.98845,1.0,1020.50476,227.59544,1.0,1029.9779,231.4762,1.0,1035.3667,237.58069,1.0,979.06165,253.61134,1.0,980.44714,266.26398,1.0,981.5396,274.69504,1.0,982.1887,281.57236,1.0,968.9853,293.6191,1.0,973.5406,296.2482,1.0,981.32715,295.57394,1.0,988.4312,295.6981,1.0,992.32886,292.67218,1.0,928.3123,255.38196,1.0,935.90497,250.99707,1.0,946.64453,250.00807,1.0,957.8996,254.72632,1.0,948.6629,256.755,1.0,938.4271,257.68314,1.0,994.06934,253.91393,1.0,1005.05237,247.88399,1.0,1015.6336,248.0231,1.0,1021.9266,252.02846,1.0,1013.24976,255.0704,1.0,1003.4021,255.10936,1.0,958.5283,324.9589,1.0,967.1483,313.9012,1.0,974.4048,310.01315,1.0,981.83905,310.9116,1.0,989.0112,309.56757,1.0,995.7152,313.1232,1.0,1001.8251,324.71005,1.0,1000.2454,330.51608,1.0,989.8615,336.92288,1.0,981.2375,338.20367,1.0,973.028,337.71478,1.0,961.3347,331.5404,1.0,961.7008,324.6878,1.0,976.8264,320.3191,1.0,981.5954,320.10776,1.0,986.66394,320.08484,1.0,998.7717,324.48947,1.0,986.5463,326.14935,1.0,981.0642,326.5732,1.0,975.6911,326.3101,1.0,941.6772,253.35275,1.0,1008.6877,250.92604,1.0,976.087,301.6197,0.99348867,980.96545,440.3936,0.9986771,828.1204,444.41418,0.9986771,759.34155,706.3689,0.5838796,871.4712,682.66296,0.697274,1133.8104,436.37296,0.9997037,1197.0741,694.2117,0.8676767,1104.8777,683.0774,0.841667,981.0583,935.4896,0.9833963,883.5445,937.2295,0.9833963,879.13635,1229.8688,0.044870816,867.61115,1559.0824,0.006708445,1078.5721,933.74976,0.98434705,1088.321,1269.8534,0.04466345,1058.953,1574.444,0.005360464,945.0321,261.26337,0.9916334,1009.8341,264.57855,0.98641825,915.229,273.1498,0.9782366,1033.6078,271.7765,0.9925695,1017.6916,1669.6022,0.004846034,1017.6916,1669.6022,0.004846034,1059.4574,1614.69,0.0052667093,911.7607,1660.8682,0.0037051628,911.7607,1660.8682,0.0037051628,862.2403,1602.7671,0.005111556,958.1328,696.3795,1.0,981.6356,672.0728,1.0,995.28436,652.36664,1.0,995.2163,648.5696,1.0,993.84235,655.4696,1.0,977.3503,677.6178,1.0,982.27,671.904,1.0,990.6681,670.00635,1.0,998.09827,669.86755,1.0,961.2791,696.01965,1.0,974.3159,689.2661,1.0,990.7066,685.7107,1.0,1002.5814,685.64496,1.0,950.6323,709.81085,1.0,965.7643,702.1813,1.0,983.50433,697.3409,1.0,996.1917,695.40717,1.0,943.3673,718.467,1.0,959.07837,711.64795,1.0,973.63525,706.71747,1.0,983.8965,704.5237,1.0,881.5363,696.0854,1.0,889.9127,661.6634,1.0,914.8536,634.9445,1.0,942.07495,628.27856,1.0,961.0326,637.5117,1.0,892.6508,660.61224,1.0,933.54974,654.0907,1.0,953.9034,647.12726,1.0,966.9712,642.113,1.0,894.8329,688.4744,1.0,949.9855,682.20386,1.0,974.9532,672.0783,1.0,987.24426,664.92346,1.0,902.51495,711.4037,1.0,958.3766,699.383,1.0,972.4016,685.43427,1.0,974.4146,676.5523,1.0,911.637,727.9721,1.0,955.9787,716.8922,1.0,962.7603,705.4591,1.0,959.4943,698.52875,1.0
897.58826,262.41867,1.0,898.8351,275.3306,1.0,900.37946,288.75284,1.0,906.976,310.9453,1.0,914.2968,324.59262,1.0,926.17975,338.809,1.0,935.1532,346.1583,1.0,953.4628,355.9698,1.0,980.18604,359.65488,1.0,1005.3732,353.24625,1.0,1020.24585,341.4851,1.0,1027.0201,333.2883,1.0,1035.5717,318.15668,1.0,1043.4092,296.63538,1.0,1045.4565,282.17917,1.0,1045.9644,268.86667,1.0,1045.9728,256.24036,1.0,913.85175,240.50388,1.0,920.3719,233.53888,1.0,930.2565,228.79619,1.0,944.1589,227.08995,1.0,960.39636,227.66414,1.0,992.01733,226.54591,1.0,1006.9904,224.89879,1.0,1019.46796,225.69414,1.0,1028.8591,229.72603,1.0,1034.2596,235.87354,1.0,977.7632,251.45049,1.0,978.90814,263.99783,1.0,979.79944,272.33084,1.0,980.34454,279.1906,1.0,967.2137,291.26303,1.0,971.7423,293.86957,1.0,979.5244,293.1879,1.0,986.6183,293.3576,1.0,990.529,290.365,1.0,927.1978,253.05751,1.0,934.7926,248.53395,1.0,945.74457,247.52672,1.0,956.939,252.425,1.0,947.67535,254.4729,1.0,937.3652,255.37477,1.0,993.04865,251.69672,1.0,1004.0312,245.5791,1.0,1014.7638,245.83353,1.0,1021.09265,250.02351,1.0,1012.1567,252.95393,1.0,1002.244,252.9284,1.0,956.33887,322.22632,1.0,965.1452,311.31113,1.0,972.5425,307.50055,1.0,979.95306,308.47247,1.0,987.2764,307.0899,1.0,994.207,310.69247,1.0,1001.13806,322.0981,1.0,998.9655,327.46854,1.0,988.14325,333.40863,1.0,979.5677,334.55914,1.0,971.5245,334.11523,1.0,959.6147,328.39096,1.0,959.3483,321.88324,1.0,974.8919,317.869,1.0,979.7212,317.72214,1.0,985.033,317.69983,1.0,998.20557,321.7952,1.0,985.1026,322.5697,1.0,979.51556,322.9229,1.0,974.118,322.69043,1.0,940.8399,250.98746,1.0,1007.7367,248.74811,1.0,974.8377,299.13773,0.993491,980.98804,440.69885,0.99874526,827.6232,444.4214,0.99874526,749.354,695.6593,0.60910696,853.5345,721.46344,0.7213477,1134.3529,436.97632,0.9997044,1200.2928,691.31824,0.87573403,1110.2369,718.13824,0.8509278,980.5854,939.75275,0.98345375,882.592,943.365,0.98345375,880.07684,1233.0249,0.04606989,870.43024,1573.539,0.007210847,1078.5787,936.14044,0.9842783,1088.2692,1276.5275,0.04599958,1060.2076,1587.232,0.005776666,943.15356,259.59317,0.9914531,1008.5716,261.42017,0.9859324,915.1043,271.5988,0.9781283,1032.4506,268.7955,0.9923713,1019.0531,1688.1042,0.005196236,1019.0531,1688.1042,0.005196236,1061.073,1628.1072,0.005527709,912.0216,1679.0953,0.003918907,912.0216,1679.0953,0.003918907,866.2754,1619.4419,0.0053097866,903.9358,732.9242,1.0,926.9839,708.86536,1.0,948.9516,695.6578,1.0,961.59,699.0011,1.0,970.4379,709.7191,1.0,926.15704,721.7807,1.0,947.847,727.83923,1.0,963.6842,728.6884,1.0,975.2237,729.5504,1.0,914.11804,743.53815,1.0,943.87585,751.088,1.0,966.3028,749.6552,1.0,980.6535,748.22345,1.0,907.59174,760.54474,1.0,937.3762,766.8459,1.0,959.56635,762.5235,1.0,974.47546,758.14014,1.0,904.35547,771.78326,1.0,930.85016,776.20746,1.0,948.3538,771.67,1.0,960.2525,766.9019,1.0,881.1452,710.3015,1.0,891.22626,690.4652,1.0,916.53937,679.4947,1.0,942.5109,682.36304,1.0,959.22455,696.9473,1.0,891.3705,700.9807,1.0,928.7847,707.9109,1.0,951.3031,711.9674,1.0,966.4079,714.29834,1.0,888.2057,723.19977,1.0,931.198,732.66425,1.0,956.6166,734.6151,1.0,972.4232,733.6639,1.0,890.04034,738.8908,1.0,929.64984,745.5103,1.0,956.987,744.5177,1.0,975.1515,741.5494,1.0,894.8192,748.39935,1.0,926.811,751.8676,1.0,946.23193,751.47754,1.0,958.31647,748.6005,1.0
897.33765,260.81036,1.0,898.64874,273.70792,1.0,900.0928,287.09933,1.0,906.28925,309.16388,1.0,913.2906,322.6104,1.0,924.78467,336.57214,1.0,933.6484,343.76324,1.0,951.92737,353.36157,1.0,978.5974,356.96976,1.0,1003.9661,350.71188,1.0,1019.2782,339.26562,1.0,1026.3113,331.23984,1.0,1035.0189,316.3308,1.0,1042.9196,294.98267,1.0,1044.8763,280.59113,1.0,1045.4312,267.32263,1.0,1045.3854,254.73265,1.0,913.1054,238.5959,1.0,919.555,231.5934,1.0,929.3573,226.79388,1.0,943.19556,224.98499,1.0,959.4127,225.46945,1.0,990.9876,224.2804,1.0,1005.9648,222.80913,1.0,1018.4311,223.79283,1.0,1027.7405,227.97588,1.0,1033.1526,234.16637,1.0,976.46466,249.28963,1.0,977.3691,261.73172,1.0,978.05927,269.96664,1.0,978.5004,276.80887,1.0,965.4421,288.90698,1.0,969.9441,291.49094,1.0,977.7217,290.80188,1.0,984.8054,291.0171,1.0,988.7291,288.05777,1.0,926.0833,250.73308,1.0,933.6802,246.07082,1.0,944.84454,245.04538,1.0,955.9785,250.12367,1.0,946.68774,252.1908,1.0,936.30316,253.06642,1.0,992.028,249.47949,1.0,1003.01,243.27422,1.0,1013.894,243.64397,1.0,1020.2587,248.01859,1.0,1011.0636,250.83748,1.0,1001.0859,250.74745,1.0,954.1495,319.49374,1.0,963.14215,308.72104,1.0,970.68024,304.98795,1.0,978.06714,306.03336,1.0,985.54156,304.61224,1.0,992.6987,308.26178,1.0,1000.4511,319.4862,1.0,997.68555,324.421,1.0,986.42505,329.89438,1.0,977.8979,330.9146,1.0,970.02094,330.51572,1.0,957.89465,325.24152,1.0,956.99585,319.07867,1.0,972.9574,315.41888,1.0,977.847,315.3365,1.0,983.4021,315.31482,1.0,997.6394,319.10092,1.0,983.65894,318.99005,1.0,977.9669,319.27264,1.0,972.5449,319.07077,1.0,940.0026,248.62216,1.0,1006.78564,246.57016,1.0,974.7369,297.1013,0.99378943,980.9224,441.19678,0.9988167,827.5018,444.61273,0.9988167,737.88794,682.9226,0.64265496,840.42755,742.0466,0.746853,1134.343,437.7808,0.99971265,1205.7339,681.20624,0.8861545,1135.7834,739.32965,0.86368173,980.59326,942.4846,0.98419935,882.6015,946.6747,0.98419935,881.29974,1235.0452,0.050172586,873.93207,1581.0714,0.008220672,1078.5851,938.2945,0.9849519,1087.3082,1279.2467,0.0498338,1058.9756,1594.1279,0.0068969987,942.7687,257.9013,0.99170744,1007.33875,259.11102,0.9862573,915.0961,269.589,0.9790284,1031.2234,266.68567,0.9925851,1016.137,1700.289,0.005958734,1016.137,1700.289,0.005958734,1060.4943,1634.3655,0.006271977,911.5647,1694.4255,0.0042847404,911.5647,1694.4255,0.0042847404,872.47485,1626.3118,0.005907615,849.7388,769.4689,1.0,872.33215,745.6579,1.0,902.6189,738.9489,1.0,927.9637,749.4327,1.0,947.03357,763.96857,1.0,874.9638,765.94354,1.0,913.42395,783.7745,1.0,936.7003,787.3704,1.0,952.3491,789.2333,1.0,866.957,791.05664,1.0,913.4358,812.91,1.0,941.899,813.5997,1.0,958.7256,810.8019,1.0,864.5511,811.2786,1.0,908.98816,831.51056,1.0,935.62836,827.7061,1.0,952.7592,820.8731,1.0,865.3437,825.09955,1.0,902.6219,840.76697,1.0,923.07245,836.6225,1.0,936.6085,829.2801,1.0,869.3021,725.7666,1.0,886.9306,719.32635,1.0,911.0093,728.19415,1.0,933.43994,742.8501,1.0,951.5872,757.169,1.0,900.69995,741.9314,1.0,925.8804,760.31525,1.0,944.8888,769.2379,1.0,959.11774,775.9838,1.0,899.7657,751.6045,1.0,923.13684,768.84827,1.0,941.15076,777.0789,1.0,952.7498,784.1979,1.0,900.6712,757.49963,1.0,921.20966,773.8204,1.0,938.1097,781.1243,1.0,949.1258,786.2861,1.0,902.41974,761.9121,1.0,917.5221,776.4059,1.0,928.91284,784.26355,1.0,936.7578,790.23126,1.0
897.087,259.2021,1.0,898.46234,272.08524,1.0,899.80615,285.44586,1.0,905.60254,307.38242,1.0,912.2844,320.62823,1.0,923.38965,334.33533,1.0,932.1435,341.3682,1.0,950.3919,350.75336,1.0,977.0088,354.28464,1.0,1002.55896,348.17755,1.0,1018.3105,337.04617,1.0,1025.6024,329.19138,1.0,1034.4663,314.50497,1.0,1042.4299,293.32996,1.0,1044.296,279.00305,1.0,1044.898,265.7786,1.0,1044.7981,253.22495,1.0,912.359,236.68794,1.0,918.73804,229.64793,1.0,928.45807,224.79158,1.0,942.23224,222.88002,1.0,958.4291,223.27478,1.0,989.9579,222.01486,1.0,1004.93915,220.71947,1.0,1017.3942,221.89153,1.0,1026.6217,226.22572,1.0,1032.0455,232.4592,1.0,975.16614,247.12877,1.0,975.83,259.46558,1.0,976.3191,267.60242,1.0,976.65625,274.42715,1.0,963.6705,286.5509,1.0,968.1459,289.1123,1.0,975.91895,288.41583,1.0,982.9925,288.6766,1.0,986.92926,285.75055,1.0,924.9688,248.40863,1.0,932.5678,243.6077,1.0,943.9446,242.56404,1.0,955.01794,247.82236,1.0,945.7002,249.90869,1.0,935.24115,250.75807,1.0,991.0073,247.26228,1.0,1001.9888,240.96933,1.0,1013.0242,241.45439,1.0,1019.42474,246.01366,1.0,1009.9705,248.72101,1.0,999.9278,248.56648,1.0,951.96,316.76114,1.0,961.13904,306.13095,1.0,968.81793,302.47534,1.0,976.18115,303.59424,1.0,983.80676,302.13458,1.0,991.1905,305.83105,1.0,999.76416,316.87427,1.0,996.40564,321.3734,1.0,984.7068,326.38016,1.0,976.2281,327.27008,1.0,968.5174,326.91617,1.0,956.1746,322.09207,1.0,954.6433,316.27408,1.0,971.0229,312.9688,1.0,975.9727,312.95084,1.0,981.7712,312.9298,1.0,997.07324,316.40665,1.0,982.2152,315.4104,1.0,976.4183,315.62234,1.0,970.97186,315.4511,1.0,939.16534,246.25687,1.0,1005.83466,244.39223,1.0,974.5803,294.29645,0.9942208,980.80945,441.57263,0.99890333,827.3251,444.64236,0.99890333,730.4953,674.7311,0.674835,829.6563,775.6103,0.77069485,1134.2937,438.5029,0.99972343,1207.2916,676.42804,0.8958605,1152.3484,775.1843,0.8749626,978.20447,942.27655,0.9851204,881.1621,945.946,0.9851204,879.9833,1240.6073,0.05355939,873.8743,1586.8292,0.008971004,1075.2468,938.6072,0.98573065,1080.2003,1298.4286,0.0532846,1057.3333,1606.155,0.0075868354,942.46356,255.66931,0.9922182,1006.8583,254.57407,0.98698527,915.0867,267.75998,0.98045886,1030.0563,263.71652,0.9929501,1011.75134,1713.8224,0.006491668,1011.75134,1713.8224,0.006491668,1060.423,1642.9874,0.0066461363,911.55164,1700.3116,0.004637855,911.55164,1700.3116,0.004637855,872.186,1631.0898,0.006250856,1006.995,798.273,1.0,999.40216,787.2993,1.0,1004.604,795.21643,1.0,1011.73834,814.37054,1.0,1015.5604,832.9113,1.0,1007.88776,821.3274,1.0,1021.8412,850.5383,1.0,1022.3536,858.94183,1.0,1021.2643,861.44403,1.0,1011.6854,839.40173,1.0,1026.6383,873.74536,1.0,1027.7554,880.9299,1.0,1026.629,880.4402,1.0,1013.65247,852.5571,1.0,1029.0441,884.8254,1.0,1030.4354,889.14307,1.0,1030.1035,886.7073,1.0,1014.3955,860.36914,1.0,1028.0997,886.443,1.0,1029.5022,890.27185,1.0,1028.5889,887.51166,1.0,825.2639,793.9706,1.0,857.563,777.97437,1.0,890.2759,781.899,1.0,916.52826,799.6732,1.0,934.69275,816.163,1.0,866.4351,811.49115,1.0,896.18286,838.72,1.0,919.6883,849.6282,1.0,937.77985,855.09735,1.0,855.16705,832.3102,1.0,887.7647,862.8172,1.0,916.4369,875.0327,1.0,936.56366,880.3145,1.0,849.6221,847.1614,1.0,879.09503,877.95105,1.0,902.81335,888.6095,1.0,919.01416,892.3322,1.0,848.5002,855.9096,1.0,871.2749,880.9818,1.0,888.6727,892.28876,1.0,902.8612,897.8327,1.0
896.63385,258.2888,1.0,897.94946,271.1835,1.0,899.2378,284.52515,1.0,905.00134,306.43396,1.0,911.6032,319.65744,1.0,922.5682,333.2842,1.0,931.2993,340.22574,1.0,949.3019,349.541,1.0,975.5484,353.11356,1.0,1001.20856,347.20547,1.0,1017.22076,336.3016,1.0,1024.7815,328.51767,1.0,1033.88,313.95306,1.0,1042.0082,292.86578,1.0,1043.9594,278.5824,1.0,1044.5272,265.36002,1.0,1044.4764,252.74245,1.0,911.6792,235.45276,1.0,918.09705,228.4094,1.0,927.8723,223.6113,1.0,941.63715,221.7786,1.0,957.8633,222.22643,1.0,989.3695,221.01534,1.0,1004.385,219.7401,1.0,1016.915,220.89676,1.0,1026.1919,225.23152,1.0,1031.6592,231.52847,1.0,974.44385,246.03072,1.0,974.95905,258.4011,1.0,975.3892,266.5881,1.0,975.69196,273.45718,1.0,962.9056,285.53607,1.0,967.27783,288.11133,1.0,974.9276,287.41202,1.0,981.87946,287.6998,1.0,985.8388,284.78085,1.0,924.1614,247.23553,1.0,931.78455,242.44998,1.0,943.24695,241.45389,1.0,954.3793,246.79678,1.0,944.9378,248.88863,1.0,934.3993,249.71384,1.0,990.46704,246.33733,1.0,1001.61285,239.9897,1.0,1012.72894,240.49295,1.0,1019.06726,245.07509,1.0,1009.56995,247.83923,1.0,999.49054,247.69342,1.0,951.45654,315.34854,1.0,960.43195,304.94528,1.0,967.91974,301.36972,1.0,975.14746,302.48892,1.0,982.63684,301.0863,1.0,989.8391,304.72772,1.0,998.20013,315.56042,1.0,994.7965,319.95032,1.0,983.29504,324.87988,1.0,975.0066,325.73666,1.0,967.4648,325.35092,1.0,955.5713,320.5086,1.0,954.087,314.88153,1.0,970.03394,311.79156,1.0,974.86,311.78125,1.0,980.53766,311.7752,1.0,995.65173,315.071,1.0,980.95,313.97867,1.0,975.2718,314.14417,1.0,969.95105,313.9604,1.0,938.5198,245.20134,1.0,1005.4045,243.5059,1.0,973.7249,293.16748,0.9946127,980.94696,442.0178,0.9989701,827.12994,444.64722,0.9989701,726.1678,671.7514,0.7043755,820.8474,816.7906,0.79085636,1134.764,439.38837,0.9997383,1206.8755,675.18994,0.9056623,1162.6608,812.9144,0.8863288,977.5739,943.4877,0.98600334,880.0699,945.9004,0.98600334,881.4235,1246.8116,0.05923139,874.36957,1597.1208,0.010272926,1075.0779,941.0749,0.98655957,1081.0564,1307.4014,0.059255242,1059.164,1615.5895,0.008665116,941.37665,254.6644,0.9926018,1005.5577,253.14856,0.98771816,915.0411,266.59045,0.98146075,1029.627,262.4774,0.99334633,1012.9787,1729.4843,0.0072167334,1012.9787,1729.4843,0.0072167334,1062.7898,1650.4442,0.00727357,911.48566,1713.2795,0.005351854,911.48566,1713.2795,0.005351854,872.65155,1641.5715,0.0070000025,1164.2513,827.0772,1.0,1126.4722,828.94073,1.0,1106.5891,851.4839,1.0,1095.5131,879.3084,1.0,1084.0873,901.85406,1.0,1140.8118,876.7112,1.0,1130.2584,917.30225,1.0,1108.0068,930.51324,1.0,1090.1794,933.6548,1.0,1156.414,887.7469,1.0,1139.8407,934.58075,1.0,1113.6118,948.2601,1.0,1094.5325,950.0785,1.0,1162.7538,893.83563,1.0,1149.0999,938.1402,1.0,1125.2426,950.58,1.0,1107.4478,952.54144,1.0,1163.4474,895.63873,1.0,1153.5775,932.1191,1.0,1135.9321,943.92114,1.0,1120.5693,945.7432,1.0,811.01245,820.5134,1.0,847.9715,812.54517,1.0,878.1618,824.8871,1.0,901.58344,848.34296,1.0,919.26385,866.58,1.0,852.7678,855.82196,1.0,876.8418,888.38965,1.0,898.5897,904.59796,1.0,916.45135,915.72516,1.0,838.8992,871.01855,1.0,867.89856,906.3129,1.0,892.39703,923.71216,1.0,908.65326,934.6545,1.0,830.8905,881.0148,1.0,856.957,915.07416,1.0,877.78076,931.21747,1.0,890.4302,940.47284,1.0,827.6048,885.8363,1.0,847.0539,915.3495,1.0,861.93646,929.95575,1.0,873.3979,939.6874,1.0
896.1807,257.37552,1.0,897.4366,270.2818,1.0,898.66943,283.60443,1.0,904.40015,305.48547,1.0,910.92194,318.68668,1.0,921.7467,332.2331,1.0,930.4551,339.08328,1.0,948.2118,348.32858,1.0,974.088,351.9425,1.0,999.85815,346.2334,1.0,1016.1311,335.55707,1.0,1023.9605,327.84396,1.0,1033.2936,313.40118,1.0,1041.5864,292.40158,1.0,1043.6227,278.16177,1.0,1044.1565,264.94147,1.0,1044.1549,252.25995,1.0,910.9993,234.21759,1.0,917.456,227.17085,1.0,927.28656,222.431,1.0,941.042,220.67717,1.0,957.2974,221.17807,1.0,988.7811,220.0158,1.0,1003.8308,218.76071,1.0,1016.4357,219.902,1.0,1025.7621,224.23732,1.0,1031.2727,230.59773,1.0,973.72156,244.93266,1.0,974.0881,257.3366,1.0,974.45935,265.57376,1.0,974.7277,272.4872,1.0,962.14075,284.52124,1.0,966.40985,287.11038,1.0,973.9363,286.4082,1.0,980.76636,286.72296,1.0,984.74835,283.81113,1.0,923.35394,246.06245,1.0,931.00134,241.29228,1.0,942.5494,240.34373,1.0,953.7406,245.7712,1.0,944.1754,247.86855,1.0,933.5574,248.6696,1.0,989.92676,245.41238,1.0,1001.23694,239.01009,1.0,1012.4337,239.5315,1.0,1018.7097,244.13654,1.0,1009.1693,246.95746,1.0,999.0532,246.82036,1.0,950.95306,313.93594,1.0,959.72485,303.7596,1.0,967.0216,300.26413,1.0,974.1138,301.3836,1.0,981.4669,300.03802,1.0,988.4878,303.6244,1.0,996.63605,314.24655,1.0,993.1874,318.52722,1.0,981.8833,323.37964,1.0,973.78503,324.20322,1.0,966.4122,323.7857,1.0,954.968,318.92517,1.0,953.53064,313.48898,1.0,969.0449,310.61435,1.0,973.7472,310.61163,1.0,979.3041,310.62057,1.0,994.23016,313.73538,1.0,979.68475,312.54697,1.0,974.1253,312.666,1.0,968.9303,312.46967,1.0,937.87415,244.14581,1.0,1004.97437,242.61957,1.0,972.1726,290.5573,0.99500304,981.5811,442.17343,0.9990457,826.5494,444.8729,0.9990457,727.3787,671.9819,0.7319547,810.36926,848.11035,0.81009865,1136.6129,439.47394,0.9997518,1205.5336,675.52496,0.9142645,1171.6835,850.3837,0.8957872,977.651,946.2491,0.9868003,879.94165,947.2988,0.9868003,882.0615,1256.1483,0.069009006,874.26086,1613.1025,0.01295035,1075.3604,945.19934,0.98723435,1082.0104,1314.6571,0.072919875,1059.0128,1630.8663,0.010831529,939.9252,253.14507,0.99302804,1004.15094,248.35948,0.9884223,914.97095,265.47766,0.9826053,1029.3949,259.8365,0.9937205,1013.05414,1750.1958,0.008681515,1013.05414,1750.1958,0.008681515,1062.4584,1666.6709,0.008379659,902.2618,1731.3164,0.0069171055,902.2618,1731.3164,0.0069171055,872.5048,1661.3184,0.0083293505,1167.4885,848.3818,1.0,1131.5273,861.0112,1.0,1115.615,889.55975,1.0,1108.4261,921.24744,1.0,1099.4229,945.3634,1.0,1151.6449,913.28253,1.0,1143.1523,955.9414,1.0,1124.8041,973.13354,1.0,1109.0874,979.37524,1.0,1168.9725,920.9992,1.0,1156.2344,967.7212,1.0,1133.9369,984.2704,1.0,1116.5638,988.69904,1.0,1176.3445,925.3662,1.0,1166.7413,968.2159,1.0,1144.893,983.621,1.0,1127.1682,988.6238,1.0,1177.4424,925.8075,1.0,1170.3597,961.69916,1.0,1153.7073,976.9454,1.0,1138.0607,982.40625,1.0,798.6319,843.2262,1.0,837.09314,844.37744,1.0,864.9845,862.7237,1.0,885.38654,889.2809,1.0,901.8993,909.8886,1.0,836.2302,895.5305,1.0,858.52954,934.7385,1.0,878.79095,954.5564,1.0,895.7136,967.86444,1.0,819.57806,907.77783,1.0,843.31036,949.1599,1.0,865.47546,970.34344,1.0,881.586,984.572,1.0,810.2956,915.49304,1.0,832.14575,953.9481,1.0,850.9659,973.86,1.0,864.17084,986.4123,1.0,806.4769,919.13214,1.0,822.25275,951.51184,1.0,836.2664,968.3865,1.0,848.2317,980.2298,1.0
895.72766,256.46222,1.0,896.9237,269.38007,1.0,898.1011,282.68375,1.0,903.799,304.537,1.0,910.2407,317.7159,1.0,920.9253,331.18198,1.0,929.6109,337.94083,1.0,947.12177,347.1162,1.0,972.6277,350.77142,1.0,998.50775,345.26135,1.0,1015.0414,334.8125,1.0,1023.1396,327.17023,1.0,1032.7073,312.8493,1.0,1041.1647,291.93738,1.0,1043.286,277.74115,1.0,1043.7858,264.52292,1.0,1043.8333,251.77745,1.0,910.31946,232.9824,1.0,916.815,225.9323,1.0,926.7008,221.25072,1.0,940.4469,219.57573,1.0,956.73157,220.12971,1.0,988.19275,219.01627,1.0,1003.2767,217.78133,1.0,1015.9564,218.90723,1.0,1025.3323,223.24312,1.0,1030.8862,229.667,1.0,972.9992,243.83463,1.0,973.2171,256.27213,1.0,973.5295,264.55942,1.0,973.7634,271.51724,1.0,961.3759,283.50644,1.0,965.5418,286.10944,1.0,972.945,285.4044,1.0,979.6533,285.74615,1.0,983.6579,282.8414,1.0,922.54645,244.88936,1.0,930.2181,240.13458,1.0,941.85175,239.23358,1.0,953.102,244.74562,1.0,943.413,246.84848,1.0,932.7155,247.62537,1.0,989.3864,244.48743,1.0,1000.861,238.03047,1.0,1012.1385,238.57005,1.0,1018.3522,243.19798,1.0,1008.7687,246.07568,1.0,998.6159,245.94728,1.0,950.4496,312.52335,1.0,959.01776,302.5739,1.0,966.1234,299.1585,1.0,973.08014,300.2783,1.0,980.297,298.98975,1.0,987.1364,302.52106,1.0,995.072,312.9327,1.0,991.5782,317.10413,1.0,980.47156,321.87936,1.0,972.5635,322.6698,1.0,965.35956,322.22046,1.0,954.3647,317.34174,1.0,952.9743,312.09647,1.0,968.05597,309.43713,1.0,972.63446,309.44202,1.0,978.0705,309.46594,1.0,992.8086,312.39972,1.0,978.41956,311.11523,1.0,972.9788,311.18784,1.0,967.9095,310.97894,1.0,937.2286,243.09029,1.0,1004.54425,241.73325,1.0,971.19745,288.52505,0.99539113,980.89075,442.4059,0.9991118,825.02216,445.2971,0.9991118,730.5961,673.3785,0.7570807,801.1588,873.1789,0.82749814,1136.7594,439.51474,0.99976176,1203.9192,675.06287,0.92205644,1176.1649,875.3819,0.90429974,977.6172,951.9342,0.98752916,879.83844,951.7006,0.98752916,882.5013,1264.286,0.07779594,874.2369,1631.064,0.015501934,1075.3959,952.1677,0.9878696,1082.9622,1319.1685,0.08467016,1058.9073,1648.7811,0.012810154,938.9031,251.79285,0.9934884,1003.077,245.87558,0.98913836,914.8734,264.38794,0.9837849,1029.119,258.38104,0.99408007,1014.273,1769.4866,0.009946172,1014.273,1769.4866,0.009946172,1062.3657,1686.9393,0.009378657,899.5875,1748.5643,0.008358203,899.5875,1748.5643,0.008358203,872.7504,1681.6632,0.009553125,1170.6923,870.71027,1.0,1134.5591,891.204,1.0,1120.4824,922.1719,1.0,1115.8978,953.4732,1.0,1109.4084,977.52515,1.0,1157.2703,945.6927,1.0,1150.0469,988.7276,1.0,1135.6797,1007.0181,1.0,1122.9006,1016.95447,1.0,1175.597,950.2963,1.0,1165.2516,996.59796,1.0,1147.5764,1017.09924,1.0,1132.5795,1027.8322,1.0,1184.8689,952.0312,1.0,1175.9954,993.5048,1.0,1158.2096,1012.34937,1.0,1142.6908,1022.13025,1.0,1187.1543,951.1938,1.0,1180.3188,985.6404,1.0,1167.301,1003.0803,1.0,1154.1998,1012.1427,1.0,792.27454,865.45984,1.0,831.6523,874.19135,1.0,854.9486,898.224,1.0,871.3225,926.2512,1.0,887.1259,946.39966,1.0,824.58386,932.49603,1.0,845.40594,969.8518,1.0,860.75055,990.4391,1.0,874.2772,1006.73004,1.0,807.09576,942.54803,1.0,831.7989,981.9345,1.0,850.1206,1004.7062,1.0,864.38605,1021.90906,1.0,796.6136,946.9313,1.0,817.72046,984.6984,1.0,834.4418,1006.8291,1.0,848.1813,1022.18695,1.0,792.6774,947.7976,1.0,805.3777,980.09076,1.0,817.4316,998.3838,1.0,829.2573,1012.2288,1.0
895.9989,255.96236,1.0,897.178,268.9152,1.0,898.2883,282.23355,1.0,903.6964,304.09705,1.0,909.9748,317.22443,1.0,920.6633,330.51138,1.0,929.4716,337.158,1.0,947.1237,346.06998,1.0,972.59863,349.538,1.0,998.19696,344.049,1.0,1014.6082,333.76077,1.0,1022.74396,326.24866,1.0,1032.3531,312.10922,1.0,1040.7642,291.3158,1.0,1042.9683,277.0836,1.0,1043.5458,263.86063,1.0,1043.6694,251.08888,1.0,910.3802,232.41078,1.0,916.8558,225.37254,1.0,926.8373,220.64957,1.0,940.6146,218.93471,1.0,956.88513,219.44806,1.0,988.3213,218.09521,1.0,1003.32574,216.8528,1.0,1016.00006,218.0158,1.0,1025.3473,222.41083,1.0,1030.8688,228.90489,1.0,973.11584,243.09859,1.0,973.3631,255.4517,1.0,973.6645,263.66415,1.0,973.856,270.57755,1.0,961.2056,282.53217,1.0,965.3829,285.1125,1.0,972.90704,284.46115,1.0,979.7569,284.78345,1.0,983.7251,281.9039,1.0,922.95746,244.04521,1.0,930.6209,239.27156,1.0,942.1721,238.33226,1.0,953.1467,243.73953,1.0,943.65436,245.85768,1.0,933.15234,246.66798,1.0,989.548,243.54735,1.0,1000.84094,237.16139,1.0,1011.9846,237.79144,1.0,1018.13165,242.5667,1.0,1008.58203,245.32265,1.0,998.5502,245.1074,1.0,949.6608,311.30637,1.0,958.8325,301.74805,1.0,965.99664,298.4624,1.0,973.0106,299.58752,1.0,980.2434,298.31946,1.0,987.0544,301.6788,1.0,995.4133,311.52042,1.0,991.5703,315.56738,1.0,980.36224,319.98907,1.0,972.5453,320.73068,1.0,965.40894,320.37,1.0,954.1137,315.91797,1.0,952.12695,310.895,1.0,967.7991,308.27173,1.0,972.5818,308.28058,1.0,978.1282,308.2466,1.0,993.2627,311.0133,1.0,978.5117,309.7626,1.0,972.9649,309.82947,1.0,967.7151,309.67905,1.0,937.6735,242.12592,1.0,1004.3988,240.9367,1.0,971.33923,288.3422,0.99564046,980.4919,442.83453,0.99916446,824.1834,445.9828,0.99916446,734.3937,675.1094,0.7797881,796.19196,889.846,0.84328675,1136.8003,439.68628,0.99976695,1203.6317,675.4592,0.92909014,1178.6727,891.78357,0.9122295,977.58636,953.71094,0.9882314,879.84406,953.8874,0.9882314,882.22565,1277.1196,0.09274612,873.8386,1650.9413,0.019371614,1075.3286,953.5345,0.98848,1082.9752,1324.4691,0.0952003,1059.9902,1662.7333,0.014488276,938.9398,250.94412,0.9937013,1003.10956,246.3391,0.9893701,914.53467,263.76956,0.9844832,1028.7422,258.11703,0.994166,1016.3592,1786.4767,0.010942434,1016.3592,1786.4767,0.010942434,1063.232,1700.187,0.009919331,898.1161,1771.427,0.010360595,898.1161,1771.427,0.010360595,872.6717,1700.7822,0.010817936,1173.3809,894.8354,1.0,1137.7837,914.8271,1.0,1125.5381,947.15454,1.0,1122.3265,976.9348,1.0,1115.2484,1000.1804,1.0,1161.2776,971.21106,1.0,1153.8379,1012.988,1.0,1140.595,1030.1968,1.0,1129.0695,1040.0353,1.0,1179.62,974.3147,1.0,1169.7787,1019.7846,1.0,1154.1965,1040.4565,1.0,1140.7412,1051.3241,1.0,1188.888,974.56555,1.0,1180.5757,1015.4246,1.0,1165.175,1035.2311,1.0,1151.2662,1047.2186,1.0,1191.7068,972.8577,1.0,1185.311,1006.00653,1.0,1174.1212,1023.7779,1.0,1162.3406,1034.379,1.0,789.45416,888.7854,1.0,826.80585,899.59814,1.0,847.2353,923.05493,1.0,860.85046,951.4256,1.0,873.69934,971.515,1.0,816.37555,959.42035,1.0,832.7784,997.9688,1.0,844.8258,1018.86224,1.0,854.32367,1035.7665,1.0,798.59436,967.5042,1.0,817.24414,1006.7477,1.0,831.78015,1030.3954,1.0,842.2828,1048.3801,1.0,787.66675,969.89746,1.0,803.8545,1006.1888,1.0,816.75336,1028.1002,1.0,826.8803,1043.7319,1.0,783.05206,969.23224,1.0,792.4155,999.2324,1.0,802.06555,1017.7879,1.0,810.82904,1032.2955,1.0
896.27014,255.4625,1.0,897.43225,268.45035,1.0,898.4756,281.7834,1.0,903.5938,303.65707,1.0,909.70886,316.73297,1.0,920.4014,329.84076,1.0,929.33234,336.37512,1.0,947.1256,345.02374,1.0,972.5696,348.30453,1.0,997.8862,342.83667,1.0,1014.17505,332.70905,1.0,1022.3484,325.3271,1.0,1031.9989,311.36917,1.0,1040.3636,290.6942,1.0,1042.6506,276.42606,1.0,1043.3058,263.19836,1.0,1043.5057,250.40033,1.0,910.44086,231.83916,1.0,916.8966,224.81279,1.0,926.97375,220.04843,1.0,940.7824,218.29369,1.0,957.0387,218.76642,1.0,988.44977,217.17415,1.0,1003.3749,215.92426,1.0,1016.0437,217.12436,1.0,1025.3623,221.57854,1.0,1030.8512,228.14276,1.0,973.2325,242.36255,1.0,973.5091,254.63129,1.0,973.79944,262.7689,1.0,973.94855,269.63782,1.0,961.0354,281.55792,1.0,965.2239,284.11557,1.0,972.86914,283.5179,1.0,979.8604,283.82074,1.0,983.7923,280.96643,1.0,923.3684,243.20107,1.0,931.0238,238.40855,1.0,942.49243,237.43095,1.0,953.19147,242.73344,1.0,943.8957,244.8669,1.0,933.5892,245.71059,1.0,989.7095,242.60725,1.0,1000.82086,236.29231,1.0,1011.8307,237.01283,1.0,1017.9111,241.93541,1.0,1008.39545,244.5696,1.0,998.48444,244.26752,1.0,948.8721,310.0894,1.0,958.6473,300.9222,1.0,965.8698,297.7663,1.0,972.94116,298.89673,1.0,980.18976,297.6492,1.0,986.97235,300.83655,1.0,995.7547,310.10812,1.0,991.56244,314.03064,1.0,980.25287,318.0988,1.0,972.5271,318.79156,1.0,965.4583,318.5195,1.0,953.8627,314.4942,1.0,951.27954,309.69354,1.0,967.5421,307.10632,1.0,972.5291,307.11917,1.0,978.18585,307.02725,1.0,993.7168,309.6269,1.0,978.6038,308.40997,1.0,972.951,308.4711,1.0,967.5207,308.37915,1.0,938.11847,241.16156,1.0,1004.2533,240.14018,1.0,971.3557,288.1532,0.99588746,980.005,443.041,0.999213,823.2104,446.13803,0.999213,736.4761,680.1066,0.80059457,792.4807,901.51166,0.8579051,1136.7997,439.94397,0.9997716,1201.9126,677.8477,0.9354907,1179.4601,902.81055,0.9196323,977.6262,957.4408,0.9888863,879.9106,957.6975,0.9888863,879.67535,1288.2258,0.11325934,870.7283,1659.7672,0.024213767,1075.3419,957.1841,0.9890432,1083.7517,1331.6603,0.10957967,1061.8773,1669.9834,0.016828692,938.825,249.93217,0.9939412,1003.1614,246.55234,0.9896754,914.0155,263.0632,0.98525023,1028.647,257.80554,0.9943095,1020.1354,1795.9718,0.012226189,1020.1354,1795.9718,0.012226189,1064.1372,1708.0944,0.010671647,889.9126,1784.1018,0.012708939,889.9126,1784.1018,0.012708939,871.04254,1708.5529,0.012437621,1173.2805,910.7984,1.0,1138.4103,928.9877,1.0,1126.5057,960.77966,1.0,1123.9656,990.4983,1.0,1118.1584,1013.41907,1.0,1163.5155,986.41583,1.0,1155.3267,1027.0022,1.0,1142.2474,1043.7795,1.0,1130.4674,1053.1809,1.0,1181.806,988.7662,1.0,1173.2799,1032.3285,1.0,1159.2073,1052.881,1.0,1146.5696,1064.6057,1.0,1190.4591,987.77295,1.0,1183.431,1026.5254,1.0,1170.011,1046.2094,1.0,1157.5171,1059.4065,1.0,1192.399,984.82056,1.0,1186.9012,1016.63776,1.0,1177.6768,1033.9171,1.0,1167.4408,1044.9464,1.0,785.37415,907.1211,1.0,822.7401,917.51544,1.0,841.5484,942.0083,1.0,852.8243,970.0071,1.0,864.9211,989.3219,1.0,808.63257,978.3204,1.0,824.12006,1017.42456,1.0,835.2353,1038.9514,1.0,844.098,1056.5442,1.0,791.50287,984.6699,1.0,808.92206,1024.455,1.0,821.4321,1048.166,1.0,830.5523,1066.6238,1.0,781.8246,985.4849,1.0,796.3701,1022.23914,1.0,806.7776,1045.0215,1.0,815.1887,1062.3037,1.0,777.9705,984.1899,1.0,785.08136,1013.52155,1.0,792.2336,1031.5247,1.0,798.76544,1046.0785,1.0
896.54144,254.96263,1.0,897.6865,267.98547,1.0,898.6629,281.3332,1.0,903.4912,303.2171,1.0,909.44293,316.2415,1.0,920.1395,329.17017,1.0,929.19305,335.5923,1.0,947.1275,343.9775,1.0,972.5405,347.07108,1.0,997.5755,341.62433,1.0,1013.74194,331.65735,1.0,1021.95276,324.40552,1.0,1031.6447,310.6291,1.0,1039.963,290.0726,1.0,1042.333,275.76852,1.0,1043.0658,262.53607,1.0,1043.3419,249.71176,1.0,910.5016,231.26753,1.0,916.9374,224.25304,1.0,927.1102,219.44728,1.0,940.9502,217.65265,1.0,957.19226,218.08478,1.0,988.5783,216.2531,1.0,1003.42395,214.99573,1.0,1016.0873,216.23293,1.0,1025.3774,220.74625,1.0,1030.8337,227.38065,1.0,973.3491,241.62651,1.0,973.655,253.81088,1.0,973.93445,261.87363,1.0,974.04114,268.6981,1.0,960.8651,280.58365,1.0,965.0649,283.11865,1.0,972.8312,282.57465,1.0,979.9639,282.85803,1.0,983.85956,280.02893,1.0,923.7794,242.3569,1.0,931.42664,237.54555,1.0,942.8128,236.52965,1.0,953.2362,241.72737,1.0,944.137,243.8761,1.0,934.02606,244.7532,1.0,989.871,241.66716,1.0,1000.8007,235.42323,1.0,1011.6768,236.23422,1.0,1017.6905,241.30412,1.0,1008.2088,243.81656,1.0,998.4187,243.42764,1.0,948.0833,308.87238,1.0,958.462,300.09634,1.0,965.74304,297.07022,1.0,972.87164,298.20593,1.0,980.1361,296.97894,1.0,986.8903,299.9943,1.0,996.096,308.69583,1.0,991.55457,312.4939,1.0,980.14355,316.2085,1.0,972.50885,316.85242,1.0,965.50775,316.669,1.0,953.61163,313.07047,1.0,950.4321,308.49207,1.0,967.2852,305.94095,1.0,972.47644,305.95773,1.0,978.2435,305.80792,1.0,994.1709,308.24048,1.0,978.696,307.05734,1.0,972.9371,307.11273,1.0,967.3263,307.07925,1.0,938.5634,240.1972,1.0,1004.10785,239.34364,1.0,970.4323,288.25296,0.99604857,979.8351,443.12762,0.99925125,822.87823,446.14447,0.99925125,740.46606,681.5683,0.81905085,789.2452,908.47473,0.8707028,1136.792,440.11078,0.9997639,1200.024,680.18774,0.9408302,1180.1119,913.6028,0.92453104,977.642,956.81433,0.989455,879.92413,957.19104,0.989455,879.9738,1289.7883,0.12480069,870.77167,1662.9906,0.027395329,1075.3599,956.4376,0.9894799,1083.6012,1329.9447,0.116161376,1062.6337,1676.8198,0.018254317,937.9158,249.9814,0.9940291,1002.3206,246.99387,0.98959637,913.4023,263.06577,0.98560077,1028.2593,257.91302,0.994158,1025.7999,1804.4875,0.012851129,1025.7999,1804.4875,0.012851129,1064.0605,1717.8627,0.011094447,890.61456,1786.5161,0.014098756,890.61456,1786.5161,0.014098756,871.1213,1712.5549,0.0135718575,1175.2073,919.2721,1.0,1139.621,936.60706,1.0,1127.4087,969.043,1.0,1124.3364,998.71967,1.0,1119.0269,1020.70685,1.0,1163.5813,995.879,1.0,1156.1354,1035.397,1.0,1144.7024,1052.0035,1.0,1134.2283,1061.8877,1.0,1181.0962,997.81323,1.0,1173.7158,1039.8693,1.0,1161.184,1058.8687,1.0,1149.6332,1070.5676,1.0,1189.2755,996.62213,1.0,1182.5934,1034.6554,1.0,1170.2051,1052.8975,1.0,1158.7183,1065.4052,1.0,1190.3422,993.8248,1.0,1184.449,1025.5563,1.0,1175.2828,1042.5255,1.0,1165.3226,1053.7593,1.0,781.90424,920.4016,1.0,818.3981,931.1469,1.0,836.81366,957.5613,1.0,848.0002,985.8039,1.0,858.7129,1005.07074,1.0,803.3394,992.1612,1.0,819.04315,1030.9609,1.0,829.4101,1053.941,1.0,837.07605,1072.8423,1.0,787.6762,998.3508,1.0,803.2078,1041.8818,1.0,813.8202,1069.7501,1.0,820.618,1091.847,1.0,779.70624,998.8528,1.0,792.0412,1037.4043,1.0,800.48395,1064.3469,1.0,807.0105,1084.4958,1.0,777.7371,996.6526,1.0,783.8942,1026.0245,1.0,790.0375,1045.0688,1.0,795.4721,1059.9087,1.0
896.27405,254.24718,1.0,897.3483,267.23074,1.0,898.3107,280.58984,1.0,903.2048,302.5286,1.0,909.19434,315.63138,1.0,919.8499,328.73425,1.0,928.9089,335.24216,1.0,946.901,343.75903,1.0,972.5712,346.95844,1.0,997.6747,341.5613,1.0,1013.8686,331.56082,1.0,1022.0625,324.20627,1.0,1031.6759,310.36993,1.0,1039.9629,289.8069,1.0,1042.2993,275.52637,1.0,1043.0016,262.30856,1.0,1043.2452,249.54865,1.0,910.35345,231.00485,1.0,916.8243,224.11716,1.0,926.9612,219.41501,1.0,940.7472,217.68068,1.0,956.9809,218.12546,1.0,988.41205,216.51657,1.0,1003.32513,215.34573,1.0,1015.92944,216.59749,1.0,1025.1771,221.05498,1.0,1030.6461,227.571,1.0,973.0696,241.61949,1.0,973.3169,253.82889,1.0,973.5945,261.933,1.0,973.7417,268.75812,1.0,960.5688,280.49963,1.0,964.84045,283.0314,1.0,972.66754,282.499,1.0,979.8687,282.73422,1.0,983.75323,279.95145,1.0,923.35956,242.2976,1.0,931.0853,237.5526,1.0,942.55646,236.61774,1.0,953.0756,241.89769,1.0,943.8566,243.9607,1.0,933.5926,244.75084,1.0,989.6772,241.81721,1.0,1000.7336,235.6132,1.0,1011.68915,236.38342,1.0,1017.7545,241.33907,1.0,1008.21906,243.84921,1.0,998.35565,243.4834,1.0,947.7497,308.59982,1.0,958.191,299.87326,1.0,965.6113,296.8569,1.0,972.8602,297.9481,1.0,980.32135,296.73682,1.0,987.1609,299.68002,1.0,996.44135,308.3472,1.0,991.75836,312.32053,1.0,980.28467,316.19943,1.0,972.5879,316.8634,1.0,965.4319,316.62988,1.0,953.3796,312.8912,1.0,950.12335,308.2449,1.0,967.17896,305.49014,1.0,972.52625,305.4662,1.0,978.3963,305.36743,1.0,994.41266,307.92444,1.0,978.7744,307.12473,1.0,972.95245,307.2255,1.0,967.2146,307.13943,1.0,938.2985,240.24123,1.0,1004.22003,239.42809,1.0,969.94434,288.20822,0.9961876,979.47955,443.14447,0.9992866,822.32404,446.16238,0.9992866,747.35895,685.6502,0.835518,786.2032,916.0065,0.88195395,1136.6351,440.12656,0.9997646,1198.2463,681.5412,0.9458023,1181.6581,915.8859,0.92955524,977.95105,956.329,0.98997855,880.3883,956.7669,0.9900556,880.69574,1290.2681,0.14161047,870.8381,1661.8938,0.031737417,1075.5138,955.89105,0.98997855,1084.459,1327.548,0.12390567,1066.6566,1669.4761,0.019781502,937.2358,249.83647,0.9940856,1001.835,247.3106,0.9895959,912.8837,262.9789,0.9859119,1027.8309,258.03946,0.9941132,1031.7322,1797.0458,0.013603145,1031.7322,1797.0458,0.013603145,1067.5564,1709.2451,0.011503908,891.13885,1789.7775,0.016092496,891.13885,1789.7775,0.016092496,871.21234,1710.6473,0.015015424,1175.3286,924.86255,1.0,1140.2356,942.8783,1.0,1127.8207,974.3852,1.0,1123.7767,1003.62616,1.0,1118.1841,1025.4722,1.0,1163.1543,1001.3551,1.0,1155.0156,1041.074,1.0,1143.1917,1057.555,1.0,1132.7588,1067.6837,1.0,1180.3494,1002.31775,1.0,1171.8027,1044.8801,1.0,1158.9667,1064.2323,1.0,1147.6067,1076.1522,1.0,1188.5068,999.7924,1.0,1180.8528,1036.866,1.0,1168.6525,1055.4158,1.0,1157.2576,1068.0433,1.0,1190.0677,995.6855,1.0,1184.4806,1026.4767,1.0,1176.1559,1042.9996,1.0,1166.6964,1053.8237,1.0,781.2076,928.8327,1.0,816.0877,940.9161,1.0,833.04126,968.8751,1.0,843.5479,997.8964,1.0,853.20233,1017.06946,1.0,800.45404,1002.9196,1.0,815.52277,1043.6926,1.0,825.80475,1067.735,1.0,833.73285,1086.8918,1.0,784.5023,1008.24884,1.0,798.95374,1050.4292,1.0,810.3223,1075.6731,1.0,818.4622,1094.8777,1.0,776.4977,1008.22595,1.0,787.3508,1046.1805,1.0,797.2059,1070.0934,1.0,804.9335,1087.9425,1.0,775.47217,1006.2595,1.0,781.8956,1037.2091,1.0,788.6507,1056.3633,1.0,794.87775,1071.6383,1.0
896.0067,253.53172,1.0,897.01013,266.476,1.0,897.95856,279.84653,1.0,902.91833,301.84006,1.0,908.9458,315.02127,1.0,919.56036,328.29834,1.0,928.62476,334.89206,1.0,946.67444,343.54056,1.0,972.60187,346.84583,1.0,997.77386,341.4983,1.0,1013.99524,331.4643,1.0,1022.17224,324.00702,1.0,1031.707,310.11078,1.0,1039.9628,289.54114,1.0,1042.2655,275.2842,1.0,1042.9375,262.08102,1.0,1043.1487,249.38553,1.0,910.2053,230.74217,1.0,916.7112,223.98128,1.0,926.8121,219.38274,1.0,940.5442,217.7087,1.0,956.7695,218.16614,1.0,988.2457,216.78006,1.0,1003.22626,215.69572,1.0,1015.77155,216.96204,1.0,1024.9767,221.36372,1.0,1030.4586,227.76135,1.0,972.79004,241.61246,1.0,972.9787,253.8469,1.0,973.2546,261.9924,1.0,973.4422,268.81815,1.0,960.27246,280.41562,1.0,964.61597,282.94415,1.0,972.50385,282.42334,1.0,979.77344,282.6104,1.0,983.6469,279.87396,1.0,922.9397,242.23831,1.0,930.744,237.55966,1.0,942.30005,236.70584,1.0,952.91504,242.06801,1.0,943.5763,244.04529,1.0,933.1591,244.74847,1.0,989.48346,241.96729,1.0,1000.6664,235.80316,1.0,1011.7015,236.53262,1.0,1017.8185,241.37401,1.0,1008.2294,243.88188,1.0,998.2926,243.53917,1.0,947.4161,308.32724,1.0,957.9199,299.65018,1.0,965.4796,296.6436,1.0,972.8488,297.69022,1.0,980.50653,296.4947,1.0,987.43146,299.36572,1.0,996.7867,307.99854,1.0,991.96216,312.1472,1.0,980.4258,316.1904,1.0,972.66693,316.8744,1.0,965.3561,316.59073,1.0,953.14746,312.7119,1.0,949.81464,307.99774,1.0,967.0727,305.03937,1.0,972.5761,304.97467,1.0,978.549,304.9269,1.0,994.6544,307.60843,1.0,978.85284,307.1921,1.0,972.96783,307.3383,1.0,967.1029,307.1996,1.0,938.0337,240.28525,1.0,1004.3322,239.51254,1.0,968.6508,287.96606,0.9962855,979.2716,443.16376,0.99931455,821.98505,446.15338,0.99931455,753.83636,687.6209,0.8497076,784.7684,917.9008,0.89132553,1136.5582,440.17416,0.99976283,1196.3145,682.9145,0.9500932,1181.5522,918.32355,0.9335205,977.81647,956.04205,0.99034435,880.2135,956.4459,0.99050736,880.6173,1288.4983,0.14714749,870.5437,1657.2491,0.032741062,1075.4194,955.6382,0.99034435,1084.7589,1326.6738,0.124543644,1067.1805,1667.2626,0.019985635,936.32733,249.5135,0.9940578,1000.9653,247.45699,0.989454,912.39636,262.5555,0.98599845,1027.4015,258.1464,0.9939616,1034.3516,1794.1774,0.01354488,1034.3516,1794.1774,0.01354488,1067.7144,1707.2579,0.011504332,891.53314,1782.5713,0.016432634,891.53314,1782.5713,0.016432634,870.83765,1706.0182,0.015343815,1176.2009,927.58746,1.0,1141.443,945.16516,1.0,1129.6611,978.3725,1.0,1124.9221,1006.5089,1.0,1118.8536,1027.4677,1.0,1163.0645,1004.866,1.0,1153.8446,1042.3297,1.0,1141.9829,1058.4796,1.0,1131.9878,1068.8755,1.0,1179.6139,1005.54047,1.0,1171.3252,1044.71,1.0,1159.5039,1063.8357,1.0,1149.6443,1076.1334,1.0,1187.409,1002.78394,1.0,1179.5555,1037.3215,1.0,1168.4187,1055.0176,1.0,1158.2562,1068.1959,1.0,1188.3312,998.66956,1.0,1182.5663,1028.0472,1.0,1174.9905,1044.3103,1.0,1166.8296,1055.4763,1.0,780.95844,934.55084,1.0,815.4773,949.48425,1.0,831.1004,978.85254,1.0,841.883,1006.5611,1.0,850.2471,1025.8676,1.0,798.4969,1011.4831,1.0,813.02014,1050.9305,1.0,822.67865,1073.1644,1.0,829.7596,1090.7249,1.0,783.37415,1014.8359,1.0,795.76984,1055.2495,1.0,806.004,1077.89,1.0,812.9071,1094.8456,1.0,776.23645,1012.64624,1.0,785.73914,1047.7736,1.0,794.1481,1068.7559,1.0,800.56915,1084.6647,1.0,775.8508,1008.972,1.0,780.52655,1037.5732,1.0,786.22363,1054.9359,1.0,791.378,1068.3265,1.0
895.7393,252.81627,1.0,896.67194,265.72128,1.0,897.60645,279.1032,1.0,902.6319,301.15155,1.0,908.6972,314.41116,1.0,919.27075,327.86243,1.0,928.34064,334.54193,1.0,946.44794,343.32208,1.0,972.6325,346.7332,1.0,997.87305,341.43527,1.0,1014.1219,331.36777,1.0,1022.28204,323.8078,1.0,1031.7382,309.85162,1.0,1039.9626,289.27542,1.0,1042.2318,275.04205,1.0,1042.8734,261.85352,1.0,1043.052,249.22241,1.0,910.0572,230.4795,1.0,916.59814,223.8454,1.0,926.663,219.35046,1.0,940.3412,217.73671,1.0,956.55804,218.2068,1.0,988.0794,217.04353,1.0,1003.12744,216.04573,1.0,1015.61365,217.32658,1.0,1024.7764,221.67245,1.0,1030.271,227.9517,1.0,972.5105,241.60544,1.0,972.64056,253.8649,1.0,972.9146,262.0518,1.0,973.14276,268.8782,1.0,959.97614,280.3316,1.0,964.39154,282.8569,1.0,972.3402,282.34772,1.0,979.67816,282.48663,1.0,983.5406,279.79648,1.0,922.5198,242.17902,1.0,930.4027,237.56671,1.0,942.0437,236.79395,1.0,952.75446,242.23831,1.0,943.2959,244.12988,1.0,932.72565,244.74611,1.0,989.2897,242.11734,1.0,1000.5992,235.99313,1.0,1011.7138,236.68182,1.0,1017.8825,241.40894,1.0,1008.2396,243.91454,1.0,998.2295,243.59492,1.0,947.08246,308.0547,1.0,957.64886,299.4271,1.0,965.34796,296.43027,1.0,972.8374,297.43237,1.0,980.6918,296.25256,1.0,987.702,299.05145,1.0,997.132,307.6499,1.0,992.166,311.97382,1.0,980.5669,316.18134,1.0,972.746,316.88535,1.0,965.2803,316.5516,1.0,952.91534,312.53265,1.0,949.5059,307.75058,1.0,966.96643,304.58856,1.0,972.6259,304.48315,1.0,978.7017,304.4864,1.0,994.8962,307.2924,1.0,978.9313,307.25952,1.0,972.98315,307.45108,1.0,966.9912,307.25977,1.0,937.76886,240.32927,1.0,1004.4444,239.597,1.0,968.34265,287.76965,0.99648285,978.9913,443.2191,0.9993506,821.59454,446.17426,0.9993506,761.6131,691.56665,0.8633992,785.16614,922.46515,0.90105546,1136.3881,440.2639,0.9997654,1194.0759,683.7408,0.95434356,1181.0797,919.5883,0.93829954,978.38715,955.7845,0.99076086,881.27026,956.2102,0.9910218,880.6382,1291.7125,0.16715324,869.2592,1661.9529,0.03738799,1075.504,955.35876,0.99076086,1084.8553,1326.631,0.1343762,1067.0518,1666.7891,0.021429427,936.0315,249.36372,0.9943023,1000.7966,247.62971,0.9897825,912.0794,262.40244,0.986664,1027.2996,258.23203,0.9941151,1033.7716,1793.7719,0.014335465,1033.7716,1793.7719,0.014335465,1067.573,1706.0674,0.011944538,889.991,1787.3275,0.018672273,889.991,1787.3275,0.018672273,869.2871,1711.1028,0.016853869,1177.8579,928.81525,1.0,1143.1721,945.0419,1.0,1130.9044,978.67816,1.0,1125.7296,1006.51935,1.0,1119.2838,1028.3717,1.0,1162.7333,1004.6253,1.0,1156.2328,1043.5912,1.0,1144.1589,1060.6344,1.0,1133.2821,1070.8003,1.0,1177.8401,1005.8223,1.0,1170.7104,1046.3004,1.0,1157.8914,1065.7721,1.0,1146.4476,1077.2534,1.0,1184.3389,1003.75964,1.0,1176.7294,1038.6936,1.0,1165.1866,1056.2834,1.0,1154.0216,1068.8707,1.0,1184.4155,1000.362,1.0,1177.7543,1029.2065,1.0,1168.9266,1045.0225,1.0,1159.1647,1055.4647,1.0,783.3266,939.1113,1.0,815.85077,954.3824,1.0,831.35803,983.0831,1.0,842.15094,1009.94525,1.0,849.98926,1030.0553,1.0,800.6466,1015.996,1.0,814.3023,1055.244,1.0,824.17255,1075.3082,1.0,832.32825,1090.1787,1.0,786.5365,1018.3447,1.0,799.13696,1058.1265,1.0,810.4458,1078.4493,1.0,818.6998,1092.6532,1.0,780.1581,1015.85315,1.0,790.7584,1050.1858,1.0,800.4519,1069.5139,1.0,808.3405,1083.2465,1.0,780.0892,1012.19495,1.0,786.83,1040.5721,1.0,794.3517,1057.4447,1.0,801.51276,1069.0817,1.0
895.67413,253.34766,1.0,896.7146,266.26996,1.0,897.7299,279.63495,1.0,902.8222,301.60724,1.0,908.92957,314.73886,1.0,919.6068,327.9545,1.0,928.74854,334.47662,1.0,946.9813,342.93622,1.0,973.07776,346.03314,1.0,998.19653,340.72522,1.0,1014.5341,330.7661,1.0,1022.77136,323.29016,1.0,1032.1143,309.41165,1.0,1040.0009,288.8614,1.0,1042.0557,274.6274,1.0,1042.5057,261.4745,1.0,1042.4579,248.8472,1.0,909.4797,230.59877,1.0,915.8719,223.78558,1.0,925.7991,219.1083,1.0,939.45337,217.29765,1.0,955.72986,217.62985,1.0,987.253,216.19131,1.0,1002.2969,215.17215,1.0,1014.77625,216.5371,1.0,1023.9009,220.98672,1.0,1029.4519,227.35255,1.0,972.0616,241.15161,1.0,972.3892,253.36009,1.0,972.75714,261.45395,1.0,973.03467,268.27277,1.0,959.91327,279.9044,1.0,964.36395,282.40317,1.0,972.33215,281.84573,1.0,979.67914,281.93658,1.0,983.57574,279.2056,1.0,922.0877,242.21703,1.0,929.88873,237.45343,1.0,941.5733,236.5634,1.0,952.4179,242.00371,1.0,942.92053,243.97665,1.0,932.32275,244.67302,1.0,988.7082,241.69136,1.0,999.9173,235.46443,1.0,1011.0278,236.1087,1.0,1017.18024,240.94145,1.0,1007.6266,243.43394,1.0,997.6663,243.15012,1.0,947.4207,307.38953,1.0,957.8285,298.80225,1.0,965.4914,295.7094,1.0,972.9542,296.6885,1.0,980.7033,295.4633,1.0,987.75916,298.3269,1.0,997.12195,306.8471,1.0,992.2949,311.02444,1.0,980.77356,315.2219,1.0,973.0046,315.9731,1.0,965.5973,315.69016,1.0,953.2418,311.74228,1.0,949.8277,307.04,1.0,967.16266,304.1564,1.0,972.74316,304.04532,1.0,978.83276,304.0095,1.0,994.98645,306.47598,1.0,979.1165,306.1724,1.0,973.2038,306.37048,1.0,967.2412,306.2193,1.0,937.3923,240.21721,1.0,1003.837,239.13373,1.0,967.59937,287.7146,0.99656725,978.6434,443.44147,0.9993748,821.27216,446.4424,0.9993748,765.5394,694.492,0.87476593,784.65125,921.82684,0.9087925,1136.0146,440.44052,0.9997672,1193.5292,684.4149,0.9579496,1181.1619,921.2891,0.9420688,978.37573,956.44885,0.99103844,881.2996,956.38745,0.9913532,880.65375,1291.8036,0.17169379,869.7226,1660.5023,0.03777992,1075.4519,956.51025,0.99103844,1084.8768,1328.476,0.13450754,1067.9114,1669.2574,0.021431558,935.48584,249.33739,0.9942878,1000.04504,247.76614,0.9897307,911.5696,262.30154,0.98673993,1027.0106,258.3033,0.9940497,1035.9366,1795.5009,0.014234433,1035.9366,1795.5009,0.014234433,1067.8811,1709.2277,0.011892046,894.54517,1783.9056,0.018776959,894.54517,1783.9056,0.018776959,869.5121,1709.6465,0.016953357,1177.5797,928.3608,1.0,1143.3026,944.3287,1.0,1130.7495,976.93976,1.0,1126.4061,1004.9248,1.0,1119.9961,1027.0717,1.0,1161.9915,1002.98285,1.0,1156.6835,1041.7766,1.0,1145.7405,1059.3613,1.0,1135.7155,1070.0763,1.0,1177.3318,1003.94507,1.0,1171.0134,1043.6296,1.0,1159.6721,1063.6658,1.0,1149.1974,1076.3381,1.0,1184.2181,1001.974,1.0,1176.688,1035.7789,1.0,1166.2587,1053.7722,1.0,1156.1571,1067.1777,1.0,1184.769,998.7716,1.0,1178.4438,1027.1599,1.0,1170.1078,1043.144,1.0,1161.1299,1053.9874,1.0,784.41534,938.584,1.0,816.728,954.1412,1.0,831.78625,982.359,1.0,842.79004,1009.0351,1.0,850.7929,1028.8075,1.0,801.2972,1013.77997,1.0,816.9342,1052.813,1.0,827.3546,1074.7039,1.0,835.3173,1091.8325,1.0,788.48364,1016.56744,1.0,802.7419,1056.0264,1.0,812.7664,1078.0104,1.0,819.76807,1095.8054,1.0,783.29083,1015.0339,1.0,795.48486,1049.6041,1.0,804.97876,1070.6516,1.0,812.44147,1087.3107,1.0,784.74664,1012.72705,1.0,793.47217,1041.4292,1.0,802.02344,1059.3566,1.0,809.70605,1073.2544,1.0
895.60895,253.87903,1.0,896.7573,266.81866,1.0,897.8534,280.16672,1.0,903.0125,302.06293,1.0,909.16187,315.06653,1.0,919.9429,328.0466,1.0,929.15643,334.41132,1.0,947.5147,342.55038,1.0,973.523,345.3331,1.0,998.52,340.0152,1.0,1014.9464,330.16446,1.0,1023.2607,322.77255,1.0,1032.4904,308.97168,1.0,1040.0391,288.44736,1.0,1041.8795,274.21277,1.0,1042.1382,261.09543,1.0,1041.8638,248.47198,1.0,908.9021,230.71805,1.0,915.1457,223.72577,1.0,924.9351,218.86615,1.0,938.5656,216.8586,1.0,954.9017,217.05289,1.0,986.4266,215.3391,1.0,1001.46625,214.29858,1.0,1013.9389,215.7476,1.0,1023.02545,220.301,1.0,1028.6328,226.75342,1.0,971.6127,240.69777,1.0,972.1379,252.85527,1.0,972.5997,260.85608,1.0,972.92664,267.66733,1.0,959.8504,279.4772,1.0,964.3363,281.94946,1.0,972.3241,281.34372,1.0,979.68005,281.38654,1.0,983.6109,278.61472,1.0,921.6556,242.25502,1.0,929.3748,237.34013,1.0,941.1029,236.33284,1.0,952.0814,241.7691,1.0,942.5452,243.82341,1.0,931.91986,244.59993,1.0,988.12665,241.2654,1.0,999.2355,234.93573,1.0,1010.34174,235.5356,1.0,1016.478,240.47395,1.0,1007.0135,242.95335,1.0,997.10315,242.70529,1.0,947.75903,306.7244,1.0,958.0082,298.17743,1.0,965.6348,294.98856,1.0,973.0711,295.94467,1.0,980.71484,294.67398,1.0,987.8162,297.60236,1.0,997.11194,306.0443,1.0,992.4238,310.07504,1.0,980.9802,314.26245,1.0,973.2632,315.0609,1.0,965.91425,314.8287,1.0,953.56836,310.9519,1.0,950.1495,306.32944,1.0,967.3588,303.72424,1.0,972.8604,303.6075,1.0,978.9638,303.53256,1.0,995.0767,305.65955,1.0,979.3017,305.0853,1.0,973.42444,305.28992,1.0,967.49115,305.17883,1.0,937.0156,240.10516,1.0,1003.22955,238.67046,1.0,967.5217,287.6158,0.99669564,978.53925,443.43573,0.9994053,821.2416,446.41653,0.9994053,768.361,696.1631,0.88562363,785.1438,922.5782,0.9163885,1135.8369,440.45496,0.9997686,1192.744,684.7504,0.9610302,1181.3928,917.6918,0.944664,978.8075,956.3627,0.9913898,882.22125,956.32733,0.9917931,881.3107,1291.8174,0.17694694,870.4262,1662.7094,0.0394218,1075.3938,956.39795,0.9913898,1084.8955,1327.9263,0.13612203,1067.7369,1667.6182,0.021698346,935.4559,248.97011,0.99442077,1000.05914,247.67973,0.98986256,911.5275,261.81863,0.9871247,1027.0559,257.90652,0.99408275,1035.5483,1794.468,0.014335749,1035.5483,1794.468,0.014335749,1066.9697,1707.3851,0.011989916,894.6509,1786.3246,0.019524792,894.6509,1786.3246,0.019524792,870.3412,1711.9559,0.017573362,1176.7772,928.6705,1.0,1142.5969,943.831,1.0,1130.3556,976.4379,1.0,1125.4728,1004.57294,1.0,1118.6041,1026.2013,1.0,1160.9146,1002.5335,1.0,1154.0248,1041.1733,1.0,1142.971,1058.61,1.0,1133.2207,1069.4504,1.0,1176.467,1003.86194,1.0,1168.9634,1043.5778,1.0,1157.4452,1063.4807,1.0,1147.116,1076.3328,1.0,1183.6797,1001.9629,1.0,1175.4434,1036.3073,1.0,1164.7585,1054.3032,1.0,1154.5317,1067.9962,1.0,1184.3647,998.63367,1.0,1177.0918,1026.951,1.0,1168.5392,1042.7267,1.0,1159.5564,1053.7524,1.0,784.90674,936.7681,1.0,816.112,952.51904,1.0,831.5784,981.69745,1.0,844.0957,1007.921,1.0,853.1844,1027.5789,1.0,799.369,1013.65045,1.0,816.151,1052.0795,1.0,827.1127,1073.6481,1.0,834.8501,1090.4259,1.0,787.45105,1015.6375,1.0,800.33264,1054.2368,1.0,810.08966,1075.6667,1.0,816.80414,1092.9386,1.0,783.4272,1013.36316,1.0,794.35693,1046.4758,1.0,803.6749,1067.3761,1.0,811.194,1083.9056,1.0,785.8597,1010.521,1.0,793.9242,1037.4884,1.0,802.31134,1054.9454,1.0,810.32526,1068.4515,1.0
895.54376,254.41042,1.0,896.8,267.36737,1.0,897.97687,280.6985,1.0,903.20276,302.51862,1.0,909.39417,315.3942,1.0,920.27893,328.13867,1.0,929.5644,334.34604,1.0,948.0481,342.16452,1.0,973.96826,344.63306,1.0,998.8435,339.30515,1.0,1015.3587,329.56277,1.0,1023.75006,322.2549,1.0,1032.8665,308.5317,1.0,1040.0773,288.03336,1.0,1041.7034,273.79813,1.0,1041.7705,260.7164,1.0,1041.2698,248.09676,1.0,908.3245,230.83731,1.0,914.4195,223.66595,1.0,924.07117,218.62398,1.0,937.6778,216.41954,1.0,954.0735,216.47594,1.0,985.6001,214.48688,1.0,1000.6357,213.425,1.0,1013.1015,214.95811,1.0,1022.14996,219.61526,1.0,1027.8137,226.15427,1.0,971.1637,240.24394,1.0,971.88654,252.35046,1.0,972.4422,260.2582,1.0,972.81854,267.06192,1.0,959.78754,279.05,1.0,964.30865,281.49576,1.0,972.3161,280.84174,1.0,979.681,280.8365,1.0,983.64606,278.02383,1.0,921.22345,242.29301,1.0,928.86084,237.22684,1.0,940.63257,236.10228,1.0,951.74493,241.5345,1.0,942.16986,243.67017,1.0,931.51697,244.52684,1.0,987.54517,240.83942,1.0,998.5536,234.40704,1.0,1009.6557,234.9625,1.0,1015.77576,240.00647,1.0,1006.40045,242.47278,1.0,996.54,242.26048,1.0,948.0973,306.05923,1.0,958.1878,297.5526,1.0,965.7782,294.2677,1.0,973.1879,295.2008,1.0,980.7264,293.88467,1.0,987.8733,296.8778,1.0,997.10187,305.24152,1.0,992.55273,309.12567,1.0,981.1868,313.30298,1.0,973.5218,314.14868,1.0,966.23126,313.96725,1.0,953.89484,310.1615,1.0,950.47125,305.61884,1.0,967.55505,303.29208,1.0,972.97766,303.1697,1.0,979.09485,303.05566,1.0,995.16693,304.84314,1.0,979.4869,303.9982,1.0,973.645,304.20932,1.0,967.74115,304.13837,1.0,936.63904,239.9931,1.0,1002.62213,238.20718,1.0,967.416,287.5681,0.9968078,978.4437,443.46982,0.9994277,821.1119,446.46533,0.9994277,769.3171,697.0503,0.8946742,785.0678,922.3012,0.9224299,1135.7756,440.47433,0.9997725,1192.1163,685.101,0.9638823,1181.183,919.6523,0.94729406,978.8709,956.40265,0.99168223,882.3638,956.2076,0.99211746,880.1294,1291.751,0.17867374,869.79083,1661.8826,0.039541297,1075.378,956.5977,0.99168223,1084.424,1327.5592,0.13636766,1067.7157,1667.2695,0.02191105,935.3728,248.97163,0.9944863,1000.0543,247.70332,0.9899916,911.4039,261.78662,0.987322,1027.0436,257.69275,0.9941276,1036.013,1793.3773,0.0143864155,1036.013,1793.3773,0.0143864155,1066.9681,1707.5795,0.012043717,894.56195,1784.7936,0.019514248,894.56195,1784.7936,0.019514248,869.6879,1711.0497,0.017684957,1177.0945,927.60114,1.0,1142.1891,941.9003,1.0,1128.9377,974.2476,1.0,1123.5365,1002.28503,1.0,1117.4247,1024.4517,1.0,1160.7578,1001.87695,1.0,1152.7728,1040.306,1.0,1141.1107,1057.2173,1.0,1130.8193,1067.4893,1.0,1175.873,1003.4562,1.0,1167.6664,1042.7778,1.0,1155.7241,1062.4111,1.0,1145.2286,1075.0221,1.0,1182.8019,1001.8156,1.0,1174.0547,1035.9789,1.0,1163.192,1054.0082,1.0,1153.0519,1067.5625,1.0,1183.3505,998.7487,1.0,1176.0587,1027.625,1.0,1167.8198,1044.0037,1.0,1159.0359,1055.3524,1.0,783.2013,937.0785,1.0,815.3373,951.32904,1.0,831.4512,979.7203,1.0,843.9108,1006.6063,1.0,853.8626,1026.7026,1.0,799.82837,1014.11993,1.0,817.17773,1052.4132,1.0,828.1276,1073.7726,1.0,835.37146,1090.4594,1.0,786.7198,1015.8719,1.0,800.8197,1055.0804,1.0,810.91956,1076.5883,1.0,817.196,1093.6779,1.0,781.92444,1012.9138,1.0,793.64343,1046.382,1.0,803.38544,1067.4152,1.0,811.0518,1083.4169,1.0,783.4257,1009.1938,1.0,792.6674,1036.3988,1.0,801.75366,1054.1014,1.0,810.2317,1067.0176,1.0
895.3489,254.71436,1.0,896.59045,267.69583,1.0,897.7866,281.0526,1.0,903.10364,302.856,1.0,909.38416,315.6995,1.0,920.3547,328.4161,1.0,929.6434,334.6124,1.0,948.1214,342.36868,1.0,973.9439,344.77115,1.0,998.8279,339.42642,1.0,1015.30066,329.65036,1.0,1023.58276,322.33572,1.0,1032.628,308.6111,1.0,1039.7327,288.09662,1.0,1041.3453,273.86832,1.0,1041.3948,260.76263,1.0,1040.9668,248.13638,1.0,908.2381,231.11246,1.0,914.3362,223.92618,1.0,924.04004,218.84592,1.0,937.6768,216.58829,1.0,954.05615,216.58977,1.0,985.55164,214.51727,1.0,1000.52264,213.45139,1.0,1012.9599,214.99898,1.0,1022.01337,219.68132,1.0,1027.6265,226.22124,1.0,971.10406,240.29909,1.0,971.87164,252.42111,1.0,972.45667,260.3678,1.0,972.86475,267.2004,1.0,959.6658,279.28937,1.0,964.23834,281.66617,1.0,972.3317,280.98865,1.0,979.6627,280.99002,1.0,983.5942,278.1756,1.0,921.1138,242.50688,1.0,928.7304,237.39146,1.0,940.4797,236.22882,1.0,951.57684,241.65005,1.0,942.0268,243.79639,1.0,931.39874,244.69177,1.0,987.3509,240.8624,1.0,998.39435,234.36668,1.0,1009.5137,234.94992,1.0,1015.5851,240.05544,1.0,1006.2343,242.53319,1.0,996.358,242.29497,1.0,948.08185,306.35367,1.0,958.2103,297.77908,1.0,965.7987,294.46414,1.0,973.1735,295.37418,1.0,980.6823,294.03113,1.0,987.79034,296.9732,1.0,996.9243,305.32822,1.0,992.35986,309.18335,1.0,981.1516,313.3596,1.0,973.5181,314.19983,1.0,966.261,314.0429,1.0,953.931,310.3441,1.0,950.46185,305.88342,1.0,967.56085,303.44357,1.0,972.9941,303.29495,1.0,979.0299,303.15402,1.0,994.98694,304.9272,1.0,979.46606,304.1307,1.0,973.61273,304.3678,1.0,967.72217,304.29117,1.0,936.4248,240.10619,1.0,1002.4144,238.19269,1.0,967.40857,287.60757,0.9969502,978.22485,443.53522,0.99945366,820.83167,446.5796,0.99945366,769.6485,698.41486,0.9037168,784.5269,923.3126,0.92875874,1135.618,440.49084,0.9997764,1191.7341,685.2463,0.9665921,1180.9382,919.19525,0.95006114,979.2201,954.37726,0.99202156,882.9943,954.6867,0.99251425,884.044,1291.3994,0.19032936,873.45667,1661.4977,0.043522455,1075.4459,954.0679,0.99202156,1085.384,1325.7963,0.14374262,1070.119,1666.4017,0.0232878,935.3077,249.13893,0.9946797,1000.0613,247.79454,0.99028856,911.14624,262.00217,0.9878172,1027.0298,257.72394,0.99427825,1040.0103,1792.1738,0.015206378,1040.0103,1792.1738,0.015206378,1069.3486,1706.0035,0.01262422,895.9543,1784.4982,0.021474987,895.9543,1784.4982,0.021474987,874.0978,1711.002,0.019108376,1175.4921,926.7058,1.0,1140.3956,941.68994,1.0,1127.4727,974.7972,1.0,1121.9845,1003.068,1.0,1115.3743,1024.5172,1.0,1159.5627,1002.1887,1.0,1149.9174,1040.0183,1.0,1138.0968,1056.6934,1.0,1128.1019,1066.9976,1.0,1175.0671,1003.1219,1.0,1165.7518,1042.2559,1.0,1154.0697,1061.6782,1.0,1144.2257,1074.4402,1.0,1182.331,1000.7291,1.0,1172.7109,1035.0122,1.0,1161.8575,1053.1805,1.0,1151.9672,1067.0049,1.0,1182.8184,996.94476,1.0,1175.0404,1025.9543,1.0,1166.9806,1042.1803,1.0,1158.6146,1053.5876,1.0,782.4888,936.67737,1.0,815.38995,951.74316,1.0,831.12195,980.69305,1.0,843.47034,1007.0249,1.0,853.0095,1026.7039,1.0,799.601,1013.38306,1.0,817.0943,1051.99,1.0,828.2621,1073.9476,1.0,835.3482,1090.9915,1.0,786.2736,1015.0097,1.0,800.6316,1054.4418,1.0,810.846,1076.102,1.0,817.15076,1093.3853,1.0,781.0074,1012.12805,1.0,793.3984,1045.5121,1.0,803.5651,1066.5103,1.0,811.3115,1082.558,1.0,782.4711,1008.4284,1.0,792.403,1035.4004,1.0,801.7088,1052.7667,1.0,810.063,1065.2429,1.0
895.154,255.01828,1.0,896.3809,268.02432,1.0,897.5964,281.40677,1.0,903.00446,303.1934,1.0,909.3741,316.00476,1.0,920.4304,328.69354,1.0,929.7224,334.87878,1.0,948.1947,342.57285,1.0,973.9196,344.90924,1.0,998.81226,339.54773,1.0,1015.2426,329.73795,1.0,1023.41547,322.41656,1.0,1032.3896,308.6905,1.0,1039.3882,288.15988,1.0,1040.9872,273.9385,1.0,1041.0189,260.80887,1.0,1040.6638,248.176,1.0,908.15173,231.3876,1.0,914.2529,224.1864,1.0,924.00885,219.06786,1.0,937.67584,216.75703,1.0,954.0389,216.70358,1.0,985.5031,214.54765,1.0,1000.40967,213.47778,1.0,1012.8183,215.03984,1.0,1021.8767,219.74739,1.0,1027.4391,226.28821,1.0,971.04443,240.35423,1.0,971.85675,252.49176,1.0,972.4711,260.4774,1.0,972.91095,267.33893,1.0,959.54395,279.52878,1.0,964.168,281.8366,1.0,972.34735,281.13553,1.0,979.6444,281.14355,1.0,983.5423,278.32736,1.0,921.0041,242.72075,1.0,928.5999,237.55608,1.0,940.3268,236.35536,1.0,951.4088,241.76561,1.0,941.8837,243.9226,1.0,931.2806,244.8567,1.0,987.1566,240.88538,1.0,998.2351,234.32634,1.0,1009.37164,234.93735,1.0,1015.39435,240.1044,1.0,1006.06824,242.5936,1.0,996.17596,242.32945,1.0,948.0664,306.64807,1.0,958.2329,298.00558,1.0,965.8192,294.66055,1.0,973.1591,295.54755,1.0,980.6382,294.17755,1.0,987.70746,297.06857,1.0,996.74677,305.41492,1.0,992.16705,309.241,1.0,981.11633,313.41617,1.0,973.51447,314.25095,1.0,966.2908,314.1186,1.0,953.96716,310.52664,1.0,950.45245,306.14804,1.0,967.56665,303.59503,1.0,973.01044,303.4202,1.0,978.96497,303.25235,1.0,994.80695,305.01123,1.0,979.4452,304.26324,1.0,973.5804,304.5263,1.0,967.7032,304.444,1.0,936.2105,240.21928,1.0,1002.2068,238.17819,1.0,967.305,287.32043,0.99694645,978.0619,443.73154,0.9994683,820.78253,446.5891,0.9994683,769.5988,698.3942,0.91057086,782.9522,923.5427,0.93342185,1135.3412,440.87393,0.99976826,1191.5547,686.2294,0.968148,1180.6113,916.9762,0.94994676,978.0721,955.205,0.9920933,881.43005,954.66266,0.99271166,882.993,1291.183,0.18651225,873.4262,1659.0188,0.04206278,1074.7141,955.7473,0.9920933,1084.6853,1325.8505,0.13741855,1069.7694,1665.6727,0.022359977,935.174,249.0349,0.9945553,1000.0643,247.6787,0.98997265,910.84406,261.93518,0.98765063,1027.018,257.63672,0.99398935,1039.2837,1791.2126,0.014543489,1039.2837,1791.2126,0.014543489,1069.0305,1705.1932,0.0122030955,899.0288,1781.4777,0.020670313,899.0288,1781.4777,0.020670313,874.00995,1708.3357,0.0185824,1175.5729,926.5275,1.0,1139.3756,941.8903,1.0,1125.6849,974.8046,1.0,1120.8773,1003.0322,1.0,1114.4841,1024.4185,1.0,1157.6322,1002.1715,1.0,1148.114,1039.9431,1.0,1136.2512,1056.591,1.0,1126.2781,1066.8997,1.0,1174.0275,1003.0338,1.0,1164.779,1042.4308,1.0,1153.1469,1061.8989,1.0,1143.6077,1074.7435,1.0,1181.751,1000.1841,1.0,1172.4808,1034.3429,1.0,1161.608,1052.3489,1.0,1151.6567,1065.9235,1.0,1182.7976,995.8863,1.0,1175.256,1024.6705,1.0,1167.3555,1040.7698,1.0,1159.108,1051.6847,1.0,780.93085,937.93774,1.0,814.60974,951.76105,1.0,831.0569,980.44025,1.0,843.1955,1007.51526,1.0,852.8295,1027.7983,1.0,799.2846,1015.00226,1.0,817.4667,1054.3868,1.0,828.34863,1076.2382,1.0,834.73987,1093.175,1.0,785.1367,1016.9293,1.0,800.9937,1057.2198,1.0,811.24097,1078.587,1.0,816.75916,1095.4067,1.0,779.32574,1013.909,1.0,793.24335,1046.9663,1.0,803.9822,1067.798,1.0,811.59357,1083.2804,1.0,780.21765,1009.8534,1.0,791.37616,1036.2709,1.0,801.89557,1053.2965,1.0,810.7006,1065.1992,1.0
894.9591,255.32222,1.0,896.1713,268.3528,1.0,897.4061,281.76093,1.0,902.90533,303.53076,1.0,909.3641,316.31003,1.0,920.50616,328.97098,1.0,929.80145,335.14517,1.0,948.268,342.77704,1.0,973.8953,345.04733,1.0,998.7967,339.669,1.0,1015.1846,329.82553,1.0,1023.2482,322.49738,1.0,1032.1511,308.76987,1.0,1039.0437,288.22314,1.0,1040.6292,274.00873,1.0,1040.6432,260.85507,1.0,1040.361,248.21562,1.0,908.0653,231.66275,1.0,914.1697,224.44662,1.0,923.9777,219.2898,1.0,937.67487,216.9258,1.0,954.0216,216.81741,1.0,985.45465,214.57803,1.0,1000.29663,213.50417,1.0,1012.6767,215.0807,1.0,1021.7401,219.81345,1.0,1027.2518,226.35518,1.0,970.98486,240.40936,1.0,971.84186,252.56242,1.0,972.4856,260.58698,1.0,972.95715,267.47742,1.0,959.4221,279.7682,1.0,964.0977,282.00702,1.0,972.363,281.2824,1.0,979.6261,281.29706,1.0,983.4904,278.4791,1.0,920.8944,242.93462,1.0,928.4694,237.7207,1.0,940.1739,236.4819,1.0,951.2408,241.88116,1.0,941.74066,244.04883,1.0,931.1624,245.02165,1.0,986.9624,240.90836,1.0,998.07587,234.286,1.0,1009.2296,234.92477,1.0,1015.2037,240.15335,1.0,1005.9021,242.65402,1.0,995.99396,242.36394,1.0,948.051,306.9425,1.0,958.25543,298.23206,1.0,965.8397,294.857,1.0,973.1448,295.72092,1.0,980.59406,294.32397,1.0,987.6245,297.16397,1.0,996.5692,305.50162,1.0,991.97424,309.29868,1.0,981.08105,313.47275,1.0,973.51074,314.3021,1.0,966.32056,314.19424,1.0,954.0033,310.7092,1.0,950.4431,306.41263,1.0,967.57245,303.74652,1.0,973.0268,303.54547,1.0,978.89996,303.35068,1.0,994.627,305.0953,1.0,979.4243,304.39578,1.0,973.54803,304.68478,1.0,967.68414,304.59683,1.0,935.9963,240.33237,1.0,1001.9991,238.1637,1.0,967.7527,287.46707,0.9971453,978.01996,443.75015,0.99949473,820.75024,446.56354,0.99949473,769.8317,698.6229,0.9186494,782.8937,922.59265,0.939292,1135.2897,440.93674,0.9997788,1191.465,686.3591,0.97091,1180.3392,916.4905,0.95404655,978.1465,953.46674,0.9923877,881.65173,952.93976,0.9930173,881.4293,1291.9438,0.21224216,868.1648,1660.6763,0.04848839,1074.6412,953.99365,0.9923877,1083.3486,1325.789,0.15782396,1065.8053,1665.3407,0.025789222,935.478,249.03976,0.9948857,1000.45215,247.73367,0.99056196,910.82587,261.83884,0.98844564,1026.8936,257.64664,0.99435073,1023.9033,1790.5236,0.01663689,1023.9033,1790.5236,0.01663689,1067.0223,1705.0115,0.013186012,887.3966,1785.2466,0.024124151,887.3966,1785.2466,0.024124151,868.95984,1709.0741,0.020808732,1175.0072,925.928,1.0,1138.7378,942.07886,1.0,1125.8619,975.36273,1.0,1120.7014,1003.6978,1.0,1114.0667,1025.0082,1.0,1156.9216,1001.77386,1.0,1148.2495,1039.4226,1.0,1137.0142,1056.5111,1.0,1127.3318,1067.1134,1.0,1173.8295,1002.79944,1.0,1165.2946,1041.6245,1.0,1154.2574,1061.2892,1.0,1144.8525,1074.1793,1.0,1182.0845,1000.08624,1.0,1172.8257,1033.8077,1.0,1162.2034,1051.641,1.0,1152.3826,1065.063,1.0,1183.3997,995.79767,1.0,1175.4456,1024.1254,1.0,1167.1986,1039.8988,1.0,1158.7415,1050.6913,1.0,779.90894,936.752,1.0,814.2092,951.2494,1.0,831.02844,979.84515,1.0,842.9638,1007.28424,1.0,852.30255,1027.6467,1.0,799.9568,1013.5971,1.0,817.1636,1052.8217,1.0,827.6406,1074.745,1.0,833.9736,1092.1459,1.0,785.00494,1016.42596,1.0,801.46704,1056.4529,1.0,812.08093,1078.3989,1.0,818.1235,1096.3799,1.0,778.1757,1013.73987,1.0,792.7875,1047.5745,1.0,803.8163,1068.8123,1.0,811.4593,1084.8926,1.0,778.14014,1009.9645,1.0,789.9523,1037.5485,1.0,800.47095,1054.9817,1.0,809.11096,1067.5405,1.0
894.60767,255.27246,1.0,895.84753,268.26447,1.0,897.13513,281.65076,1.0,902.8127,303.3751,1.0,909.3549,316.16586,1.0,920.566,328.87375,1.0,929.89014,335.13293,1.0,948.3422,342.893,1.0,974.0136,345.1679,1.0,998.9399,339.74814,1.0,1015.264,329.811,1.0,1023.3056,322.44717,1.0,1032.1772,308.65253,1.0,1039.0424,288.12418,1.0,1040.5533,273.9227,1.0,1040.5424,260.77274,1.0,1040.1904,248.13843,1.0,907.68134,231.72003,1.0,913.7596,224.49704,1.0,923.5137,219.34406,1.0,937.2039,216.98047,1.0,953.6088,216.86327,1.0,985.214,214.65298,1.0,1000.1293,213.55629,1.0,1012.5455,215.08191,1.0,1021.6081,219.77043,1.0,1027.121,226.28854,1.0,970.7372,240.47192,1.0,971.56805,252.6641,1.0,972.23303,260.71994,1.0,972.6965,267.60785,1.0,959.2945,279.8169,1.0,963.9685,282.08044,1.0,972.1772,281.36493,1.0,979.5032,281.36203,1.0,983.36066,278.52847,1.0,920.64636,243.0006,1.0,928.18604,237.7724,1.0,939.90894,236.53363,1.0,951.0523,241.94896,1.0,941.51917,244.17621,1.0,930.9003,245.12964,1.0,986.7754,240.96431,1.0,997.8765,234.34767,1.0,1008.96454,234.95955,1.0,1014.9811,240.12135,1.0,1005.6729,242.63457,1.0,995.78784,242.40034,1.0,948.1167,307.04663,1.0,958.2009,298.3864,1.0,965.71277,295.01645,1.0,972.99164,295.86383,1.0,980.40234,294.47675,1.0,987.4162,297.3367,1.0,996.47314,305.63892,1.0,991.9825,309.4562,1.0,981.08746,313.6978,1.0,973.50507,314.54767,1.0,966.299,314.4257,1.0,953.98425,310.8691,1.0,950.5106,306.54135,1.0,967.52203,303.85773,1.0,972.96326,303.67422,1.0,978.80145,303.46414,1.0,994.5245,305.23654,1.0,979.33154,304.57346,1.0,973.49133,304.8463,1.0,967.6375,304.77283,1.0,935.69507,240.4656,1.0,1001.6419,238.2226,1.0,967.5314,287.38632,0.9971902,977.94244,444.11905,0.999505,820.706,446.71417,0.999505,770.03076,699.468,0.9245643,782.1377,923.9458,0.943193,1135.1788,441.52396,0.9997766,1191.3779,687.2356,0.97267264,1180.1455,917.1382,0.95526385,977.97455,953.81213,0.9925737,881.472,952.90814,0.9932456,881.4441,1287.1798,0.2094947,868.34076,1654.2443,0.04807441,1074.4772,954.7161,0.9925737,1084.1256,1323.7191,0.15474172,1066.1764,1660.2825,0.025512425,935.1941,249.03452,0.99488515,1000.2267,247.77141,0.99051976,910.489,261.84506,0.98846793,1026.6678,257.70078,0.9942768,1028.4866,1786.7047,0.016384989,1028.4866,1786.7047,0.016384989,1067.0094,1699.7391,0.013091539,888.8626,1779.756,0.02382022,888.8626,1779.756,0.02382022,869.0922,1702.8915,0.020684727,1174.4259,927.1466,1.0,1138.6792,942.811,1.0,1125.9382,974.65106,1.0,1120.5297,1003.3145,1.0,1113.7301,1025.307,1.0,1157.546,1001.50854,1.0,1147.8749,1040.1582,1.0,1136.3633,1057.3102,1.0,1126.5016,1067.8925,1.0,1174.4597,1002.9656,1.0,1164.8412,1043.3672,1.0,1152.9629,1062.9653,1.0,1142.8287,1075.3177,1.0,1182.4697,1000.5963,1.0,1172.494,1035.8629,1.0,1161.1407,1053.8318,1.0,1150.7786,1066.9517,1.0,1183.6163,996.6291,1.0,1175.0922,1025.4146,1.0,1166.1669,1041.2223,1.0,1157.1516,1051.7123,1.0,778.8751,936.79175,1.0,813.71356,951.8158,1.0,831.3159,981.8515,1.0,844.04535,1009.07184,1.0,853.3889,1029.6754,1.0,800.8598,1015.7184,1.0,818.16925,1054.471,1.0,828.3485,1076.0507,1.0,834.77936,1092.9985,1.0,785.45245,1018.0034,1.0,801.9907,1057.2335,1.0,812.35974,1078.6603,1.0,818.31616,1095.6173,1.0,778.3819,1014.9129,1.0,792.673,1048.1014,1.0,803.5163,1068.7721,1.0,811.31055,1084.289,1.0,777.8673,1010.7504,1.0,789.4704,1038.277,1.0,799.8603,1055.4586,1.0,808.5082,1067.6727,1.0
894.2563,255.22272,1.0,895.5237,268.17615,1.0,896.8641,281.54056,1.0,902.7201,303.21942,1.0,909.3458,316.02173,1.0,920.62573,328.77655,1.0,929.9788,335.12073,1.0,948.4165,343.00897,1.0,974.1319,345.2885,1.0,999.0831,339.82724,1.0,1015.34344,329.79648,1.0,1023.3629,322.39694,1.0,1032.2034,308.53516,1.0,1039.041,288.0252,1.0,1040.4777,273.8367,1.0,1040.4417,260.6904,1.0,1040.0199,248.06123,1.0,907.2974,231.77733,1.0,913.3495,224.54744,1.0,923.04956,219.39832,1.0,936.733,217.03516,1.0,953.1961,216.90912,1.0,984.9733,214.72792,1.0,999.962,213.60841,1.0,1012.41425,215.0831,1.0,1021.47614,219.72743,1.0,1026.9901,226.22191,1.0,970.4895,240.53448,1.0,971.29425,252.76575,1.0,971.9805,260.8529,1.0,972.4357,267.73828,1.0,959.1668,279.8656,1.0,963.83936,282.15387,1.0,971.9914,281.44745,1.0,979.38025,281.427,1.0,983.2309,278.57782,1.0,920.3984,243.06659,1.0,927.9026,237.82408,1.0,939.644,236.58536,1.0,950.86383,242.01675,1.0,941.2976,244.30357,1.0,930.63824,245.23763,1.0,986.5884,241.02025,1.0,997.6772,234.40936,1.0,1008.6994,234.99434,1.0,1014.7585,240.08936,1.0,1005.4438,242.61513,1.0,995.58167,242.43674,1.0,948.1824,307.1508,1.0,958.1465,298.5408,1.0,965.58575,295.1759,1.0,972.8385,296.0067,1.0,980.2106,294.62952,1.0,987.2079,297.50946,1.0,996.37714,305.77625,1.0,991.99066,309.61377,1.0,981.0939,313.92285,1.0,973.4994,314.7932,1.0,966.27747,314.65717,1.0,953.9653,311.029,1.0,950.5782,306.67007,1.0,967.47156,303.96893,1.0,972.8997,303.80295,1.0,978.7029,303.5776,1.0,994.422,305.37778,1.0,979.2387,304.7511,1.0,973.4346,305.00784,1.0,967.5908,304.94885,1.0,935.3939,240.59883,1.0,1001.2848,238.2815,1.0,967.55273,287.38586,0.99728656,977.9342,444.17593,0.999523,820.69275,446.72192,0.999523,770.26294,699.8733,0.93058896,782.1227,924.8495,0.9476305,1135.1757,441.6299,0.9997792,1191.2499,688.11115,0.97443074,1180.067,918.0442,0.9571169,977.9402,953.3073,0.9927477,881.4127,952.4276,0.99346185,881.4421,1286.5293,0.21198589,868.9773,1654.1823,0.04915544,1074.4675,954.187,0.9927477,1083.5028,1322.7383,0.15729263,1065.0619,1660.0956,0.026207864,935.206,249.03973,0.9950216,1000.2563,247.7142,0.9907159,910.46173,261.86957,0.98881495,1026.6561,257.48975,0.99437916,1028.4502,1786.5057,0.016795345,1028.4502,1786.5057,0.016795345,1065.452,1699.5448,0.013416398,889.31213,1779.4071,0.024397336,889.31213,1779.4071,0.024397336,870.0514,1702.7915,0.021226846,1174.1583,927.3468,1.0,1138.4922,944.24567,1.0,1125.2184,975.7128,1.0,1120.2357,1003.78204,1.0,1113.4832,1025.6884,1.0,1156.7905,1003.1622,1.0,1147.7417,1041.3192,1.0,1136.1359,1058.0125,1.0,1126.1436,1068.4468,1.0,1174.13,1003.7999,1.0,1164.9402,1044.5533,1.0,1153.0989,1064.8478,1.0,1143.3477,1078.1498,1.0,1182.8127,1000.3485,1.0,1173.6086,1034.9253,1.0,1162.538,1053.3246,1.0,1152.0685,1066.7355,1.0,1184.7893,995.0104,1.0,1176.188,1022.3235,1.0,1167.1592,1037.5969,1.0,1157.7677,1047.4963,1.0,779.74274,937.1917,1.0,815.0887,953.1181,1.0,832.0487,982.9765,1.0,844.4073,1009.62897,1.0,854.1227,1030.256,1.0,800.95685,1016.3994,1.0,818.46606,1055.1176,1.0,828.7901,1076.296,1.0,834.9889,1092.9648,1.0,784.6157,1017.5541,1.0,801.2327,1057.5353,1.0,812.1067,1078.7229,1.0,818.0889,1094.6604,1.0,776.32623,1013.2387,1.0,790.87524,1046.1716,1.0,802.46375,1066.3553,1.0,810.8024,1080.6139,1.0,774.7664,1007.7132,1.0,786.74756,1034.6812,1.0,797.70233,1050.92,1.0,806.66473,1061.4402,1.0
893.90485,255.17297,1.0,895.1998,268.0878,1.0,896.5931,281.4304,1.0,902.62744,303.06372,1.0,909.33673,315.87756,1.0,920.68555,328.67932,1.0,930.0675,335.10852,1.0,948.4907,343.12494,1.0,974.25024,345.4091,1.0,999.2263,339.90637,1.0,1015.42285,329.78195,1.0,1023.4203,322.3467,1.0,1032.2295,308.4178,1.0,1039.0397,287.92624,1.0,1040.4019,273.7507,1.0,1040.3408,260.60806,1.0,1039.8494,247.98405,1.0,906.9135,231.83461,1.0,912.9394,224.59785,1.0,922.5855,219.45256,1.0,936.2621,217.08983,1.0,952.7833,216.95497,1.0,984.73267,214.80286,1.0,999.7946,213.66054,1.0,1012.283,215.0843,1.0,1021.3441,219.68442,1.0,1026.8593,226.15526,1.0,970.2419,240.59705,1.0,971.02045,252.86742,1.0,971.72797,260.98584,1.0,972.175,267.86874,1.0,959.0392,279.9143,1.0,963.71014,282.2273,1.0,971.8056,281.52997,1.0,979.2573,281.49194,1.0,983.1012,278.62717,1.0,920.1503,243.13257,1.0,927.6192,237.87578,1.0,939.379,236.63708,1.0,950.6753,242.08455,1.0,941.0761,244.43095,1.0,930.37616,245.34563,1.0,986.40137,241.0762,1.0,997.4778,234.47105,1.0,1008.43427,235.02913,1.0,1014.5359,240.05737,1.0,1005.2146,242.59569,1.0,995.37555,242.47314,1.0,948.2481,307.25494,1.0,958.092,298.69516,1.0,965.4588,295.33536,1.0,972.68536,296.14963,1.0,980.0188,294.78226,1.0,986.99963,297.68222,1.0,996.28107,305.91354,1.0,991.99884,309.7713,1.0,981.1003,314.14792,1.0,973.4937,315.0388,1.0,966.256,314.88864,1.0,953.9462,311.1889,1.0,950.6457,306.7988,1.0,967.42114,304.08014,1.0,972.8362,303.9317,1.0,978.6043,303.69107,1.0,994.31946,305.519,1.0,979.14594,304.92877,1.0,973.3778,305.1694,1.0,967.5442,305.12488,1.0,935.0928,240.73206,1.0,1000.9277,238.3404,1.0,967.7141,287.39224,0.99737966,977.8408,444.28012,0.9995324,820.5572,446.9137,0.9995324,770.43445,700.8854,0.9362578,781.89496,927.2988,0.9515298,1135.1245,441.64655,0.9997819,1191.1495,688.155,0.97629994,1179.9617,918.03784,0.9596676,977.8878,953.2632,0.992961,881.3605,952.359,0.9936757,881.18243,1286.4796,0.22672372,868.56665,1653.7736,0.052659005,1074.4152,954.16736,0.992961,1083.6948,1322.639,0.16972369,1065.0569,1660.0486,0.028427674,935.2292,249.04701,0.9951559,1000.41846,248.04462,0.99094045,910.4324,261.85947,0.9892017,1026.5756,257.6999,0.99453425,1028.7496,1786.3956,0.017954022,1028.7496,1786.3956,0.017954022,1065.3837,1699.4541,0.014096355,888.7521,1779.2148,0.025943851,888.7521,1779.2148,0.025943851,869.74005,1701.4089,0.022308169,1173.9548,927.02625,1.0,1138.2484,944.3437,1.0,1125.0093,975.8186,1.0,1119.8695,1003.79224,1.0,1112.9437,1025.5519,1.0,1156.6007,1003.08997,1.0,1147.8815,1041.4484,1.0,1136.3217,1057.9927,1.0,1126.6488,1068.266,1.0,1174.0891,1003.59827,1.0,1165.1143,1043.9814,1.0,1153.7898,1063.7122,1.0,1144.7593,1076.6918,1.0,1182.9148,999.9215,1.0,1173.7411,1033.6123,1.0,1162.8687,1051.3239,1.0,1152.8661,1063.9147,1.0,1185.1072,994.413,1.0,1176.7997,1020.8525,1.0,1168.1744,1035.6793,1.0,1159.318,1044.9274,1.0,779.4182,937.98376,1.0,815.0815,953.56226,1.0,832.31287,983.0237,1.0,844.12006,1010.50256,1.0,853.94794,1030.9247,1.0,801.7778,1016.10315,1.0,818.46967,1055.0234,1.0,828.2271,1076.2019,1.0,834.3492,1093.2301,1.0,784.3558,1018.09924,1.0,801.5923,1057.7904,1.0,812.1062,1079.0393,1.0,817.8883,1096.0801,1.0,775.5732,1014.3635,1.0,790.6837,1048.4429,1.0,801.8449,1069.2944,1.0,809.594,1084.6462,1.0,773.65924,1009.6199,1.0,786.09045,1037.9993,1.0,796.9948,1055.1221,1.0,805.7968,1066.9039,1.0
894.006,255.33244,1.0,895.3094,268.24655,1.0,896.6751,281.58755,1.0,902.5665,303.21085,1.0,909.208,315.98077,1.0,920.4596,328.7267,1.0,929.79443,335.09183,1.0,948.1791,343.0185,1.0,973.9691,345.29086,1.0,999.0616,339.78723,1.0,1015.44135,329.69272,1.0,1023.4898,322.2122,1.0,1032.337,308.27893,1.0,1039.108,287.75803,1.0,1040.4957,273.57184,1.0,1040.413,260.44696,1.0,1039.9457,247.85579,1.0,906.843,232.00418,1.0,912.8509,224.78242,1.0,922.4709,219.61298,1.0,936.1339,217.21806,1.0,952.63336,217.05824,1.0,984.4508,214.85695,1.0,999.5414,213.69817,1.0,1012.0097,215.1307,1.0,1021.14307,219.72531,1.0,1026.6853,226.17664,1.0,969.97577,240.70566,1.0,970.72974,252.9754,1.0,971.3741,261.09055,1.0,971.8068,267.99576,1.0,958.66547,280.06055,1.0,963.34955,282.34308,1.0,971.50507,281.65442,1.0,978.94727,281.59137,1.0,982.79114,278.73386,1.0,919.92487,243.23366,1.0,927.37036,237.97462,1.0,939.16315,236.7325,1.0,950.4098,242.19762,1.0,940.8435,244.50125,1.0,930.1796,245.42143,1.0,986.2531,241.14438,1.0,997.3284,234.4792,1.0,1008.40894,235.03162,1.0,1014.4915,240.10538,1.0,1005.13104,242.66316,1.0,995.2592,242.53183,1.0,947.81573,307.29068,1.0,957.68616,298.72,1.0,965.09576,295.3717,1.0,972.35815,296.16003,1.0,979.778,294.77036,1.0,986.7902,297.67276,1.0,996.13727,305.8701,1.0,991.71375,309.71738,1.0,980.7761,314.04657,1.0,973.13104,314.96066,1.0,965.9263,314.8362,1.0,953.5926,311.19354,1.0,950.18756,306.83698,1.0,967.03955,304.07452,1.0,972.49475,303.89993,1.0,978.34863,303.66556,1.0,994.17914,305.47443,1.0,978.84045,304.90152,1.0,973.03253,305.16788,1.0,967.1831,305.14963,1.0,934.9925,240.7878,1.0,1000.95245,238.3638,1.0,967.687,287.3933,0.9974762,977.7508,444.29184,0.9995464,820.46875,446.97153,0.9995464,770.69086,701.38715,0.94107765,781.75586,927.4072,0.9550697,1135.0328,441.61215,0.9997839,1190.9788,688.2228,0.97768015,1179.872,918.4978,0.96125853,977.62524,953.40405,0.9930715,880.8558,952.35754,0.9938157,881.12134,1286.2241,0.22655892,868.53143,1653.3312,0.052333627,1074.3947,954.45056,0.9930715,1083.8156,1322.6804,0.17034757,1065.048,1660.1096,0.02830183,935.1924,249.05368,0.9953026,1000.3779,248.01228,0.9911693,910.412,261.8921,0.98954695,1026.5613,257.61356,0.99465436,1028.7839,1786.6661,0.017856618,1028.7839,1786.6661,0.017856618,1065.1843,1699.4816,0.014066256,889.0016,1778.2922,0.025777852,889.0016,1778.2922,0.025777852,869.64026,1701.1863,0.02228058,1173.3943,926.95874,1.0,1138.0737,944.1894,1.0,1124.9954,975.75183,1.0,1119.6544,1004.12164,1.0,1112.6597,1025.9072,1.0,1156.3584,1003.53937,1.0,1147.043,1041.0887,1.0,1135.7996,1057.9207,1.0,1126.289,1068.6843,1.0,1174.0702,1003.9503,1.0,1165.0853,1043.7976,1.0,1154.0913,1063.5137,1.0,1144.9078,1076.7059,1.0,1183.1975,1000.1412,1.0,1174.1765,1034.0361,1.0,1163.6857,1052.0654,1.0,1153.915,1065.2092,1.0,1185.5724,994.5154,1.0,1177.4567,1021.5026,1.0,1168.8783,1036.5096,1.0,1160.1154,1046.2144,1.0,779.05365,937.01074,1.0,814.8244,952.2726,1.0,832.27734,982.23755,1.0,844.1667,1010.05347,1.0,854.51654,1030.5991,1.0,802.3009,1016.1409,1.0,818.3992,1055.2004,1.0,827.92114,1076.3646,1.0,833.88196,1093.4658,1.0,784.2186,1018.3837,1.0,801.4194,1058.3634,1.0,811.6983,1079.6293,1.0,817.4492,1096.6644,1.0,774.4823,1014.436,1.0,790.1674,1048.163,1.0,801.5591,1068.9545,1.0,809.5807,1084.0345,1.0,771.69116,1009.11395,1.0,785.1804,1036.5817,1.0,797.0714,1053.1139,1.0,806.6434,1064.2816,1.0
894.10706,255.49191,1.0,895.4189,268.4053,1.0,896.75714,281.7447,1.0,902.5056,303.35794,1.0,909.0792,316.084,1.0,920.23364,328.77408,1.0,929.5214,335.07513,1.0,947.8674,342.91205,1.0,973.688,345.17267,1.0,998.89685,339.6681,1.0,1015.4599,329.6035,1.0,1023.5593,322.0777,1.0,1032.4447,308.1401,1.0,1039.1764,287.5898,1.0,1040.5897,273.393,1.0,1040.4852,260.28583,1.0,1040.0421,247.72754,1.0,906.7725,232.17374,1.0,912.7624,224.967,1.0,922.35626,219.77339,1.0,936.0058,217.3463,1.0,952.4834,217.16153,1.0,984.169,214.91104,1.0,999.28815,213.73578,1.0,1011.73645,215.1771,1.0,1020.94196,219.7662,1.0,1026.5114,226.19803,1.0,969.7097,240.81425,1.0,970.439,253.08337,1.0,971.02026,261.19528,1.0,971.43866,268.12277,1.0,958.2917,280.20676,1.0,962.98895,282.45886,1.0,971.2045,281.77884,1.0,978.63715,281.69077,1.0,982.48114,278.84055,1.0,919.6994,243.33476,1.0,927.12146,238.07346,1.0,938.94727,236.82791,1.0,950.1442,242.3107,1.0,940.6109,244.57156,1.0,929.98315,245.49724,1.0,986.1049,241.21255,1.0,997.1791,234.48735,1.0,1008.3836,235.03412,1.0,1014.44714,240.15338,1.0,1005.0474,242.73062,1.0,995.1429,242.59053,1.0,947.3834,307.32642,1.0,957.2804,298.74484,1.0,964.7327,295.40802,1.0,972.0309,296.17044,1.0,979.5372,294.75842,1.0,986.5809,297.6633,1.0,995.99347,305.82666,1.0,991.42865,309.66345,1.0,980.45197,313.94522,1.0,972.7684,314.88254,1.0,965.59656,314.7838,1.0,953.23895,311.19818,1.0,949.72943,306.87518,1.0,966.65796,304.0689,1.0,972.15326,303.86816,1.0,978.0929,303.64005,1.0,994.0388,305.42984,1.0,978.53503,304.87427,1.0,972.6873,305.16635,1.0,966.822,305.1744,1.0,934.8922,240.84352,1.0,1000.97723,238.3872,1.0,967.6836,287.44028,0.9975688,977.6773,444.37167,0.99956024,820.3672,446.97525,0.99956024,770.8847,701.3883,0.9457171,781.8008,926.73773,0.95851386,1134.9874,441.76807,0.999787,1190.8468,688.5831,0.979211,1179.7983,918.7704,0.9634216,977.43475,953.297,0.99321955,880.8426,952.2438,0.99397856,881.1305,1287.0798,0.23481584,868.5434,1654.0175,0.054233465,1074.0269,954.3502,0.99321955,1083.8254,1322.5316,0.17624907,1065.051,1660.1744,0.029398521,935.19183,249.11273,0.9954463,1000.27704,248.12987,0.99141353,910.37787,262.05453,0.9898992,1026.4994,257.6356,0.9947959,1028.575,1787.5754,0.018513266,1028.575,1787.5754,0.018513266,1065.187,1699.5443,0.014437669,889.1218,1780.1377,0.026781386,889.1218,1780.1377,0.026781386,869.6529,1701.6134,0.023068262,1173.5394,926.77875,1.0,1137.8219,943.8461,1.0,1124.4784,975.4493,1.0,1119.2284,1003.8141,1.0,1112.6687,1025.6245,1.0,1155.7345,1003.34564,1.0,1145.8054,1040.6952,1.0,1134.3806,1057.5146,1.0,1124.5046,1068.5206,1.0,1173.8068,1004.02203,1.0,1164.8727,1043.9371,1.0,1153.8466,1063.7676,1.0,1144.5802,1077.0054,1.0,1183.3461,1000.28937,1.0,1174.4567,1034.525,1.0,1163.7878,1052.7628,1.0,1153.8682,1066.0205,1.0,1185.9348,994.7245,1.0,1177.7041,1021.92163,1.0,1168.9929,1036.835,1.0,1159.9235,1046.6487,1.0,778.2783,936.3376,1.0,814.94836,952.6983,1.0,832.4159,982.7839,1.0,844.4267,1010.4045,1.0,854.9232,1030.451,1.0,802.44727,1015.9393,1.0,818.29395,1054.7098,1.0,827.7599,1075.5386,1.0,833.5602,1092.397,1.0,783.916,1018.1046,1.0,801.2463,1058.0486,1.0,811.68066,1078.9271,1.0,817.7324,1095.5217,1.0,773.735,1013.659,1.0,789.7062,1046.9789,1.0,801.41016,1067.4321,1.0,809.6908,1082.0342,1.0,770.71826,1007.73627,1.0,784.8213,1034.1339,1.0,797.12463,1049.8164,1.0,806.81476,1060.228,1.0
894.2081,255.65138,1.0,895.52844,268.56406,1.0,896.8392,281.90186,1.0,902.4447,303.50504,1.0,908.9505,316.18723,1.0,920.0077,328.82147,1.0,929.24835,335.05844,1.0,947.55566,342.8056,1.0,973.40686,345.05444,1.0,998.7321,339.54895,1.0,1015.4784,329.51425,1.0,1023.62885,321.94318,1.0,1032.5524,308.00128,1.0,1039.2446,287.4216,1.0,1040.6836,273.21417,1.0,1040.5574,260.12473,1.0,1040.1384,247.59927,1.0,906.7021,232.3433,1.0,912.6738,225.15157,1.0,922.2416,219.9338,1.0,935.8777,217.47452,1.0,952.3335,217.2648,1.0,983.88715,214.96512,1.0,999.0349,213.7734,1.0,1011.46313,215.2235,1.0,1020.7409,219.80708,1.0,1026.3374,226.2194,1.0,969.4436,240.92287,1.0,970.1483,253.19136,1.0,970.6664,261.3,1.0,971.07043,268.24982,1.0,957.91797,280.353,1.0,962.6284,282.57465,1.0,970.904,281.9033,1.0,978.327,281.79016,1.0,982.1711,278.94724,1.0,919.47394,243.43585,1.0,926.87256,238.17229,1.0,938.7314,236.92332,1.0,949.87866,242.42378,1.0,940.3783,244.64186,1.0,929.7867,245.57304,1.0,985.95667,241.28073,1.0,997.02966,234.49551,1.0,1008.3583,235.0366,1.0,1014.4028,240.20139,1.0,1004.96387,242.7981,1.0,995.02655,242.64922,1.0,946.95105,307.36215,1.0,956.8746,298.76968,1.0,964.3697,295.44437,1.0,971.7036,296.18085,1.0,979.2963,294.7465,1.0,986.3715,297.65384,1.0,995.84973,305.7832,1.0,991.14355,309.60953,1.0,980.12775,313.84387,1.0,972.4057,314.8044,1.0,965.2669,314.73138,1.0,952.88525,311.20282,1.0,949.2713,306.91336,1.0,966.27637,304.0633,1.0,971.8118,303.8364,1.0,977.8372,303.61453,1.0,993.8985,305.38525,1.0,978.22955,304.84702,1.0,972.34204,305.16483,1.0,966.4609,305.1992,1.0,934.7919,240.89926,1.0,1001.0021,238.41061,1.0,967.68365,287.40244,0.997602,977.52844,444.38736,0.9995679,820.2048,447.01434,0.9995679,770.8815,702.0085,0.9497006,781.40906,926.8166,0.9614336,1134.852,441.7604,0.9997866,1190.6978,688.63965,0.9804288,1179.7448,918.8349,0.96493435,977.3415,953.2789,0.9932831,880.8259,952.2224,0.9940844,879.2386,1287.0,0.23909134,867.30865,1653.3599,0.05476387,1073.857,954.3353,0.9932831,1084.0559,1322.4944,0.17818357,1065.2048,1660.1016,0.029503105,935.1884,249.1023,0.9954802,1000.2554,248.06816,0.9914144,910.3173,262.07324,0.99007773,1026.4836,257.55362,0.99479836,1027.5819,1787.5316,0.018520154,1027.5819,1787.5316,0.018520154,1065.8608,1699.2917,0.014357585,886.7927,1780.0715,0.02703447,886.7927,1780.0715,0.02703447,868.90094,1700.619,0.02322243,1173.74,926.99335,1.0,1137.4983,943.9204,1.0,1124.3408,975.6915,1.0,1119.1903,1004.1221,1.0,1112.112,1025.6936,1.0,1155.767,1002.9224,1.0,1146.1995,1040.5453,1.0,1134.8525,1057.231,1.0,1124.9615,1067.9594,1.0,1173.886,1003.89044,1.0,1165.1101,1043.956,1.0,1153.9536,1063.561,1.0,1144.3378,1076.4248,1.0,1183.3347,1000.5196,1.0,1174.4332,1035.0149,1.0,1163.5756,1053.1208,1.0,1153.4991,1066.0715,1.0,1185.6263,995.205,1.0,1177.4265,1022.4474,1.0,1168.6135,1037.2957,1.0,1159.6017,1046.8994,1.0,777.6138,936.4846,1.0,814.72156,952.6847,1.0,832.7398,982.48193,1.0,844.48395,1010.32544,1.0,854.5908,1030.5123,1.0,802.97046,1015.8499,1.0,818.3928,1055.3025,1.0,827.12683,1076.3132,1.0,832.35144,1093.202,1.0,783.54443,1018.06885,1.0,800.62195,1058.1917,1.0,810.65784,1079.077,1.0,816.36786,1095.262,1.0,772.4773,1013.74194,1.0,788.51855,1046.7035,1.0,799.93713,1066.8676,1.0,807.9254,1080.8618,1.0,768.574,1007.6869,1.0,782.7212,1033.9156,1.0,794.78345,1049.2805,1.0,804.1181,1059.3069,1.0
894.2081,255.65138,1.0,895.52844,268.56406,1.0,896.8392,281.90186,1.0,902.4447,303.50504,1.0,908.9505,316.18723,1.0,920.0077,328.82147,1.0,929.24835,335.05844,1.0,947.55566,342.8056,1.0,973.40686,345.05444,1.0,998.7321,339.54895,1.0,1015.4784,329.51425,1.0,1023.62885,321.94318,1.0,1032.5524,308.00128,1.0,1039.2446,287.4216,1.0,1040.6836,273.21417,1.0,1040.5574,260.12473,1.0,1040.1384,247.59927,1.0,906.7021,232.3433,1.0,912.6738,225.15157,1.0,922.2416,219.9338,1.0,935.8777,217.47452,1.0,952.3335,217.2648,1.0,983.88715,214.96512,1.0,999.0349,213.7734,1.0,1011.46313,215.2235,1.0,1020.7409,219.80708,1.0,1026.3374,226.2194,1.0,969.4436,240.92287,1.0,970.1483,253.19136,1.0,970.6664,261.3,1.0,971.07043,268.24982,1.0,957.91797,280.353,1.0,962.6284,282.57465,1.0,970.904,281.9033,1.0,978.327,281.79016,1.0,982.1711,278.94724,1.0,919.47394,243.43585,1.0,926.87256,238.17229,1.0,938.7314,236.92332,1.0,949.87866,242.42378,1.0,940.3783,244.64186,1.0,929.7867,245.57304,1.0,985.95667,241.28073,1.0,997.02966,234.49551,1.0,1008.3583,235.0366,1.0,1014.4028,240.20139,1.0,1004.96387,242.7981,1.0,995.02655,242.64922,1.0,946.95105,307.36215,1.0,956.8746,298.76968,1.0,964.3697,295.44437,1.0,971.7036,296.18085,1.0,979.2963,294.7465,1.0,986.3715,297.65384,1.0,995.84973,305.7832,1.0,991.14355,309.60953,1.0,980.12775,313.84387,1.0,972.4057,314.8044,1.0,965.2669,314.73138,1.0,952.88525,311.20282,1.0,949.2713,306.91336,1.0,966.27637,304.0633,1.0,971.8118,303.8364,1.0,977.8372,303.61453,1.0,993.8985,305.38525,1.0,978.22955,304.84702,1.0,972.34204,305.16483,1.0,966.4609,305.1992,1.0,934.7919,240.89926,1.0,1001.0021,238.41061,1.0,967.6443,287.38394,0.9976717,977.4058,444.46738,0.9995789,820.10126,447.14905,0.9995789,770.9122,702.30286,0.95289004,780.89685,926.53796,0.96374184,1134.7104,441.78574,0.9997866,1190.6504,688.81165,0.9812615,1179.702,919.21704,0.96541375,976.46423,953.37103,0.99329066,879.8376,952.20374,0.99413115,878.42615,1285.7085,0.23239939,866.0452,1653.2716,0.052868802,1073.0908,954.53827,0.99329066,1080.2107,1323.3788,0.17316313,1061.3782,1662.3363,0.028476221,935.14105,249.10765,0.99557835,1000.1604,248.09898,0.99152404,910.18616,262.12695,0.9903004,1026.418,257.60773,0.994828,1023.4447,1788.3337,0.017930634,1023.4447,1788.3337,0.017930634,1061.9502,1702.1387,0.013978876,886.96173,1778.3091,0.026146974,886.96173,1778.3091,0.026146974,866.8071,1700.5664,0.022534199,1173.103,927.4472,1.0,1137.1467,944.1459,1.0,1124.0104,975.7097,1.0,1118.934,1004.2186,1.0,1111.9492,1025.8098,1.0,1155.59,1002.9725,1.0,1146.4121,1040.5931,1.0,1135.1117,1057.2625,1.0,1125.0851,1067.8512,1.0,1173.8796,1003.7871,1.0,1165.16,1043.8397,1.0,1154.0365,1063.6857,1.0,1144.2086,1076.6339,1.0,1183.3241,1000.3113,1.0,1174.2919,1034.9275,1.0,1163.4662,1053.4081,1.0,1153.3046,1066.609,1.0,1185.6254,994.94464,1.0,1177.3711,1022.45325,1.0,1168.5348,1037.4553,1.0,1159.6409,1047.2567,1.0,776.71014,936.65826,1.0,814.04346,952.152,1.0,831.8538,982.06116,1.0,843.9217,1009.9165,1.0,854.82227,1029.5845,1.0,801.8745,1016.4185,1.0,818.1667,1055.3381,1.0,827.1011,1076.103,1.0,832.1801,1092.9293,1.0,782.99866,1018.6582,1.0,800.94934,1058.934,1.0,811.2644,1079.6641,1.0,816.8707,1095.5378,1.0,772.00006,1013.87915,1.0,788.9548,1046.2963,1.0,801.29065,1065.7856,1.0,809.63354,1079.274,1.0,767.9965,1007.08344,1.0,783.2153,1031.8546,1.0,796.1354,1046.1295,1.0,805.7718,1055.2667,1.0
